model_name,question_0,question_1,question_2,question_3,question_4,question_5,question_6,question_7,question_8,question_9,question_10,question_11,question_12,question_13,question_14,question_15,question_16,question_17,question_18,question_19,question_20,question_21,question_22,question_23,question_24,question_25,question_26,question_27,question_28,question_29,question_30,question_31,question_32,question_33,question_34,question_35,question_36,question_37,question_38,question_39,question_40,question_41,question_42,question_43,question_44,question_45,question_46,question_47,question_48,question_49,question_50,question_51,question_52,question_53,question_54,question_55,question_56,question_57,question_58,question_59,question_60,question_61,question_62,question_63,question_64,question_65,question_66,question_67,question_68,question_69,question_70,question_71,question_72,question_73,question_74,question_75,question_76,question_77,question_78,question_79,question_80,question_81,question_82,question_83,question_84,question_85,question_86,question_87,question_88,question_89,question_90,question_91,question_92,question_93,question_94,question_95,question_96,question_97,question_98,question_99,question_100,question_101
bing_querylogs|config_id=1,756,734,540,532,533,551,694,688,714,650,835,823,881,949,709,667,692,784,966,705,616,751,867,624,646,762,814,726,673,917,870,797,868,690,647,782,800,602,612,680,704,659,687,752,796,621,556,862,833,593,591,646,635,681,622,734,761,649,657,515,504,676,623,890,898,622,607,602,570,605,601,584,885,902,699,661,744,806,823,813,613,583,557,584,934,935,657,677,760,757,610,574,540,558,638,629,560,549,783,936,868,732
bing_querylogs|config_id=2,916,908,631,632,797,928,979,997,798,796,1204,1139,1466,1378,813,806,839,1465,1487,813,791,1114,1120,668,673,1018,958,1086,1095,1203,1202,895,1042,941,920,1259,1204,703,705,939,938,1044,936,1153,1162,948,862,1261,1324,692,701,900,893,929,909,1312,1089,918,870,552,542,883,883,1471,1472,828,818,816,771,752,912,913,1309,1289,1086,1063,1218,1153,1080,992,770,777,773,771,1200,1200,854,853,1169,1159,646,654,639,639,869,926,747,727,1422,1363,1044,1040
bing_querylogs|config_id=3,1252,1120,1438,1401,967,964,1192,1251,1590,1508,1633,1549,3426,3818,1952,2139,1683,1928,2334,1913,1430,1349,1362,830,836,1237,1540,1299,1525,1712,1613,1489,1420,1128,1054,1384,1446,4466,7563,1070,1195,1562,1215,1950,2128,933,1006,2232,3090,737,768,1708,1433,3348,1952,1887,1866,1234,1230,652,647,922,892,1713,1632,955,958,959,2044,993,2189,3666,1650,1465,1414,2224,1513,1474,1281,1226,855,869,1001,1063,1744,1227,1162,1169,1832,1832,840,903,830,916,1133,1232,2002,1457,2453,2328,1353,1289
bing_querylogs|config_id=4,1160,923,769,796,832,834,859,820,1003,973,1099,1037,1130,1211,997,1123,988,1117,1141,834,829,1032,1032,855,808,913,937,1095,1154,1280,1253,1198,1069,1088,992,1092,1087,800,799,926,913,1017,989,1055,1055,901,865,1180,1151,894,894,1004,871,907,916,899,977,939,881,664,664,985,890,1103,1114,972,959,1001,704,704,824,815,1231,1169,824,883,921,921,1128,1128,838,815,884,942,1306,1272,985,984,1065,1065,774,718,826,835,1065,1045,774,771,1098,1105,1057,1057
bing_querylogs|config_id=5,1035,1181,918,882,789,780,849,928,840,862,1243,1305,1277,1732,1148,1068,1138,969,992,935,966,1357,1168,772,778,952,992,1396,1432,1405,1503,1288,1323,976,1000,1272,1235,711,710,968,951,942,926,1142,1250,723,708,1538,1536,1084,929,981,1006,740,738,864,864,1079,1099,643,628,892,848,1490,1993,914,953,951,745,749,1015,960,1705,1607,1093,1364,1066,1140,1400,1271,835,801,927,985,1460,1475,901,982,929,964,809,877,1192,1044,992,1163,894,868,1257,1260,1444,1311
bing_querylogs|config_id=6,723,723,582,586,553,553,659,638,947,938,1009,998,951,945,907,907,900,865,1004,674,683,967,954,706,688,826,807,898,979,859,856,1017,1038,860,813,986,1062,572,583,716,713,789,769,975,985,597,594,1045,1010,605,605,807,786,779,799,790,875,748,738,542,542,723,723,953,1061,708,719,706,590,569,622,625,1262,1269,835,868,727,727,1008,1015,650,630,716,709,935,1046,773,748,962,995,611,607,572,557,945,941,633,651,931,1074,695,698
bing_querylogs|config_id=24,1028,983,684,678,743,761,799,959,841,866,1073,1116,1083,1200,919,892,850,1057,1068,989,1076,1035,1049,737,744,915,987,1163,1075,1093,1119,1116,1177,854,905,1041,1116,901,827,894,915,887,875,978,930,787,690,1195,1197,700,704,848,970,776,1114,935,12753,929,917,631,619,824,814,1132,1143,791,787,807,707,830,1521,1322,1291,1226,892,898,984,957,1039,1000,763,710,785,808,1084,1058,799,836,1502,1280,765,743,741,747,863,845,1143,750,1113,1140,955,874
bing_querylogs|config_id=60,840,837,562,516,504,521,1051,911,815,800,994,1057,1139,1171,807,945,969,984,3090,715,836,946,1028,602,610,823,881,833,725,978,1149,828,766,758,689,771,761,1068,919,869,720,763,771,1078,1093,715,742,1167,1235,654,655,721,701,33371,4037,33565,6473,806,800,535,551,661,638,968,911,648,716,642,827,1072,866,859,963,924,737,1430,956,960,862,868,760,669,637,644,939,981,633,636,1215,1236,599,590,552,553,785,785,577,564,1058,1087,869,854
bing_querylogs|config_id=61,1122,1083,501,501,488,491,1000,974,868,868,884,892,2236,2213,1117,1066,1091,2236,2122,565,568,777,777,581,584,680,718,738,694,857,842,844,851,688,684,767,767,781,797,760,760,750,750,1576,1573,521,550,953,905,573,573,684,684,1756,1802,762,762,714,669,479,492,836,804,838,904,626,626,591,612,615,528,528,884,885,667,670,777,777,871,804,670,670,677,681,794,794,640,674,3468,3413,549,543,511,493,678,678,493,497,960,891,736,742
bing_querylogs|config_id=64,861,861,841,866,699,723,782,907,904,873,1055,1073,965,1279,883,914,1039,1043,1132,712,687,1087,1087,704,709,915,983,962,893,1046,1104,1066,960,872,872,1047,956,725,971,827,828,834,814,1022,1111,722,719,1020,1070,703,703,894,880,802,830,785,789,936,936,581,605,775,806,979,1037,785,799,861,710,681,797,729,1000,1040,760,768,1015,1000,984,982,756,706,906,846,1070,1070,822,836,944,944,739,707,708,763,777,864,742,728,1123,1117,1053,993
bing_querylogs|config_id=73,1107,1009,972,957,814,880,1408,1024,1030,1083,1412,1341,2588,3886,1031,1076,1041,1551,2469,1236,857,1132,1263,625,676,1115,1072,1318,1104,1210,1322,966,897,1043,1023,1117,1174,1168,1666,913,952,1065,976,1390,1453,933,891,1515,1501,779,787,879,961,2932,2121,1476,1970,991,987,683,668,935,899,1362,1298,915,1032,992,1083,1591,930,1033,1215,1208,925,1363,951,1126,1062,1126,798,827,878,1107,1170,1170,1015,950,1403,1859,735,733,865,776,1011,945,1176,922,1208,2401,995,971
bing_querylogs|config_id=74,857,853,718,756,706,736,827,809,805,769,975,1151,1180,1349,899,908,1033,1244,1291,742,745,896,918,686,664,907,961,1043,1137,1164,1091,1122,1053,764,804,922,1049,660,662,846,844,883,858,1007,908,758,768,1065,997,764,764,839,830,833,763,1324,996,943,933,597,557,812,743,1240,1219,773,792,784,647,633,1110,966,1029,1029,892,889,913,955,1006,909,714,723,890,838,990,956,886,840,1233,1102,710,721,699,700,850,849,642,645,1012,1097,863,818
bing_querylogs|config_id=75,1041,1199,807,851,854,825,1160,1189,1134,916,1225,1224,3195,1741,1048,1102,1238,1252,1312,1336,1295,1188,1165,851,853,941,991,1451,1383,1291,1315,1248,1272,852,978,1164,1219,2850,23464,1213,1111,1106,1152,1415,1421,939,793,1442,1364,716,717,1109,1127,1017,16890,2217,17029,1075,1028,697,671,920,1030,1232,1397,842,895,917,881,952,1984,2160,1514,1410,1429,1534,1313,1286,1132,1124,879,879,899,885,1283,1233,925,998,1705,1350,822,732,761,866,918,897,976,982,1299,1308,1106,986
bing_querylogs|config_id=80,1305,1270,619,646,642,699,1186,1244,1113,1095,966,1057,2621,2424,1347,1345,1311,1902,1957,646,664,986,921,724,654,863,861,855,863,1059,1132,970,904,867,866,921,967,1051,989,870,868,974,993,1605,1669,679,692,1063,1043,710,711,761,729,1814,1776,888,921,825,749,614,607,966,1009,1050,1062,774,751,734,770,756,683,717,876,1021,850,794,922,908,963,998,941,926,924,877,937,1058,798,798,3159,3159,653,671,639,645,850,752,636,622,1087,1038,1027,948
bing_querylogs|config_id=94,1164,1159,830,763,793,851,1204,1140,942,67772,66644,1220,1509,1472,999,947,1091,1193,1143,1202,1102,1187,1494,851,908,938,987,1315,1529,1329,1190,1311,1275,940,971,1157,1162,1274,3747,1112,1104,1134,1116,1457,1493,958,960,1428,1358,709,717,1087,1148,1111,1670,1516,6319,1144,1034,743,647,925,950,1280,1583,877,878,877,869,905,2076,2359,1350,1365,1557,1301,1076,1162,1137,1153,860,790,884,897,1380,1239,1026,923,1476,1833,729,867,753,800,915,887,17478,1336,1322,1292,1074,901
bing_querylogs|config_id=95,950,908,748,730,539,563,790,989,848,801,1054,1046,1007,1190,867,891,922,3246,1108,736,1202,1098,1050,614,624,912,970,753,755,991,1019,915,828,778,716,1054,843,1456,34296,907,882,802,765,984,1002,678,736,1149,1151,678,678,733,750,3822,33424,1605,946,822,808,566,565,671,743,1030,914,696,642,807,1248,1225,860,921,954,916,873,793,989,952,907,940,800,800,747,720,1021,1007,747,736,1341,1269,606,605,626,619,916,730,581,610,1044,1077,934,872
bing_querylogs|config_id=98,1169,1198,1007,1009,874,1019,1248,1163,1069,1131,1118,1109,1346,1201,1135,1115,1106,1392,1351,968,883,1211,1163,789,845,918,949,1103,1086,1235,1211,1271,1273,1035,1037,1292,1184,1050,857,1056,925,975,1127,1205,1255,860,853,1166,1164,1019,976,1125,938,1131,1018,934,989,1248,1168,776,797,1047,1025,1426,1172,1063,946,953,785,799,871,875,1128,1409,1012,942,1241,1235,1132,1143,957,934,1022,985,1203,1235,1034,1031,1183,1255,810,813,828,873,1118,1008,894,866,1366,1362,1173,1195
bing_querylogs|config_id=100,1447,1451,1002,992,1204,1220,1284,1197,1307,1266,1623,1555,1666,1583,1478,1418,1395,1531,1608,1903,1476,1704,1691,1201,1193,1261,1351,1927,1699,1677,1696,1489,1635,1427,1238,1505,1509,1403,1240,1384,1299,1739,1523,1542,1509,1214,1413,1621,1754,997,910,1526,1580,1250,1303,2726,1489,1417,1365,860,927,1155,1157,1673,1421,1211,1167,1129,1403,1347,1909,2415,1809,1877,1617,1593,1620,1725,1472,1510,1086,1028,1144,1114,1579,1554,1259,1254,1611,1669,1021,1027,1115,1016,1335,1354,1525,2422,1786,1541,1554,1501
bing_querylogs|config_id=104,1189,1116,765,851,853,771,1192,1031,1093,1026,1245,1239,1732,1978,975,1306,1115,1204,1702,1370,1185,1287,1197,938,912,941,977,1412,1336,1319,1351,1172,1190,907,970,1161,1191,1589,2261,1138,1104,1013,1052,1340,1486,917,884,1566,1390,725,716,1215,1153,952,994,1256,7254,1040,1100,747,696,1009,1036,1280,1277,866,902,873,889,952,1245,3407,1491,1397,1319,1214,1179,1067,1241,1136,897,876,901,889,1305,1300,917,938,1227,1755,735,820,814,829,906,996,1836,1613,1366,1566,1098,1262
bing_querylogs|config_id=105,1020,1020,708,706,787,771,957,832,878,894,1160,1166,1308,1175,896,939,845,1117,1162,1148,1196,1039,1100,762,764,943,986,1182,1176,1177,1176,1156,1167,906,926,1085,1106,849,1082,856,855,897,897,1058,1038,854,847,1182,1173,720,710,917,999,875,804,976,975,973,1008,634,688,826,875,1149,1212,870,857,814,816,783,1060,1071,1294,1299,980,941,936,918,1089,1056,774,772,822,851,1195,1271,846,898,1372,1019,744,764,766,793,879,879,907,911,1144,1167,997,884
bing_querylogs|config_id=106,1076,1070,490,490,523,524,969,969,912,907,926,942,2602,2331,1053,1162,1179,1678,1700,545,548,837,961,621,624,794,857,711,710,901,924,806,814,713,733,780,775,868,869,769,769,833,811,1471,1483,542,561,941,937,569,569,611,616,1619,1622,768,783,642,642,484,486,803,802,940,917,616,616,610,649,636,532,533,827,827,666,659,716,795,845,833,728,749,742,742,879,879,657,659,3006,2983,535,548,511,511,667,659,504,507,928,918,933,830
bing_querylogs|config_id=107,1060,1048,720,712,757,761,949,897,877,859,1201,1168,1043,1201,1003,941,853,1054,1102,1227,1200,1092,1155,795,795,911,965,1179,1331,1271,1196,1238,1221,926,969,1230,1093,17328,17142,935,932,844,950,1162,1135,881,728,1258,1201,719,719,932,932,876,1615,892,985,1018,1023,630,620,854,854,1221,1239,825,823,805,867,951,17106,969,1374,1298,1016,1020,1059,1037,1118,1084,787,788,835,836,1227,1245,903,876,1010,1416,767,772,792,795,997,900,874,847,1220,1211,969,1042
bing_querylogs|config_id=108,1384,1384,1019,952,920,936,1214,1219,1123,1345,1403,1403,2217,1798,1224,1268,1265,1928,1964,1271,1078,1312,1326,1000,1013,1057,1111,1435,1423,1551,1524,1429,1485,1224,1220,1342,1319,1427,1439,1249,1170,1240,1283,1354,1354,1126,1150,1475,1341,1028,1028,1197,1190,1207,1189,1253,1188,1174,1230,688,731,1085,1085,1428,1426,977,1034,1082,845,795,1130,1249,1603,1643,1049,1174,1198,1198,1420,1426,1013,1024,970,968,1664,1634,1166,1199,2631,2301,865,854,1027,1027,1131,1124,930,993,1624,1493,1219,1221
bing_querylogs|config_id=109,937,889,593,583,654,614,1032,876,810,896,1014,1001,1524,1129,902,804,1022,1064,1037,854,980,1033,998,665,656,865,917,1003,1018,1013,1028,999,966,793,769,944,971,33342,956,839,813,874,783,926,997,825,808,1031,1022,633,643,952,851,818,755,1071,1429,847,795,584,561,718,717,1002,970,761,752,695,731,1030,1230,960,1029,1084,881,847,946,858,942,893,633,654,773,770,981,1048,744,740,1220,889,660,677,656,675,770,744,873,956,1196,1064,928,853
bing_querylogs|config_id=110,1041,1041,750,696,881,807,1203,1268,895,923,1332,1242,2172,2015,1116,1086,1083,1630,1622,980,980,1233,1173,786,784,920,984,1293,1284,1297,1372,1160,1171,837,828,1005,1047,3714,4861,980,980,1062,1130,1521,2073,919,806,1765,1474,714,713,1124,1201,1200,1364,1819,16532,898,915,627,623,840,836,1302,1173,820,792,811,1233,1254,15872,1170,1241,1490,1342,2091,1191,1244,1216,1126,775,782,886,834,1264,1259,851,851,2128,1701,809,786,819,831,911,962,1843,17540,1491,1429,1023,1137
bing_querylogs|config_id=111,1105,1094,508,510,532,572,1055,1051,957,894,993,971,2264,2786,1232,1236,1212,1703,1733,573,580,883,892,587,650,799,857,752,756,909,932,850,867,732,737,806,808,915,880,810,806,904,904,1495,1507,574,572,983,981,685,576,646,640,1659,1662,823,822,675,675,492,492,934,883,995,986,628,628,622,631,656,588,592,904,905,686,807,804,827,879,849,789,786,761,758,898,915,693,694,3083,3030,562,555,524,524,690,687,522,529,968,969,853,837
bing_querylogs|config_id=114,1018,963,670,687,708,711,909,994,949,944,1171,1131,1311,966,983,977,978,1132,1179,999,1059,1003,994,698,767,915,971,1244,1244,1172,1126,1085,1103,874,903,994,987,778,764,892,914,928,967,992,984,812,708,1118,1161,738,720,925,918,1034,965,928,905,947,885,608,595,808,807,1143,1044,845,804,830,743,742,1162,874,1119,1169,1017,977,936,1065,1040,884,734,758,827,823,1061,1050,842,842,1242,1058,705,705,713,743,906,885,779,786,1139,1065,877,828
bing_querylogs|config_id=115,1099,1135,948,1288,887,911,863,887,990,1303,1385,1351,1663,1657,1507,1446,2593,1072,1294,1619,1185,1325,1326,881,877,1146,1312,1127,1370,1417,1288,1504,1481,988,958,1349,1329,1294,1554,1023,993,1209,1326,1368,1343,869,913,2064,1582,756,756,1674,1404,1742,1862,1476,1477,1204,1145,630,635,992,971,1621,1832,1016,929,1014,1706,1878,2236,3949,1617,1608,1238,1501,1442,1455,1231,1224,875,912,969,947,1346,1342,1166,1206,1535,1264,853,859,868,858,1055,999,1887,2045,1473,1573,1208,1072
bing_querylogs|config_id=116,1048,1047,504,483,545,556,964,1027,918,927,928,931,2366,2207,1197,1175,1225,1650,1659,573,545,795,928,588,536,719,776,675,664,815,873,753,751,703,698,750,739,899,879,765,763,845,873,1455,1479,566,555,1031,931,576,576,634,631,1665,1628,757,782,618,618,482,478,786,795,975,1056,597,597,592,628,615,588,609,798,797,654,728,701,753,759,780,786,647,731,726,822,806,694,651,2965,2951,537,514,505,504,647,644,522,501,986,1025,778,808
bing_querylogs|config_id=117,1174,1201,979,1004,1141,1142,1162,1247,1344,1238,1447,1520,2350,2348,2191,2851,1923,1900,1944,2073,1822,1407,1319,948,979,2096,1557,1403,1302,1438,1621,1548,1495,1233,1229,1613,1648,7085,4727,1222,1280,1813,1502,2063,2374,1001,1220,2550,2300,898,837,1364,1819,2342,1580,1641,1585,1407,1306,709,737,1021,1080,2114,1738,1058,1149,1091,1592,1792,2826,1975,1693,1640,1668,1381,1803,1683,1347,1283,996,906,1090,1073,1603,1605,1206,1264,1943,1768,964,953,998,1018,1149,1239,1433,17241,1860,1567,1489,1340
bing_querylogs|config_id=118,948,880,637,639,602,606,715,715,949,965,1027,1085,1032,1023,1019,1019,1016,947,960,726,735,991,991,757,766,914,968,1020,976,1062,1075,1069,1087,845,998,1054,966,699,704,786,783,816,816,914,1013,639,652,1094,1095,684,684,849,848,895,895,944,889,782,782,603,599,767,754,1133,1134,744,744,738,666,651,673,706,1369,1369,904,928,783,783,1110,1116,881,721,750,751,1165,1097,783,783,1058,1049,689,689,625,625,839,913,730,739,1073,1073,754,757
bing_querylogs|config_id=119,1225,1072,803,823,905,863,914,925,1015,1069,1226,1212,1296,1151,1024,1024,1051,1211,1231,893,923,1120,1128,878,938,1025,1085,1161,1172,1311,1279,1309,1364,1038,1096,1139,1142,819,816,951,954,1008,977,1052,1156,966,960,1282,1296,912,882,1143,1128,989,964,1040,1002,1022,1019,684,709,1046,934,1286,1281,926,928,944,788,805,841,863,1326,1321,887,883,1130,1062,1219,1254,887,885,942,942,1430,1430,1020,1033,1264,1222,819,806,843,843,1151,1137,866,817,1225,1231,1172,1088
bing_querylogs|config_id=120,1244,1221,811,798,968,954,1017,1054,1069,1144,1409,1233,1345,1386,1362,1167,1205,1331,1527,1003,976,1235,1115,904,907,1044,1093,1285,1325,1358,1267,1219,1165,1178,1024,1163,1175,1240,826,1116,1170,1073,1016,1134,1153,966,966,1237,1261,910,937,1082,974,934,946,1079,1024,1001,1031,684,735,954,1096,1471,1470,914,910,1022,774,774,999,925,1336,1353,902,1103,1227,1148,1273,1269,950,931,884,948,1395,1447,1052,1069,1449,1200,742,746,835,868,1078,1084,827,826,1284,1272,1057,1128
bing_querylogs|config_id=121,1000,972,649,662,782,809,921,913,1065,1085,1220,1143,1291,1241,1013,958,1155,1091,1310,1003,1024,1262,1187,811,815,938,1031,1216,1019,1289,1390,1174,1079,877,842,1079,1126,1930,1027,986,981,970,1096,1081,1093,677,817,1257,1169,685,685,1052,1098,1165,916,1084,1071,949,966,661,652,886,798,1198,1195,816,820,795,1211,1208,973,1764,1309,1232,1276,1047,1073,1150,1086,1144,724,833,855,847,1141,1164,785,917,1587,1367,705,709,827,782,935,961,1101,1575,1152,1264,955,955
bing_querylogs|config_id=122,1586,1611,951,907,991,1082,1163,1259,1151,1260,1498,1439,1525,1576,1346,1354,1283,1249,1431,1292,1303,1582,1578,965,963,1265,1319,1310,1320,1555,1556,1405,1420,1231,1240,1564,1554,1055,1050,1188,1185,1251,1263,1566,1416,1101,1096,1443,1477,921,921,1437,1533,1474,1409,1501,1809,1395,1411,824,821,1130,1123,1655,1653,1045,1061,1039,995,1131,1330,1333,1520,1520,1685,1613,1304,1331,1409,1420,993,993,1111,1129,1516,1622,1179,1179,1718,1639,921,919,851,851,1398,1458,1020,1065,1580,1588,1268,1275
bing_querylogs|config_id=126,1232,1230,600,602,642,577,1175,1258,839,840,994,1033,2226,2196,899,1043,1029,1848,1959,739,743,1013,1013,724,725,851,876,753,884,1041,980,962,971,810,811,763,849,842,895,983,940,868,870,1529,1526,630,632,1071,1031,760,760,746,779,1799,1784,877,894,727,721,645,580,960,952,885,951,754,751,760,728,870,987,683,1010,992,773,812,903,889,915,917,860,841,842,864,988,948,901,899,3255,3291,676,609,589,585,830,880,700,664,893,889,881,923
bing_querylogs|config_id=129,1060,1137,760,767,791,785,883,905,939,919,1254,1254,1640,1284,992,1068,912,1092,1169,1236,1111,1209,1135,809,797,969,1021,1323,1326,1200,1243,1275,1234,902,881,1202,1147,907,890,987,943,993,989,1075,1066,893,888,1317,1358,743,767,1051,1050,974,17147,1073,1032,1005,1105,656,691,868,907,1283,1231,921,836,845,984,1050,17350,18479,1374,1441,1229,1109,997,1111,1161,1145,793,822,872,858,1222,1155,944,940,1233,1823,768,773,820,823,987,934,1467,962,1322,1267,947,962
bing_querylogs|config_id=130,885,889,693,717,828,860,858,921,824,1012,1302,1033,1826,1258,829,991,785,1273,1138,951,941,1403,3098,779,807,1028,1077,1119,884,1209,1212,1013,1016,750,821,1048,986,1197,1364,915,1141,927,817,1246,2144,873,834,1107,1222,773,654,1090,889,1034,1213,1054,1124,890,949,611,631,969,940,1236,1217,847,738,725,858,866,1006,953,1440,1397,2253,740,1299,892,1169,1144,1147,994,784,868,1222,1012,815,879,1323,1605,642,692,670,599,794,884,672,1082,1082,1034,834,905
bing_querylogs|config_id=131,1286,807,691,803,720,606,1113,1837,852,856,1085,1443,2624,5108,1257,1154,1226,4720,16034,1153,893,1491,1517,788,788,970,1005,998,974,1217,1043,1059,1077,826,814,919,912,1087,1319,993,1090,1038,1173,1700,4272,662,648,1771,3751,675,750,1376,1207,12384,17555,911,912,1081,1086,567,662,1078,942,1578,1463,783,735,821,6353,1580,944,1175,1511,1364,1278,1419,1215,1188,1072,1066,718,718,867,863,1109,1121,911,994,1939,1763,667,671,667,648,815,952,699,1005,1410,1421,1208,1145
bing_querylogs|config_id=132,797,875,724,740,594,841,784,814,767,730,1078,926,1558,1116,704,744,723,1061,1235,763,822,1012,1062,691,686,865,867,1064,958,1134,1229,966,980,780,780,859,864,978,619,766,767,718,787,1064,1006,768,720,935,1252,689,723,795,754,796,770,803,870,781,813,571,560,752,704,982,1058,685,724,753,685,786,812,781,1015,1089,1042,751,868,1102,1150,1108,698,724,757,724,1080,1123,752,771,827,1058,647,650,575,606,723,718,706,724,1097,1132,902,853
bing_querylogs|config_id=133,1087,1100,504,483,499,501,949,948,820,816,858,844,2500,2983,1093,1066,1110,2267,2217,570,542,873,820,545,553,712,784,665,667,828,830,757,775,701,704,743,740,775,773,735,750,781,769,1406,1406,574,571,1098,1046,573,573,653,653,1598,1601,744,740,646,645,484,482,808,799,877,933,607,608,603,609,601,467,477,824,825,649,610,693,699,764,766,638,637,700,740,822,822,708,644,2937,2942,552,578,503,502,643,636,517,501,1062,1076,751,808
bing_querylogs|config_id=134,808,887,680,697,628,620,793,750,724,798,998,1182,1228,1020,731,782,751,1010,1109,758,822,1000,974,700,744,862,1097,1084,1009,1056,977,999,1011,732,802,975,930,581,788,889,1048,782,810,908,879,738,879,927,955,701,673,822,868,786,819,877,747,901,893,590,568,882,832,1219,1057,705,690,780,636,1078,839,852,1186,1082,715,955,792,780,1128,1036,771,737,695,800,1287,1031,833,946,1274,872,675,704,577,576,810,819,745,805,1092,996,794,788
bing_querylogs|config_id=135,915,910,730,707,728,669,941,1030,962,827,985,1199,1935,1569,903,958,901,1614,1499,1075,824,1128,1180,759,730,1013,991,1477,975,1234,1186,1007,1017,860,828,1134,900,1007,879,920,1040,985,932,1016,1721,968,735,1149,1039,646,724,854,1022,940,1198,773,929,894,828,621,591,1010,982,1121,1204,725,731,824,872,825,900,873,1275,1076,1052,935,1003,877,1135,1133,923,910,746,782,1271,1124,1239,869,1413,1081,684,678,682,690,831,871,872,1115,989,1233,916,827
bing_querylogs|config_id=136,965,1129,861,785,903,735,1033,826,976,961,1244,1169,1226,1183,935,952,900,1129,1178,1110,957,1241,1176,838,772,1046,1129,1096,1135,1257,1220,1101,1096,892,924,1059,1102,877,919,909,1025,906,873,1120,1092,871,888,1071,1080,813,750,957,931,885,842,1004,971,970,1016,687,723,921,839,1133,1146,814,863,862,765,991,863,972,1188,1196,1011,935,989,1154,1185,1208,934,875,844,891,1164,1182,933,916,1552,1182,805,788,732,722,972,986,981,859,1095,1136,1176,1090
bing_querylogs|config_id=138,1037,1043,657,665,684,602,871,921,1064,1065,1113,1150,1304,1385,1139,1085,1103,1203,1288,1152,1086,1141,1194,827,799,942,1008,1012,1085,1133,1014,1179,1112,884,922,1187,1341,781,1192,879,845,949,969,1126,1178,822,774,1192,1228,650,650,1041,1001,996,966,911,948,900,982,588,585,940,880,1259,1210,853,760,874,702,670,858,945,1333,1457,1037,1029,991,968,1012,1078,821,815,835,858,1184,1211,969,850,1137,1181,689,692,828,808,971,1009,819,925,1328,1224,865,791
bing_querylogs|config_id=140,1262,1224,572,575,552,555,1036,1021,937,982,909,908,2092,2090,1003,1006,1000,1808,1786,642,647,893,892,658,662,748,804,907,842,943,1036,945,956,780,815,888,892,890,861,1098,833,811,779,1549,1514,610,610,981,929,630,603,720,720,1840,1841,876,851,744,751,531,682,904,904,977,972,675,684,678,630,630,647,648,998,998,742,724,741,744,842,844,725,699,756,771,944,1043,733,732,3430,3431,604,610,579,554,732,731,554,561,1036,972,819,820
bing_querylogs|config_id=143,1133,1120,507,509,510,515,981,984,878,845,954,935,2775,2295,1089,1081,1130,2446,2320,558,576,969,998,593,603,801,858,752,755,948,950,857,867,729,733,818,802,780,778,756,808,806,803,1515,1421,566,565,994,1011,581,581,672,668,1673,1672,780,795,711,693,492,489,853,836,931,931,637,637,695,676,608,764,571,917,918,648,656,741,818,834,838,660,664,745,742,898,910,701,707,3010,3004,562,561,517,517,687,678,520,526,1077,1078,795,797
bing_querylogs|config_id=146,994,965,946,1007,825,762,769,789,989,910,1164,1191,1248,1340,1188,841,1166,1185,1252,969,15810,1137,1074,721,725,1118,1113,1042,1012,1182,1177,1213,1224,882,893,1156,1094,945,882,862,878,1215,935,1186,1207,851,800,1380,1280,661,659,1042,1029,1512,1163,1114,973,970,906,553,551,785,770,1493,1342,802,814,818,1723,1665,15037,856,1236,1227,999,1072,1157,1137,1044,1046,688,750,827,836,1170,1139,866,865,1306,1390,754,706,766,768,943,861,1289,15535,1239,1308,924,971
bing_querylogs|config_id=147,887,829,695,688,590,577,1002,1142,840,884,1030,1015,2687,2043,846,766,1198,1450,1368,940,1272,1007,1127,707,676,1006,924,1121,1051,1164,1027,989,1116,935,900,990,996,885,1215,977,1305,787,875,1700,2300,874,718,1189,1106,781,644,1047,921,1157,993,1049,1061,905,959,616,607,962,975,1427,1254,794,796,847,971,983,1002,1212,1167,1113,902,1092,952,905,1079,973,824,795,857,812,975,1045,819,807,1062,980,734,716,769,628,913,762,1146,853,1194,1390,989,896
bing_querylogs|config_id=150,1039,1001,737,699,719,713,913,897,795,866,1265,1110,1287,1150,1001,1123,946,1468,1266,827,998,1137,1305,786,799,1037,1031,1086,1195,1102,1058,1118,1157,946,957,1117,1146,823,773,809,836,913,943,1270,1168,857,794,1054,1154,782,737,913,975,1919,1742,1053,1096,993,1196,574,740,820,860,1276,1248,773,778,794,791,788,1116,1017,1307,1242,1156,1566,1068,1000,1037,1056,756,845,925,893,1089,1272,979,986,1171,1251,680,668,834,653,852,947,755,721,1153,1176,867,919
bing_querylogs|config_id=151,670,669,554,541,512,498,633,680,819,869,850,945,801,970,1035,887,895,972,1017,617,586,882,900,575,591,836,876,783,784,809,807,812,835,692,698,846,849,912,764,688,673,732,771,829,850,583,581,1009,982,578,579,839,763,852,749,738,706,624,628,510,505,650,644,986,993,629,629,637,568,568,575,574,1024,1081,801,796,831,766,788,801,710,698,652,648,902,880,721,678,1098,954,551,580,515,511,810,726,583,569,960,954,673,658
bing_querylogs|config_id=153,1290,1145,975,1073,848,851,2936,2708,1092,1159,2026,1925,3346,3237,1150,1270,1223,10578,10050,1033,1042,1554,1455,789,790,1075,1072,1425,1412,1808,1400,1208,1219,1108,974,1229,1261,2658,3226,1178,1192,1265,1264,2680,3426,921,889,5332,3894,841,801,1024,1080,9829,9344,6483,2882,1093,1076,573,570,1002,1021,3248,2137,799,798,793,3651,5526,1113,1024,1951,2007,1449,1488,1458,1464,1392,1347,907,893,721,721,1499,1449,1052,931,8653,6994,669,670,745,792,1102,1110,1098,1112,1838,1821,1158,1161
bing_querylogs|config_id=155,1139,979,790,789,833,871,874,882,973,995,1140,1147,1075,1189,1043,1146,1039,1194,1223,859,826,957,990,872,824,1003,959,1043,1117,1196,1148,1211,1066,1064,1054,1106,1115,935,845,919,918,984,1044,1046,1017,860,933,1140,1089,915,920,1107,1036,1026,978,998,982,1004,1000,668,668,905,900,1142,1172,875,953,963,769,749,826,826,1106,1089,826,829,965,994,1169,1198,834,858,898,972,1266,1310,970,991,1063,1086,763,830,860,805,1025,1013,730,738,1050,1118,1077,1030
bing_querylogs|config_id=156,1166,1176,601,603,589,587,987,1018,942,939,1275,1278,2028,1756,943,1059,1028,3908,3971,889,900,992,966,640,669,819,887,1138,1141,891,889,909,916,910,915,823,822,2868,2849,848,857,976,990,2121,2072,726,717,1411,1297,590,590,727,727,1118,1121,930,916,800,801,546,544,647,669,1235,1091,614,631,608,1251,1242,1424,1426,1103,1117,2363,2375,919,900,839,843,672,617,865,807,1093,1141,680,670,1278,1388,589,588,523,524,898,884,940,947,1619,1621,1171,1177
bing_querylogs|config_id=159,964,798,612,648,583,586,827,851,998,942,979,981,1010,1304,1065,1082,1005,1226,1202,705,700,1109,1271,788,757,967,1063,1003,1181,996,1167,1075,1093,797,943,1009,1013,886,1001,903,767,920,957,1323,935,748,619,1047,1081,772,735,864,905,1366,2029,864,866,846,838,618,566,930,913,1210,1130,760,774,843,716,742,724,749,1292,1249,974,1302,989,1030,1005,1088,831,720,763,752,1216,1332,800,792,1055,1103,648,646,628,677,928,791,793,926,1105,1092,899,865
bing_querylogs|config_id=167,664,673,539,541,503,505,757,613,887,799,846,883,953,955,907,1060,923,922,972,621,593,902,906,585,598,794,852,782,703,817,808,913,833,814,699,858,845,922,862,711,675,759,788,834,898,580,574,975,959,574,572,850,769,749,752,684,726,632,621,515,513,661,662,992,992,642,647,642,578,589,563,583,912,994,733,704,681,768,808,813,726,698,651,653,867,911,767,725,824,922,565,594,517,516,742,731,591,573,956,960,675,678
bing_querylogs|config_id=170,739,739,633,621,617,631,694,694,936,944,1037,1039,1063,1037,884,918,881,972,1008,818,858,986,986,733,720,927,981,999,1002,1059,1073,1086,1104,855,893,1081,1118,640,610,766,782,887,887,867,911,629,625,1122,1122,675,672,892,888,884,807,924,930,845,891,611,605,754,794,1185,1183,745,745,739,602,605,894,697,1329,1327,826,836,759,759,1003,1009,698,694,762,750,1106,1086,858,859,1030,1017,661,658,658,665,903,937,697,687,1081,1083,744,747
bing_querylogs|config_id=172,1334,1126,859,852,757,839,988,1037,1089,1067,1198,1210,1646,1480,1255,1286,1293,1490,1291,1270,1463,1254,1318,862,856,928,971,1294,1289,1224,1263,1253,1237,955,1131,1239,1215,1898,1543,995,1007,934,958,2831,2718,1040,1063,1453,1338,855,803,1381,1267,1226,1467,1077,1358,967,1071,597,601,927,1060,1276,1253,962,819,894,1185,1094,2068,1988,1798,1771,1081,1415,1376,1284,1220,1265,956,987,939,971,1351,1338,1052,1045,1802,1828,704,721,713,822,1065,1025,1177,1356,1294,1400,990,983
bing_querylogs|config_id=173,948,864,710,725,731,830,1094,1044,1007,1014,1271,1156,1348,2150,1175,1100,952,1297,1505,757,738,1195,1255,738,764,823,916,1135,1279,1124,1231,960,973,935,916,1020,1101,979,999,873,887,977,975,1198,1288,770,962,1107,1388,690,730,973,901,2789,2870,881,2149,863,934,632,640,769,783,1128,1172,804,814,791,1315,940,1019,788,1187,1372,1477,1410,1131,1058,1028,1116,736,729,855,802,1283,1182,832,809,1484,1989,625,625,696,783,984,874,1073,1554,1238,1735,823,825
bing_querylogs|config_id=174,973,931,690,756,656,658,859,863,1039,1075,1038,1138,994,1209,1084,1145,1114,1189,1246,762,905,927,1002,804,796,962,999,1017,1038,970,945,1087,1090,970,816,1087,1193,849,1034,876,838,956,929,1053,1174,676,710,1259,1129,821,790,1006,1020,1314,1235,907,892,894,883,705,751,845,774,1037,1203,825,832,828,800,778,690,722,1236,1330,1013,1013,963,875,1025,922,866,792,798,786,1039,1064,803,870,1299,1253,724,724,699,671,1023,1027,822,853,1195,1042,815,817
bing_querylogs|config_id=178,970,749,564,571,513,514,674,770,894,851,930,1019,981,1034,969,905,915,979,1058,609,615,978,1000,642,664,881,988,870,873,897,886,906,932,763,831,1100,891,722,723,697,720,761,786,910,926,579,577,1013,1020,578,577,922,799,820,861,763,804,688,732,522,535,684,744,1011,1037,660,658,652,611,588,575,577,1106,1103,820,767,769,746,885,885,621,710,743,658,977,993,718,736,909,998,580,580,534,534,855,790,588,641,980,959,716,718
bing_querylogs|config_id=180,949,945,689,746,957,888,833,807,761,756,1256,1356,1324,1307,894,1122,1157,891,901,806,859,1116,1134,736,740,788,822,942,982,1232,1258,1113,1125,830,815,1123,1279,705,746,888,935,985,870,1074,1134,711,693,1213,1470,888,850,881,867,989,709,1126,877,930,919,626,602,856,866,1144,1195,851,768,877,814,780,799,884,1462,1368,961,869,997,1058,1131,1107,723,723,803,759,1187,1192,847,814,1049,1147,742,747,775,741,943,941,769,830,1308,1109,1166,1031
bing_querylogs|config_id=182,1340,1684,1044,1072,1055,1077,1181,1262,978,979,1422,1270,1452,1578,1302,1313,1212,1144,1274,1196,1135,1432,1474,895,900,1009,1041,1644,1679,1763,1485,1225,1315,1174,1245,1269,1420,911,996,1291,1281,1126,1160,1407,1243,960,1068,1544,1543,1082,1120,1123,1313,959,983,1142,1064,1080,1073,795,790,1160,1054,1616,1540,975,1142,1062,1048,979,1044,1368,1521,1708,1210,1352,1544,1613,1428,1343,1108,1184,1128,1006,1516,1397,1215,1171,1529,1394,1027,1043,1280,1247,1196,1282,1093,1095,1542,1485,1426,1413
bing_querylogs|config_id=184,1102,1041,685,648,610,612,1828,2073,898,923,1287,1254,2503,1827,971,1013,1064,1688,2756,1011,1607,1135,1218,814,823,910,979,1121,910,1142,1181,1201,1126,924,947,1081,1245,732,2981,1065,1067,963,868,1131,1137,796,672,2113,1517,741,741,879,949,42036,3956,1009,1032,1074,1113,673,617,925,906,1266,1266,824,978,864,1002,1915,1269,1624,1312,1277,955,948,1121,1251,1101,1025,929,935,847,854,1140,1093,816,946,1433,1495,762,740,715,679,1068,1013,799,688,1322,1333,1067,1020
bing_querylogs|config_id=186,1373,1147,752,776,885,769,1033,993,1040,1091,1132,1165,2272,1291,1278,1257,1123,1330,1588,1083,1337,1121,1112,773,775,903,975,953,957,1106,1195,1165,1202,1049,1025,1118,1148,1777,1493,1055,1019,866,1027,2317,1629,851,940,1478,1420,744,781,1248,1181,1346,1281,1199,1328,812,832,605,621,1016,891,1383,1258,870,873,846,1062,1001,1408,1374,1468,1672,1075,1055,1045,1188,1167,1283,996,972,947,990,1327,1229,1018,904,1453,1704,660,714,640,669,1033,1034,1413,851,1345,1391,998,1030
bing_querylogs|config_id=188,773,886,753,745,658,671,939,996,885,943,1188,1175,2318,3217,1037,883,815,1490,1321,788,878,891,1260,733,749,989,1001,962,971,1169,1268,986,1027,754,788,1031,994,813,1031,988,781,905,963,1379,1991,798,895,1120,1066,763,790,1073,1175,1161,1313,2144,835,903,874,592,623,933,866,1174,1142,762,715,722,872,815,878,1291,1092,1123,1050,1196,918,923,1115,1166,1161,977,826,751,1051,1169,938,827,1719,1147,667,635,675,655,963,809,888,846,1143,1171,961,735
bing_querylogs|config_id=190,1129,1039,807,761,590,576,1380,975,1148,1028,1176,1122,2483,2435,1053,1094,1185,1835,1854,1001,1031,1160,1147,746,840,1034,929,864,1127,1409,1381,976,1023,875,910,1142,998,4313,9185,1102,1407,955,848,1121,3090,767,766,1391,2047,798,836,928,962,4808,37396,906,962,1038,1020,673,672,846,827,1156,1242,746,841,862,1463,3296,958,1145,1256,1304,1025,943,1186,1331,1109,1049,837,894,789,780,2385,1106,807,782,1274,1818,679,679,591,571,904,894,753,745,1917,1406,980,958
bing_querylogs|config_id=192,890,979,808,714,758,998,1051,1062,828,1001,1325,984,2981,2126,1433,722,996,1620,1297,891,932,1193,1246,734,749,988,1063,1139,1063,1118,1280,999,1016,734,866,918,1099,1174,1322,905,923,968,882,1137,3273,800,873,1074,1271,877,703,999,1040,1380,1444,4155,929,953,903,611,654,870,814,1029,1234,748,753,786,797,723,729,1168,1297,1801,1921,1142,1063,1320,1058,1193,1460,1059,837,824,1221,1019,876,818,1090,1121,666,666,619,620,788,749,817,1032,1189,1134,1183,885
bing_querylogs|config_id=194,1086,1087,597,576,577,567,886,924,903,955,1196,1204,1614,1665,1041,1065,1026,3493,3509,883,861,869,914,609,638,732,788,1064,1052,803,801,802,819,873,864,760,761,2830,2813,829,827,925,929,2061,2027,730,719,1342,1225,590,590,719,720,1115,1086,885,864,783,728,534,532,608,621,1157,1186,599,583,595,1237,1231,1435,1426,1010,1007,2368,2313,834,851,753,755,702,765,815,829,1004,1062,670,638,1274,1342,560,592,504,506,843,840,942,921,1709,1694,1133,1164
bing_querylogs|config_id=196,898,777,684,695,658,944,837,762,830,936,1202,1116,2092,3475,822,1043,893,1249,1700,1274,912,1398,1233,749,754,1038,964,976,1067,1277,1129,993,1017,928,903,1111,1074,812,1365,1004,832,884,841,981,3062,691,843,1306,1088,783,735,1099,992,1213,1213,928,1424,993,954,588,602,913,827,1131,1262,766,800,804,844,767,787,856,1203,1510,1042,1064,1186,958,1213,1102,951,908,770,711,1125,1103,970,846,1486,922,675,650,661,627,879,801,753,983,1133,1159,900,846
bing_querylogs|config_id=197,653,654,561,553,501,502,635,664,821,815,822,859,933,968,882,881,914,962,976,614,587,881,900,574,580,796,856,695,767,801,805,818,827,678,732,910,947,839,810,660,653,733,734,880,944,573,575,1045,928,578,580,762,761,753,756,745,773,652,652,510,508,631,632,1133,995,629,630,636,568,579,575,577,1020,994,719,692,1112,929,877,793,714,700,647,642,865,855,718,726,848,899,551,584,515,524,656,726,629,683,961,936,677,710
bing_querylogs|config_id=198,896,898,680,680,638,913,952,1022,925,932,1128,1070,1114,2697,1167,1346,933,1345,1495,964,876,1004,1443,749,746,948,939,974,1126,1166,1197,997,1016,819,898,874,894,694,932,1267,903,886,861,1743,3493,917,735,1128,1189,645,720,808,958,846,1230,884,1222,884,903,642,605,873,825,1139,1149,785,756,725,839,830,1213,1199,1475,1266,1918,1229,963,1306,1110,1044,855,894,755,896,1251,1258,824,843,1300,1739,688,668,667,614,860,789,946,860,1050,1182,977,850
bing_querylogs|config_id=203,1345,1466,995,889,872,866,1102,1266,1278,1361,1563,1572,1770,1690,1473,1538,1477,1529,1548,1177,1186,1479,1634,945,951,1464,1383,1289,1482,1465,1497,1522,1396,1282,1303,1551,1512,1245,1303,1128,1115,1412,1259,1652,1507,1030,1027,1454,1497,890,895,1396,1476,1430,1434,1267,1384,1394,1407,827,812,1044,1018,1587,1572,1122,1103,1036,1036,1070,1330,1347,1427,1431,1678,1847,1245,1236,1401,1390,933,952,1100,1036,1411,1477,1165,1184,1754,1778,844,844,871,857,1436,1411,1177,1063,1616,1656,1365,1282
bing_querylogs|config_id=206,1289,1149,969,928,922,946,1082,1056,1071,1163,1292,1281,1623,1484,1185,1240,1245,1490,1558,1003,1160,1192,1192,964,916,1030,1096,1247,1315,1254,1277,1340,1258,1123,1266,1244,1213,866,841,1161,1162,1022,1178,1118,1081,1002,1006,1302,1441,1152,986,1199,1221,937,922,1077,1045,1196,1214,740,738,1163,1171,1249,1326,965,1005,999,811,805,1159,1173,1421,1688,959,1004,1192,1194,1265,1251,940,1020,885,1016,1529,1412,1114,1036,1425,1571,750,745,852,1041,1215,1188,873,852,1251,1317,1348,1098
bing_querylogs|config_id=207,658,647,534,531,488,496,612,694,842,876,784,821,1062,952,865,863,870,1069,975,586,582,889,894,581,575,795,852,780,775,788,785,792,790,686,682,1052,839,912,754,632,632,755,761,925,845,570,564,950,889,573,573,793,840,756,829,728,722,674,621,499,499,621,620,1041,1036,625,640,634,564,511,548,548,983,958,764,662,673,729,774,772,678,647,642,622,890,872,687,652,1049,850,547,574,517,510,792,782,614,555,1062,946,657,659
bing_querylogs|config_id=217,897,944,718,783,678,639,854,823,861,936,1010,1097,1169,1282,752,729,886,1106,1229,1021,904,1126,1148,790,774,920,987,1088,1101,1187,1180,1124,1163,800,842,1039,982,762,699,932,900,807,808,1012,992,704,808,998,1103,717,742,871,925,781,855,1221,1023,883,1022,668,682,803,776,1394,1070,795,823,811,733,783,842,680,1221,1136,783,897,903,987,1208,1183,848,772,845,852,1092,1110,926,944,1205,1085,748,695,678,664,793,904,907,931,1051,1466,948,941
bing_querylogs|config_id=219,643,651,538,525,495,496,628,666,801,797,841,898,919,910,903,861,921,852,906,599,577,877,881,582,579,793,851,825,780,798,809,797,794,687,674,920,1067,979,752,653,659,761,733,810,781,572,563,964,910,566,566,748,732,758,750,736,702,607,614,504,508,626,625,941,953,640,637,634,576,568,541,559,958,876,690,687,670,674,790,795,612,667,626,626,873,868,703,669,813,821,564,585,509,508,724,747,572,556,864,865,662,681
bing_querylogs|config_id=222,795,766,608,611,577,578,696,696,875,869,1016,1041,988,998,1033,1058,1013,1015,1078,720,734,979,979,702,708,831,863,918,989,996,979,1042,1063,830,839,999,1087,616,593,749,746,876,880,986,898,630,627,1163,1055,627,627,830,864,1110,864,868,962,822,811,596,557,757,757,1025,1137,731,732,725,681,696,636,639,1278,1266,827,841,786,790,968,974,659,656,725,726,1026,1026,822,822,981,949,627,632,594,590,812,905,713,722,1085,1067,724,727
bing_querylogs|config_id=223,668,816,558,543,500,504,746,758,889,891,968,925,2233,1335,961,956,947,1649,1226,885,749,863,896,659,656,830,843,816,837,823,815,840,878,847,681,835,899,756,803,669,678,923,912,953,1810,560,561,1614,993,579,579,844,833,1214,1067,789,793,651,666,517,503,734,734,1051,993,626,626,617,590,619,846,848,1080,1052,1022,867,845,812,824,1038,688,689,617,716,1049,929,782,680,1045,1000,560,582,732,603,678,852,807,745,1064,910,707,659
bing_querylogs|config_id=224,802,887,698,679,629,853,1060,801,834,903,1085,1099,1548,1139,881,747,778,1324,1094,791,791,1089,1043,724,741,1015,990,1012,1227,1171,1189,1015,1068,762,744,1013,884,787,832,894,898,852,834,1041,1094,742,732,1123,971,705,713,782,878,791,861,1119,966,891,936,642,647,874,767,1079,1070,751,745,764,750,782,751,825,1166,1190,827,913,941,1079,1134,1108,862,902,739,841,1189,1087,821,859,961,950,728,715,609,587,890,772,823,860,1070,1230,923,917
bing_querylogs|config_id=225,669,671,551,534,520,501,726,833,919,889,840,857,986,916,947,1036,922,969,994,625,582,887,899,603,576,791,827,789,790,805,813,810,801,677,805,984,922,1269,748,652,677,751,724,977,911,577,574,997,993,570,581,858,865,864,758,739,744,648,637,506,509,624,641,1169,954,641,632,627,592,577,571,578,944,998,762,680,812,952,886,793,701,685,659,655,858,882,718,682,1065,928,549,578,514,513,752,837,586,565,928,935,671,722
bing_querylogs|config_id=226,1008,1048,897,925,923,771,948,1055,944,991,1223,1223,1301,1316,1077,903,907,1311,1340,1029,1128,1185,1247,900,903,1144,1128,1169,1160,1255,1227,1194,1236,977,975,1237,1110,1070,1016,1025,1039,1005,911,1243,1152,923,1086,1174,1163,898,901,1085,966,821,1043,1152,1847,1006,1074,782,791,950,1028,1333,1267,983,912,908,937,933,933,925,1412,1305,1028,1079,1107,1174,1326,1367,931,956,960,1005,1308,1388,923,1010,1149,1157,835,864,779,847,1055,978,1011,911,1219,1218,956,1124
bing_querylogs|config_id=227,913,900,581,553,644,613,829,803,745,798,942,874,1260,1137,822,900,898,1092,984,784,888,894,922,638,593,777,832,914,973,949,940,877,885,691,689,881,889,1249,1039,772,767,809,842,952,987,728,708,1168,1033,628,639,836,859,733,728,12012,819,820,789,560,565,673,672,955,1064,676,676,675,766,865,1131,1178,1041,1048,819,835,882,820,859,852,639,627,730,757,958,901,672,667,1066,1001,611,634,625,642,697,701,721,723,1102,1003,852,856
bing_querylogs|config_id=228,1018,1098,833,668,648,632,1116,916,863,937,1404,1156,1713,3103,867,950,999,1488,1732,1006,1482,1452,1141,778,742,1044,1101,1079,1249,1211,1204,1160,1122,822,838,1076,1113,733,837,1135,951,994,881,1147,1159,934,931,1256,1050,844,727,802,985,1103,1179,1308,1134,892,938,640,614,924,910,1090,1070,751,817,719,705,763,961,1154,1498,1366,976,969,1076,1153,1210,1234,891,936,887,908,1327,1133,966,907,2539,1730,675,685,700,800,983,860,1017,880,1124,1121,988,936
bing_querylogs|config_id=230,892,898,667,839,664,743,1000,1041,919,1005,1395,1093,1941,2661,796,937,977,1671,2117,1022,790,1016,1203,735,740,987,1019,997,989,1173,1082,990,1013,836,826,1076,1036,1613,1039,1130,984,792,921,1431,1220,858,667,1052,1142,695,885,855,935,1273,1077,1371,920,930,979,636,601,927,1950,1087,1440,784,730,868,797,938,965,856,1420,1303,2394,782,945,948,1140,1181,945,893,767,745,1211,1073,1132,853,1745,1304,661,668,593,654,763,772,852,1044,1128,1075,918,912
bing_querylogs|config_id=232,687,683,529,548,487,566,685,649,812,809,808,777,1086,973,887,947,889,1069,907,720,608,945,890,584,599,806,881,860,792,1009,940,796,796,793,830,883,1052,941,1184,618,637,761,813,883,829,623,642,1018,890,668,602,768,794,1658,1068,778,713,679,641,529,546,729,697,1100,979,696,655,655,651,607,569,857,1118,916,1029,970,760,754,935,890,734,569,700,646,932,1042,666,641,910,984,556,538,557,509,775,705,644,686,1032,977,629,715
bing_querylogs|config_id=233,794,815,685,713,624,1096,880,1003,802,787,1112,1128,1432,1822,843,1094,739,1329,1425,745,817,1279,1022,771,760,1063,1000,979,901,1122,1265,956,1069,740,841,1029,894,993,802,842,826,869,788,988,1037,680,722,1096,1190,721,689,857,982,1078,928,862,886,933,868,598,603,875,815,1212,1152,759,759,731,754,828,732,691,1150,1223,977,1114,1033,1026,1138,1125,982,928,925,870,1038,1169,745,832,1075,1197,655,660,586,679,736,855,859,982,1070,1042,950,1017
bing_querylogs|config_id=235,696,650,555,541,518,525,657,696,860,838,916,896,1028,1035,899,898,892,955,957,593,612,856,955,624,612,894,952,765,756,872,802,888,886,845,723,976,1076,662,949,706,674,793,793,859,870,578,584,912,892,584,585,777,750,791,807,760,771,687,639,526,526,645,645,1212,961,727,673,661,567,564,562,559,978,956,698,730,886,776,782,851,698,706,675,669,842,893,740,745,1108,876,585,588,539,538,789,750,579,634,994,929,758,744
bing_querylogs|config_id=236,651,677,546,521,514,489,799,660,770,800,799,940,885,977,851,952,939,939,919,581,573,891,885,579,598,818,852,797,765,784,796,793,806,792,669,924,913,755,620,639,666,710,716,857,880,570,563,954,918,562,572,729,807,748,762,735,733,647,621,503,499,612,607,927,1001,698,624,618,511,559,548,554,863,983,716,679,729,670,772,772,672,761,647,647,833,870,686,686,821,1060,547,574,512,507,737,642,568,554,902,879,698,658
bing_querylogs|config_id=238,1553,1620,1153,1249,1086,1260,1310,1882,1252,1175,1877,1617,2569,2858,1425,1596,1466,2361,2363,1370,1602,1458,1538,931,913,1117,1163,2025,1870,1486,1683,1273,1230,1321,1431,1448,1562,2190,3069,1437,1314,1450,1360,2298,1493,1167,1235,2057,1865,1027,1180,1250,1567,2670,2512,1574,1568,1351,1418,922,806,1479,1358,1677,1746,1219,1290,1129,2021,1946,1343,1402,1792,2061,1319,1254,1670,1713,1721,1424,1290,1366,1369,1112,1391,1199,1370,1444,2121,1917,1145,1060,1507,1291,1453,1527,1580,1474,2858,1944,1506,1480
bing_querylogs|config_id=240,807,672,543,533,493,487,635,710,853,798,824,853,919,938,885,888,909,945,935,599,589,879,867,563,584,779,844,779,784,798,800,804,797,658,809,949,1038,669,932,647,663,773,770,883,870,578,573,999,958,573,570,831,898,778,782,702,755,631,669,498,501,704,635,1085,1076,622,620,615,559,588,566,563,892,995,726,720,698,677,787,785,699,610,640,705,888,876,705,667,1012,930,541,570,506,505,652,662,610,559,944,965,711,714
bing_querylogs|config_id=241,961,847,777,749,626,625,1041,860,820,847,1137,1054,1045,1099,762,808,755,1160,1194,820,788,1201,987,759,746,921,990,1149,1180,1084,1325,1042,1038,722,828,953,893,1088,891,881,979,860,753,1078,1072,737,765,1065,1054,704,904,849,1064,784,745,759,1112,915,838,629,599,796,878,1084,1160,849,746,746,835,789,750,816,1403,1119,977,865,919,889,1156,1099,776,953,787,782,1156,1065,806,797,861,858,675,664,635,669,915,864,822,899,985,987,896,832
bing_querylogs|config_id=242,722,674,572,556,540,545,718,751,863,945,925,972,1065,1029,926,1018,923,989,970,620,638,914,912,634,637,792,822,881,884,811,811,921,932,720,860,871,961,827,811,730,724,791,783,870,895,589,578,920,942,587,584,781,863,801,792,787,785,713,646,530,528,680,667,1099,1101,672,686,668,597,618,591,577,892,1001,724,749,817,741,799,884,713,683,702,670,890,893,796,801,1006,845,589,588,537,535,870,781,624,631,945,977,771,720
bing_querylogs|config_id=244,1052,1056,643,645,595,592,896,865,1090,1108,1139,1142,1518,1224,1072,1011,1096,1332,1297,898,899,1257,1113,765,808,933,985,1040,1014,1010,1000,1055,1075,1039,815,1148,1011,1102,987,878,978,1066,1093,1131,1156,629,626,1307,1158,640,640,1688,923,1564,2557,921,907,850,850,593,577,877,895,1253,1298,713,721,708,706,696,855,890,1365,1433,1702,948,1191,893,1088,1116,808,821,718,720,1090,1171,859,926,1350,1487,653,653,701,685,1041,995,856,786,1078,1161,808,790
bing_querylogs|config_id=245,728,709,540,514,507,503,692,683,966,861,828,884,1318,1067,954,916,894,1076,1066,708,650,1069,1090,631,636,928,950,842,843,1018,1000,871,871,798,691,904,952,1779,760,643,684,867,815,906,929,544,645,982,1083,602,709,823,802,862,950,790,764,662,639,556,540,633,774,996,1013,671,661,715,634,639,698,751,1032,1049,1087,852,847,765,930,1257,696,700,666,648,1053,1025,686,686,1253,1029,556,579,564,575,848,804,701,671,1272,986,748,846
bing_querylogs|config_id=247,781,781,639,642,608,602,699,718,919,933,1021,1054,1020,1011,1019,1027,1024,1097,938,729,738,989,989,742,748,906,953,1033,1036,1069,1065,1076,1098,821,833,1093,965,879,875,819,816,813,798,1017,1011,645,642,1105,1105,687,689,850,850,910,896,857,882,777,769,591,588,755,755,1134,1133,742,742,739,660,656,675,678,1185,1237,879,917,779,779,1080,1134,693,807,750,747,1090,1122,804,805,1108,1085,671,671,630,630,973,828,744,736,1102,1078,740,743
bing_querylogs|config_id=249,791,729,513,595,503,519,1389,1083,765,773,990,979,979,1010,887,892,819,1304,2341,856,781,875,896,615,590,828,889,719,722,967,997,807,759,669,753,976,764,1507,947,805,834,707,772,1009,967,688,585,1381,1760,646,646,724,724,2862,33374,1819,1123,788,832,532,498,669,674,913,993,737,662,723,1651,819,858,1028,892,901,689,702,886,828,844,856,760,758,643,647,920,941,647,670,1251,924,584,586,510,507,803,642,572,564,944,1092,832,863
bing_querylogs|config_id=254,943,834,736,756,715,701,852,889,875,790,1175,1058,1242,1165,833,833,915,1023,1269,872,781,1121,1105,731,738,953,989,983,1034,1102,1165,1010,1034,846,784,943,916,919,956,826,876,823,731,1022,1012,729,793,1034,1160,895,714,902,855,969,899,960,1216,851,886,608,593,765,841,1065,1187,745,796,726,726,778,753,771,1099,1247,1063,1087,1044,1378,1129,1132,826,793,870,882,1175,1110,816,785,1295,978,687,659,611,623,786,807,903,735,1018,1165,931,866
bing_querylogs|config_id=257,964,1016,635,748,751,875,1007,1032,876,900,1082,1031,2105,1845,1063,1015,967,1754,1347,1009,802,1092,967,686,658,946,1001,901,1018,1091,1224,820,832,813,1016,1087,1168,1356,1829,747,738,881,820,1501,1619,746,775,1214,1111,677,669,900,922,1657,1179,1057,2029,936,940,576,600,910,784,1077,1178,974,910,796,1062,1287,874,610,1035,1001,765,765,1128,1091,872,934,803,690,1047,1003,920,1064,772,762,2413,1201,608,563,613,871,900,909,1377,950,1645,1197,942,831
bing_querylogs|config_id=258,1137,1212,1034,1085,1083,980,960,1169,997,1096,1292,1339,1266,1238,1310,1201,1281,1148,1293,925,972,1433,1464,907,941,1062,1034,1293,1297,1449,1492,1228,1223,984,1015,1296,1247,853,859,996,994,1169,1164,1422,1248,867,856,1440,1410,915,1060,1148,1129,932,1046,990,1003,1221,1120,817,777,952,972,1364,1359,975,1005,1029,934,940,1018,1036,1543,1540,1209,1130,1182,1123,1265,1288,869,874,976,1053,1283,1248,1124,1048,1280,1142,865,901,1012,1019,958,968,1018,1062,1312,1381,1103,1339
bing_querylogs|config_id=259,1062,1074,834,952,942,988,959,958,983,983,1217,1138,1228,1188,1058,1024,1090,1170,1153,853,860,1225,1225,808,829,1053,1108,1037,1095,1236,1236,1193,1275,983,977,1098,1224,791,799,1059,1081,955,906,1062,1040,913,961,1166,1158,857,949,968,945,1026,996,919,917,966,981,706,751,960,1127,1156,1155,967,1018,934,824,855,1014,1054,1100,1099,917,955,1091,1073,1103,1133,907,936,953,960,1317,1316,1032,1083,1256,1256,852,860,896,898,980,929,847,883,1326,1290,1080,1084
bing_querylogs|config_id=263,812,878,643,651,620,769,868,1038,753,725,1133,1103,1386,1557,699,719,875,1074,1179,750,917,1373,1224,772,788,1017,1066,1059,1049,1158,1171,1047,975,737,760,868,845,1006,890,876,793,795,795,1083,1050,754,718,1216,1140,752,699,862,980,1032,934,989,1021,936,819,670,656,883,902,1084,1355,669,825,742,776,772,918,885,1103,1169,1025,1059,894,1121,1095,1173,899,844,839,773,1136,1124,944,747,1358,1219,658,659,591,620,780,785,583,956,1172,1103,1013,946
bing_querylogs|config_id=265,1096,730,870,755,541,544,1258,4726,1127,985,1002,1090,10028,3954,1195,1102,1707,3022,7691,993,1049,1260,1384,763,764,936,1011,1086,915,1267,1130,1060,1084,722,837,1202,966,1601,706,881,999,972,938,4172,2796,797,758,2485,4057,746,746,1007,1035,12849,7545,964,2849,943,954,636,548,999,1013,1240,1562,770,796,681,5084,4662,1223,1685,1553,1390,1437,1546,1249,1505,1130,1134,740,743,917,875,1154,1087,899,869,1838,1814,616,616,627,650,725,967,816,722,1308,1259,1212,1000
bing_querylogs|config_id=266,1121,1121,511,513,504,504,1036,1036,792,794,934,934,2765,2761,1094,1094,1091,2369,2401,585,592,892,892,678,683,753,789,762,777,914,912,874,889,776,754,806,807,787,786,765,763,718,718,1940,1525,554,552,954,943,578,578,653,647,1806,1809,810,810,686,686,488,486,855,855,931,930,601,601,595,592,592,577,790,1089,1089,685,692,710,711,937,941,676,676,726,722,917,918,678,678,3429,3429,545,545,504,512,703,727,523,530,1195,992,763,749
bing_querylogs|config_id=267,1040,1008,647,651,592,594,838,847,1078,1121,1196,1116,2321,1803,1105,1129,1080,1147,1280,1074,2262,1106,1046,773,805,970,985,1017,1041,994,1055,1064,1076,977,964,1064,1080,1000,982,805,803,1114,1018,1315,1182,638,631,1191,1099,647,648,1067,1013,1131,1228,890,908,809,791,592,590,877,897,1261,1242,717,727,710,677,705,947,965,1340,1416,1034,1091,891,857,1042,1017,832,822,722,724,1161,1133,882,864,1494,1527,661,661,660,688,932,886,882,829,1181,1176,839,783
bing_querylogs|config_id=270,1106,965,789,797,713,626,857,860,1006,1023,1282,1229,1187,1175,900,891,958,1185,1268,730,915,1132,1116,723,711,889,932,952,1066,1152,1114,1133,1152,954,966,1004,994,1111,1091,850,847,854,887,1291,1238,818,899,1152,1184,755,755,991,1118,1060,1077,1052,1014,794,794,579,598,935,1002,1264,1150,871,948,850,994,992,1073,954,1297,1314,1040,1039,1000,1062,1132,1175,881,830,840,859,1244,1217,946,948,1518,1412,705,695,618,613,907,899,860,1265,1305,1381,976,969
bing_querylogs|config_id=271,989,976,676,765,774,725,945,761,940,947,1184,1086,2186,2082,983,1010,951,1295,2476,925,962,1237,1087,683,592,1068,1035,996,902,1081,1071,900,837,971,874,1145,1142,852,951,769,757,943,999,1255,1067,778,773,1158,1266,697,655,890,844,2397,1935,1928,2112,866,917,591,567,739,837,1204,1303,971,848,968,887,2050,819,679,952,983,906,1047,1231,963,888,957,620,778,759,739,1094,1100,729,887,2703,1201,641,623,805,729,876,852,913,1301,1200,1480,1073,859
bing_querylogs|config_id=272,837,861,683,736,920,698,771,755,933,827,1085,1056,1050,1132,786,753,780,1093,1063,791,867,964,963,757,767,908,994,1202,1035,1240,1117,1039,1060,719,760,912,941,691,825,1010,775,912,801,996,1099,740,795,1054,979,837,776,875,870,910,1143,946,963,885,829,649,609,931,891,1128,1231,769,864,725,693,763,794,754,1159,1212,950,823,1076,1100,1181,1068,815,756,780,775,1207,1213,882,855,1227,920,693,690,625,679,828,889,841,857,1067,1069,826,798
bing_querylogs|config_id=274,766,937,637,641,603,605,871,908,933,948,1076,1061,1092,1086,972,981,1017,955,999,720,729,992,992,738,744,912,965,1007,1030,1064,1077,1069,20168,816,890,1048,971,749,762,770,767,795,802,1006,893,652,649,1104,1073,20277,20277,833,848,942,1012,870,17279,769,769,593,590,751,751,1117,1123,741,744,735,658,17010,17015,708,1342,1342,930,943,781,781,1088,1134,808,723,753,741,1051,1051,785,794,1048,1139,664,664,629,629,952,902,755,764,1067,1067,738,747
bing_querylogs|config_id=276,1216,1178,922,958,887,1045,1037,1192,941,942,1197,1081,1607,1300,1068,1055,992,1310,1414,1095,948,1211,1164,822,836,1045,1007,1116,1339,1373,1129,1052,1100,969,1020,1100,1036,1010,937,1182,1106,1012,1025,1187,1106,892,1007,1103,1110,925,988,917,1105,1074,862,1021,1022,1135,1107,756,792,1097,1082,1121,1319,914,1028,988,989,888,953,996,1460,1400,879,1230,1151,1205,1365,1123,1049,1090,1021,930,1155,1140,1148,1039,1598,1436,939,933,840,837,991,1079,968,1058,1251,1189,1145,1162
bing_querylogs|config_id=282,919,1100,720,678,639,683,858,797,988,911,1324,1191,2169,2138,1194,939,1100,1423,2298,695,1063,1096,1153,670,672,880,858,1062,1155,1223,1105,876,870,820,938,1023,1086,1131,1220,802,825,987,837,1422,1372,747,773,1708,1062,683,683,862,884,2212,2026,3176,1336,889,881,592,571,771,834,1066,1166,738,806,777,1272,881,877,905,1248,1289,1220,1130,1089,854,944,988,675,678,777,776,1295,1057,851,842,1227,3148,636,636,699,644,885,934,1479,1057,1369,1210,1008,802
bing_querylogs|config_id=283,1074,1066,770,859,921,907,1267,1172,979,888,1183,1180,1550,1358,1019,995,1051,1518,1213,1000,1014,1113,1464,791,803,944,977,1185,1163,1136,1037,1091,1111,853,853,1059,1042,794,791,864,903,873,1034,3820,1631,919,786,1050,1066,719,719,1070,1023,9218,7311,2202,2975,1105,1018,620,615,998,925,1308,1390,875,815,853,757,780,1024,908,1276,1278,2946,1834,1068,1112,986,996,977,966,796,792,1058,1156,1052,1022,1700,1573,691,698,1027,975,856,853,835,851,1254,1228,896,895
bing_querylogs|config_id=284,982,1177,800,803,769,784,884,910,887,895,1226,1157,1301,1171,1081,1020,1094,1290,1378,881,880,1063,1087,750,756,1016,944,1312,1169,1211,1193,1274,1082,16350,904,1171,1092,715,761,957,892,939,962,1171,1121,833,929,1134,1114,806,808,1070,1043,872,841,1425,1110,1052,1066,645,621,823,822,1390,1494,901,906,792,756,744,1180,1153,1338,1428,1050,1059,1003,1004,1154,1184,770,874,975,931,1309,1332,991,1009,1310,1216,681,793,811,815,953,929,707,720,1299,1277,1201,1037
bing_querylogs|config_id=286,755,735,587,627,549,550,844,784,903,868,983,1039,1057,1188,953,1025,1008,1061,1061,636,659,999,946,695,696,826,861,995,1004,964,864,897,911,717,843,920,1123,839,799,685,681,868,862,894,914,601,600,982,1020,640,682,809,819,1164,1080,811,834,743,728,532,592,663,674,1047,1003,680,691,667,671,672,640,642,1159,1195,1010,931,733,778,913,879,731,682,706,708,928,961,742,739,1135,1168,586,586,567,566,826,857,635,798,1045,950,690,730
bing_querylogs|config_id=287,614,606,527,548,516,518,592,593,831,855,849,857,936,998,977,977,832,984,872,614,608,790,791,618,621,868,815,842,837,892,892,914,919,780,787,1030,1093,553,558,660,661,685,661,903,694,562,555,961,864,568,568,741,736,736,844,722,757,672,663,509,521,650,651,906,871,659,662,656,524,538,559,559,911,1016,715,726,652,652,899,900,591,671,669,667,891,865,687,703,877,849,571,571,531,529,732,732,726,628,917,971,635,653
bing_querylogs|config_id=289,1272,996,758,863,819,860,1171,1291,1165,1210,1345,1409,2371,5764,1155,1308,1303,2550,3140,1085,925,1505,1280,677,729,887,1005,1221,1237,1501,1322,915,928,951,975,1314,1384,4195,1725,940,873,966,975,1559,2344,797,1015,1310,1545,659,656,1054,984,1932,2483,2188,2516,1150,1061,615,684,829,786,1487,1407,1321,1021,849,1438,1874,1060,865,1180,1144,1152,1012,1732,1068,1083,1113,812,860,951,962,1075,1160,911,891,1663,1437,589,693,945,805,897,958,1415,938,2581,1625,1017,1129
bing_querylogs|config_id=290,867,913,738,731,701,698,868,808,984,1041,1217,1217,1132,1126,1056,1069,1139,1099,1244,868,887,1096,1096,797,803,1007,1059,1080,1081,1148,1155,1192,1212,1042,944,1141,1141,817,766,874,871,968,974,1072,1072,827,824,1185,1304,914,793,1006,941,1006,1033,973,1004,874,941,706,688,894,894,1240,1239,823,823,817,769,797,795,792,1367,1369,1158,1026,905,905,1193,1202,839,808,863,824,1276,1151,933,926,1092,1252,786,727,753,767,949,943,864,873,1131,1133,882,949
bing_querylogs|config_id=292,992,1018,711,926,742,941,953,1008,1213,1045,1198,1134,3284,2767,1105,1185,1201,3660,2927,1047,884,1223,1360,664,738,914,1167,1166,1087,1305,1085,868,872,1028,976,1315,1158,3092,1933,844,861,1235,1039,1488,1340,825,793,1840,1395,650,663,1076,977,1830,1048,903,1642,1174,1056,605,568,867,878,1331,1359,905,775,844,1951,1895,1128,1033,1274,1338,988,1089,1296,913,1086,1124,781,882,906,867,1131,1222,748,876,2104,1920,584,588,784,846,900,1104,1131,844,1797,1533,1044,1054
bing_querylogs|config_id=293,1000,943,618,853,637,596,805,844,921,950,1157,1308,1231,1019,959,1068,1037,1113,1143,808,817,1033,1091,765,757,1054,1059,1054,17243,1047,1044,1276,1296,1077,821,1074,958,688,590,864,872,985,943,1004,1045,758,755,1171,1171,838,842,1352,999,1088,1013,996,1014,1047,766,577,634,17108,792,1245,1286,804,804,791,681,672,645,743,1449,1310,1104,970,945,1103,1261,1130,813,805,862,865,1147,1105,985,859,1288,1091,743,743,712,754,855,1037,757,785,1088,1135,866,899
bing_querylogs|config_id=295,954,916,693,772,813,915,1032,854,816,788,1204,1063,1965,2162,877,915,822,1831,1833,829,997,1549,1386,746,745,950,1038,1017,1093,1146,1097,1009,1044,784,806,1113,965,1306,1192,940,791,902,793,1090,1187,911,876,1255,1132,771,816,874,989,1255,924,944,1017,891,862,596,595,950,1039,1267,1075,752,730,719,964,866,754,1040,1208,1439,1119,2788,1196,1008,1125,1128,741,956,725,724,1317,1425,866,908,1692,1241,671,670,622,688,894,792,1130,1426,1148,1251,947,877
bing_querylogs|config_id=296,839,811,633,641,618,592,774,878,768,744,1275,1025,1570,1899,895,753,939,1270,1303,749,865,1141,1314,691,739,1011,1143,969,985,1213,1024,966,974,814,779,970,932,794,823,988,844,769,665,916,1040,815,655,1151,1175,856,779,869,961,1147,1035,965,1087,848,833,668,609,923,835,1093,1052,827,714,739,966,851,760,774,1168,1129,934,818,1025,935,1277,1103,830,930,827,715,1087,1168,831,827,1325,1091,653,625,610,576,742,703,850,866,1176,1231,1042,894
bing_querylogs|config_id=298,1098,1050,852,758,767,739,786,1007,889,1017,1434,1241,1461,2302,1057,1093,1068,1707,1905,1004,782,1293,1155,737,745,954,865,958,1132,1236,1291,954,965,973,902,1028,1177,1564,2008,793,767,1052,933,1739,1318,791,809,1148,1673,664,664,983,926,1265,2498,899,1908,1088,1024,616,668,860,831,1386,1364,874,1103,838,976,992,978,890,1176,1270,798,796,1061,907,1055,926,649,680,917,826,1058,1173,953,994,1188,1269,582,705,643,642,963,961,965,1102,1636,1593,917,888
bing_querylogs|config_id=300,882,902,688,687,692,669,850,819,782,830,1106,950,1075,1225,904,943,851,1010,1253,668,660,1010,1003,685,714,928,906,964,929,1202,955,964,973,784,715,936,883,686,643,796,779,777,835,1049,1093,706,716,900,965,632,651,898,790,1113,1169,13605,870,1027,1053,566,583,719,749,1154,1040,753,684,776,724,731,683,708,995,1000,1349,1024,1000,861,964,880,778,782,825,801,1066,1080,851,802,1096,1104,629,702,643,551,755,761,630,661,970,991,867,810
bing_querylogs|config_id=301,892,890,602,605,591,594,875,880,1233,1097,1173,1160,1325,1229,1041,989,1027,1682,1700,693,702,1106,1090,696,702,974,1002,985,1071,993,1025,1029,1049,782,791,1121,1188,999,822,821,817,947,896,1014,1007,650,647,1225,1273,640,640,1205,1016,1139,1212,953,1044,917,913,562,559,799,799,1390,1387,880,831,885,913,710,637,678,1276,1319,978,938,883,903,1014,1017,826,915,837,872,1029,1029,775,787,1624,1354,631,631,602,602,848,844,729,923,1263,1203,831,898
bing_querylogs|config_id=305,861,990,794,710,572,843,1026,869,1010,1047,1274,1335,2732,2548,1018,1106,1146,2222,1822,960,910,1139,1155,707,696,980,993,1106,1170,1264,1322,974,891,860,1018,1150,1207,1252,1340,789,719,911,1046,1143,1398,712,785,1229,1489,684,652,895,793,2842,1910,2013,2220,1091,1062,562,558,825,713,1424,1221,873,781,901,834,1058,852,596,1139,1161,763,821,1079,998,1037,1006,693,793,897,1044,1104,1093,860,851,3604,2883,573,587,637,675,970,925,928,1097,1561,1600,886,951
bing_querylogs|config_id=306,926,956,714,879,872,755,1001,853,959,837,1165,1082,1903,2229,1022,1168,1057,2730,2124,693,687,1123,1050,666,656,874,905,926,945,1189,1189,813,751,829,844,975,1058,1655,1919,724,813,948,912,1207,1152,803,865,1151,1517,652,675,860,909,1511,1584,1139,774,956,936,539,534,738,807,1158,1151,830,823,843,1158,1151,831,858,964,934,823,894,993,974,957,944,694,628,819,900,1158,901,834,783,1342,992,579,608,628,615,855,907,1029,929,1318,1749,888,870
bing_querylogs|config_id=307,774,774,743,746,595,597,761,761,983,1018,1058,1071,945,1037,1050,1050,1047,937,973,883,892,1002,1002,739,745,864,916,953,963,1017,989,1035,1055,828,837,974,1129,1961,1959,816,784,878,878,1008,1155,627,624,1086,1149,652,652,805,799,785,788,852,881,802,777,576,573,769,769,1105,1109,719,719,713,603,676,1007,1010,1198,1303,941,999,788,788,980,986,661,663,754,742,1055,1062,798,798,1070,969,641,641,615,615,920,891,664,673,1048,1048,767,770
bing_querylogs|config_id=308,1006,976,809,705,819,869,900,1094,1026,1090,1329,1144,2524,2552,1135,1151,1075,1569,2110,1052,1022,1232,1041,723,743,949,962,1111,1060,1247,1302,872,949,953,946,1231,1052,1271,1487,813,869,983,972,1171,1220,761,819,1148,1574,664,746,989,944,1587,1257,1123,1037,1058,960,627,554,873,758,1359,1372,800,776,880,1252,1002,849,886,1260,1113,1082,824,1081,1057,1016,985,654,696,898,852,1213,1122,931,916,1181,4003,586,578,840,744,935,1032,887,1652,1452,1622,875,933
bing_querylogs|config_id=312,894,928,780,861,759,797,903,1001,917,1092,1057,1205,2501,2827,1101,930,1088,1732,2201,726,1044,1130,1124,610,662,875,918,951,961,1100,1102,754,739,819,856,1091,1052,2171,917,770,777,844,851,1191,1060,638,698,1364,1323,674,655,872,847,1851,1770,939,1051,800,935,659,596,708,707,1194,1133,874,963,818,2336,900,567,903,1032,1077,834,774,846,1110,900,907,642,621,886,825,1012,984,842,747,1102,1438,540,563,692,608,862,833,1038,904,1643,1238,837,961
bing_querylogs|config_id=314,887,1048,661,699,758,688,897,915,928,957,1147,1010,2311,2477,1082,980,1094,2045,2080,781,682,931,1106,600,653,781,847,1105,970,1084,1130,788,798,846,833,1093,1057,1356,862,835,789,859,860,1389,1374,782,733,1330,1637,683,667,834,910,1651,1732,1061,1908,855,827,595,555,812,779,1178,1051,746,760,789,1734,1307,950,974,931,1031,814,772,1010,1031,931,886,692,702,751,747,1027,975,797,820,1202,1447,588,620,706,753,878,942,941,1067,1126,1181,1003,846
bing_querylogs|config_id=317,709,797,603,704,534,532,1253,1263,779,877,926,1110,10402,2053,1096,1310,1078,2076,10986,905,988,1337,1263,681,677,960,919,913,818,1098,1158,909,917,725,700,1033,811,1366,612,996,985,935,1008,2449,1565,700,579,1607,8135,609,607,1016,940,12407,8389,780,899,949,927,523,505,923,774,1505,1396,651,662,757,4239,6035,1148,1210,1081,1080,1383,1363,1119,1417,950,950,669,640,787,712,962,949,946,869,1787,1542,591,607,584,577,690,684,620,1179,1001,1220,1117,928
bing_querylogs|config_id=318,825,826,747,757,680,682,974,967,716,719,1112,1112,910,902,711,715,708,854,890,845,856,1076,1021,732,738,875,924,1025,1024,1072,1085,1185,1130,856,812,1036,1020,679,697,1156,1359,734,734,911,911,728,725,1054,1126,685,685,953,881,730,733,888,883,855,922,596,669,884,929,1177,1138,776,730,713,716,716,904,1002,1242,1278,942,919,959,921,1103,1074,817,807,794,786,1043,1042,855,823,1050,1024,706,722,675,673,788,820,913,922,1102,1106,852,855
bing_querylogs|config_id=320,898,1022,702,715,1015,1022,738,745,842,868,895,1268,1168,1119,1074,892,1045,1046,964,847,710,1267,1026,773,780,808,866,1142,1059,1382,1632,1115,1135,857,913,1159,1147,771,795,837,873,958,901,972,975,695,683,1425,1366,852,805,963,915,831,707,862,1114,936,936,598,593,853,809,1357,1218,877,755,750,753,860,1558,1571,1550,1537,980,1188,970,970,1065,1084,786,710,787,851,1246,1260,930,885,1017,1116,753,753,915,882,877,931,733,734,1251,1288,989,1102
bing_querylogs|config_id=322,1533,1549,709,712,681,683,1197,1221,1090,1126,1474,1454,2806,2547,1188,1185,1223,4542,4703,1010,1019,1116,1204,782,788,1027,1063,1454,1463,1003,1001,1094,1101,1040,1048,934,934,3374,3813,1128,1117,1092,1209,2565,2963,907,797,1597,1594,668,668,957,1083,1635,1621,1175,1176,935,979,612,612,903,937,1386,1353,683,683,677,1489,1491,1839,1950,1409,1343,2713,2725,1268,1257,982,987,827,830,874,895,1348,1309,823,823,1672,1676,669,673,645,645,1097,1019,1226,1225,1974,1900,1369,1360
bing_querylogs|config_id=326,684,684,567,567,551,554,640,638,881,881,963,888,945,904,896,896,830,962,989,636,642,921,921,644,647,836,859,893,942,953,921,957,968,872,864,1052,1174,585,585,687,686,770,757,773,919,589,558,940,984,667,689,725,762,811,867,851,849,689,708,562,562,673,672,905,906,679,692,714,566,567,604,598,1010,1130,795,767,654,654,908,894,646,631,711,680,1005,1006,735,735,953,865,604,577,572,582,783,751,638,642,983,917,658,658
bing_querylogs|config_id=327,981,986,678,709,632,626,778,858,805,767,1024,1113,1305,1184,741,718,846,1125,1216,898,927,1078,1111,715,710,888,836,990,968,1274,1159,988,1030,790,779,975,969,774,691,848,876,788,773,957,991,798,785,992,975,698,738,912,863,880,799,902,809,844,838,604,610,953,873,1148,1079,751,724,752,710,817,815,774,1200,1310,729,958,1220,764,1146,1102,765,806,852,806,1118,1121,828,778,976,1059,700,691,640,617,777,781,905,753,986,1038,1009,1037
bing_querylogs|config_id=328,1097,1207,1193,1173,1038,1084,1031,982,968,1105,1349,1289,2859,2183,1308,1071,1322,1722,1985,961,962,1956,1812,918,816,989,1097,17587,1358,1081,1242,1242,1302,889,918,1383,17232,13799,13834,1098,1166,928,909,1819,18459,834,830,1520,1430,1051,1067,16762,1085,1206,968,6397,1542,1004,1054,616,635,906,865,1799,1558,1098,975,941,959,834,1029,1079,1424,1661,4039,17265,1148,1577,1225,1210,915,906,877,814,1318,1314,1021,972,1579,17897,725,849,15880,922,1127,1222,1004,914,1474,1462,1694,1814
bing_querylogs|config_id=329,1195,1154,962,933,900,901,1013,1012,987,991,1285,1207,1275,1261,1167,1214,1166,1357,1469,988,981,1121,1213,848,854,1112,1103,1420,1520,1271,1244,1232,1298,915,1044,1245,1247,869,851,994,1022,1063,1107,1193,1478,853,929,1164,1189,931,948,1143,1001,1006,1000,1206,1147,1172,1173,781,779,1012,931,1471,1457,979,1021,984,965,825,1174,1286,1555,1531,1185,1174,1123,1143,1165,1170,899,898,1008,1008,1166,1202,1106,1075,1366,1239,892,891,955,896,1119,1070,838,868,1389,1364,1042,1036
bing_querylogs|config_id=334,763,741,660,677,686,590,1363,1015,922,806,1020,1124,4119,1108,1112,922,1006,12745,1619,796,788,1134,1033,675,687,900,950,866,902,1097,997,957,955,780,771,892,1006,806,2061,889,869,738,989,2171,1326,620,621,1296,7235,662,662,876,903,8249,10060,796,773,822,876,569,575,908,744,1406,1185,751,699,722,4794,5904,1001,1133,1104,1181,2087,801,1008,1028,927,927,682,695,823,802,1038,1038,809,894,1591,1549,637,632,607,606,854,737,676,657,1081,1054,1224,865
bing_querylogs|config_id=335,827,858,639,653,638,644,762,783,872,864,1053,1088,700,1120,976,1039,835,1072,1036,983,874,996,1104,766,777,894,970,966,932,1038,1045,1093,1188,786,811,1010,1049,889,1064,837,804,743,774,902,973,700,740,1164,1541,687,698,905,839,685,706,939,835,888,979,658,647,771,787,1134,1239,811,846,770,696,837,1029,1044,1342,1243,784,930,905,1032,1073,1087,739,717,794,798,1159,1106,879,826,923,1019,688,725,712,642,889,843,725,690,1154,1292,821,870
bing_querylogs|config_id=336,982,697,590,591,554,551,847,815,1024,943,1015,991,1324,1730,1060,1064,999,1248,1212,825,824,970,908,677,761,854,902,905,883,927,982,1009,870,889,751,922,962,1028,1010,773,860,1060,1051,1064,3023,622,580,1120,1047,635,602,842,891,1185,1364,856,770,656,759,510,583,797,833,1117,1080,701,700,696,671,662,799,863,1107,1254,954,1053,919,943,894,1150,786,737,702,701,1037,976,737,848,1424,1434,602,609,666,646,884,834,842,789,1011,967,773,757
bing_querylogs|config_id=338,1362,1299,598,601,600,602,1115,1119,981,943,1091,1099,3524,3849,1330,1301,1349,2569,3900,690,728,1097,1214,787,783,872,927,883,889,1019,1017,1008,1028,831,892,913,913,1025,1017,1068,1063,888,875,2509,1974,664,655,1147,1185,651,651,785,793,2110,2180,1022,1019,806,797,577,584,1061,1023,1338,1235,695,696,689,711,797,680,883,1184,1181,946,932,917,923,1054,1056,914,892,875,884,1017,1016,817,801,3696,3517,638,638,635,627,823,805,607,616,1247,1161,901,887
bing_querylogs|config_id=340,951,968,852,750,779,883,953,909,1098,981,1223,1219,2150,2345,1045,1023,1217,2446,1663,748,791,1108,1146,700,765,987,1198,1045,1081,1204,1052,944,901,893,1015,1135,1148,990,1207,791,797,966,995,1051,1482,870,874,1255,1324,649,707,1032,924,2300,1757,1220,1950,964,935,508,648,762,810,1325,1464,742,860,799,1279,1412,914,906,1020,1221,912,960,1377,996,1063,978,658,723,881,818,987,1008,770,792,1153,1133,585,570,801,1066,966,929,1133,1036,1338,1151,900,944
bing_querylogs|config_id=341,946,977,820,824,739,672,870,1010,1053,1012,1092,1154,1933,1272,1020,956,954,1621,1517,1007,1027,1142,1186,688,707,930,961,1141,1113,1128,1200,912,941,1074,968,1239,1214,1570,1095,871,830,843,910,1367,1153,879,842,1437,1079,711,753,907,803,2146,2013,2028,959,899,910,637,626,891,848,1217,1254,864,822,816,1250,1324,801,923,1145,1038,945,807,1085,1137,996,1086,722,718,855,812,1271,1134,873,802,4021,2202,626,626,801,680,925,942,1012,921,1657,2318,887,826
bing_querylogs|config_id=342,1169,1052,803,854,771,863,1108,1015,1045,1039,1352,1452,1329,2256,1093,1038,1154,2873,4607,1273,1254,1325,1221,801,810,973,991,1218,1275,1412,1341,1118,1103,957,920,1362,1231,1365,1413,1003,935,1119,1048,1218,1922,867,796,1681,2241,773,792,999,970,2702,1854,1988,912,1131,1083,693,646,948,933,1398,1384,1108,979,879,971,1374,1216,1279,1518,1421,953,1253,1039,1209,1069,1159,828,783,879,907,1326,1134,860,986,1739,1302,682,733,763,743,1043,1016,1095,1135,1709,1926,1017,1003
bing_querylogs|config_id=343,960,658,579,554,517,519,778,755,882,935,942,871,2152,2427,1084,1040,1113,1398,1174,854,805,901,977,636,668,785,882,852,861,890,842,867,884,855,724,899,873,928,743,685,753,918,857,4360,1121,573,571,965,1017,576,592,962,948,1122,992,800,784,642,629,523,514,816,793,1135,1014,616,620,615,613,603,865,938,1114,1154,967,917,751,835,954,824,775,714,642,619,1006,974,849,752,1154,1162,564,597,578,577,891,815,878,780,1005,1004,680,730
bing_querylogs|config_id=344,891,857,786,790,657,667,1562,1290,1006,874,1414,1431,4918,3537,910,897,955,7637,7388,871,874,1056,1100,675,691,974,1001,1006,1086,1155,1352,933,941,871,872,1104,1127,1894,1409,858,862,1041,1076,2201,1766,693,700,6763,1695,642,689,841,948,8610,10852,2153,4063,877,935,576,500,811,832,2769,1704,671,664,639,3106,2653,850,826,1200,1554,1242,1244,1150,1232,1137,1108,736,755,636,630,1221,1263,755,756,14131,14033,640,628,628,704,874,838,928,916,1604,1357,1008,1001
bing_querylogs|config_id=345,970,1088,784,771,895,750,804,845,901,788,1189,1201,1275,1227,971,971,978,1043,934,837,840,1079,1056,721,680,951,942,1210,1038,1350,1286,1108,1118,754,902,979,1096,667,708,940,880,844,873,1230,1025,660,748,1054,1347,860,801,996,1006,730,742,868,831,942,908,606,604,855,811,1383,1297,881,847,870,17107,750,861,867,1311,1257,1014,1241,1237,1103,1150,997,780,744,781,864,1218,1148,954,957,1389,1125,768,747,885,833,944,938,893,956,1256,1255,1080,1240
bing_querylogs|config_id=348,768,673,626,630,603,535,649,676,923,871,1004,952,957,1033,951,1013,967,885,922,747,850,949,1004,679,703,912,890,1010,1014,1018,1011,876,916,810,867,991,1048,654,705,776,773,738,739,869,924,617,595,1005,1029,622,622,801,774,864,806,867,826,748,749,600,598,662,656,1054,1083,704,659,727,612,612,637,670,1171,1178,861,880,717,717,953,1083,734,731,742,738,1087,1087,817,756,983,972,655,615,609,607,926,818,758,700,881,989,699,702
bing_querylogs|config_id=349,907,790,889,961,851,813,928,919,922,971,1163,945,1267,1391,994,1030,967,1468,1542,1030,674,1278,1168,635,640,972,1026,998,1011,1095,1246,873,841,963,908,888,1120,915,1435,766,732,1061,1011,896,969,883,777,1165,1380,634,668,875,919,2011,2258,792,763,875,951,575,585,680,687,1190,1081,852,837,963,1966,1566,890,979,948,1053,972,1097,1030,1102,983,1040,651,624,870,800,1139,1082,727,802,1132,1269,570,570,616,630,797,795,732,814,1217,1264,884,834
bing_querylogs|config_id=352,1319,1403,762,744,724,723,1214,1106,1121,1095,1428,1432,1884,1780,1094,1032,1113,3705,3790,1020,1015,1134,1166,745,745,826,815,1337,1396,1042,914,1041,1054,977,977,945,1017,3264,3145,1028,988,1085,1070,2228,2472,895,840,1663,1785,755,683,980,931,1385,1305,1113,1065,895,849,601,602,754,755,1219,1264,855,855,843,1379,1333,1625,1626,1288,1402,2623,2628,979,1009,986,970,701,696,958,860,1140,1343,791,791,1414,1446,671,711,619,611,1049,1112,1065,1070,1801,2008,1321,1317
bing_querylogs|config_id=353,784,795,651,653,617,619,733,733,938,877,1050,1086,1030,1210,997,990,988,993,1043,878,806,1014,1036,760,774,839,868,1047,1048,1096,1130,1125,1147,960,892,1076,1073,715,714,794,790,809,811,952,1014,689,667,1057,1063,683,683,884,886,852,881,895,883,836,857,625,622,792,813,1141,1170,752,858,747,626,623,736,728,1235,1390,939,934,782,782,1105,1031,745,717,763,756,1143,1174,818,798,1063,1063,724,723,673,673,825,820,810,708,1103,1133,769,772
bing_querylogs|config_id=354,949,878,719,829,777,776,899,915,927,953,1236,1217,2315,1911,1071,983,993,1521,1517,1005,667,1115,1055,638,664,986,998,1025,1063,1152,1160,822,829,883,848,1091,1008,2995,875,750,754,948,883,1321,1181,781,753,1168,1176,735,660,898,984,2340,994,1445,1180,967,892,539,596,881,748,1126,1313,857,828,958,1499,1349,908,759,1121,1100,2876,796,999,932,986,1013,667,728,894,922,1024,1211,703,875,1374,1221,594,561,859,681,874,863,914,1037,1243,1348,932,979
bing_querylogs|config_id=356,733,660,600,591,566,564,680,691,882,854,966,963,957,807,975,935,930,954,940,784,717,844,845,691,696,895,930,994,930,937,935,1079,1058,819,827,945,1010,673,692,737,775,745,753,927,881,622,613,899,984,637,637,818,813,829,838,821,862,824,761,616,614,716,716,1045,994,748,701,696,578,576,841,843,1176,1173,893,867,716,718,876,1033,666,694,709,698,988,933,740,798,1075,985,635,634,625,623,847,876,638,645,1072,1004,659,704
bing_querylogs|config_id=357,910,956,727,660,739,690,748,867,925,899,1147,1096,2094,2739,948,980,1114,1616,1744,722,822,1058,996,631,671,897,961,960,955,1003,1182,1085,780,833,865,1113,1042,1540,1571,654,712,830,772,1278,1201,768,791,1398,1215,739,656,847,895,1336,1923,1129,751,907,865,611,577,771,701,1031,1213,731,849,790,1678,1011,798,689,1008,1090,822,932,1084,1037,951,935,682,715,802,916,1030,1033,816,816,1237,1432,547,589,763,741,920,871,882,625,1401,1470,864,847
bing_querylogs|config_id=361,1168,1191,963,1004,932,1065,1404,1349,1146,1125,1333,1217,1346,1550,1461,1322,1341,1320,1340,1157,1162,1220,1221,937,945,1011,1064,1510,1501,1459,1277,1269,1337,1150,1220,1268,1277,908,1021,1420,1137,1135,1150,1237,1255,832,951,1479,1297,956,966,1055,1169,1154,1155,1202,1233,1181,1178,831,772,1150,1026,1321,1527,936,1064,1094,929,908,982,1216,1683,1565,1130,1474,1212,1282,1425,1138,1136,1586,1062,931,1215,1215,1209,1149,1342,1367,967,918,951,869,1275,1020,1235,1184,1474,1357,956,1227
bing_querylogs|config_id=368,1015,1223,714,679,864,713,887,828,735,760,1239,1201,1264,1101,998,994,920,830,858,836,816,1059,1062,734,703,889,946,959,1010,1164,1160,1061,1102,822,874,1241,1128,675,675,900,847,966,947,1178,1086,773,692,1114,1153,848,856,904,959,714,695,847,843,898,905,612,611,846,805,1299,1445,774,767,800,749,819,846,824,1392,1395,921,901,1175,1175,1134,1087,700,700,878,876,1253,1280,807,860,1128,990,720,755,797,797,1166,1195,738,743,1202,1130,991,992
bing_querylogs|config_id=369,1429,1391,815,834,778,787,1115,1080,1087,1089,1442,1455,1756,1778,1102,1118,1129,3995,3915,1118,1104,1075,1105,834,864,935,1013,1447,1370,1093,1132,1141,1158,1154,1126,953,953,3226,3252,1090,1088,1109,1135,2698,2993,903,909,1676,1509,846,852,938,959,1562,1589,1159,1160,971,941,727,738,869,837,1259,1296,809,816,767,1480,1471,1761,1762,1389,1377,2770,2771,1086,1065,1091,985,868,850,946,987,1240,1250,878,937,1805,1520,778,796,718,697,1099,1095,1213,1218,1894,1794,1352,1340
bing_querylogs|config_id=371,961,986,750,964,861,768,1053,833,982,1070,1223,1053,2378,2991,1148,990,1167,1662,1445,778,900,1137,1236,711,730,956,907,1003,1017,1176,1270,871,894,1034,910,1134,1244,1222,1024,780,814,1011,929,1138,1345,917,771,1469,984,738,734,871,899,1214,1201,1467,957,1057,964,663,623,786,780,1374,1185,711,748,756,1868,974,1121,855,1039,1068,865,867,1077,947,958,1019,732,650,820,831,1073,1209,905,923,1248,2644,702,575,796,734,973,992,1045,1009,2187,1624,821,831
bing_querylogs|config_id=373,892,886,741,743,770,717,805,805,988,979,1138,1058,1020,1158,1076,1065,1073,1138,1159,817,826,1100,1100,898,870,997,1009,1108,1110,1130,1129,1164,1178,955,967,1240,1297,756,755,869,868,896,896,1058,1057,753,717,1124,1122,802,799,1034,937,970,1077,954,957,876,827,720,696,839,836,1225,1110,845,841,866,735,735,777,774,1356,1355,919,936,836,836,1138,1157,830,870,865,840,1202,1202,927,899,1111,1092,770,736,738,747,925,915,810,819,1225,1204,834,837
bing_querylogs|config_id=378,780,793,653,683,16724,594,903,983,17365,1014,1149,1047,4119,1440,17508,1186,1138,1520,1755,1030,17250,1150,1327,15853,814,855,913,951,1058,1011,920,944,957,935,926,1063,1056,1003,856,888,749,1125,17375,1209,1386,638,635,1070,1212,648,645,944,1024,1174,1263,16157,955,793,797,577,568,17216,842,1235,17086,717,842,710,720,706,916,937,1338,1161,1035,1070,16247,16012,1041,935,813,773,685,728,17169,17376,806,867,1408,1438,658,662,695,709,765,971,16719,909,1072,17390,921,782
bing_querylogs|config_id=379,1076,1006,962,757,761,599,885,946,1032,1033,1376,1210,1938,2367,1080,1040,1022,1458,2385,725,1054,1326,1187,693,902,988,953,1011,1099,1151,1094,911,921,1022,927,1129,1200,1667,1383,818,817,999,990,1312,1197,843,797,1490,1296,689,718,926,905,1233,2427,822,1757,1005,1063,702,641,794,885,1210,1231,1055,802,931,1543,1630,632,629,1169,1147,825,1018,1141,1158,1024,1069,673,683,886,913,940,1107,914,801,1284,1180,679,607,766,762,947,997,928,2872,1118,1186,977,1052
bing_querylogs|config_id=381,1028,1055,655,664,680,681,803,873,1006,1093,1167,1101,1339,1174,1092,1011,1032,1267,1565,1134,1087,1382,1266,814,818,854,890,975,1029,1000,1043,1241,1258,978,1030,1314,1202,899,762,864,921,1112,1102,2930,1109,681,662,1722,1229,786,649,1098,1121,1166,1273,940,976,898,926,680,632,936,934,1138,1305,725,808,801,667,702,1305,923,1398,1272,1041,1121,894,907,1028,1026,799,839,841,815,1191,1133,905,845,1207,1140,685,667,857,718,1044,1017,897,845,1198,1266,789,792
bing_querylogs|config_id=383,705,587,567,567,550,502,644,673,796,863,848,876,1131,947,909,878,832,839,970,642,600,748,916,603,619,881,904,910,877,888,869,889,838,755,748,852,876,592,625,642,730,687,690,843,846,541,592,908,859,546,573,693,685,721,827,754,777,682,657,485,484,592,600,878,964,589,623,683,520,629,547,610,921,1078,639,646,646,620,847,920,684,738,633,710,1026,982,674,675,780,1051,557,604,492,515,756,806,600,613,914,767,639,728
bing_querylogs|config_id=384,716,672,582,585,536,538,673,640,856,857,958,980,890,737,926,968,965,933,898,783,738,834,842,687,692,767,800,996,872,915,933,1047,1051,775,774,941,1136,643,660,730,728,710,704,877,877,565,609,1016,909,630,630,811,794,791,794,806,875,766,715,527,606,709,664,931,1036,689,689,647,550,557,796,642,1286,1273,836,870,712,712,947,844,687,659,662,661,902,960,728,783,913,972,623,623,616,593,875,871,734,623,988,889,643,652
bing_querylogs|config_id=385,995,1003,772,835,761,693,926,1018,1068,939,1216,1313,2606,2669,1056,988,1093,1438,1565,1029,1014,1364,1224,733,704,968,937,1079,990,1177,1132,915,1181,1011,982,1184,1206,1349,1105,792,858,991,999,1249,1286,827,796,1481,2019,694,705,934,852,1480,950,1016,1158,975,1021,573,700,931,816,1273,1326,804,889,762,1764,2030,634,730,1213,1191,825,817,1158,1169,1017,990,715,803,980,847,1149,1143,870,910,3456,1210,613,642,751,681,1003,1020,1069,1067,1346,1277,974,866
bing_querylogs|config_id=389,927,898,691,693,754,769,1012,834,875,895,1122,1123,1170,1153,902,935,894,974,1047,991,986,1024,1073,750,762,929,956,1181,1089,1096,1107,1076,1222,820,853,1023,1024,749,885,896,927,828,850,993,986,776,793,1191,1153,695,699,894,925,767,759,920,942,898,957,628,625,815,795,1103,1136,747,798,795,760,794,1406,1112,1230,1249,912,843,984,903,1039,1050,725,716,782,818,1086,1099,829,821,991,993,744,772,792,788,901,850,775,14650,1109,1143,919,958
bing_querylogs|config_id=390,1127,1113,1203,1231,1033,932,988,1044,1034,1110,1376,1261,1611,1521,1248,1051,1045,1980,1491,1107,967,1161,1335,896,919,1171,1110,1127,1038,1344,1267,1309,1365,963,960,1392,1357,1118,1063,1135,1028,1083,1071,1214,1137,1033,901,1469,1433,995,1077,1104,1055,1171,1017,1155,1160,1231,1251,728,812,953,953,1647,1462,980,1037,984,914,948,1295,948,1174,1125,1160,1092,1263,1175,1246,1267,1080,1053,1024,1023,1272,1214,996,981,1636,1624,821,832,922,920,1146,1122,942,954,1481,1473,1163,1144
bing_querylogs|config_id=391,659,648,502,488,520,529,773,1021,756,655,768,776,952,983,800,822,776,1562,1136,620,600,841,819,527,543,750,811,737,753,850,849,784,781,636,614,853,886,705,755,610,610,617,665,758,808,558,552,896,815,654,650,653,643,3061,33261,33313,1168,699,657,516,521,622,619,952,851,673,663,649,1311,844,593,598,887,939,605,591,854,833,784,794,594,593,592,643,837,829,733,681,3112,1395,555,606,506,503,621,629,629,610,935,988,775,790
bing_querylogs|config_id=392,1015,995,913,867,752,855,1143,1087,1023,977,1052,1213,2156,1756,1138,1206,1026,1644,1724,973,1111,1175,1170,754,772,907,912,1033,982,1234,1191,865,883,1013,919,1164,1051,1217,1207,803,833,1129,1120,1434,1207,789,742,1441,1383,716,707,952,1015,2032,1166,1016,1845,1015,1110,631,678,726,824,1147,1382,876,897,920,1169,1403,972,766,1169,1257,817,878,1057,1142,1187,1025,735,801,858,878,1078,1198,928,910,3313,2872,641,609,779,753,904,853,934,968,1276,1474,886,929
bing_querylogs|config_id=393,1001,1035,675,659,790,845,1082,1028,940,939,1198,1113,1237,1200,1023,958,986,1058,1076,1182,1058,1187,1100,770,785,1013,1023,1243,1223,1176,1226,1217,1216,927,936,1098,1155,1004,890,866,944,985,1194,1165,1196,852,777,1274,1377,707,726,918,1008,1027,971,1323,1121,1004,973,641,710,807,807,1315,1361,907,790,882,901,1186,1119,1643,1327,1273,1116,1030,1024,1030,1044,1091,704,720,790,867,1169,1134,849,881,1362,1410,710,717,752,793,858,942,1047,1149,1199,1191,946,963
bing_querylogs|config_id=396,964,998,664,673,692,707,937,964,807,833,1096,1118,1352,1428,892,883,793,1001,970,962,1016,1086,1020,722,740,903,973,1177,1093,1083,1100,1096,1107,855,881,1050,1013,746,722,844,845,910,838,942,1019,691,789,1187,1271,686,693,926,981,920,842,961,877,913,891,640,649,790,787,1110,1123,737,802,839,901,1052,1603,864,1217,1273,858,899,948,860,1048,1040,696,702,818,781,1095,1080,817,817,1058,1155,700,749,747,728,853,833,730,760,1099,1154,869,891
bing_querylogs|config_id=397,1032,1069,743,806,1112,945,1087,1105,1056,1105,1183,1322,2291,2372,1101,1046,997,1668,1825,885,799,1258,1256,761,795,924,865,1052,1076,1321,1135,927,1007,929,913,1253,1086,977,893,1005,748,1015,1078,1212,1781,821,805,1486,1311,693,714,840,890,2119,3034,1073,1296,1012,1062,687,605,839,881,1385,1411,1098,1104,907,1546,1656,947,676,1267,1146,2368,850,1132,1153,1170,1153,715,706,938,939,1286,1156,805,929,1201,1340,677,637,881,839,1033,1085,846,1021,1277,2058,1095,980
bing_querylogs|config_id=398,955,959,690,687,775,723,898,915,832,837,1063,1046,1117,1036,884,911,892,1019,999,1048,1024,1016,1058,707,713,930,977,1080,1140,1065,1112,1036,1070,864,868,1042,1036,737,785,839,874,878,849,1056,950,815,820,1184,1198,699,697,835,825,1058,765,992,897,889,891,660,640,817,808,1067,1071,807,793,767,767,798,1595,14056,1187,1196,864,877,852,937,1025,1031,752,704,823,817,1068,1126,838,835,1086,951,742,737,801,785,847,841,1050,1891,1090,1079,883,920
bing_querylogs|config_id=402,1094,1180,866,834,916,903,1186,1106,1038,1037,1301,1287,1320,1272,1065,1000,1020,1185,1244,1141,1356,1249,1238,776,817,1040,1098,1262,1246,1346,1299,1414,1343,1020,1004,1204,1203,16501,930,1076,1119,1160,1139,1152,1152,979,967,1330,1397,789,789,1021,1086,1092,1097,1164,1179,1094,1113,832,849,995,997,1388,1362,936,842,959,934,902,2108,1295,1423,1421,1196,1317,1103,1097,1202,1141,913,871,958,952,1312,1360,1036,1027,1183,1169,888,955,885,970,1042,1047,1021,980,1338,1320,1038,1041
bing_querylogs|config_id=403,984,943,848,760,784,720,821,1036,1033,894,1067,1081,2841,2276,1043,1013,973,1672,1220,970,943,1096,1229,636,660,973,1005,1004,1007,1151,1310,813,889,897,917,1032,1123,2101,1489,775,737,902,954,1182,1308,742,715,1445,1313,682,617,849,835,1326,1336,851,1256,879,860,490,614,722,764,1209,1088,793,777,1006,1391,835,641,780,953,1002,826,788,1033,1058,992,918,625,665,878,808,1057,1055,806,660,1159,1141,592,595,668,788,869,834,886,907,1470,1156,895,779
bing_querylogs|config_id=405,752,722,594,598,570,570,656,667,921,924,1046,996,1038,953,934,922,944,899,966,693,698,908,972,701,704,839,820,888,965,906,916,1031,1038,808,892,1061,950,591,591,767,727,814,774,987,987,610,607,1070,1057,634,634,819,834,865,859,827,885,766,776,558,559,736,736,995,1079,726,715,711,600,586,633,642,1289,1290,810,817,735,735,1070,1018,658,658,737,731,974,1047,757,784,951,1004,617,617,586,568,893,791,647,664,972,1085,727,742
bing_querylogs|config_id=406,910,894,593,602,697,696,963,773,829,773,1013,931,1061,1057,858,852,846,912,1049,964,999,848,866,671,710,863,910,1110,1070,1037,1042,1090,1006,822,797,955,950,722,834,782,838,838,797,974,867,838,752,1123,1059,646,636,886,866,688,692,838,834,881,856,566,799,765,748,1026,958,743,718,755,743,828,13725,940,1021,983,1178,847,850,843,974,971,649,697,724,747,923,959,725,731,1116,902,699,700,748,683,768,795,706,757,1023,1103,857,878
bing_querylogs|config_id=407,1013,1012,734,846,838,750,902,865,930,48937,23226,1356,2418,2074,1007,1113,1078,2139,1789,941,1121,1266,1261,727,725,991,1006,1008,1054,1343,1270,918,1009,1030,977,1148,1157,1097,1066,823,840,1007,1053,1427,1264,802,815,1771,1136,712,708,927,959,1936,2144,1188,1699,1111,933,639,602,877,826,1270,1518,755,1036,926,934,1605,956,897,1147,1225,854,839,1131,1103,1044,1038,710,751,962,788,1290,1079,979,813,3788,1442,658,633,793,672,976,949,1027,1237,1390,1291,833,990
bing_querylogs|config_id=408,914,964,684,641,737,759,943,997,831,843,1066,1064,1095,1087,878,851,863,1006,1012,879,940,984,998,711,715,928,967,1122,1044,1079,1072,1053,1027,796,793,999,1009,850,805,862,786,812,803,938,942,760,804,1080,1124,695,688,825,860,735,743,906,952,836,906,612,631,778,777,1060,1053,807,756,811,728,16109,1365,1195,1208,1177,843,847,926,911,1006,951,697,708,786,767,1054,1038,813,800,968,1085,726,730,758,741,846,796,1066,726,1143,1093,894,868
bing_querylogs|config_id=409,902,1050,672,678,721,728,1102,989,970,1006,1226,1229,1447,1407,1138,1049,837,1086,1199,938,1147,1174,1179,734,740,830,865,1204,1250,1211,1210,1112,1155,799,798,1211,1171,1069,878,1001,985,1077,1023,1111,1088,779,696,1360,1443,723,730,1135,1001,893,1215,1020,1014,1089,1092,602,600,810,809,1448,1376,785,786,743,1056,956,964,1495,1338,1336,1067,1204,1054,1132,1041,1053,747,718,877,878,1251,1161,817,854,1401,1306,703,708,735,795,974,877,1001,1344,1334,1308,1050,1068
bing_querylogs|config_id=412,1117,1000,834,714,761,683,905,1159,1071,1046,1239,1251,3197,1285,1056,1071,1018,1786,1994,954,1060,1332,1216,787,750,952,927,1145,1127,1175,1237,933,935,971,885,1185,1107,1379,2240,775,840,1003,969,1342,1188,850,908,1270,1198,728,777,864,903,1711,1342,934,1075,971,1009,687,557,938,934,1571,1362,944,892,925,1628,1386,924,983,1105,1130,826,755,1153,1017,1117,969,746,772,1022,903,1257,1256,901,874,1247,1201,648,652,754,890,992,927,1330,979,1298,1570,825,999
bing_querylogs|config_id=415,1055,993,649,649,744,701,1111,1352,879,973,1166,1090,1273,1347,1211,1150,1042,1047,948,959,1091,1104,1172,669,675,849,842,1071,1025,1186,1074,1013,1035,769,811,1074,1238,1180,1304,858,820,982,988,1214,1087,663,869,1515,1525,708,708,1181,942,1220,1157,1005,13518,870,951,608,570,737,736,1483,1346,693,745,740,1185,1077,1299,934,1150,1172,1064,1211,1061,986,1054,1046,712,692,883,865,1233,1189,765,765,1154,1228,677,648,742,728,863,760,15018,784,1481,1198,992,1022
bing_querylogs|config_id=418,1190,1064,703,712,916,891,1075,959,1118,1093,1282,1266,1481,1480,1216,1118,972,1270,1265,1103,938,1187,1212,775,791,949,989,1241,1239,1214,1270,1104,1127,949,943,1202,1372,1140,1019,964,1079,1022,1039,1206,1375,811,892,1549,1601,811,816,1092,1052,1169,1277,1078,1175,1000,959,652,632,903,926,1573,1568,806,807,852,902,1017,1445,2103,1322,1388,1234,1216,1028,1136,1095,1096,799,932,928,983,1242,1101,863,871,1123,1506,748,748,826,760,882,881,900,1073,1428,1336,1075,1101
bing_querylogs|config_id=420,1063,1057,801,788,824,826,1225,1230,1134,1090,1233,1268,1478,1413,1205,1153,1133,1374,1387,856,939,1144,1119,819,814,985,1035,1302,1471,1353,1349,1267,1373,1102,1128,1270,1255,998,1041,1140,1146,1030,1035,1039,999,915,912,1413,1362,954,953,1015,1047,890,908,1174,1158,1110,1094,700,692,955,956,1331,1385,861,925,921,746,746,890,1043,1455,1387,877,925,1052,1055,1319,1312,823,1017,877,875,1494,1494,999,998,1324,1265,736,740,800,800,1110,1057,876,873,1362,1333,1183,1210
bing_querylogs|config_id=421,957,931,785,725,858,802,877,876,925,920,1118,1162,2358,2501,1056,958,1001,2516,1490,1006,966,1094,1010,680,651,862,1025,998,922,1079,984,837,1121,830,887,1144,1092,914,1154,744,777,874,893,1323,1164,877,730,1266,1389,625,633,846,896,2111,1918,1675,1096,933,972,545,626,722,667,1213,1244,755,853,735,1529,1100,841,821,1114,993,732,1152,1112,1171,944,936,755,642,862,709,1048,1000,849,813,1476,1785,606,580,609,811,877,857,915,1004,2062,1684,778,919
bing_querylogs|config_id=422,934,908,672,668,696,776,785,770,887,839,1063,1133,1195,1192,886,915,897,1088,989,1045,1036,1025,1088,721,721,907,960,1161,1018,1104,1086,1119,1132,864,856,1105,1027,932,1356,890,871,842,821,957,884,776,694,1216,1163,685,701,896,871,751,754,1039,939,878,882,618,598,808,817,1105,1144,850,808,784,811,774,868,1218,1222,1239,904,958,912,964,995,996,747,757,822,770,1093,1085,845,841,1158,1222,752,698,762,771,871,842,834,821,1153,1171,924,924
bing_querylogs|config_id=424,721,721,587,589,612,612,668,670,925,980,1033,1011,1229,1000,936,918,927,873,971,678,687,905,964,698,716,832,815,900,965,895,892,1002,1023,858,869,951,945,587,587,746,731,778,794,803,803,606,603,1054,1029,615,615,816,816,820,856,838,824,768,758,533,533,733,733,1025,1098,717,717,711,604,575,623,627,1311,1280,865,821,736,736,977,984,763,639,731,725,949,1059,758,782,931,985,616,616,583,566,899,887,678,660,935,1054,708,711
bing_querylogs|config_id=428,1057,870,721,901,868,736,921,818,898,995,1046,1053,2302,2327,1098,1047,1124,2576,3303,748,913,1071,1054,683,688,907,1005,1134,1068,1096,1119,829,949,842,820,1038,1099,1514,886,758,738,827,990,1229,1083,809,802,1113,2100,639,662,768,791,2503,1886,1429,1336,836,950,576,578,752,829,1298,1158,786,865,872,824,822,926,679,1205,1054,785,754,1104,993,877,1037,698,674,857,793,1000,929,788,928,1222,1087,609,571,693,635,923,925,858,1071,1466,1188,883,983
bing_querylogs|config_id=430,1138,1055,679,721,711,739,1090,1334,930,932,1236,1228,1655,1652,1006,1178,1114,1190,1266,1175,1213,1137,1170,723,744,915,983,1161,1051,1235,1239,1103,1071,806,863,1154,1224,1305,1384,1036,1039,987,1054,1178,1070,872,773,1357,1521,732,729,1106,1198,895,1113,1073,1024,961,1066,609,650,809,808,1513,1500,824,807,805,1032,978,14015,1474,1313,1373,1064,2466,1116,1117,1077,1136,743,760,917,887,1246,1312,835,804,1288,1638,726,686,723,761,851,867,1219,986,1300,1466,1070,970
bing_querylogs|config_id=431,968,1010,777,781,842,838,909,845,914,906,1125,1125,1130,1095,976,931,884,1028,1089,899,814,1028,1047,800,817,879,920,973,1074,1170,1162,1253,1297,946,950,1069,1098,815,795,942,927,890,907,965,947,880,879,1140,1107,787,786,938,991,778,786,915,902,985,976,701,665,949,876,1033,1132,928,851,907,683,688,1016,938,1200,1197,804,813,965,971,1123,1127,776,780,847,825,1253,1250,931,939,1079,1079,745,732,794,807,1020,1019,706,743,1171,1156,965,1006
bing_querylogs|config_id=434,1042,973,1141,1157,992,993,971,971,1003,998,1412,1412,1519,1485,1267,1296,1260,1200,1280,1053,1303,1359,1329,919,925,974,1004,1229,1300,1450,17211,1313,1625,941,1176,1102,1349,858,766,1167,1147,1052,994,1373,1395,989,1139,1593,1356,980,980,1334,1375,1043,926,1167,1063,1166,1078,706,705,927,940,1465,1534,1091,1070,1070,728,799,1104,1244,1348,1444,1028,1024,1102,1129,1449,1455,795,877,1057,832,1556,1532,1035,1034,1413,1329,845,850,998,992,1209,1270,817,830,1369,1374,1115,1177
bing_querylogs|config_id=435,1175,1039,805,808,784,810,866,866,1011,950,1172,1166,1068,1083,946,996,1091,1065,1101,879,936,1116,1136,925,939,925,957,1049,1159,1251,1248,1323,1394,1155,1014,1117,1117,1242,773,964,936,984,1003,1491,1111,988,912,1306,1270,814,814,1052,1052,824,827,958,1076,1070,1070,673,734,1038,1031,1159,1271,960,946,923,683,683,1036,1044,1328,1311,901,863,1135,1135,1198,1204,805,809,901,894,1428,1391,1008,1002,2086,1166,732,737,831,790,1126,1114,746,724,1277,1214,976,1063
bing_querylogs|config_id=436,1005,974,866,858,906,992,947,909,974,985,1180,1255,1286,1220,997,942,1047,1192,1173,857,970,1333,1295,811,802,958,989,973,1180,1211,1261,1276,1377,1019,1049,1301,1282,891,780,910,934,999,984,1029,1039,795,884,1301,1242,897,776,1024,941,963,919,918,916,1076,1118,722,791,914,884,1095,1264,959,968,977,796,758,1237,1092,1230,1260,951,1006,1117,1218,1240,1175,888,859,944,915,1200,1260,930,954,1195,1195,843,848,931,918,1023,979,797,828,1301,1291,1114,987
bing_querylogs|config_id=437,1147,1118,782,818,920,877,938,902,948,939,1146,1180,1122,1230,993,960,980,1178,1146,929,917,1142,1086,888,1005,929,1013,990,1083,1479,1295,1055,1081,1001,959,1140,1118,825,1077,1014,955,1012,984,1156,1391,899,954,1189,1197,822,828,1037,957,922,849,931,970,958,952,651,649,978,977,1199,1198,869,896,927,771,743,891,793,1227,1190,837,895,917,989,1146,1142,766,844,935,929,1460,1448,959,926,1303,1095,702,703,742,806,1113,997,780,805,1187,1204,1017,1047
bing_querylogs|config_id=438,990,987,723,810,779,755,1209,937,1023,1008,1191,1319,2125,1488,1048,1123,1073,1760,1522,922,724,1220,1267,720,739,948,960,967,923,1349,1269,925,928,927,1069,1196,1116,2536,1030,771,827,992,1100,1219,1181,869,874,1296,1684,752,733,1132,1030,2112,2829,1357,1948,1038,1077,685,685,826,858,1388,1270,892,925,956,1435,2071,748,632,1264,1240,1067,913,1039,1080,1092,1164,702,723,920,948,1066,1122,818,907,1412,1752,670,610,663,680,1003,985,965,890,1535,1703,898,922
bing_querylogs|config_id=439,1098,1066,1165,1220,941,1020,1035,929,1088,1154,1573,1645,1448,1619,2490,1451,1274,1366,1427,1777,1219,1303,1709,959,908,1130,1238,1085,1124,1417,1403,1548,1559,1105,1153,1458,1443,1524,1074,1103,996,1117,1127,1361,1326,836,804,1805,1676,742,755,1507,1307,1033,1413,1326,1249,1214,1318,753,682,1017,899,1428,1550,1031,1034,1083,1453,1505,1409,17106,1395,1536,1307,1680,1339,1281,1189,1193,873,876,971,950,1312,1555,1266,1212,1404,1684,780,885,906,823,1173,1284,1868,1439,1636,1504,1274,1158
bing_querylogs|config_id=445,983,1021,665,714,729,779,984,796,968,1030,1089,1123,1213,1226,961,1019,1104,1073,1028,896,1142,1092,1122,811,796,829,901,1110,1040,1235,1241,1092,1185,862,871,1135,1037,862,895,942,863,1034,1016,1075,1012,774,836,1261,1296,687,687,902,981,940,953,1028,12480,955,895,633,641,804,800,1120,1253,774,775,795,839,961,1265,877,1231,1273,1017,919,976,978,1033,1057,709,718,852,842,1153,1181,815,824,1416,1211,706,712,722,717,872,850,1552,818,1196,1192,970,1034
bing_querylogs|config_id=446,1186,1150,862,830,881,899,924,905,1004,974,1239,1285,1156,1180,973,965,1051,1135,1326,1007,1091,1107,1033,868,871,967,940,1047,1123,1287,1400,1252,1244,1090,1156,1242,1220,830,764,971,980,972,941,1122,983,961,891,1202,1223,834,866,1074,1121,840,870,983,1055,1052,978,660,698,987,989,1227,1219,1002,974,979,776,767,1010,876,1275,1289,883,879,951,1056,1161,1167,781,814,968,893,1442,1452,1015,969,1101,1165,736,741,805,822,1153,1124,768,797,1265,1271,1086,1051
bing_querylogs|config_id=447,990,976,782,847,699,742,1104,1004,954,1004,1177,1243,2042,2706,1023,1165,1158,1544,1614,794,1076,1286,1118,776,730,888,950,1047,1170,1220,1155,1135,947,909,885,1204,1210,1241,1797,800,770,929,1087,1198,1578,861,844,1455,1686,710,710,973,852,2288,2317,1387,1958,976,1016,664,644,935,815,1387,1394,849,728,924,1466,1021,640,889,1264,1074,1382,990,1223,1069,1004,1086,689,671,868,839,1165,1096,881,960,1427,1212,619,624,755,790,1001,986,836,1339,1318,1755,935,989
bing_querylogs|config_id=448,1092,1146,782,862,897,891,967,927,993,944,1193,1179,1102,1100,987,990,969,1053,1183,964,895,1122,1142,893,878,908,1006,1140,1143,1295,1418,1347,1305,1064,1105,1232,1258,809,811,974,969,996,1017,1016,1022,936,892,1246,1230,889,885,1068,1018,912,875,1006,1006,1127,1045,679,654,1129,1116,1111,1235,968,958,959,779,785,1028,1066,1274,1276,914,931,983,958,1168,1184,781,942,903,917,1337,1448,1030,1056,1130,1111,713,731,828,821,1122,1078,802,783,1345,1196,1103,1048
bing_querylogs|config_id=449,1086,1040,843,832,801,804,896,923,1105,1049,1423,1361,1696,2314,1078,1124,1047,1716,1808,860,1170,1331,1274,803,768,931,979,1379,1317,1218,1186,1054,1067,1136,1037,1381,1180,1265,1591,880,867,1192,987,1556,1669,829,881,1381,1511,705,729,1013,995,1514,1802,1630,1623,1172,1138,727,731,870,917,1355,1381,835,930,947,2082,1174,1184,1000,1474,1316,924,929,1163,1142,1053,1133,743,730,920,945,1135,1198,978,871,1321,1579,687,677,883,879,1003,1036,897,903,1269,2508,1034,1036
bing_querylogs|config_id=450,1120,1024,780,737,779,777,875,906,863,823,1093,1114,1057,1166,922,982,962,1191,1303,763,821,1072,1209,824,748,911,891,1067,1081,1073,1046,1109,1110,812,814,1071,1088,734,742,839,802,843,859,1138,1004,772,824,1042,1042,737,752,977,966,1049,891,1376,958,1028,1008,639,632,853,939,1145,1254,776,830,878,731,732,1082,1074,1340,1275,1026,1046,930,997,1016,1039,766,775,834,872,1081,1098,969,998,1368,1241,665,682,877,644,907,1000,779,702,1164,1155,895,889
bing_querylogs|config_id=452,825,896,662,662,680,699,986,1034,724,712,1181,1110,813,846,660,659,712,848,898,809,902,1070,1090,719,858,762,884,916,995,1056,1042,1178,1035,732,761,1082,1033,693,659,1155,1279,777,743,924,935,760,769,1113,1242,717,745,960,989,1175,1151,807,817,966,962,617,641,879,865,1043,1162,755,690,745,767,749,946,856,1504,1280,948,921,934,1041,1036,1102,794,826,755,866,1059,1118,903,925,1060,1047,661,664,700,711,758,777,963,868,1190,1037,895,799
bing_querylogs|config_id=454,1082,969,789,792,811,892,1054,933,1017,1095,1162,1095,1818,2971,1093,1139,1026,2328,2438,800,1077,1078,1184,739,749,890,925,1005,974,1165,1097,859,864,942,893,1099,1032,1241,1610,791,795,1061,1023,1171,1048,847,996,2120,1660,747,723,906,1031,1388,2081,1162,1128,1008,1057,605,631,808,822,1252,1277,955,823,1097,844,1183,794,964,1172,1153,2701,852,1055,1217,1112,956,775,714,916,886,1178,1018,812,922,1438,3631,600,598,756,795,929,875,972,956,1682,2073,985,868
bing_querylogs|config_id=456,1100,1149,722,714,725,716,1044,1015,919,851,1236,1338,1507,1470,1054,1104,1196,1459,1491,970,908,1211,1243,754,824,927,923,1203,1252,1278,1245,1065,1130,912,931,1296,1301,783,788,953,971,940,1015,1255,1261,913,854,1391,1365,718,700,966,1074,963,969,1144,1133,1126,1135,569,558,1057,893,1326,1445,881,795,845,827,929,1282,1164,1372,1380,1197,1195,1229,1224,1142,1123,841,805,827,839,1170,1204,1017,1008,1222,1232,640,640,689,685,1008,993,751,760,1395,1398,1176,1119
bing_querylogs|config_id=457,849,878,755,648,712,758,1053,1012,723,692,1130,1119,884,942,777,696,639,900,897,913,982,1058,1137,720,807,759,791,909,978,1028,1123,1006,1029,744,701,941,942,650,764,1102,1090,1001,992,891,905,687,821,1004,1240,771,736,921,1007,1395,1224,791,818,867,792,555,538,846,851,981,1091,674,674,739,891,828,852,804,1201,1531,933,896,1043,903,1082,1079,922,848,691,669,1058,1122,866,853,1222,1381,644,641,586,582,759,760,822,867,1131,1210,894,828
bing_querylogs|config_id=458,767,770,700,623,744,686,1024,1000,694,717,1151,1316,836,1040,641,778,682,898,900,1132,960,969,1039,731,718,750,774,846,944,1108,1053,999,1020,755,758,943,891,676,791,1401,1071,863,862,893,897,668,1032,1002,1145,694,720,987,1402,1487,1272,780,761,840,862,605,542,834,853,1067,1083,700,720,658,870,951,963,1164,1331,1193,917,889,1037,1020,981,1130,984,867,736,661,1166,1029,832,855,1209,1553,725,641,574,574,753,741,1076,1078,1504,1157,852,877
bing_querylogs|config_id=459,1042,944,735,683,678,784,930,1014,965,1076,1145,1168,2910,2662,1097,965,1119,1558,1670,738,990,1183,1172,775,694,982,1047,1013,1081,1196,1103,832,841,883,831,1067,1126,957,970,762,756,961,1023,1347,1095,846,793,1473,1787,664,674,862,795,1930,1529,1579,868,943,931,530,557,780,883,1228,1145,861,955,787,1323,768,711,760,944,1050,1054,741,1000,1011,934,1009,697,709,680,817,901,1051,916,800,1274,3049,562,589,860,708,892,917,824,871,1283,1673,1053,1046
bing_querylogs|config_id=460,1462,1420,1037,1039,1087,1098,1301,1247,1131,1084,1502,1445,1854,2167,994,995,998,1613,1374,1253,1248,1455,1533,911,917,1042,1201,1344,1394,1488,1557,1410,1508,1067,1206,1268,1269,1135,17097,1499,3076,1193,1381,1559,1576,1307,1299,1462,1532,1065,1050,1492,1769,1486,1537,1545,1533,1272,1281,796,792,1232,1515,1616,1779,984,985,978,1234,1180,1438,1441,1591,1783,1306,1292,1619,1587,1484,1478,1252,1529,1010,1003,1595,1662,1329,1248,1437,1689,1133,1156,847,826,1173,1167,1346,1282,1457,1490,1591,1574
bing_querylogs|config_id=463,885,892,672,674,665,666,789,756,818,812,915,921,1048,1027,788,788,810,1044,1110,690,697,883,862,680,685,725,756,1116,1114,857,837,972,989,729,728,832,832,834,945,694,724,682,684,1045,1045,644,678,915,823,645,645,722,791,995,998,910,910,865,815,505,518,739,684,1099,1194,681,681,639,615,613,775,696,1138,1139,958,965,888,888,956,854,782,782,710,645,982,982,855,909,1160,1046,608,614,804,694,780,776,628,634,979,886,800,773
bing_querylogs|config_id=471,845,841,707,694,748,694,917,958,684,691,1140,1101,860,1116,640,762,714,847,944,922,862,996,1034,768,756,751,855,910,977,1061,1076,1005,1024,732,766,943,953,662,745,1514,1504,716,986,1017,876,690,878,1130,1103,702,645,936,851,1188,1295,1066,1179,836,864,549,545,818,847,11818,1114,675,733,671,837,888,811,1033,1471,1616,930,874,927,922,1066,1046,839,918,753,727,1130,1099,920,866,1115,1201,642,643,578,576,757,754,793,1100,1141,1195,822,881
bing_querylogs|config_id=473,867,788,708,756,757,743,1080,993,938,704,1304,1183,973,917,743,705,710,1029,938,733,857,1182,1073,783,737,841,870,929,989,1103,1088,1009,1029,772,726,886,899,719,708,1204,1500,842,914,990,1007,871,991,1143,1145,706,712,1070,959,1837,1985,818,861,868,888,566,551,852,851,1353,2053,688,750,708,889,1002,764,1042,1274,1374,908,923,1018,954,1406,1323,867,1436,683,677,1449,1095,876,907,1237,1098,732,771,606,584,761,763,848,870,1216,1128,922,866
bing_querylogs|config_id=474,690,750,625,619,730,738,1020,982,725,662,934,991,859,750,621,642,683,734,802,1482,1055,844,844,639,693,825,841,890,773,1053,898,1100,859,667,673,933,889,724,686,1095,1157,759,882,864,877,633,661,963,1104,746,708,884,867,1182,1109,1205,775,640,826,546,535,758,774,1025,950,738,752,680,954,872,865,922,979,903,830,791,873,890,1226,846,897,1108,615,657,1009,1141,826,785,981,1026,592,594,551,562,676,662,831,778,805,1009,741,750
bing_querylogs|config_id=475,996,837,782,717,668,769,887,1068,800,700,1090,1258,905,926,767,708,657,885,931,812,787,1091,1072,735,742,763,846,913,927,1028,1041,1011,1034,726,701,956,947,599,668,1099,1416,939,853,974,980,686,881,1150,1306,706,714,1001,1039,1044,2171,1023,892,858,925,613,558,845,855,1122,1209,748,706,727,918,700,934,1263,1679,1491,953,962,975,1045,1200,1305,1033,885,769,680,1069,1041,905,846,1226,1098,640,776,646,631,747,776,1046,929,1198,1194,826,859
bing_querylogs|config_id=476,752,749,655,717,631,619,1153,1137,905,745,951,1138,6524,5079,919,1274,961,2999,9115,893,780,1072,1206,754,763,827,926,930,1136,1165,1116,965,1027,758,762,1002,841,2191,871,848,909,769,842,1201,1352,608,640,4558,1628,783,768,900,877,10655,11155,822,880,966,1013,547,561,811,809,1161,1516,773,795,782,3193,5777,1210,771,1092,1158,1155,1241,1038,999,1027,980,688,674,817,845,1091,1106,818,795,1772,1501,625,622,575,625,737,714,657,659,1105,1221,1035,878
bing_querylogs|config_id=481,1000,755,674,728,639,652,1051,1142,870,906,1042,1144,7642,6030,1093,1147,1083,7345,5360,898,904,1294,1080,732,766,831,984,940,986,1239,1189,1001,978,780,787,905,873,678,1158,816,875,970,990,3026,1330,619,623,1355,1367,804,784,914,972,14864,12918,866,827,921,933,558,614,911,910,1262,1363,823,810,707,5546,4710,867,1153,1246,1278,1012,1233,1063,1053,1051,976,678,698,838,825,1070,1040,904,828,1768,1420,631,625,590,645,748,755,621,662,1159,1145,1016,865
bing_querylogs|config_id=486,899,835,733,586,548,644,893,881,688,682,1098,1105,1219,1222,818,795,828,1329,1283,743,751,858,903,636,633,774,809,927,859,976,964,902,908,723,730,915,925,620,639,798,802,754,749,1047,1060,696,705,1140,1081,623,630,839,858,875,879,1051,1052,828,820,488,507,773,743,1071,1226,692,692,643,688,693,845,841,1161,1157,1010,1038,979,982,936,831,693,731,638,674,884,880,775,833,1090,1021,577,585,649,569,798,768,646,654,1135,1017,846,856
bing_querylogs|config_id=488,986,983,826,840,698,707,1484,1366,1000,1045,1893,2504,4739,3996,1012,1077,992,8397,5621,947,955,1132,1147,820,806,958,904,1057,1123,1368,1625,1033,1044,933,965,1202,1168,2427,3717,919,927,1107,1164,1927,2287,781,787,1732,1694,737,720,976,968,11491,7467,2996,3389,993,1002,645,646,944,907,1441,5460,768,711,703,3693,3615,1033,919,1460,1407,1342,1228,1328,1301,1109,1135,815,800,702,737,1260,1375,821,828,1794,2375,630,701,693,661,875,858,1001,1005,3656,1597,1069,1020
bing_querylogs|config_id=493,899,878,659,666,703,692,1088,955,871,846,1054,1024,1148,1255,978,943,854,1220,1111,854,950,1007,1038,674,688,889,941,1078,1064,1056,1133,980,941,803,788,1029,1048,930,1305,943,904,879,1042,1021,973,753,755,1171,1172,676,675,898,877,795,801,903,912,900,840,574,604,783,784,1179,1135,738,720,764,990,997,2264,981,1080,1214,958,942,921,988,957,952,677,737,784,785,1080,1069,820,820,1176,1061,687,700,751,716,867,842,16928,911,1130,1121,850,917
bing_querylogs|config_id=494,691,770,543,529,572,530,727,686,693,656,848,841,913,991,691,718,695,904,836,601,688,860,760,617,647,800,936,712,671,895,846,873,862,701,659,789,742,728,610,666,688,616,633,748,781,598,555,773,807,577,606,648,635,804,666,699,694,638,701,507,502,676,706,912,905,577,708,636,656,658,613,573,917,1010,587,623,888,700,834,834,567,575,636,638,809,943,692,670,788,811,574,605,569,572,709,697,693,518,904,857,778,801
bing_querylogs|config_id=495,964,970,853,827,716,700,2878,2080,974,1014,2399,1779,3044,3112,971,1032,938,6187,8353,941,1049,1092,1143,787,804,1040,1008,1073,1133,1344,1402,1034,1045,908,990,1193,1172,1401,1245,906,907,1144,1134,2429,2181,791,790,2027,1940,749,721,897,968,12435,10054,4402,3240,1037,1009,606,550,881,874,5652,1762,738,794,760,1615,2748,932,907,1584,1297,1322,1211,1317,1155,1168,1156,818,817,696,688,1328,1314,819,814,7512,1978,634,643,659,685,900,863,998,995,1564,2802,1068,990
bing_querylogs|config_id=496,740,752,532,553,539,562,729,709,727,676,831,802,811,849,677,699,668,920,1025,599,607,869,913,559,590,802,826,707,648,873,906,868,876,698,690,768,750,551,718,687,740,659,697,726,774,555,579,822,724,594,588,642,682,705,693,686,676,684,658,520,507,688,677,950,844,578,631,572,573,619,618,647,918,876,608,586,815,914,886,866,564,582,597,640,917,916,684,707,786,844,586,580,585,551,684,647,616,579,865,821,751,786
bing_querylogs|config_id=497,737,734,533,538,532,525,807,851,783,719,957,838,2047,1044,850,874,831,1012,1194,587,790,896,900,702,692,769,912,704,880,1025,871,851,894,726,699,803,804,776,1159,717,722,658,845,947,1862,621,568,804,856,727,655,730,802,1168,927,911,783,748,685,485,495,707,706,976,914,672,672,562,724,1041,616,723,955,998,685,991,917,851,927,893,638,772,664,674,1001,1040,752,724,933,947,617,577,554,581,734,646,552,578,940,953,900,811
bing_querylogs|config_id=498,727,733,532,576,521,536,865,859,668,802,795,808,1241,1453,716,624,752,822,993,844,880,996,996,677,623,887,897,719,757,1117,986,807,822,661,675,755,755,1164,2292,644,655,693,717,1765,1037,655,642,802,904,673,629,685,631,1636,1586,1204,885,719,808,506,506,675,707,849,943,657,618,588,972,981,893,580,1192,952,683,617,911,864,930,1051,607,699,619,608,965,969,759,707,1121,1031,580,598,572,559,681,675,1173,830,937,921,852,844
bing_querylogs|config_id=501,668,751,538,579,528,557,891,807,844,891,915,848,1121,1940,690,807,739,1605,1243,611,688,934,916,646,675,858,888,754,895,1187,982,775,859,682,652,796,818,911,1065,655,777,744,754,1045,934,657,584,873,1105,704,657,622,673,1037,1097,832,906,697,723,538,494,751,731,859,884,704,690,586,1505,796,736,853,1020,979,1015,1084,944,846,809,951,740,750,641,587,1029,1081,722,702,844,854,577,565,523,549,727,640,894,966,883,914,852,805
bing_querylogs|config_id=502,980,907,650,674,741,721,814,816,927,865,1150,1061,1314,1255,1083,984,1072,1090,1096,936,1046,1063,1146,784,776,896,986,1005,1073,1348,1201,1087,1091,875,871,1023,1008,1005,971,896,865,1002,1094,1247,1083,846,828,1228,1104,680,680,1032,901,1040,1302,14571,1446,888,949,662,621,777,841,1065,1130,797,769,790,1130,1340,946,14586,1173,1188,2390,1178,890,951,1038,1035,695,731,832,832,1144,1227,753,753,1246,1121,686,687,730,730,865,853,1633,792,1222,1285,1089,901
bing_querylogs|config_id=503,952,904,594,589,648,688,954,979,945,1057,1131,1124,1220,1296,930,917,1051,964,1103,1004,786,1032,1010,743,754,884,844,1045,858,1251,1059,949,994,711,768,1030,920,791,957,805,860,970,975,1075,983,774,608,1249,1169,671,645,932,944,1330,990,1480,1411,802,780,626,564,779,740,1233,1052,730,766,712,821,1099,15001,995,1086,1322,830,1045,960,970,957,852,659,638,739,747,1076,990,736,715,1280,1428,665,653,693,718,823,693,1682,1910,1008,966,855,907
bing_querylogs|config_id=504,967,1016,834,744,841,975,960,869,1057,49229,23079,1374,2511,1704,1030,1107,917,1989,2439,1039,1104,1315,1192,756,768,977,1010,1087,1104,1306,1191,917,928,974,1004,1152,1222,1303,1245,815,813,1035,932,1704,1240,744,854,1422,1250,708,714,976,873,1950,2066,1625,1118,1002,948,553,649,848,855,1198,1540,869,903,796,1108,1337,809,873,1201,1124,1142,1255,1007,1170,1127,1126,756,743,868,933,1175,1122,815,827,2910,3224,660,624,860,1080,924,1001,1120,1032,1568,1210,1010,895
bing_querylogs|config_id=506,958,881,583,583,673,655,782,963,898,884,1100,1045,1729,1061,864,973,984,1000,1167,922,984,1049,1081,741,723,935,870,1000,946,1233,1185,943,963,690,730,960,978,16860,907,810,864,827,767,963,918,772,773,1183,1175,613,655,894,828,1043,1039,880,994,782,785,583,542,670,819,1040,1111,685,820,707,1237,818,1223,1028,1067,1119,1680,918,989,995,915,947,596,656,725,779,1117,937,707,728,1119,2073,596,614,654,649,786,816,831,17029,1135,1037,968,908
bing_querylogs|config_id=507,969,954,876,792,877,879,837,820,954,956,1119,1168,1171,1252,946,911,880,1203,1175,873,768,1002,1054,783,733,892,1075,983,887,1071,1112,1120,1137,896,873,961,1044,972,735,791,824,886,882,1152,1703,814,769,1183,1114,735,798,923,829,919,812,813,833,892,897,710,635,848,824,1056,1184,830,905,827,794,760,836,750,1105,939,832,876,941,1065,1028,964,862,794,789,950,1171,1174,925,854,1078,1170,644,637,768,835,870,823,789,785,1217,1190,1011,1012
bing_querylogs|config_id=510,772,890,662,668,673,688,997,1106,881,893,955,1000,2458,11364,1041,1126,880,10428,7301,790,793,1150,1203,727,750,879,1013,904,959,1024,1109,960,975,770,765,1074,941,907,960,845,941,932,779,1357,5327,628,688,3138,1195,777,697,909,886,7438,16580,824,3926,1034,953,561,629,859,915,1317,1351,815,718,873,5093,3499,885,844,1188,1192,1162,1141,1088,970,1062,1054,686,688,839,774,1154,1192,782,804,1667,1509,616,633,648,662,745,753,666,668,1146,1123,960,897
bing_querylogs|config_id=511,919,903,556,572,707,759,847,952,854,879,1066,1062,1112,1382,905,945,1048,1012,1045,771,831,961,1147,758,691,953,947,1003,967,1216,1225,998,970,785,833,928,996,830,914,814,811,905,969,1048,1020,766,711,1065,1087,616,671,1018,981,15690,964,936,1529,807,720,622,554,845,739,1259,1175,750,712,778,931,753,820,1237,1143,1095,1019,1462,1033,1082,986,923,644,740,761,729,1085,1093,739,686,1380,1365,620,613,658,674,807,758,1398,1290,1168,1159,907,896
bing_querylogs|config_id=513,954,960,895,768,734,822,918,948,1083,1088,1129,1133,2655,2453,1002,1118,1080,2050,1346,971,780,1239,1156,701,663,918,838,978,1138,1238,1225,872,876,824,960,1005,1123,1798,1030,759,753,966,891,1085,1491,884,801,1250,1183,684,715,812,1026,1741,1640,1263,986,907,946,623,636,750,784,1339,1164,812,704,949,1327,1389,975,597,1120,1043,816,997,1101,1056,1011,1160,753,684,884,862,1113,969,796,792,1566,3136,599,570,752,649,936,884,843,1063,1550,1129,1076,934
bing_querylogs|config_id=516,859,966,606,506,603,515,780,925,820,964,930,920,1279,1253,879,933,1082,1065,1154,836,834,943,931,726,717,936,964,710,670,1255,1136,810,867,747,696,1133,825,1565,749,811,791,734,734,1222,890,604,695,1316,1104,617,645,728,811,33352,5864,843,33603,794,785,492,497,634,636,1000,944,691,917,650,670,1826,965,1255,920,990,710,626,954,1044,998,930,704,776,656,731,1158,1019,844,740,1191,1274,570,569,553,489,672,800,564,641,1029,1011,927,964
bing_querylogs|config_id=521,913,876,786,764,659,675,1900,1883,845,936,1797,1528,4826,5068,918,921,1005,7382,8840,880,883,1036,1036,673,719,892,965,1079,1087,1243,1099,939,947,883,891,1074,1091,1970,1568,839,844,960,1003,1863,2343,706,699,1731,1543,693,690,818,838,7664,11520,4934,3912,851,826,499,499,796,810,1585,1508,646,637,678,3364,3311,861,853,1250,1133,1116,1229,1238,1126,971,1012,735,763,628,609,1372,1131,790,784,11873,3872,583,582,630,634,814,868,916,961,1502,1435,942,1057
bing_querylogs|config_id=522,886,984,556,575,657,779,1092,932,849,742,1077,1123,1288,1510,855,1000,797,941,1022,900,901,1006,927,745,742,926,941,1007,945,1247,1144,877,952,741,700,881,1095,17004,1092,896,852,1110,979,972,963,747,788,1270,1241,667,668,936,882,1089,1156,858,975,835,702,574,547,854,736,984,1052,740,710,682,1745,1303,2170,826,1144,1028,1491,971,1050,1021,925,950,712,660,731,761,1065,1041,665,738,1146,977,622,628,664,635,863,766,789,1439,1233,1095,853,905
bing_querylogs|config_id=524,890,1010,647,931,690,876,1020,847,1054,1195,1284,1231,2876,2598,1024,1072,1095,1703,2023,712,953,968,1082,693,703,926,1027,1061,1023,1268,1031,835,1053,940,922,1045,989,1691,1717,777,752,983,971,1058,1091,796,739,2150,1257,658,671,830,898,1333,1426,764,1603,885,848,549,638,813,788,1188,1071,857,1021,769,1266,1070,914,782,965,977,788,1266,1014,1045,845,948,652,664,896,802,998,945,775,775,1247,1676,580,587,810,671,915,922,865,1086,1501,1262,798,929
bing_querylogs|config_id=528,1022,1068,759,752,743,843,979,1094,1069,1042,1337,1145,2196,1905,1114,1088,1174,2136,1649,835,814,1331,1264,726,756,946,971,1101,1091,1149,1018,926,1011,948,890,1257,1116,895,1227,809,806,1099,1074,1571,1147,819,861,1399,1573,720,721,927,913,2019,2315,955,1405,1006,946,652,622,798,937,1166,1244,963,867,820,1305,1527,947,934,1068,1304,890,855,1162,1234,1249,1289,785,828,923,897,1300,1163,862,820,3455,1372,622,651,742,701,919,983,988,1447,1640,1737,953,845
bing_querylogs|config_id=531,1041,964,910,901,799,837,881,1005,1109,1054,1252,1356,2630,2916,1057,1073,1045,2524,2006,1086,815,1260,1290,748,726,917,958,1118,1142,1272,1325,909,930,983,914,1062,1119,929,1011,814,805,961,957,1132,1375,802,765,1366,1679,704,712,940,892,2419,2028,2345,1163,955,957,708,646,980,836,1320,1265,908,930,864,1705,1373,978,800,1171,1134,2306,1232,1137,1009,1145,1019,757,825,935,885,1387,1161,933,946,1540,1484,618,687,674,923,949,934,962,1086,1332,1625,961,944
bing_querylogs|config_id=537,751,778,566,567,517,510,649,616,905,907,928,965,897,890,968,968,953,902,874,646,653,804,805,672,677,754,784,944,845,874,867,968,981,745,696,834,834,622,640,676,674,696,696,943,941,549,583,955,907,625,625,790,766,882,862,789,788,691,641,528,546,696,647,975,1084,678,678,636,560,563,562,570,1147,1242,819,854,700,701,947,841,756,687,646,646,944,874,655,717,993,939,599,576,557,534,838,822,629,595,963,887,628,637
bing_querylogs|config_id=545,704,691,599,667,609,550,2293,1044,892,844,1209,1092,1348,6131,954,1028,1072,5012,4101,710,713,1047,1077,691,659,837,918,953,948,988,983,872,888,738,686,1064,957,1174,902,785,808,816,836,1192,1325,564,564,6428,1591,716,647,955,812,12933,16487,827,691,790,783,502,525,675,781,1114,1013,720,734,706,1642,4279,1012,1032,1080,952,831,1063,1016,1070,866,930,626,614,704,752,930,935,686,854,1804,1699,575,578,529,533,667,675,603,595,1102,1076,901,873
bing_querylogs|config_id=546,1063,980,802,728,855,715,871,1241,1129,1031,1351,1190,2713,1554,1062,1035,1200,1478,1687,973,1146,1241,1290,767,769,877,943,1206,983,1409,1186,921,1001,961,1080,1191,1099,950,1119,854,823,966,1033,1280,1142,886,676,1449,1916,743,714,953,1022,2007,1306,1267,1366,1061,991,618,601,796,835,1318,1237,921,971,930,1394,1189,903,844,1194,1255,865,1156,1041,1115,1329,1025,796,724,880,1049,1125,1129,858,932,1587,1231,624,626,833,677,964,924,933,931,1447,1533,1047,974
bing_querylogs|config_id=559,955,1002,778,774,798,796,924,871,1118,1055,1393,1450,2500,2022,1044,1120,1157,2007,1950,1045,899,1234,1113,827,747,961,929,1085,962,1132,1235,922,933,1020,1013,1209,1182,1958,1396,867,807,959,974,1729,1741,804,831,2188,1627,768,788,972,942,1496,1566,1257,1038,1048,1088,649,643,891,851,1237,1342,826,846,781,1556,1522,752,810,1121,1153,1127,1407,1255,1148,1200,1042,772,726,898,877,1084,1178,874,1024,1235,1360,652,655,817,708,944,989,1001,1000,1305,1551,925,1028
bing_querylogs|config_id=560,800,792,623,596,566,567,761,747,907,972,1008,1070,1473,1149,986,1005,979,1224,1109,695,661,1187,1041,720,719,885,921,883,987,990,1158,967,974,789,867,926,1035,953,1279,711,738,862,842,847,1175,723,747,1124,1129,676,641,893,839,1603,884,818,868,735,816,562,593,913,830,1065,1215,718,730,742,663,703,742,699,1081,1110,907,1107,862,851,1029,1079,792,748,749,712,1172,1113,734,793,1048,1205,618,625,583,580,812,899,847,783,1138,1130,853,804
bing_querylogs|config_id=568,920,931,874,883,779,747,1046,1015,903,945,1074,1108,1023,1233,912,960,880,1048,1144,708,736,1071,1042,722,757,891,950,941,931,1156,954,1132,1121,892,938,980,1021,741,996,820,818,844,937,918,975,750,738,1017,1031,753,753,955,848,873,897,841,825,933,852,617,704,847,917,1095,982,832,850,815,742,742,858,836,961,913,832,892,1005,990,877,970,777,764,828,848,1004,989,888,927,957,953,697,699,728,727,842,862,755,738,1135,1057,1075,1037
bing_querylogs|config_id=570,709,709,627,626,574,574,648,648,882,907,967,966,1273,1325,877,967,869,1072,988,678,683,945,948,782,787,798,824,919,896,965,964,979,992,774,859,1085,1123,2368,1386,736,735,783,753,977,1014,614,613,1010,1047,678,678,908,908,1334,941,874,894,803,811,554,553,728,728,1079,1072,738,727,721,699,699,623,624,1067,1067,876,1131,715,715,1063,1051,639,693,729,739,1067,1081,774,771,1402,1444,620,620,591,590,816,810,746,666,1261,1182,706,707
bing_querylogs|config_id=572,770,775,656,596,629,644,857,791,955,875,938,939,1259,1068,944,936,971,1209,1468,712,714,1104,1036,720,704,867,913,1019,1025,945,940,972,992,803,873,908,1046,1339,1118,744,738,868,896,1050,923,724,705,1248,1257,739,674,908,897,927,939,832,803,770,728,559,604,846,853,1071,1090,741,740,712,665,693,678,686,1275,1155,937,1065,836,928,1033,1018,803,798,795,711,1063,1137,747,753,1128,1374,616,623,642,630,870,954,780,796,1079,1061,739,744
bing_querylogs|config_id=574,796,844,593,605,563,563,755,858,890,966,931,935,1345,1330,919,1017,992,1247,1171,906,720,1178,909,691,708,879,914,935,942,984,1008,963,971,755,749,997,1002,1050,1042,740,765,853,966,917,985,679,678,1149,1124,678,735,918,853,949,1277,807,837,750,839,585,547,766,824,1130,1080,694,742,785,702,728,634,799,1138,1267,933,1055,982,830,993,1077,765,641,710,702,1169,1061,741,744,1096,1057,616,618,579,587,871,891,778,745,1037,1082,738,711
bing_querylogs|config_id=580,817,798,584,587,559,616,738,753,853,925,1034,1086,1127,985,976,974,1062,1160,1082,696,663,1048,999,706,714,886,907,1028,899,1068,985,963,973,742,913,1181,1035,698,849,793,732,920,829,1183,974,751,674,1172,1090,666,665,859,883,1067,1453,842,804,862,762,631,550,845,805,1105,1047,829,746,705,674,648,700,683,1187,1172,899,956,831,870,1302,1014,763,770,707,787,1171,1148,749,731,1269,1328,618,607,621,639,928,898,777,741,1076,1164,730,723
bing_querylogs|config_id=583,749,780,623,584,558,557,772,747,864,893,916,1040,1093,1200,934,962,957,1050,1000,758,660,1089,1013,724,798,916,925,913,1008,1113,1038,908,912,862,727,917,1013,1440,1708,718,737,923,903,961,1139,714,676,1047,1120,655,755,959,881,1166,1110,777,818,839,774,618,571,877,861,998,1074,684,691,681,740,696,750,778,1205,1229,862,1025,853,843,970,1235,777,785,684,684,1042,1070,745,740,1053,1095,598,611,637,574,863,880,759,809,1152,1050,886,750
bing_querylogs|config_id=592,698,683,534,562,499,564,716,701,779,813,807,771,1541,1368,881,1023,915,992,1200,612,574,1002,897,586,645,835,881,769,815,801,801,797,808,781,836,892,895,1301,1732,707,621,830,748,799,1239,620,671,1056,976,615,587,847,805,1037,1029,752,764,754,669,480,480,766,795,939,1066,693,661,623,973,644,552,654,987,980,1355,1116,731,746,894,843,589,730,674,672,947,972,676,643,1052,1079,533,533,508,574,772,806,705,663,1070,1131,644,647
bing_querylogs|config_id=598,1214,1274,620,624,569,594,887,884,985,987,1189,1189,1499,1510,891,891,888,3557,3594,899,906,926,919,635,640,795,835,1239,1242,792,893,964,862,1029,1034,815,812,2898,2894,859,862,988,979,2023,2021,693,791,1342,1264,585,616,713,736,1030,1033,974,955,794,794,521,519,661,660,1094,1083,604,573,598,1264,1264,1598,1596,1104,1156,2541,2548,819,940,871,875,566,563,808,803,1149,1171,702,689,1103,1102,598,597,510,507,895,888,1018,1024,1550,1554,1205,1214
bing_querylogs|config_id=604,795,799,642,595,705,572,741,758,880,858,1006,1120,1244,1239,1024,982,969,1161,1109,980,720,1040,1188,719,718,878,898,922,1011,1007,947,968,978,765,761,1034,1065,1207,1052,717,716,934,881,1055,972,715,701,995,1113,675,662,888,858,1105,975,827,866,726,895,674,617,861,860,1028,1127,780,718,715,743,705,778,738,1190,1171,963,1101,827,916,1121,1063,792,786,707,790,1085,1111,760,745,1190,1081,617,622,634,591,752,904,777,741,1099,1004,838,787
bing_querylogs|config_id=606,1232,1216,655,655,637,638,1034,1067,1082,1046,1358,1361,2137,1738,1104,1058,965,3538,3824,913,915,1079,1175,770,779,839,900,1208,1191,1174,1178,987,998,969,962,885,859,2897,2868,894,976,1037,1019,2017,2058,762,727,1430,1457,650,651,966,973,1171,1131,1001,996,848,844,618,616,884,840,1146,1199,659,659,652,1377,1370,1551,1554,1171,1145,2374,2385,1081,1059,986,893,775,780,830,827,1130,1169,748,768,1204,1450,630,630,646,577,954,950,994,993,1678,1695,1150,1183
bing_querylogs|config_id=613,1258,1201,645,646,667,629,1027,967,1077,1053,1345,1299,1544,1889,1059,944,994,3491,3513,908,916,1069,1102,801,729,825,814,1220,1248,1044,1141,988,997,987,990,915,922,2838,2838,975,926,1011,1013,2042,2036,798,772,1327,1495,752,639,940,928,1501,1443,1024,1070,900,802,608,626,723,760,1098,1198,647,648,641,1379,1349,1599,1616,1146,1160,2395,2395,981,1020,996,883,817,785,828,816,1189,1172,764,719,1359,1301,626,631,571,569,944,873,978,988,1645,1681,1171,1165
bing_querylogs|config_id=622,803,848,622,663,568,570,795,786,1096,934,936,941,1276,1550,953,970,939,1150,1283,656,666,1121,1070,704,721,877,917,904,968,1035,1058,967,982,1032,774,1063,979,1979,800,765,746,907,862,1054,1041,705,661,1142,1118,636,700,917,871,1037,1111,819,848,729,742,611,609,850,857,1069,1159,734,748,800,917,709,783,690,1140,1222,1306,1020,996,832,1007,995,822,794,718,784,1215,1156,756,805,1310,1168,615,620,585,582,862,886,757,758,1001,996,753,886
bing_querylogs|config_id=624,775,722,531,547,591,513,727,681,914,869,1177,920,1186,924,936,876,897,1052,1046,640,596,1000,916,623,626,822,841,868,862,1015,967,876,888,689,882,821,1004,769,1144,687,646,845,839,1015,940,637,608,1067,901,590,581,846,804,1396,1162,729,746,708,675,534,563,630,790,959,910,730,676,693,687,682,624,689,1037,996,1125,818,879,753,934,1247,692,711,744,677,1000,994,703,728,1172,1028,576,566,538,557,741,730,693,804,975,959,777,638
bing_querylogs|config_id=636,862,810,635,658,675,575,775,765,993,1053,934,989,1099,1095,975,972,1041,1175,1111,694,692,1141,1052,701,732,876,949,892,970,945,1083,1021,982,809,764,1142,1068,1375,1409,759,786,930,932,1042,1041,670,719,1092,1173,674,683,904,912,1088,1725,846,828,761,906,611,609,876,836,1165,1089,727,751,749,745,673,622,683,1277,1202,938,1074,925,901,1114,1090,809,794,795,735,1253,1177,755,756,1048,1087,612,629,585,588,754,924,791,787,1395,1011,761,867
bing_querylogs|config_id=644,1000,923,662,663,690,791,1002,887,817,835,998,1072,1107,1107,921,997,988,1301,1212,691,708,1113,1103,702,705,797,892,987,1093,1246,1183,1033,1059,815,748,930,965,758,839,762,722,838,866,1108,1109,772,804,1057,952,692,699,840,812,1520,2178,950,13386,925,901,641,626,809,786,1173,1213,786,777,783,734,704,752,753,1164,1130,1629,1103,1092,1047,1147,1179,852,830,890,731,1104,1061,886,869,1210,1335,633,641,704,756,796,820,656,653,1083,1100,852,824
bing_querylogs|config_id=647,809,812,665,635,653,640,795,817,1050,1005,1164,1136,1387,1162,1014,1024,1010,1315,1120,832,677,1170,1182,776,822,897,942,902,1037,961,1065,976,989,918,918,1102,1086,750,942,797,763,887,889,906,936,736,724,1077,1147,679,742,945,856,1003,1313,923,837,742,793,566,564,873,836,1157,1187,752,727,738,691,690,721,958,1190,1205,1087,1103,866,847,985,1046,780,741,741,726,1063,1087,755,788,1059,1111,646,633,594,618,776,810,765,780,1040,1097,879,821
bing_querylogs|config_id=648,964,1013,965,917,894,904,938,939,950,1032,1177,1237,1225,1193,975,1033,1014,1102,1166,826,829,1147,1141,748,785,1041,1091,1062,1038,1153,1206,1116,1160,980,949,1151,1164,875,802,927,913,973,925,1031,1146,911,911,1136,1161,837,849,934,975,956,907,907,861,986,985,675,725,924,924,1100,1087,913,939,971,760,730,874,949,1119,1123,901,925,1046,987,1142,1142,869,846,929,918,1166,1169,946,908,1059,1067,805,791,914,962,911,978,748,803,1125,1216,1089,1072
bing_querylogs|config_id=649,918,989,654,648,653,673,877,826,926,959,1378,1207,3047,1927,896,1032,968,1447,2344,983,887,1044,1173,651,595,831,950,1050,999,1099,1119,824,833,901,902,1053,1103,891,1129,733,735,873,922,1238,1349,782,726,1029,1575,630,676,796,873,1257,1799,1318,863,932,928,587,569,774,745,1256,1272,748,735,679,809,767,888,822,1055,1021,745,862,1019,972,956,954,635,643,815,798,978,978,818,838,1175,1267,598,577,729,782,895,856,1175,835,1227,1159,965,787
bing_querylogs|config_id=651,1088,1049,499,499,493,497,973,947,833,823,916,916,2151,2279,1042,1044,1043,2151,2165,565,568,790,787,572,575,724,773,715,671,820,805,808,816,685,677,749,741,759,775,723,724,731,731,1401,1423,531,566,975,981,574,574,636,611,1642,1640,745,785,670,640,483,493,821,789,815,891,636,636,601,547,551,738,737,845,845,624,627,712,716,819,738,650,652,705,697,786,786,650,684,2973,2921,558,557,519,502,654,658,489,493,1050,944,743,749
bing_querylogs|config_id=652,1128,1128,520,522,527,529,1074,1130,901,907,1035,931,2340,2353,1105,1170,1121,1772,1919,576,583,1017,1046,671,676,758,767,766,767,960,933,871,888,727,730,774,832,929,904,740,739,894,903,1500,1689,575,539,1019,1037,588,588,654,654,1691,1691,945,936,706,657,504,502,797,794,987,846,603,604,630,686,690,587,773,950,943,658,755,767,793,876,880,791,793,749,713,936,936,716,715,2997,2991,589,559,531,541,702,653,532,539,1083,982,784,800
bing_querylogs|config_id=657,744,1045,591,647,511,535,1724,889,836,719,1121,1226,1375,5606,917,1002,949,1605,5007,744,751,1122,1111,657,664,890,927,913,806,846,980,908,805,709,714,979,1006,2288,807,808,830,671,775,1527,1571,580,574,1506,1858,604,619,1101,885,8820,10929,753,3335,862,834,498,499,693,794,1475,1430,738,654,707,4631,6273,1008,984,1103,1238,877,1187,1206,977,870,943,636,641,724,748,969,979,805,885,1461,1484,604,603,543,539,681,694,603,613,1108,1103,829,973
bing_querylogs|config_id=663,1050,1039,1034,834,940,655,1006,1052,984,1017,1138,1184,1348,2485,1132,1123,1094,1802,1431,1088,796,1081,1221,770,748,974,1001,1347,1297,1254,1177,963,1165,1069,1128,1298,1163,780,1833,905,922,1065,1125,1190,1191,958,860,1126,2744,769,772,1097,1030,2530,2579,1644,999,1057,1092,663,669,970,863,1292,1280,880,833,893,969,1545,1094,1110,1294,1306,976,1044,1094,1126,1200,947,781,794,940,918,1193,1275,994,882,1104,1304,694,687,1004,827,1008,982,1220,911,2615,1256,976,901
bing_querylogs|config_id=665,906,1003,704,636,701,768,916,963,829,1002,1105,1023,2565,2149,957,1044,945,1811,1663,1045,921,1141,938,584,584,801,813,1002,949,1305,1069,758,754,825,876,1004,1020,993,1004,706,790,865,885,1756,1469,704,696,1076,1519,622,629,834,926,2204,1675,1363,859,913,887,576,562,824,724,1174,1151,716,709,713,1078,1000,894,899,981,944,730,1048,1034,1034,873,1005,655,661,810,704,1031,827,856,792,1443,2136,569,558,692,703,798,745,821,921,1415,1360,828,857
bing_querylogs|config_id=667,851,783,598,556,635,649,938,944,777,874,967,935,1183,1220,832,898,854,990,1018,839,900,992,996,649,634,778,776,925,983,936,941,901,851,709,701,967,883,745,1013,790,819,906,894,912,1024,648,789,1157,1039,637,637,881,811,912,823,861,858,812,831,541,566,686,685,1104,1029,689,688,687,731,867,839,1035,1026,1101,897,892,898,886,845,855,656,611,698,752,982,1002,727,686,1231,1239,617,646,708,703,729,707,752,727,1155,1085,863,852
bing_querylogs|config_id=669,946,1082,745,745,692,757,1167,894,1106,916,1009,1174,1872,2349,1182,958,1105,1893,1793,1004,979,997,1206,608,567,783,824,958,957,906,1238,774,757,912,862,991,1109,1152,1657,723,720,960,1017,1303,1757,761,753,1152,1719,660,582,895,845,1679,1415,1085,1047,934,934,579,597,767,814,1323,1306,776,738,970,1689,1217,738,753,989,1241,1110,737,990,967,832,864,662,673,846,820,952,955,763,744,1531,1665,548,559,717,662,764,795,767,925,1657,1516,994,857
bing_querylogs|config_id=671,976,1066,831,685,680,739,869,870,1063,959,1227,1258,1768,1753,1046,962,1063,2826,2779,928,1050,961,1102,610,651,905,939,982,1033,1054,1135,825,838,933,821,1128,1122,840,951,763,768,1019,944,1375,1800,758,790,1021,1009,652,639,855,848,1722,2438,1878,2004,877,939,593,571,798,836,1241,1177,776,797,813,1648,1639,821,837,1127,1301,761,850,1247,1028,930,917,657,653,810,800,1241,1057,767,788,1118,2986,591,637,744,688,780,884,1118,894,1232,1662,883,862
bing_querylogs|config_id=672,1011,1002,844,861,704,907,899,885,997,1000,1302,1044,1132,1244,1113,1065,1105,908,1128,801,810,1283,1098,790,792,907,940,984,1087,1005,961,1142,1145,828,18626,1061,954,763,911,865,1064,1097,1171,1313,1324,753,753,1223,926,756,777,999,1016,852,1240,1183,1434,1108,991,717,585,795,801,1222,1099,796,796,776,786,859,1239,1164,1323,1412,1059,1076,1009,993,1146,1200,714,712,906,778,967,1156,806,947,986,1036,707,708,971,1105,886,812,962,709,1389,1209,1232,959
bing_querylogs|config_id=675,896,941,591,609,671,645,835,794,813,826,953,992,1045,1121,865,798,830,915,1016,825,826,929,893,641,618,774,796,963,900,917,934,887,859,694,681,881,937,1411,1056,764,753,841,832,990,914,706,731,1010,1041,628,628,857,974,751,775,837,836,774,765,556,568,669,689,1081,961,722,677,700,759,703,879,1087,1015,976,858,815,827,831,881,792,651,615,729,723,905,909,694,670,1366,1102,612,661,698,677,718,736,1283,733,1028,1155,780,878
bing_querylogs|config_id=678,979,998,1005,756,608,942,1382,865,1076,971,1218,1011,1885,3005,1168,1048,1228,1336,1657,886,767,1276,1283,700,699,957,928,1104,1052,1199,1227,941,1049,955,856,1027,1174,767,1452,869,793,893,1100,1415,1249,996,815,1436,1050,688,670,866,853,2402,1965,1611,1716,864,955,650,695,732,743,1232,1147,868,745,882,2219,1114,974,960,1246,1113,1031,1819,1029,982,906,1098,690,706,936,980,1145,1227,826,756,1394,1136,635,577,784,1053,878,971,855,917,1472,1367,969,953
bing_querylogs|config_id=682,924,674,633,582,578,507,966,3542,767,745,840,1197,1085,5492,1018,1071,859,11251,12743,861,627,959,938,598,601,791,855,875,861,840,940,795,792,654,672,925,942,833,722,799,810,759,869,1410,3297,574,564,1772,5586,585,616,876,824,9171,12976,860,673,808,704,535,527,781,641,1102,1278,669,674,698,935,4447,806,796,977,1079,603,1024,1112,906,779,782,625,645,691,622,897,905,714,815,1741,1488,580,575,512,511,655,638,591,570,1051,1020,804,796
bing_querylogs|config_id=687,875,919,669,629,638,664,1022,784,937,918,1062,998,2408,1592,902,987,940,2490,1569,989,996,1257,977,583,593,788,864,947,976,1141,1069,754,752,814,798,933,1042,987,1111,724,728,980,992,1404,1114,765,700,1200,1857,631,648,812,822,1713,1473,1066,1065,895,875,563,578,700,721,1222,1118,800,811,772,1500,1604,675,725,1110,944,937,744,1046,941,821,848,645,623,739,853,1055,1059,780,844,1208,1276,545,611,665,888,841,859,1265,860,1830,1482,898,860
bing_querylogs|config_id=688,731,677,584,623,564,559,1602,712,796,703,883,879,1242,1167,678,736,782,1507,966,1172,726,806,829,631,737,811,805,785,817,1092,949,929,947,707,696,845,841,62800,799,683,765,683,686,845,851,625,636,829,829,662,662,682,676,727,2212,809,1527,758,717,535,521,706,716,938,910,596,626,592,772,713,1040,639,1106,873,774,1749,802,962,888,1067,672,600,635,636,912,960,735,677,956,1044,589,581,585,585,739,729,632,832,940,914,881,761
bing_querylogs|config_id=691,986,1060,725,704,916,745,936,1179,992,952,1172,1311,2190,2814,1122,1081,1038,1907,2108,1071,1065,1245,1118,665,690,821,882,961,1142,1178,1098,1098,925,929,959,1235,1136,989,1183,806,849,1077,957,2128,1310,813,838,2195,1685,695,734,906,856,1490,1603,1483,1157,1010,1058,634,700,843,806,1253,1469,1078,821,868,1040,1300,791,827,1279,1383,815,922,1233,1131,971,999,764,700,926,1057,1037,1111,841,896,1663,1410,661,627,806,775,933,893,857,929,1755,1350,994,898
bing_querylogs|config_id=693,882,791,666,731,623,587,918,1028,986,943,1034,1208,2462,1823,1035,1013,1081,1901,1492,724,957,1008,1082,584,608,782,826,974,855,952,1129,781,749,742,730,1153,1214,1379,1083,741,740,800,953,1098,1262,679,735,1636,1307,639,625,876,840,1351,1121,1066,893,1001,935,554,533,696,705,1199,1274,728,735,721,786,1955,809,772,1177,1065,730,674,1056,890,941,862,641,646,717,822,957,1137,740,771,1543,1528,568,564,774,683,784,934,842,979,1560,1250,937,901
bing_querylogs|config_id=699,910,927,757,754,790,796,884,883,967,999,1068,1063,1211,1285,994,943,990,1111,1258,752,798,1037,957,812,864,899,925,1041,1044,1129,1149,1047,1145,895,903,1011,1004,853,832,889,936,1021,1002,925,927,845,842,1220,1218,800,819,952,952,878,876,797,925,947,978,646,646,917,942,1042,1022,791,791,819,738,738,749,752,1239,1243,865,877,931,934,1105,1112,817,774,804,808,1195,1208,1009,1007,1267,1215,680,679,762,761,947,900,768,793,1049,1132,969,972
bing_querylogs|config_id=700,838,887,685,619,633,674,1102,914,967,1019,1076,1092,1859,2332,1038,897,1200,1938,1851,988,950,1089,1065,560,596,794,834,901,984,1174,1065,762,778,893,831,1034,994,810,945,741,721,813,832,1152,1324,673,714,1315,2482,640,627,795,816,1570,1370,1934,829,923,774,569,561,847,771,1274,1232,766,813,763,976,756,838,884,1098,1063,1059,1091,1235,1235,892,819,657,636,764,835,956,1070,890,875,1233,1444,609,599,744,722,794,802,1012,1038,1426,1256,904,829
bing_querylogs|config_id=704,1034,993,808,802,878,849,1316,1146,1198,1177,1428,1385,4287,5372,1203,1309,1268,2074,2002,1072,1195,1555,1383,713,809,1199,973,1207,1263,1248,1303,963,879,982,988,1297,1216,1250,1164,775,818,1022,912,1850,1529,754,819,1526,2329,726,735,1000,1302,2026,1872,2210,1251,1094,992,646,636,932,893,1381,1292,894,858,765,1164,1031,729,957,1530,1517,1253,919,1353,1191,1095,1062,880,845,847,923,1266,1173,984,785,1488,3828,606,575,720,836,1124,893,1262,1418,1990,1479,1094,1113
bing_querylogs|config_id=710,928,1014,842,812,741,692,1020,888,960,1009,1396,1281,1737,2128,1219,1095,1011,1826,2055,773,783,1132,1252,699,673,839,902,993,1121,1138,1268,918,977,927,963,1152,1119,1249,1168,876,743,921,1015,1440,1215,796,624,2106,1509,713,699,891,1007,2400,1045,1116,990,1015,976,651,593,861,965,1365,1412,867,761,850,983,873,959,764,1158,1142,857,1109,1161,1167,1158,944,712,719,836,902,978,1147,969,905,1227,1328,637,642,777,803,950,835,855,870,1235,1401,933,932
bing_querylogs|config_id=712,1222,1169,991,908,845,830,1286,1211,1063,1245,1254,1566,4005,3291,1281,1181,1158,2722,2212,1170,891,1387,1495,758,793,989,960,1272,1267,1331,1395,1015,1029,996,1047,1228,1401,1127,1172,901,918,1134,1114,2286,4471,826,989,1529,3310,823,870,1000,1008,2546,2364,1148,2828,1056,1131,683,643,1106,1004,1577,1625,1000,945,941,877,1688,963,1094,1496,1543,1421,1186,1240,1104,1151,1162,865,872,950,990,1222,1355,935,902,1500,1372,744,641,1023,753,1075,1011,1101,1202,1838,2224,1237,1194
bing_querylogs|config_id=713,928,1039,709,710,741,695,909,1037,974,959,1418,1316,1637,1964,1084,1094,1139,1969,2485,1040,1009,1138,1236,704,767,860,903,934,969,1179,1198,1083,931,927,969,1113,1237,1642,1147,827,743,1005,997,1368,1443,624,748,1726,1707,702,702,861,901,1644,1825,1257,865,1021,1030,611,649,841,849,1286,1409,859,904,933,929,1332,837,911,1275,1182,1283,809,1100,1109,1020,995,709,743,769,912,1273,1264,904,851,1979,3657,642,636,784,952,844,1039,1192,1275,1624,1409,893,940
bing_querylogs|config_id=716,789,805,672,673,779,782,718,718,1072,964,1122,1049,1049,1469,1179,1055,1066,1347,1073,941,708,1019,1019,788,792,1039,1093,1263,949,1031,1030,1083,1102,858,990,1022,1024,1419,968,927,798,806,900,1092,1248,658,657,1042,1014,662,662,842,937,1005,1153,999,958,836,836,620,570,791,791,1207,1221,858,811,805,616,809,1059,1060,1327,1327,1121,926,1041,1041,1023,1025,775,888,878,820,1067,1067,819,819,993,1052,661,661,638,644,938,836,679,987,1030,1055,842,944
bing_querylogs|config_id=720,996,989,490,495,509,511,880,887,776,738,893,901,1961,1949,915,932,903,1630,1657,567,572,837,852,575,584,782,732,868,728,785,875,840,852,697,694,777,804,752,756,709,726,681,691,1453,1318,545,543,944,948,571,553,620,622,1601,1646,728,748,678,666,487,480,767,820,856,853,616,567,600,568,568,728,552,893,869,632,632,701,720,823,824,642,638,676,674,881,884,644,639,2915,2949,538,530,508,506,681,668,506,512,965,853,749,732
bing_querylogs|config_id=725,1004,1164,833,699,715,641,1034,1119,1076,955,1349,1343,2254,2649,997,986,1203,2740,1792,1078,1063,1124,1139,751,682,858,901,984,1033,1293,1286,1009,935,948,933,1245,1127,1988,1757,811,809,1113,917,1196,1660,793,796,1664,1208,712,692,860,814,2248,2143,1606,939,1040,964,644,630,991,835,1146,1182,873,802,789,873,1224,830,765,1233,1291,865,830,1063,1106,1053,1061,685,712,901,831,1084,1087,952,907,1546,1428,636,664,769,784,984,899,852,911,1322,1765,833,816
bing_querylogs|config_id=726,734,764,618,618,569,595,724,698,812,857,988,955,1014,1115,921,890,932,933,990,663,673,947,1013,702,737,903,955,915,915,977,966,995,1015,832,823,1015,949,585,636,757,748,788,780,906,916,633,639,968,975,617,618,786,803,747,759,864,870,758,771,572,569,709,736,1103,1110,708,691,717,615,612,618,620,1224,1209,735,780,796,781,948,949,646,644,756,698,1014,1009,772,781,907,878,631,674,588,587,784,847,642,663,991,1019,774,762
bing_querylogs|config_id=729,974,1226,845,938,933,747,1132,1197,997,1070,1432,1515,3635,6344,1158,1171,1214,2159,2036,1357,1008,1415,1419,782,824,885,1003,1294,1115,1388,1443,975,986,961,1020,1217,1210,1220,1109,1028,983,1063,1102,2142,1787,920,899,1287,1619,723,723,1081,1018,3581,2587,1483,1458,1082,1090,650,673,1018,1061,1215,1604,919,920,841,1573,1700,923,1036,1284,1333,1021,888,1428,1229,1057,1254,892,882,970,953,1091,1326,920,1049,3938,1344,764,703,857,782,1048,1202,1022,937,2269,1543,1095,1032
bing_querylogs|config_id=731,1087,1054,995,1083,953,861,1039,1053,1065,1145,1343,1370,2011,2162,1044,1096,1076,2550,1541,960,834,1315,1363,786,789,1002,929,1219,1131,1298,1258,1061,1072,1002,1064,1229,1386,2658,1288,978,1019,1037,1088,1314,1416,1064,884,1158,1227,835,832,1047,1075,2214,2815,1876,2419,1044,1012,805,644,1035,1201,1146,1358,930,853,974,1514,1155,1172,924,1219,1155,992,1430,1266,1261,1211,1218,847,842,1050,982,1300,1293,988,929,1386,1429,766,793,955,869,1004,975,1127,1196,2039,1320,1023,939
bing_querylogs|config_id=734,1097,1044,982,970,1127,1048,902,1030,1022,1088,1321,1318,1236,1514,1039,1062,1141,1250,1231,836,863,1245,1209,887,931,1013,1013,1139,1205,1281,1225,1280,1254,1057,1074,1242,1266,1040,911,964,984,1053,1059,1226,1534,901,829,1344,1373,937,860,1037,1039,1056,1032,983,942,1191,1113,743,774,983,948,1409,1319,1039,1023,904,852,822,940,965,1233,1293,1032,1035,1100,1246,1215,1093,946,935,974,974,1271,1343,1006,1004,1296,1168,814,770,854,1010,1085,1077,847,905,1492,1359,1150,1114
bing_querylogs|config_id=736,1097,1084,1362,904,836,849,974,1011,1160,1142,1391,1172,1395,1376,1343,1539,1501,1264,1222,3297,1891,1207,1311,784,867,1150,1151,1230,1367,1301,1227,1430,1435,1072,1010,1236,1375,1124,1284,998,988,1250,1148,1369,1370,882,866,1497,1675,757,763,1903,1422,2061,1696,1449,1628,1171,1115,649,616,915,924,1585,1252,938,939,932,1687,1836,1402,2436,1524,1415,1187,1795,1444,1350,1318,1159,844,878,945,902,1387,1360,1202,1198,1336,1451,801,756,832,811,1184,1110,1440,1753,1761,1578,1115,1134
bing_querylogs|config_id=737,1029,1029,801,803,827,851,865,865,986,988,1144,1042,997,1083,1015,1007,1158,1050,1081,824,855,1048,1049,824,832,916,936,1134,1134,1343,1279,1246,1125,1027,1039,1122,1159,822,720,921,933,1007,1071,1083,1111,911,903,1223,1221,884,897,1034,1070,923,1090,935,950,985,948,704,676,991,894,1115,1114,987,895,1013,711,711,844,836,1240,1235,908,828,943,944,1156,1160,793,829,982,946,1351,1265,968,968,1164,1164,762,723,805,839,1114,1063,895,760,1138,1172,1071,1082
bing_querylogs|config_id=738,992,906,939,787,817,844,1069,823,988,977,1170,1302,2180,2241,1002,1144,1166,1930,2398,981,1064,1063,1180,664,748,884,897,1059,1155,1270,1254,930,965,951,1000,1150,1227,1216,1280,828,826,1013,1061,1231,1437,769,838,1545,1484,716,742,893,1062,1005,1958,1043,1266,959,1052,651,631,814,840,1301,1206,929,810,1092,1119,1546,983,919,1205,1295,812,896,1052,966,1067,1116,787,772,921,982,1172,1236,965,817,1387,1572,626,626,793,956,995,1018,915,1058,1228,1428,1063,898
bing_querylogs|config_id=740,1042,1066,708,697,737,742,854,923,933,943,1114,1001,1080,1067,978,897,1038,1134,1055,1037,985,1131,1081,765,768,888,906,1160,1198,1182,1163,1074,1081,918,842,956,1039,808,819,896,897,1040,1032,1158,1085,853,793,1153,1148,783,783,841,880,835,1071,928,1297,935,962,635,637,807,806,1115,1066,787,776,847,822,775,879,978,1180,1200,994,1018,1003,1013,1050,1072,803,807,847,804,1198,1193,858,895,1115,1027,760,734,777,773,861,900,893,840,1146,1107,991,871
bing_querylogs|config_id=741,1049,973,767,713,767,782,869,1179,900,1020,1221,1294,2187,1876,1007,1245,1004,2174,1881,697,1020,1201,1233,723,725,860,935,1025,1059,1121,1149,895,948,1032,934,1183,1221,999,1224,806,824,942,1005,1312,1236,817,813,1351,1367,697,718,902,1008,2537,1719,1045,1586,1002,1006,701,687,868,827,1226,1189,792,1084,773,1232,851,814,845,1049,1287,902,1442,1030,1020,1119,995,719,712,991,793,976,1038,845,811,1422,1339,728,686,748,741,900,965,741,1106,1198,1584,918,941
bing_querylogs|config_id=742,979,1074,739,804,788,824,866,959,1006,904,1299,1118,2186,2784,1184,1090,1139,2581,1443,1108,1119,1177,1211,746,730,863,905,1172,1204,1147,1333,955,974,1007,944,1098,1178,3047,1185,913,897,999,964,1122,1070,839,794,1077,1517,718,709,919,928,2808,1680,1049,2455,963,979,690,646,948,866,1210,1282,906,856,820,2195,2373,977,1018,1197,1381,1177,1285,1147,1100,1161,1166,851,777,907,903,1130,1312,776,878,1548,1379,685,681,872,742,950,975,1053,1086,2106,1548,1010,1010
bing_querylogs|config_id=743,1203,1161,844,786,979,786,1167,1090,1070,1105,1524,1323,2287,2756,1210,1270,1096,1679,1795,1114,1080,1300,1316,814,783,966,966,1076,1152,1044,1370,965,987,1016,1023,1084,1211,1108,1433,835,753,989,1088,1272,1573,966,722,1257,1285,704,749,891,1091,2208,1321,1031,1816,1099,1042,680,662,825,851,1304,1316,891,836,898,977,1039,997,707,1317,1182,906,940,1085,1297,1152,1092,850,749,972,926,1121,1120,967,901,1379,1325,667,635,702,752,1098,1033,851,945,1435,1467,1105,930
bing_querylogs|config_id=744,1075,1077,934,918,869,811,891,1123,1091,1081,1295,1203,2979,2865,1212,1116,1183,1639,2999,1058,856,1211,1435,775,711,808,951,1097,1297,1213,1445,975,1071,1016,1029,1204,1253,2021,2102,861,852,1101,1032,1195,1485,823,897,1278,1397,757,723,1043,1049,1586,2207,1987,1260,1040,1070,648,600,835,854,1168,1503,900,839,1001,1790,1866,842,1027,1300,1518,872,972,1086,1178,1230,1092,756,806,1002,911,1217,1219,781,964,1564,1404,675,686,811,730,1044,927,1074,1012,1576,1374,832,1019
bing_querylogs|config_id=745,1078,1049,857,870,862,845,895,1020,1059,1038,1323,1289,2797,3162,1303,1165,1310,2110,2073,808,975,1270,1273,779,783,920,833,1068,1137,1191,1581,1073,1060,1097,1037,1233,1302,983,1166,912,968,1084,995,1247,1519,821,875,1676,1587,701,726,1054,1062,1728,2197,2726,1163,1113,1137,643,720,840,948,1473,1405,946,1098,1000,1340,911,860,820,1396,1279,1630,909,1125,1248,1074,1056,828,729,898,963,1195,1182,991,920,3853,1633,644,700,881,933,1043,1003,971,989,1343,1466,945,1076
bing_querylogs|config_id=746,1014,969,796,863,777,768,955,936,919,1069,1365,1263,2718,2621,1154,1293,1033,1475,2157,1072,1074,1321,1168,725,783,957,991,1188,1068,1311,1265,921,1009,937,1062,1116,1260,1784,1125,879,886,949,922,1365,1126,947,999,1302,1313,715,706,934,954,2343,1547,1790,1051,1001,1113,616,630,833,842,1316,1338,937,949,818,1296,1134,972,648,1194,1224,841,835,1074,1155,1124,1120,844,739,900,935,1167,1114,973,1079,3438,2052,614,623,809,742,958,935,1060,988,1646,1330,941,976
bing_querylogs|config_id=747,1009,856,695,820,704,827,952,928,976,936,1147,1095,1343,2545,960,1096,1103,1715,1643,942,717,1018,1084,666,719,925,909,978,962,1062,1082,833,840,900,889,1101,1076,1241,1055,770,767,886,976,1257,1047,756,719,1473,1423,663,749,842,807,2771,1258,1988,1683,927,832,548,545,733,851,1182,1253,808,880,763,1028,1343,900,807,977,1120,835,841,998,1021,974,905,725,721,820,826,1151,1139,694,727,1165,4517,564,583,789,766,872,982,927,839,1321,1667,816,912
bing_querylogs|config_id=748,1040,1154,943,807,852,858,835,1070,1205,1225,1281,1171,2568,2987,1286,1010,1228,2172,1736,1043,1177,1346,1359,896,801,888,965,1055,1207,1218,1223,975,980,986,1019,1141,1197,904,1642,906,851,943,987,1617,1459,853,817,1702,1369,731,717,1146,1125,1380,2058,866,1492,1066,1091,632,690,842,845,1241,1420,973,955,796,1371,869,935,799,1274,1204,909,1612,1144,1202,1144,1022,729,795,957,951,1061,1167,888,953,1155,1761,641,671,900,773,993,1042,1001,964,1500,2699,1086,970
bing_querylogs|config_id=750,1089,1102,1349,1351,909,856,921,921,1263,1030,1380,1217,1304,1478,1730,1978,1975,1298,1341,1452,1124,1218,1466,864,859,1093,1173,1268,1170,1322,1362,1425,1443,1021,1019,1252,1284,1045,1253,983,987,1147,1195,1449,1428,991,977,1610,1779,773,769,1712,1304,1396,1629,1470,1143,1165,1098,685,622,919,882,1486,1338,925,931,971,1534,889,2888,18469,1366,1367,1176,1551,1355,1404,1200,1321,868,808,986,952,1351,1395,1212,1142,1965,1878,824,800,828,838,1094,967,1208,1235,1620,1451,1002,1004
bing_querylogs|config_id=752,958,955,883,770,784,900,1022,1123,1071,995,1224,1176,2398,2296,1034,1108,1125,2123,2798,1114,1049,1162,1230,770,725,933,1009,1232,1148,1091,1284,994,1056,991,993,1219,1116,967,1128,828,835,1001,1011,1598,1309,829,831,1299,1291,764,694,868,810,1960,1350,1775,1807,1056,1070,649,587,807,783,1247,1435,874,917,894,1379,1311,889,1038,1029,1281,880,894,1048,1046,972,1010,828,707,882,869,1092,1140,843,929,1441,2389,630,693,757,705,1028,1021,958,936,1785,1589,867,925
bing_querylogs|config_id=754,980,996,1002,996,852,864,821,857,923,916,1209,1143,1402,1344,1073,1102,1086,1240,1253,816,814,1181,1179,782,777,1042,1062,1005,1004,1219,1239,1093,1100,962,958,1145,1178,919,950,930,916,981,991,1256,1259,923,898,1435,1429,728,723,1096,1095,1071,1073,1071,1036,1019,996,602,596,802,845,1455,1310,921,858,896,1923,1883,16353,1506,1255,1208,1024,1152,1139,1178,1076,1095,902,741,900,863,1241,1248,915,921,1230,1362,743,724,808,794,980,984,1017,1097,1298,1369,960,1028
bing_querylogs|config_id=758,1103,1109,1127,1055,864,865,866,914,1149,46378,23384,1346,1613,1374,1119,1119,1320,1269,1327,959,1696,1489,1281,880,887,1175,1331,1101,1150,1334,1389,1418,1429,1085,1037,1354,1312,1243,1157,1022,1029,1313,1229,1377,1386,915,980,1405,1746,787,781,1457,1527,961,1619,1301,1415,1215,1146,631,635,923,953,1744,1951,964,989,983,2217,17491,19553,18841,1367,1397,1108,964,1393,1422,1224,1233,824,815,1014,993,1439,1376,1052,1184,1506,1263,812,840,830,860,1110,1085,1545,1445,1572,1758,1072,1032
bing_querylogs|config_id=759,1145,1081,1210,996,814,867,1310,999,1079,1017,1203,1272,1311,1341,1202,1246,1615,1212,1153,2044,1493,1296,1251,802,813,1030,1101,1228,1233,1313,1341,1362,1408,1015,1001,1229,1379,1181,1203,949,924,992,1087,1329,1315,919,880,1469,1646,723,745,1561,1457,1159,1960,1132,1495,1100,1024,607,663,905,875,1476,1568,935,907,921,1552,1602,2137,1764,1278,1300,1284,1154,1349,1369,1151,1147,853,793,911,902,1468,1191,974,1066,1727,1647,799,760,873,875,906,903,1338,1569,1435,1545,944,962
bing_querylogs|config_id=760,991,1098,903,734,847,822,973,962,1154,1077,1285,1214,2518,2374,1231,1117,1118,1886,2044,1171,1042,1316,1158,694,748,945,895,1058,1076,1250,1240,914,929,1008,977,1222,1087,1015,1152,839,811,931,995,1199,1170,834,860,1359,1461,727,684,980,894,2310,1397,945,1099,978,1043,777,663,821,802,1153,1425,749,985,781,1040,885,906,874,1266,1212,814,915,1172,1196,1016,1142,687,726,863,870,1017,1143,818,894,2997,1471,635,651,860,976,972,925,912,1030,1296,1451,905,973
bing_querylogs|config_id=761,1209,1034,1369,1213,874,868,865,815,1066,952,1272,1249,1492,1463,1030,1391,1907,1266,1295,1861,1741,1322,1272,787,813,1070,1068,1077,1223,1332,1244,1399,1434,992,948,1231,1286,1226,1210,916,914,1078,1156,1546,1356,906,775,1427,1372,736,726,1457,1920,1554,1192,1221,1352,1130,1166,598,634,910,886,1433,1321,876,947,979,1767,1767,4427,2904,1279,1312,1544,1788,1312,1321,1138,1159,781,885,949,890,1187,1388,1055,965,1280,1676,829,824,782,835,1104,1035,1233,1242,1262,1699,1027,1027
bing_querylogs|config_id=762,1021,1034,942,1369,798,868,780,867,926,1132,1218,1119,1516,1249,1054,1268,1007,1311,1254,2183,929,1333,1248,758,761,1119,1131,1025,1188,1134,1240,1311,1323,944,962,1150,1187,1180,977,866,869,1127,1157,1367,1318,920,914,1515,1674,708,708,1603,1750,1513,1403,1002,1097,1045,944,572,573,868,857,1455,1385,911,869,929,1863,1898,1987,2131,1372,1359,1487,1184,1342,1275,1070,1071,800,801,880,868,1157,1280,964,968,1265,1158,781,758,776,749,1044,1055,1688,1493,1580,1576,1150,983
bing_querylogs|config_id=763,1092,1020,779,747,734,885,869,944,1200,1048,1144,1122,3320,2440,1087,1373,1055,1775,1227,772,1182,1173,1124,762,754,965,961,1099,926,1174,1007,912,1011,961,946,1032,1189,1310,795,844,821,969,937,1414,1734,773,868,1540,1326,697,710,968,990,1393,1259,881,1126,947,1042,643,591,819,892,1230,1351,867,877,887,1814,1286,966,627,1060,1163,837,866,1088,1211,1053,1113,695,713,887,836,1157,1304,817,779,3240,1329,679,645,732,922,904,989,1090,915,1211,1304,835,879
bing_querylogs|config_id=764,1087,1072,1578,1002,924,873,808,847,1122,1160,1380,1260,1341,1339,1366,1434,1258,1304,1259,963,1582,1163,1192,818,815,1031,1082,1243,1225,1359,1404,1419,1444,1063,1011,1342,1447,1157,1137,938,924,1156,1127,1363,1327,959,987,1657,1875,727,726,2109,1346,1467,1714,1255,1208,1231,1039,591,589,896,920,1356,1345,894,886,946,876,891,17640,2386,1383,1337,1859,1440,1326,1402,1170,1198,796,818,926,927,1309,1355,996,993,1659,1216,824,808,788,818,948,1066,1187,1942,1537,1449,1119,953
bing_querylogs|config_id=771,1044,1062,712,893,871,979,900,939,1093,951,1422,1206,1965,3567,1232,1097,1223,1580,1907,796,1104,1268,1176,750,768,890,973,1027,1149,1129,1042,1002,941,1016,999,1099,1131,1908,1153,812,815,993,972,1350,1392,920,915,1381,1271,744,787,865,963,2348,1287,1933,2052,1021,1065,631,635,944,868,1461,1403,878,872,916,1528,1300,940,846,1252,1073,867,933,1130,1205,953,1035,709,716,960,897,1366,1320,951,907,3043,1954,618,680,845,702,940,995,903,1028,1644,1323,1149,872
bing_querylogs|config_id=772,1078,1061,1155,1039,882,883,857,833,1323,1071,1350,1236,1395,1436,1311,2070,1293,1290,1150,1248,1652,1321,1427,836,821,1081,1085,1172,1221,1560,1334,1390,1406,976,985,1236,1317,1674,1769,950,927,1142,1199,1355,1337,905,833,1638,1724,733,744,1141,1187,1496,17641,1241,1265,1135,1153,604,593,901,891,1477,1375,912,908,965,2232,931,1124,18069,1453,1486,1221,1283,1273,1331,1185,1176,855,868,926,927,1270,1427,1019,1166,1224,1243,803,773,875,861,1125,1142,1629,2120,1729,1264,1088,1035
bing_querylogs|config_id=783,746,755,643,610,566,559,709,822,927,66528,66387,998,1064,1110,977,977,981,982,976,773,735,982,1000,747,745,850,857,949,958,991,973,1011,1032,804,781,976,985,65361,647,751,793,811,811,1184,983,606,602,1035,1043,629,625,862,829,859,764,852,853,844,764,571,553,734,744,1078,1362,714,738,710,579,670,976,984,1316,1165,744,771,889,910,1002,996,636,638,795,724,1057,1055,844,781,1050,1089,629,628,688,625,895,793,659,667,1040,1051,736,892
bing_querylogs|config_id=787,1076,1034,723,807,902,905,865,1011,1118,1100,1411,1329,2387,1951,1295,1297,1165,1990,2372,841,1110,1150,1390,779,765,999,956,1006,1230,1230,1249,1124,988,912,893,1135,1203,1278,1611,860,832,1078,1072,1356,1176,879,815,1650,1463,750,710,1006,907,1821,2538,1071,1382,1121,1129,637,630,839,928,1197,1476,994,1016,909,1414,2244,873,902,1394,1335,1261,974,1056,1149,1076,1146,702,703,945,969,1103,1369,959,1004,1293,2977,621,642,786,888,1029,1133,1077,1111,1658,1282,842,906
bing_querylogs|config_id=789,793,772,653,618,572,596,731,658,920,900,982,991,1224,1181,1000,1049,1001,1052,995,654,673,1022,1011,696,750,860,893,896,939,1081,1029,970,975,901,875,915,1050,891,894,746,711,839,868,837,1025,612,670,1046,1059,719,655,882,840,1082,895,748,779,743,760,566,607,712,717,986,1162,735,729,729,667,674,646,615,1165,1258,941,863,792,893,979,917,769,658,716,718,1061,1061,746,744,1003,1068,616,621,585,637,920,767,791,789,1056,1088,778,690
bing_querylogs|config_id=790,1055,1074,1279,1440,878,936,831,831,1086,1088,1308,1311,1452,1550,1320,1320,1391,1240,1235,1232,11316,1284,1171,811,858,1159,1084,1217,1183,1370,1368,1485,1456,1043,1083,1238,1298,1045,1155,938,913,1122,1162,1344,1495,883,916,1679,1532,737,727,1325,1243,1652,2125,1224,1446,1168,1038,623,702,881,865,1343,1322,898,932,931,1500,1516,1607,2450,1499,1479,1445,1982,1402,1390,1194,1166,798,798,912,886,1504,1215,1004,1047,1272,1256,824,765,837,1005,1016,1030,2097,1627,1529,1568,1035,1101
bing_querylogs|config_id=793,1054,1017,1129,1207,874,867,933,926,965,1267,1249,1154,1386,1436,1431,1405,1210,1393,1380,2086,1277,1418,1297,809,832,1030,1056,1096,1266,1470,1243,1436,1452,1054,1046,1247,1277,1178,1142,910,930,977,955,1449,1408,899,949,1512,1565,736,724,1151,1175,1536,1695,1229,1314,1084,1076,596,594,922,894,1325,1360,860,876,948,2135,2079,3089,1633,1510,1493,1254,1536,1330,1321,1246,1167,794,797,907,915,1333,1328,1041,1079,1558,1281,800,752,835,853,1081,1038,1354,1224,1406,1523,1108,1022
bing_querylogs|config_id=802,828,822,629,615,571,629,752,714,1005,840,971,926,1145,1036,1014,960,990,1134,1058,695,664,939,1030,764,703,892,923,871,1004,1018,984,970,959,865,800,995,1060,813,857,712,721,876,880,1014,1033,612,677,1029,1075,695,676,934,858,1094,981,859,895,794,765,562,612,726,705,1051,1104,748,751,753,697,675,652,659,1221,1152,838,822,834,946,980,1144,671,686,732,742,1073,1104,802,721,1067,1160,616,616,584,582,950,896,706,726,1346,1004,783,763
bing_querylogs|config_id=806,880,836,631,623,541,629,1048,1054,835,713,962,999,1329,1168,913,996,927,1412,1086,720,1263,993,986,674,694,840,786,832,987,1067,1091,887,901,768,746,790,1061,831,1115,826,801,753,753,1033,1137,709,754,1508,1441,695,715,728,733,33374,33387,1485,770,870,940,527,516,676,700,1135,978,787,784,729,1788,783,908,906,1346,908,806,784,864,1026,929,1062,682,679,728,726,876,1183,676,809,960,1532,597,596,528,528,696,764,592,635,1246,1094,865,834
bing_querylogs|config_id=810,1121,1049,1924,999,806,810,923,923,1125,1127,1271,1126,1401,1511,1178,1381,1135,1203,1266,3083,1781,1244,1223,821,799,1016,1099,1061,1081,1219,1315,1359,1379,962,991,1161,1213,1014,1168,994,862,1180,1142,1337,1381,866,968,1659,1651,706,706,1153,1438,1663,1178,1229,1838,1127,996,577,580,876,884,1446,1462,866,853,878,1983,1689,18391,912,1316,1279,1433,1449,1336,1223,1100,1128,788,792,891,861,1317,1363,1076,1096,1426,1312,769,761,838,806,1015,897,1899,1810,1633,1590,979,966
bing_querylogs|config_id=811,697,697,574,575,562,564,767,683,884,855,898,827,1024,862,957,925,954,912,927,643,646,890,890,655,660,804,819,861,860,969,969,939,947,756,813,878,921,679,678,698,678,731,752,936,855,593,565,975,915,639,641,765,764,897,874,812,798,669,640,548,548,672,671,972,980,665,665,691,645,605,593,588,1160,1164,817,823,665,673,1031,1029,695,682,690,667,1088,1011,702,725,999,1004,614,633,583,592,878,808,632,635,937,934,663,663
bing_querylogs|config_id=812,949,917,640,631,576,584,862,841,940,960,1139,1043,2346,2920,1043,1019,929,1452,1346,850,835,1234,1089,739,743,848,878,938,961,957,977,1011,1017,810,951,989,1050,1078,1064,830,757,989,1071,1115,1112,625,624,1085,1207,641,640,941,955,997,1041,840,919,784,774,588,586,832,839,1161,1166,840,801,704,653,683,901,938,1260,1284,1274,953,1087,871,1001,961,771,766,712,712,1050,1097,837,779,1248,1093,635,635,636,639,887,979,802,865,1014,1135,832,833
bing_querylogs|config_id=819,721,904,603,595,556,557,820,921,918,915,929,863,1337,2036,1029,960,990,1475,1371,764,899,1023,1054,706,733,867,890,908,923,944,936,962,966,775,896,922,1064,732,874,787,775,839,888,1143,1112,662,592,1121,1079,612,611,870,861,1375,1123,834,815,719,714,562,562,781,770,1160,1055,654,650,674,675,689,632,865,1234,1199,831,967,1008,779,913,941,764,692,783,654,1058,1067,794,822,1366,1202,609,586,779,647,914,933,876,758,1126,1016,776,768
bing_querylogs|config_id=820,776,1043,691,628,582,591,6336,5882,924,932,1023,863,1004,5885,1143,1003,969,9285,8447,712,715,1103,1044,701,681,816,861,852,837,1015,1047,970,978,743,743,889,961,873,810,928,835,1030,855,2744,1598,616,588,1381,1223,685,676,1192,1275,16084,17073,1032,1612,871,762,568,575,816,837,1183,1311,664,748,667,4395,6317,851,831,1746,1223,1348,1317,824,1027,988,978,726,779,688,753,953,961,817,833,1655,1579,630,624,595,604,732,735,656,659,1079,1039,909,881
bing_querylogs|config_id=821,837,816,634,652,573,574,686,717,930,973,1123,982,997,1230,1072,1076,1004,1056,1043,783,697,1072,1060,734,757,897,927,893,964,1035,1038,1016,1016,804,788,1039,994,710,747,745,748,929,1007,1031,1094,631,627,1083,1163,672,744,889,845,1107,1071,911,846,795,779,606,610,737,738,1054,1126,759,766,746,724,692,669,633,1386,1148,949,933,852,800,991,960,663,708,777,754,1076,1094,772,769,1141,1151,628,633,604,597,946,892,729,759,1055,1092,747,726
bing_querylogs|config_id=824,951,1046,1072,1013,795,797,810,775,1145,1076,1277,1216,1457,1294,1090,1290,1523,1218,1195,1344,1344,1108,1356,800,792,1020,1206,1171,1006,1262,1261,1303,1388,941,933,1152,1115,1190,1114,867,897,1099,989,1298,1342,1044,946,1751,1698,699,699,1128,1315,1692,1157,1358,1151,1043,971,571,571,845,811,1481,1525,901,942,829,2041,2146,17353,1018,1245,1225,1028,17610,1292,1334,1094,1070,791,723,896,853,1255,1190,992,1142,1501,1250,787,768,754,761,1016,968,2283,1664,1527,1254,944,1076
bing_querylogs|config_id=836,957,962,706,704,752,735,815,910,793,819,1063,1096,1269,1038,1034,906,1028,1222,1178,758,787,1064,1009,803,727,837,911,1012,1107,1068,1119,966,997,856,839,984,1003,724,727,749,767,841,847,1032,1013,782,813,936,955,695,703,941,859,1507,899,1134,1197,925,959,572,620,754,747,1097,1134,825,824,715,702,742,803,799,1077,1153,944,937,1019,935,1154,1089,740,732,719,826,1216,1054,890,898,1305,1273,649,637,721,708,777,891,771,728,1079,1098,826,855
bing_querylogs|config_id=837,1154,1090,1110,1069,875,882,786,818,898,940,1245,1129,1349,2003,2005,1161,1708,1177,1201,1837,1100,1195,1146,803,797,1061,1136,1015,1029,1308,1232,1317,1325,981,890,1154,1277,1290,1130,919,897,1129,1108,1381,1250,1013,713,1634,1727,722,719,1368,1113,1750,1849,1088,1513,1078,994,601,585,870,891,1543,1450,860,851,921,1959,1108,909,31334,1248,1243,1001,1739,1377,1364,1074,1081,781,760,900,934,1245,1342,989,963,1389,1337,784,765,780,785,1132,950,1263,1352,1558,1579,1096,1035
bing_querylogs|config_id=841,1233,1230,669,669,662,664,914,914,992,980,1216,1150,1563,1567,910,911,919,3785,3721,928,926,1006,1030,683,686,762,782,1251,1253,993,985,962,970,977,972,832,875,2924,2923,870,863,995,995,2188,2306,726,698,1356,1414,618,618,751,741,1217,1220,950,949,774,774,570,570,686,685,993,993,636,636,655,1266,1266,1608,1603,1114,1144,2558,2561,901,901,940,940,865,866,828,803,1204,1204,735,735,1318,1321,629,606,557,566,930,890,1060,1063,1574,1572,1182,1182
bing_querylogs|config_id=845,1206,1198,655,656,631,675,981,929,978,977,1271,1276,1628,1960,1016,1044,1001,3402,3544,913,921,1009,1036,743,734,831,856,1146,1245,996,937,955,972,1018,981,891,861,2841,2846,889,894,1041,1040,2095,2059,837,730,1419,1403,732,833,882,838,1167,1162,993,1007,826,846,624,622,698,698,1097,1178,659,664,653,1345,1350,1548,1568,1170,1132,2382,2386,920,964,981,912,742,639,855,851,1181,1176,721,726,1304,1294,625,650,579,576,920,958,986,991,1648,1673,1173,1202
bing_querylogs|config_id=862,1366,1365,725,728,706,709,1020,1010,1003,993,1377,1384,1800,1833,1031,1028,1031,3919,3941,1040,1049,1097,1072,756,794,904,1000,1380,1380,1084,1141,1083,1103,1113,1114,940,940,3157,3191,1014,1011,1078,1080,2685,2727,818,819,1648,1583,740,753,863,864,1490,1374,1083,1101,892,910,642,650,781,782,1258,1289,713,743,707,1401,1400,1712,1715,1318,1332,2681,2689,975,976,1015,1029,765,762,890,888,1293,1283,902,937,1581,1512,702,709,622,630,1025,1008,1145,1160,1830,1845,1293,1303
bing_querylogs|config_id=863,833,839,654,654,646,570,678,686,1067,967,1150,977,1189,1232,998,986,1010,1488,1168,780,693,1000,1063,743,848,876,881,923,968,979,967,991,1012,778,919,1127,1025,792,739,746,732,943,872,891,964,624,721,1173,1106,725,677,903,925,1127,1744,958,871,759,815,570,612,735,772,1026,1190,754,727,730,677,680,664,683,1241,1187,907,926,869,836,1218,1052,711,662,775,735,1093,1103,751,768,1144,1122,629,632,649,585,802,947,714,660,1069,1003,705,886
bing_querylogs|config_id=870,1461,1478,898,838,874,1018,1066,1087,1162,1162,1380,1306,1433,1345,1271,1297,1264,1339,1241,1102,1109,1407,1572,885,891,1231,1244,1198,1200,1464,1483,1386,1318,1072,1067,1476,1501,1020,1072,1093,1092,1196,1169,1540,1631,1057,1043,1416,1523,891,872,1276,1310,1337,1344,1357,13798,1278,1300,793,793,1050,1049,1504,1438,969,969,999,1074,1089,1278,1273,1438,1352,1614,1471,1317,1192,1348,1343,955,956,1019,970,1528,1576,1101,1105,1720,1592,881,837,817,826,1308,1273,991,994,1506,1469,1195,1200
bing_querylogs|config_id=871,978,996,831,846,581,578,913,874,1028,938,1127,1109,1901,2340,1101,1599,1120,1649,1551,801,809,1223,1236,777,746,907,931,1011,1064,1178,1144,1050,1061,856,857,1111,1035,1139,2920,777,902,1016,1041,2736,2482,829,822,1410,1332,796,796,1007,1043,1146,2806,903,1018,879,879,591,589,846,846,1333,1381,813,747,862,716,717,780,816,1361,1394,1038,1045,1102,1102,1180,1132,796,764,763,844,1286,1282,892,906,1399,1399,661,660,676,678,987,1024,952,862,1171,1169,1086,837
bing_querylogs|config_id=872,1259,1190,1026,1026,972,991,1101,959,1335,1109,1455,1327,1882,1516,1140,1264,1137,1315,1442,1837,1223,1424,1415,1000,953,1234,1272,1300,1181,1488,1642,1497,1511,1083,1128,1381,1442,1224,1135,1066,1155,1253,1246,1475,1611,1122,1197,1630,1841,873,873,1759,1587,1648,2435,1962,1277,1193,1261,757,757,1034,1055,1532,1556,1045,1057,1027,1680,1709,1047,14821,1417,1527,1208,1488,1479,1476,1291,1284,947,949,1069,1044,1446,1505,1169,1361,1357,1403,952,877,957,966,1236,1177,2298,2454,1491,1365,1191,1146
bing_querylogs|config_id=873,1003,1003,863,825,743,745,1774,1754,896,899,1475,1236,6533,3037,988,1002,1083,9371,865,1018,1021,1063,1097,715,737,861,881,1184,1186,1279,1320,1054,1064,978,967,1051,1091,1718,1809,968,955,1062,1062,2550,1617,761,725,1828,1831,726,726,933,933,9484,8875,4088,2697,974,865,562,562,876,870,1628,1594,719,721,740,2435,2594,973,969,2514,1385,1508,1437,1097,1338,1157,1159,818,816,698,673,1319,1143,830,852,14934,17417,670,610,692,701,887,860,1079,1014,7288,1482,944,944
bing_querylogs|config_id=874,1507,1487,927,835,940,874,1374,1144,1122,1056,1469,1379,1202,1375,1323,1323,1442,1244,1360,1386,1119,1514,1503,894,897,1176,1195,1230,1260,1529,1544,1361,1412,1286,1325,1512,1565,1280,1045,1083,1107,1190,1310,1513,1437,1080,1052,1358,1609,888,888,1135,1213,1187,1248,1287,1331,1342,1408,764,777,1067,1061,1473,1455,1016,1012,1031,1105,1097,1292,1287,1377,1404,1689,1599,1211,1218,1341,1360,976,977,1082,1096,1355,1335,1135,1135,1747,1321,855,832,870,863,1302,1313,951,994,1494,1496,1213,1204
bing_querylogs|config_id=875,1486,1470,923,894,874,853,1064,1064,1071,1123,1405,1339,1466,1395,1378,1283,1374,1305,1429,1160,1095,1503,1423,887,885,1168,1182,1190,1223,1486,1492,1381,1387,1067,1062,1452,1516,1057,1056,1094,1094,1192,1138,1540,1556,1061,1032,1512,1485,871,871,1369,1250,1361,1295,1278,1235,1282,1195,786,786,1020,1047,1482,1427,956,967,983,1093,1086,1284,1279,1485,1442,1684,1596,1377,1582,1284,1327,926,927,974,946,1500,1484,1063,1101,1255,1505,858,829,809,818,1257,1215,1039,969,1493,1492,1151,1151
bing_querylogs|config_id=876,926,918,756,857,798,758,846,868,901,901,1123,1026,991,998,997,883,898,1013,1082,794,791,1099,1099,737,750,841,869,993,995,1175,1157,1116,1113,846,841,1034,1073,964,812,852,843,848,839,1086,983,813,771,1201,1203,781,808,861,844,1008,926,857,967,929,894,666,596,835,884,1077,989,822,828,839,743,692,1003,760,1171,1187,844,877,966,974,1059,1059,774,769,860,834,1181,1167,913,919,1114,1009,758,734,817,788,920,880,765,757,1136,1100,1064,954
bing_querylogs|config_id=877,1541,1540,907,892,873,910,1069,1073,1164,1210,1513,1320,1331,1354,1433,1421,1429,1412,1446,1363,1122,1451,1369,897,901,1201,1222,1208,1220,1516,1457,1381,1389,1181,1176,1252,1327,1080,1022,1098,1092,1190,1148,1689,1479,926,1046,1588,1507,880,875,1232,1137,1193,1204,1235,1239,1295,1247,793,793,1051,1050,1432,1451,939,951,994,1028,1157,1269,1256,1308,1435,1616,1562,1458,1507,1417,1309,956,955,1084,993,1460,1448,1109,1082,1445,1259,895,821,818,827,1326,1293,943,987,1453,1450,1196,1185
bing_querylogs|config_id=878,848,846,598,599,586,586,698,673,911,911,928,858,864,917,976,976,958,983,994,671,674,911,912,668,671,831,851,919,940,1010,985,1016,1022,784,779,1098,986,661,664,716,722,820,853,983,980,602,574,980,996,626,626,827,653,833,851,865,911,713,678,590,591,703,702,1030,966,686,686,710,597,600,637,632,1206,1206,824,831,689,697,939,939,845,661,716,688,1010,1010,748,731,1023,1103,633,610,634,638,839,829,672,675,1006,965,696,707
bing_querylogs|config_id=879,1024,1028,841,785,873,895,881,905,939,862,1134,1145,1047,1055,952,942,913,1080,1130,823,802,1090,1091,813,835,1010,922,949,1089,1261,1286,1035,1053,977,981,1137,1118,748,751,913,889,944,1051,932,936,883,934,1125,1075,813,824,905,1022,854,818,952,956,983,978,655,644,1018,951,1068,1110,881,892,865,753,747,843,910,1122,1153,841,830,937,926,1099,1107,759,754,831,911,1371,1328,880,893,1058,1155,699,704,778,760,1028,1010,775,747,1329,1142,1038,1018
bing_querylogs|config_id=880,1049,1066,1763,1096,878,840,811,820,1012,1012,1277,1139,1245,1245,1255,1148,1250,1188,1203,1099,2204,1213,1260,792,803,1062,1144,1287,1161,1294,1259,1407,1358,1005,983,1179,1186,1290,996,930,930,1627,1101,1357,1290,839,913,1535,1619,737,737,1469,1096,1442,2515,1308,1187,1065,1047,603,603,849,894,1462,1301,900,936,930,1494,1999,884,3813,1253,1258,1237,2663,1267,1320,1127,1299,786,789,947,908,1278,1324,1001,1033,1352,1491,769,750,799,792,1009,982,2017,1609,1358,1319,1011,997
bing_querylogs|config_id=883,1449,1523,854,898,1007,850,1138,1083,1148,1132,1406,1380,1377,1282,1360,1373,1330,1313,1329,1135,1157,1438,1365,877,876,1175,1187,1199,1188,1465,1466,1367,1359,1279,1264,1394,1404,1311,1014,1085,1085,1132,1152,1558,1580,1075,1033,1553,1543,876,872,1244,1181,1445,1404,1271,1198,1303,1237,787,787,1047,1018,1407,1428,954,954,977,1129,1157,1275,1175,1456,1347,1544,1476,1207,1199,1281,1280,947,948,1058,1028,1562,1541,1079,1079,1855,1550,841,818,811,826,1304,1277,949,950,1470,1392,1175,1153
bing_querylogs|config_id=891,1114,1125,840,898,762,853,1145,1286,1305,1143,1419,1378,6585,3521,1253,1160,1053,2846,2131,1245,1026,1283,1315,902,714,983,848,1077,1154,1347,1199,967,974,943,959,1236,1314,1176,1082,930,924,1168,1041,2047,2415,901,748,1845,1710,732,706,910,1204,1877,2837,1910,2627,1072,1039,624,583,951,1021,1325,1414,959,815,871,877,1753,1088,860,1410,1208,1192,1132,1284,1271,1091,1264,836,876,950,1049,1173,1214,1001,963,1362,1799,624,670,828,721,971,1087,1270,1204,2516,1575,1131,1112
bing_querylogs|config_id=898,922,922,817,817,1021,1042,788,788,735,17014,1158,1103,1094,1172,931,16960,16963,912,929,685,801,1045,1037,704,707,910,850,1172,16401,1155,1228,1083,1106,795,782,17167,1037,16919,721,884,799,919,919,1278,1278,690,662,1166,1166,833,833,917,914,716,721,15957,1050,888,888,604,605,772,771,1168,16590,833,833,852,797,820,796,790,1393,1394,1018,1301,996,1023,1105,1038,768,707,788,743,1236,1030,753,763,919,1134,753,680,655,675,1140,1125,820,821,1181,1189,1055,991
bing_querylogs|config_id=899,791,686,615,585,599,550,739,732,911,885,869,875,1028,1061,980,1032,986,987,1177,673,672,978,873,711,681,837,877,987,933,876,861,904,893,722,843,1097,850,696,708,703,700,899,837,913,956,608,607,995,1063,666,677,895,835,1001,973,808,791,755,795,573,548,672,691,1053,1006,688,724,713,633,711,721,637,1072,1097,833,880,810,780,1100,963,651,637,683,699,970,933,740,739,1123,978,593,593,577,570,730,862,635,919,1015,1654,718,750
bing_querylogs|config_id=900,1161,1015,781,782,855,857,907,907,959,978,1135,1117,1052,1050,935,988,985,1042,1071,881,931,1005,1102,888,860,979,1050,1113,1084,1288,1295,1095,1101,1074,1047,1186,1149,792,883,916,924,920,958,1012,1005,854,890,1172,1149,836,857,1035,943,884,956,990,1067,964,969,758,757,907,926,1235,1234,879,832,983,780,785,1035,1040,1254,1268,837,863,966,966,1242,1244,881,817,904,878,1337,1337,986,939,1086,1107,761,825,887,835,1043,1041,754,872,1146,1118,1010,1010
bing_querylogs|config_id=902,680,691,614,616,616,558,768,705,853,918,870,871,842,972,963,931,966,1198,1033,639,665,1022,985,750,702,867,865,930,910,977,997,950,963,880,722,917,912,689,725,741,729,871,828,969,946,608,607,1009,1069,682,701,853,859,978,1062,861,868,790,755,591,595,680,723,1007,974,695,716,749,673,658,634,720,1155,1101,873,888,776,823,985,891,686,786,754,692,980,924,730,795,1266,1077,593,592,621,618,825,724,702,719,993,1023,764,754
bing_querylogs|config_id=903,974,935,714,706,837,835,785,785,894,875,1012,1009,1131,1050,937,884,902,975,1000,747,750,900,896,777,831,945,1000,1033,1026,1169,1058,1037,985,930,946,1000,1000,1071,867,816,816,892,873,983,942,837,837,1052,1159,765,765,806,907,806,813,853,783,797,804,616,613,841,939,1103,1043,820,872,827,690,689,702,702,1105,984,778,793,893,894,1047,1047,760,745,808,825,1069,1077,865,865,953,1066,679,679,735,734,971,974,779,765,934,1006,937,938
bing_querylogs|config_id=904,1191,1191,820,792,899,901,864,871,944,952,1107,1107,1130,1188,898,1007,975,1034,1070,866,856,1031,1031,876,874,973,1027,1107,1116,1302,1252,1081,1082,1012,953,1089,1089,888,909,896,895,917,917,1038,1038,899,895,1180,1181,851,851,943,1026,882,889,1085,994,890,926,663,665,921,899,1217,1214,919,919,918,732,745,811,808,1224,1236,835,707,971,967,1174,1154,846,846,875,878,1312,1348,972,944,1073,1112,798,747,863,777,1017,1016,796,819,1105,1097,1055,1049
bing_querylogs|config_id=905,1180,1180,783,786,723,725,850,850,938,942,1097,1104,1118,1117,950,950,956,1031,1063,837,826,1054,1069,874,871,887,932,1107,1100,1241,1308,1080,1069,998,992,1068,1074,919,910,894,881,1003,931,1073,1060,895,882,1183,1186,837,839,1009,940,839,842,927,923,890,898,677,655,898,908,1203,1203,876,884,922,746,714,771,744,1243,1234,924,815,958,952,1163,1155,843,835,884,875,1358,1248,962,946,1174,1139,802,802,769,858,1042,892,752,820,1086,1086,1101,1097
bing_querylogs|config_id=906,1268,1271,910,898,922,994,968,960,1077,1022,1169,1168,1221,1152,1048,1045,1070,1133,1157,909,924,1098,1096,939,910,1109,1160,1174,1173,1282,1289,1168,1143,1057,1044,1177,1178,1058,1006,1012,1012,1047,1142,1146,1146,939,948,1220,1225,958,958,1021,1073,901,937,1020,1072,967,967,763,767,1095,967,1254,1231,1019,997,1016,827,827,867,867,1224,1242,924,946,1062,1062,1285,1251,903,903,994,965,1384,1384,1029,1048,1279,1206,863,908,898,967,1088,1096,838,906,1158,1193,1095,1105
bing_querylogs|config_id=907,1183,1187,754,794,736,845,847,847,970,950,1101,1115,1129,1104,960,959,946,1033,1064,815,837,1062,1060,814,820,1001,1033,1152,1044,1243,1234,1088,1119,1002,997,1078,1093,881,883,902,905,979,907,1040,1029,904,893,1216,1216,865,842,901,1036,858,845,934,998,883,888,665,667,1004,891,1189,1231,919,822,813,746,716,783,787,1181,1195,810,902,962,961,1131,1133,809,799,897,922,1394,1260,940,938,1075,1062,799,739,801,797,1066,1058,843,737,1091,1116,1058,1096
bing_querylogs|config_id=908,1186,951,788,822,839,815,854,842,999,982,1079,1082,1102,1098,936,1001,933,1104,1085,855,871,1006,1017,865,869,908,970,1183,1129,1240,1276,1158,1143,978,974,1077,1085,1036,861,888,946,930,1032,1077,1047,939,912,1149,1113,863,837,1107,1023,879,847,985,981,899,903,641,642,1000,880,1207,1230,922,922,923,702,703,846,791,1304,1237,922,862,949,949,1074,1154,848,828,922,858,1244,1331,983,981,1146,1176,742,822,906,800,1075,1059,749,739,1142,1231,1058,1068
bing_querylogs|config_id=909,742,658,577,580,510,524,734,817,885,874,800,872,931,1293,916,936,902,926,921,841,625,871,853,712,642,946,957,833,866,962,815,880,895,725,814,944,1034,678,673,667,656,789,791,1020,705,561,634,968,955,628,669,814,858,955,1056,745,788,688,712,551,564,640,640,905,932,702,671,673,645,614,606,594,1016,901,797,875,741,739,934,937,724,623,689,680,904,909,699,686,996,1038,640,609,589,537,837,819,649,756,963,891,726,727
bing_querylogs|config_id=910,1110,1134,727,726,786,753,754,776,864,893,1031,1063,1067,1053,954,903,871,1005,956,712,735,898,995,692,726,936,912,976,964,1164,1177,1049,1063,919,945,966,964,974,890,816,815,835,874,981,953,829,829,1099,1115,806,779,902,813,755,758,898,821,788,893,595,633,837,787,1035,1018,878,815,838,672,641,687,707,1062,1085,743,762,901,887,1038,1038,735,760,904,804,1226,1224,889,878,1003,1008,675,671,724,725,832,931,715,608,949,947,1034,1046
bing_querylogs|config_id=912,737,737,609,641,563,588,652,745,901,900,922,937,1017,1153,939,971,990,1054,1085,694,698,920,1011,766,678,861,897,831,947,1002,936,965,971,795,869,977,1175,922,809,722,721,890,860,928,817,601,613,1009,1093,698,733,845,901,1152,900,875,762,795,766,557,560,725,763,979,1032,742,711,732,666,722,638,712,1152,1147,1137,879,806,813,948,933,669,750,745,713,1017,1066,739,740,1354,1072,619,616,580,577,762,885,788,695,1022,947,754,808
bing_querylogs|config_id=913,1086,875,751,771,836,814,864,864,942,964,1055,1104,1135,1071,936,932,904,1072,1100,17884,835,990,1047,774,841,968,1020,1093,1078,1185,1231,1104,1069,947,986,1081,1027,880,879,876,878,948,942,992,1025,900,868,1082,1230,20456,20456,998,1000,834,826,948,921,886,880,678,677,998,998,1220,1218,888,959,854,712,712,17120,762,1178,1204,903,707,924,939,1128,1062,789,812,869,849,1385,1257,907,997,1021,997,736,767,800,799,1038,968,813,734,1068,1021,1096,1094
bing_querylogs|config_id=916,924,1171,753,761,796,820,843,842,914,46156,23048,1081,1097,1088,960,973,975,1039,1053,811,810,1041,1006,865,870,969,984,1082,1100,1246,1185,1049,1096,973,924,1035,1073,914,907,871,867,920,920,1045,1026,869,886,1216,1228,804,833,981,981,815,863,1054,918,903,861,658,657,980,883,1186,1369,918,865,912,689,689,758,759,1191,1183,801,794,939,952,1108,1110,769,797,902,845,1385,1250,984,946,1109,1109,748,748,775,774,1025,1028,735,720,1076,1114,1074,1086
bing_querylogs|config_id=917,980,1087,753,700,788,822,803,803,896,891,1027,981,1157,1056,892,876,889,963,1117,746,749,925,943,742,790,938,993,1020,1025,1100,1100,984,992,925,925,938,990,877,876,827,827,850,824,915,941,865,877,1153,1168,799,801,937,939,861,852,908,880,882,882,614,615,946,946,1048,1106,869,821,848,677,660,726,723,1069,1042,787,790,911,911,990,1058,802,750,841,855,1147,1249,942,913,1010,1069,695,688,745,743,976,973,736,738,962,1005,970,991
bing_querylogs|config_id=918,732,724,557,514,502,548,602,644,866,817,916,1007,982,956,902,936,885,951,1006,659,579,921,839,595,637,897,943,769,853,900,950,866,873,809,820,898,1074,719,644,642,650,789,804,943,815,544,543,1001,960,662,648,723,756,1154,890,708,740,764,719,505,507,624,643,985,981,664,666,659,605,626,580,547,1076,1058,770,780,733,720,1011,894,614,635,662,662,927,1008,666,664,996,1001,556,556,576,518,798,773,677,669,933,917,620,684
bing_querylogs|config_id=919,1306,1317,836,849,815,919,958,987,1033,1006,1063,1148,1174,859,1058,1055,1036,1201,1182,907,888,975,968,891,883,973,1007,1128,1171,1334,1367,1155,1149,1075,1057,1192,1164,1066,1101,1009,914,1036,1029,1090,1123,951,948,1255,1270,921,923,1028,1049,954,990,1007,1001,967,894,724,721,991,1072,1240,1257,946,1008,970,763,762,823,839,1149,1252,861,920,1065,1072,1197,1256,925,914,957,961,1346,1351,1011,1028,1193,1226,791,849,862,867,1135,1059,871,913,1161,1115,1133,1163
bing_querylogs|config_id=920,1184,1184,788,801,857,838,848,848,936,929,1106,1141,1094,1115,947,947,963,1019,1152,833,821,1015,1009,864,809,892,925,1071,1096,1231,1240,1226,1113,1001,987,1057,1069,872,812,885,884,958,903,1037,1036,881,920,1208,1223,839,818,1008,1008,818,842,936,866,898,898,661,660,914,1004,1139,1193,985,989,982,745,745,785,786,1209,1220,806,849,961,975,1175,1130,802,781,943,874,1270,1248,955,955,1030,1135,722,736,788,785,1043,1037,864,692,1113,1113,995,1045
bing_querylogs|config_id=921,1116,1201,835,803,854,879,1052,1052,1135,975,1183,1237,1313,1334,945,889,874,1206,1181,959,1012,1129,1148,889,951,945,998,1076,1205,1299,1231,1210,1187,1103,1054,1021,1125,900,956,1113,1067,1077,1117,1108,1168,900,923,1192,1452,970,970,1284,1094,985,1029,1022,1189,896,895,756,724,1140,1057,1162,1222,1087,990,1024,1012,1044,1007,1008,1255,1257,935,978,1061,1073,1212,1215,930,861,1075,1093,1334,1350,1145,1116,1422,1381,755,812,935,879,1207,1193,904,937,1007,973,1118,1117
bing_querylogs|config_id=922,1189,1188,777,824,835,832,817,861,941,962,1139,1135,1028,1150,928,1061,1092,1013,1041,844,838,1033,1038,854,861,956,914,1092,1104,1241,1236,1114,1208,969,1001,1144,1054,887,1255,903,902,916,910,1047,1053,954,887,1174,1179,834,835,1025,1025,906,879,936,985,893,893,663,662,1013,1052,1199,1198,970,967,918,703,704,776,772,1188,1188,903,904,976,1013,1275,1261,897,866,866,1044,1369,1416,990,940,1155,1139,818,748,795,796,1038,1036,853,652,1134,1124,1092,1051
bing_querylogs|config_id=923,1048,1048,788,793,839,841,850,850,941,942,1100,1100,1133,1108,959,960,996,1038,1066,830,828,1014,1057,808,812,1003,1057,1103,1094,1247,1236,1069,1084,997,990,1048,1079,927,638,890,889,951,912,1029,1033,895,894,1170,1220,842,844,991,1000,844,968,936,988,880,880,670,697,893,888,1185,1199,882,874,928,739,708,780,786,1187,1205,873,878,964,960,1115,1117,801,801,879,874,1242,1315,943,969,1069,1184,805,820,793,793,1050,1048,849,761,1134,1126,1098,1099
bing_querylogs|config_id=924,1184,967,814,797,834,726,844,844,937,947,1128,1128,1155,1153,1054,935,996,1035,1148,809,830,1061,1066,806,810,1001,1026,1100,1112,1219,1297,1075,1124,982,979,1097,1038,913,879,908,908,1001,913,1046,1047,894,892,1243,1176,898,840,1000,888,846,911,924,1079,885,886,686,687,891,910,1195,1202,913,865,819,707,704,773,776,1185,1196,878,822,962,962,1131,1134,837,842,869,860,1373,1273,988,968,1026,1023,788,739,798,811,1048,1055,827,828,1125,1125,1107,1017
bing_querylogs|config_id=926,1142,929,714,750,665,797,784,785,866,845,953,954,1015,1062,876,876,880,900,936,745,721,874,881,752,799,965,877,1009,995,1073,1069,912,979,914,974,964,995,824,880,774,786,852,883,1016,955,848,876,1119,1086,798,838,918,922,985,778,914,826,819,819,615,617,911,818,1012,1012,916,816,814,672,713,715,735,1002,1029,818,774,872,881,1070,1179,772,768,793,804,1227,1324,873,869,1011,1017,659,690,741,715,954,953,682,682,928,968,990,1021
bing_querylogs|config_id=927,795,715,633,630,562,621,718,696,910,869,974,1036,932,1238,949,965,1011,1089,1107,654,739,913,912,673,676,867,874,960,912,1019,942,959,970,748,749,997,1003,807,957,716,731,916,822,931,939,603,688,1011,1095,685,664,842,838,1919,1042,815,817,718,768,549,547,698,709,963,1084,742,714,708,711,672,641,859,1154,1185,880,869,822,798,1005,979,767,656,729,739,1023,1031,743,726,1067,1117,613,618,579,576,744,887,765,722,1051,1114,710,710
bing_querylogs|config_id=928,1046,1184,786,786,813,837,848,855,941,942,1102,1128,1136,1249,1047,964,947,1033,1119,810,823,1073,1020,879,818,896,924,1109,1106,1236,1230,1226,1085,1003,1041,1074,1067,795,886,881,881,942,982,1044,1048,933,916,1173,1196,864,879,1008,1011,853,865,956,897,898,906,638,673,1004,908,1191,1191,955,993,881,746,746,785,775,1200,1200,806,885,976,961,1200,1129,808,816,866,892,1384,1315,935,963,1129,1024,745,817,768,794,878,1044,749,769,1119,1139,1095,1102
bing_querylogs|config_id=929,1099,944,739,705,692,745,812,812,891,883,1024,1043,1082,1165,988,899,891,985,1009,801,793,942,942,803,770,934,882,1011,1070,1227,1102,996,1061,960,957,953,995,731,772,826,829,909,884,956,988,836,836,1119,1141,826,826,932,932,810,775,891,854,810,793,601,601,862,955,1114,1063,830,934,898,690,665,749,777,1015,1056,740,779,907,907,1006,992,774,753,897,830,1146,1229,929,919,1040,1003,710,710,724,723,971,974,705,708,1021,1014,978,989
bing_querylogs|config_id=930,1148,876,765,767,826,821,825,854,970,1011,1119,1053,1037,1128,922,922,943,1002,1046,826,817,943,990,808,812,905,1047,1050,1100,1171,1237,989,1213,1055,965,1056,987,867,870,889,877,993,910,998,998,896,895,1105,1144,796,823,990,997,879,863,887,1018,880,840,640,657,1001,862,1199,1142,890,884,881,700,691,759,755,1204,1182,824,804,957,961,1125,1058,816,839,839,846,1288,1288,930,913,1066,1016,819,714,730,750,1012,1008,806,796,1089,1058,1096,1097
bing_querylogs|config_id=931,1179,1207,797,783,814,836,848,848,915,946,1096,1099,1110,1294,969,944,939,1043,1065,810,837,1011,1018,847,851,997,1026,1108,1023,1198,1197,1073,1147,988,956,1048,1031,930,922,887,882,906,989,1031,1015,890,892,1233,1233,821,821,996,980,872,878,930,1045,875,875,670,669,998,998,1200,1205,876,868,973,705,705,774,779,1173,1233,818,823,957,971,1127,1111,800,800,872,914,1383,1383,935,935,1139,1121,809,781,791,791,842,1047,728,755,1091,1129,1104,1098
bing_querylogs|config_id=932,1197,1053,765,795,754,756,908,871,947,948,1112,1129,1145,1183,955,966,1005,1042,1152,863,867,1035,1020,870,875,990,1037,1106,1112,1242,1247,1115,1097,1008,1033,1062,1065,782,780,896,895,1078,964,1069,1049,887,886,1203,1203,851,876,1001,892,874,877,974,943,890,902,650,647,1019,1019,1217,1216,924,991,902,717,717,808,809,1258,1252,810,803,972,974,1196,1154,824,824,875,877,1324,1324,974,949,1114,1077,761,761,806,776,1052,1045,764,764,1141,1113,1065,1066
bing_querylogs|config_id=933,1569,1557,1076,1159,1045,1048,1116,1385,1167,1115,1281,1256,1373,1405,1300,1272,1418,1422,1445,1159,1221,1281,1234,1029,1055,1111,1122,1395,1539,1600,1503,1232,1305,1250,1364,1237,1280,1118,1185,1363,1177,1351,1252,1366,1332,1084,1164,1635,1532,1069,1169,1289,1278,1129,1052,1284,1311,1189,1212,832,852,1299,1218,1401,1520,1072,1244,1082,1010,1064,998,1290,1589,1484,1215,1148,1377,1389,1508,1397,1214,1365,1159,1056,1526,1627,1275,1275,1460,1457,1009,984,1045,1023,1249,1397,1131,1129,1440,1390,1378,1460
bing_querylogs|config_id=935,806,841,605,610,667,681,722,736,708,707,828,874,1008,1110,763,920,853,1042,1060,614,665,1041,937,578,688,746,803,942,999,848,911,804,822,740,658,845,818,708,652,651,655,749,739,950,940,717,684,830,858,653,670,745,703,812,893,997,1115,831,839,501,525,647,647,1017,1000,734,669,724,623,626,792,711,939,922,1092,846,803,818,853,964,665,712,713,740,955,883,821,780,1079,965,557,590,636,533,767,666,621,655,988,1023,735,798
bing_querylogs|config_id=938,926,911,877,971,794,792,801,765,906,1000,1076,1078,1261,1313,1515,1052,1312,1128,1151,1443,901,1103,990,676,677,979,1146,943,892,1043,1029,1097,1103,850,820,999,1032,861,849,802,803,923,1114,1168,1111,836,804,1325,1222,656,660,1066,927,1074,1478,916,972,915,901,558,533,745,759,1222,1225,806,804,799,1949,1491,1730,1072,1109,1064,1248,877,1105,1096,929,911,695,707,820,796,1163,1165,887,839,1318,1051,694,684,729,719,915,877,1281,1295,1226,1260,910,856
bing_querylogs|config_id=943,1164,1127,607,609,596,598,1025,1030,944,946,1136,1232,1699,1663,1113,1081,1137,3400,3448,966,898,978,1004,686,693,811,956,1113,1099,835,885,875,889,1021,929,846,954,2951,2825,957,891,1110,1092,2039,1980,708,844,1518,1439,683,643,841,901,1099,1110,951,976,872,799,675,541,755,667,1235,1107,634,628,631,1331,1318,1585,1629,1143,1065,2392,2388,1001,986,986,885,691,680,785,848,1031,1042,765,736,1195,1169,591,618,590,566,908,879,961,944,1725,1637,1144,1158
bing_querylogs|config_id=945,812,782,618,612,556,554,789,732,901,898,921,1082,988,1126,944,1018,956,990,1067,644,713,981,916,685,700,878,872,860,1002,870,862,939,974,911,760,976,970,711,745,704,703,898,833,937,943,665,599,1068,1052,663,661,826,825,938,1058,803,787,794,790,544,547,906,728,1009,1113,708,711,709,632,666,637,641,1066,1156,862,821,890,810,974,1028,747,657,705,726,969,1031,725,732,1131,1102,613,613,658,624,750,912,700,746,1009,947,743,764
bing_querylogs|config_id=948,955,949,691,670,725,710,912,833,806,803,1047,1050,1115,1120,871,905,947,1090,1181,703,704,1064,1071,755,706,872,872,974,964,1033,1072,967,1005,802,738,999,943,712,735,754,725,823,817,1057,1019,770,719,962,977,737,715,852,955,883,1079,1058,923,867,923,561,567,755,800,1111,1164,774,822,823,702,722,888,899,1097,1157,899,1114,1001,949,1212,1119,775,779,820,792,1385,1046,883,884,1214,1403,643,637,706,606,821,762,1155,999,1149,990,845,831
bing_querylogs|config_id=949,1188,1192,768,764,875,865,854,860,13861,985,1103,1101,1069,1127,1029,955,13703,971,1001,842,831,1017,1014,815,889,884,922,1065,1109,1742,1239,1113,1099,972,955,1071,1071,865,860,14357,860,960,942,1036,1008,916,915,1219,1123,843,843,986,1000,839,850,960,954,961,929,703,652,998,1008,1129,1142,890,890,860,750,754,766,789,1207,1114,856,843,13433,963,1131,1117,839,798,841,884,1313,1346,906,906,1135,1130,804,745,802,798,12949,13012,750,698,1058,1124,1095,998
bing_querylogs|config_id=951,997,1152,783,786,823,841,854,854,910,939,1056,1060,1062,1084,945,950,942,984,1105,802,843,1044,968,862,874,866,895,1073,1092,1189,1152,1140,1008,1025,948,1032,993,907,870,859,862,909,1006,1014,1040,891,890,1204,1180,819,839,1009,996,877,832,950,952,886,896,655,654,877,980,1139,1134,855,851,867,738,714,776,777,1193,1206,789,813,925,927,1145,1152,811,805,850,832,1160,1273,938,939,1123,1028,700,700,752,751,1013,1011,805,733,1056,1048,1070,1055
bing_querylogs|config_id=953,1179,1179,760,804,819,838,857,834,964,935,1097,1097,1190,1183,946,946,938,1095,1179,826,831,1019,1039,863,862,908,908,1044,1103,1156,1125,1053,1208,970,938,1107,1107,975,857,875,874,905,905,1038,1058,887,886,1165,1117,837,837,1014,997,878,851,910,921,929,890,648,649,1002,1002,1145,1210,883,880,877,705,730,774,778,1199,1174,799,896,968,968,1117,1158,797,828,951,887,1249,1258,929,928,1036,1075,735,735,770,761,1046,1041,743,684,1019,1125,998,1008
bing_querylogs|config_id=955,759,778,616,619,569,567,705,696,950,921,1029,996,1014,901,995,992,976,1033,1028,662,745,855,927,770,673,949,1026,898,951,950,939,972,922,765,896,947,946,790,774,725,738,899,900,900,887,618,586,973,1056,738,597,809,852,1004,1121,882,891,778,763,592,573,753,734,1077,1052,728,699,765,637,633,606,641,1241,1161,885,1216,805,843,977,943,706,693,728,695,1029,1092,701,746,1020,1013,607,636,599,649,919,891,739,734,958,1089,721,740
bing_querylogs|config_id=957,672,772,528,574,564,625,726,706,916,952,1016,897,924,1248,933,901,878,1104,1112,843,631,961,910,637,612,900,845,850,951,880,930,888,887,715,703,998,962,723,1198,702,680,775,850,908,898,561,671,888,1085,683,636,750,819,1046,807,834,768,689,708,567,516,664,794,991,966,674,634,662,646,647,825,755,922,1063,852,900,800,790,905,1365,746,730,709,681,1034,966,726,784,1121,990,574,578,566,537,796,833,687,691,906,979,684,716
bing_querylogs|config_id=958,1117,1029,712,718,753,783,806,806,877,851,1053,1037,1096,1076,862,871,868,17513,1090,721,745,987,921,738,804,919,977,1003,1008,1150,1150,970,1117,904,948,1013,975,828,826,807,823,884,890,962,929,815,843,1006,1072,787,698,871,931,768,819,843,871,841,812,627,627,929,932,1118,1068,837,945,869,660,674,716,713,1046,1037,840,786,890,888,1051,1051,755,755,826,890,1106,1234,839,920,1019,981,714,714,744,743,961,964,718,693,973,1034,996,1000
bing_querylogs|config_id=959,864,959,676,708,818,769,789,789,863,863,1028,1021,1067,1036,871,861,872,965,989,744,755,948,949,717,720,933,987,1024,1001,1174,1153,1095,1104,854,884,963,963,891,853,798,802,837,835,958,935,821,821,1098,1061,757,757,931,902,789,766,892,895,827,861,590,603,921,921,1085,1089,809,814,824,648,648,695,700,1058,1083,724,747,877,891,1036,1036,739,739,869,787,1282,1199,860,878,1039,1039,669,669,700,700,928,954,730,699,1125,1024,1023,1024
bing_querylogs|config_id=960,1448,1465,1099,1113,1219,1178,1302,1214,1114,1119,1365,1264,1462,1532,1337,1267,1209,1433,1401,1099,1086,1242,1262,1037,1038,1074,1132,1384,1545,1555,1445,1363,1411,1285,1325,1266,1284,1339,1288,1257,1249,1201,1211,1355,1331,1065,1174,1548,1484,1111,1131,1046,1284,1170,1129,1399,1344,1206,1167,847,847,1334,1342,1384,1415,1081,1149,1154,999,1044,994,1126,1741,1669,1106,1223,1324,1356,1509,1274,1158,1097,1176,1053,1451,1461,1278,1287,1620,1653,1016,996,1059,985,1267,1390,1204,1075,1562,1280,1440,1451
bing_querylogs|config_id=961,812,817,677,653,630,638,773,862,915,877,1063,1057,1215,1142,1017,1014,943,1122,1050,776,774,1014,1018,732,762,916,936,920,1024,1043,949,1066,1076,882,786,1160,1037,966,868,801,740,862,828,1018,1012,713,703,1039,1055,743,749,984,950,940,874,911,889,796,801,599,607,777,731,14378,1134,776,787,771,651,670,722,723,1290,1285,1010,991,797,797,1019,1107,809,793,750,780,1178,1068,785,778,1141,1052,695,680,660,654,788,900,770,830,1009,1085,760,771
bing_querylogs|config_id=962,652,712,596,549,489,500,681,712,868,875,845,843,866,1042,913,899,930,943,1036,583,632,808,874,658,608,811,839,826,815,801,853,881,864,766,820,1031,835,1454,670,681,655,743,807,789,875,522,550,918,989,676,617,732,780,887,933,700,756,685,653,495,519,680,608,952,941,672,671,631,574,640,612,560,1039,1036,780,809,791,758,970,809,637,638,651,658,887,889,624,681,1048,865,568,564,583,517,850,673,729,643,908,887,635,692
bing_querylogs|config_id=964,1102,1062,1193,872,1121,896,1008,1018,1098,1036,1328,1226,1697,1646,1230,1182,1240,1368,1674,974,1066,1206,1185,909,916,1074,995,1167,1171,1373,1260,1292,1375,916,965,1483,1411,1224,994,1145,1137,983,1106,1362,1268,1037,1038,1473,1521,899,901,1231,1061,1106,1089,1194,1159,1321,1304,820,762,962,965,1678,1399,1035,1077,928,961,857,1136,923,1225,1197,1150,1145,1241,1233,1271,1137,1132,1180,1060,1143,1273,1386,984,1002,1497,1438,831,828,1057,980,1003,1188,941,955,1281,1581,1173,1219
bing_querylogs|config_id=965,1059,1027,889,832,927,910,979,995,1098,1071,1283,1324,1643,1469,1199,1089,1125,1400,1445,983,950,1400,1194,836,840,1202,997,1158,1235,1298,1237,1305,1282,937,983,1423,1374,1086,1160,1058,989,1009,974,1218,1208,1008,970,1453,1350,896,901,1023,1118,1026,1090,1061,1096,1212,1190,723,726,967,928,1453,1419,970,1039,1043,977,828,1239,1103,1164,1145,1222,1119,1144,1141,1202,1162,1090,926,1027,1003,1337,1356,973,960,1184,1183,822,822,885,922,1080,980,979,913,1406,1443,1168,1182
bing_querylogs|config_id=968,1082,1170,1036,983,1063,928,988,966,1117,1126,1299,1224,1487,1456,1105,1074,1027,1340,1377,976,960,1095,1300,900,843,964,1100,1116,1130,1242,1242,1244,1345,952,945,1406,1407,1201,1377,1080,988,1010,1075,1144,1244,885,1013,1434,1387,886,893,1145,1093,1155,1020,1102,1075,1217,1209,756,730,938,1020,1465,1373,917,1042,962,953,840,1225,939,1092,1202,1098,1025,1240,1126,1205,1196,1032,1001,1037,1070,1266,1253,976,1025,1547,1273,819,824,887,911,1003,1036,934,917,1426,1442,1152,1186
bing_querylogs|config_id=969,1086,1023,1056,1042,979,924,985,1053,1133,1042,1245,1292,1508,1860,1102,1190,1187,1346,1498,983,1090,1120,1380,801,845,1059,1003,1128,1128,1222,1289,1276,1287,947,944,1333,1413,991,1048,1069,1081,1028,1089,1142,1172,994,887,1366,1368,884,947,1037,1050,1022,1002,1094,1087,1220,1202,744,813,987,1018,1573,1507,1022,895,1099,903,865,901,1271,1131,1148,1037,1158,1159,1140,1233,1152,957,945,1038,1004,1259,1230,1001,979,1382,1286,827,826,890,973,974,940,918,949,1334,1472,1149,1160
bing_querylogs|config_id=970,1277,1206,1344,1101,1073,1104,1161,1184,1244,1280,1320,1386,1892,1620,1380,1209,1237,1639,1544,1267,1223,1359,1257,1024,976,1120,1251,1344,1411,1387,1348,1481,1483,1113,1121,1491,1569,1357,1188,1302,1293,1191,1311,1407,1408,1154,1181,1645,1734,1054,1152,1248,1340,1177,1348,1270,1317,1421,1403,975,895,1193,1112,1590,1581,1149,1045,1086,1019,1128,1484,1190,1348,1282,1320,1285,1310,1408,1333,1316,1207,1341,1175,1217,1428,1349,1155,1165,1487,1373,992,991,1105,1081,1194,1258,1152,1114,1504,1521,1364,1350
bing_querylogs|config_id=971,988,947,851,834,786,888,933,959,981,1044,1196,1099,3136,2394,1051,1081,1166,1724,1493,769,979,1201,1220,763,716,984,1076,1099,1041,1246,1155,959,884,964,991,1201,1123,1639,1449,820,880,957,980,1062,1644,701,789,1389,1469,693,794,937,878,1569,1976,1682,2040,1062,962,634,668,822,868,1388,1234,924,809,987,1634,978,960,947,1137,1346,842,933,1099,1157,1098,978,709,708,888,887,1127,1295,794,939,2867,3247,638,620,835,751,1003,1005,1104,1161,1374,2009,893,993
bing_querylogs|config_id=972,914,918,1069,1046,961,759,880,880,1012,1012,1184,1179,1386,1384,1098,1071,1166,1331,1328,866,781,1232,1070,712,763,944,894,1134,1016,1217,1235,1182,1185,919,930,1281,1209,954,952,883,887,1035,993,1022,1125,858,854,1325,1365,837,861,949,924,1096,898,946,938,1085,1053,608,608,805,804,1243,1200,971,910,1057,782,777,942,998,992,1010,987,1125,1023,1137,1032,1008,886,951,1046,982,1112,1110,892,906,978,978,740,732,900,985,955,820,794,810,1170,1295,1063,1030
bing_querylogs|config_id=973,904,861,832,896,765,770,821,825,981,945,1125,1039,1515,1289,1052,1040,1026,1080,1307,800,789,1031,1010,681,699,819,860,869,954,989,1048,1106,1154,797,800,1134,1117,1090,1494,850,839,872,877,963,1068,806,812,1143,1170,876,795,873,916,811,836,897,916,984,980,571,598,830,771,1234,1127,804,937,767,797,707,905,765,991,1206,836,845,967,922,1011,1001,699,994,782,927,1050,993,832,833,1022,1238,697,667,734,720,790,789,776,661,1208,1084,976,1028
bing_querylogs|config_id=975,1068,1026,1049,974,905,886,1133,976,1039,1117,1218,1255,1733,1523,1109,1141,1160,1398,1419,946,954,1287,1314,841,845,1059,1002,1149,1234,1163,1227,1259,1233,995,944,1294,1417,1141,1002,1062,992,1068,1036,1131,1148,981,1018,1431,1363,889,888,1124,1047,1032,1131,1150,1129,1223,1252,756,756,965,965,1624,1381,955,888,881,994,972,1279,953,1162,1281,1094,1150,1173,1118,1234,1210,986,1027,976,1020,1291,1238,959,964,1284,1201,826,817,883,1125,1048,1030,934,917,1692,1387,1196,1194
bing_querylogs|config_id=976,1066,1028,1041,1040,1035,1066,977,978,1045,1102,1178,1270,1669,1620,1091,1185,992,1256,1450,910,944,1303,1228,888,879,964,1008,1119,1149,1216,1111,1237,1348,957,944,1356,1398,1155,1304,1069,1075,1031,1063,1229,1151,1021,1003,1519,1373,899,946,1035,1174,989,1045,1098,1071,1217,1082,732,727,933,1041,1581,1359,1023,990,1013,961,845,901,1267,1167,1092,1040,1154,1213,1124,1210,1185,934,1032,1103,1192,1250,1229,973,965,1156,1548,819,823,923,1009,1017,1073,920,969,1314,1339,1177,1194
bing_querylogs|config_id=977,1437,1493,944,963,905,861,1135,1196,1201,1393,1605,1548,1811,1898,1576,1625,1376,1372,1907,1225,969,1434,1434,960,928,1270,1327,1326,1320,1473,1389,1468,1486,1194,1186,1504,1551,1096,988,1158,1107,1269,1139,1831,1609,1030,1068,1471,1581,931,955,1436,1495,1583,1363,1211,1337,1400,1270,775,820,1016,1025,1513,1583,1075,1100,1109,1055,1072,1279,1257,1548,1476,1764,1736,1210,1235,1401,1415,999,953,1160,1082,1401,1644,1191,1188,1507,1720,843,843,878,858,1442,1357,1023,1043,1422,1538,1265,1165
bing_querylogs|config_id=981,1006,1030,664,665,723,716,926,904,972,900,1225,986,1103,1212,955,1109,963,1123,1211,730,752,1022,1103,747,740,901,876,1055,1064,1044,1014,1054,1038,753,839,911,1027,776,706,764,825,941,835,1026,1117,724,796,1011,955,683,712,907,884,1407,1291,1069,927,1055,1017,620,551,797,792,1108,1309,733,774,821,772,716,839,803,1153,1105,1074,1109,953,1036,1178,1217,789,755,842,769,1038,1243,910,853,1250,1222,640,640,817,701,765,828,683,671,1077,1156,927,929
bing_querylogs|config_id=983,874,937,605,607,579,581,857,1331,1136,1179,1149,1159,1365,1680,1030,1059,1022,1633,1675,805,826,1139,1145,710,727,830,867,938,904,1011,902,1027,1045,17154,738,1081,1131,932,1210,832,1134,947,17256,1026,954,628,614,1219,1229,724,814,891,890,986,1085,993,907,820,823,563,552,876,685,1252,1329,16345,806,800,676,808,746,773,1130,1174,1008,896,16319,916,1019,1071,801,822,820,890,1151,1026,735,784,1055,1189,632,1041,604,604,800,779,769,789,1133,16914,862,842
bing_querylogs|config_id=984,833,793,621,600,568,637,791,762,1009,910,986,1035,1098,1098,1026,1005,992,986,1040,655,664,994,1134,697,697,947,907,928,941,1013,1077,969,983,885,927,967,1071,1022,1008,752,753,917,891,1027,951,588,587,1085,1014,690,752,882,886,1985,1069,897,795,829,830,629,588,706,824,1133,1030,695,697,698,674,695,725,631,1221,1069,978,968,858,829,990,1229,781,812,761,738,1089,1142,715,800,982,1198,619,654,574,603,832,885,778,784,1037,956,799,833
bing_querylogs|config_id=985,897,901,909,926,874,862,826,853,1017,989,1175,1145,1272,1119,832,797,959,1375,1210,773,877,939,1200,710,754,849,862,935,1034,1182,1168,1233,1184,802,810,1238,1179,1096,894,845,998,914,982,1055,1102,821,817,1492,1365,786,820,972,960,1082,948,1007,969,1169,1099,580,579,889,806,1449,1337,802,805,854,766,798,1054,1042,1081,1032,968,997,1122,1067,992,980,761,865,935,892,1107,1040,827,831,1444,1461,672,672,859,736,786,831,859,811,1272,1496,1058,1056
bing_querylogs|config_id=987,949,893,919,721,745,766,854,877,960,973,1119,1231,1430,1518,1028,1107,980,1312,1865,793,813,1266,1197,715,722,917,940,947,1014,1195,1044,1166,1320,804,811,1156,1234,1020,1474,873,872,974,979,1091,1118,824,823,1277,1295,758,799,972,966,904,849,923,1045,1160,1061,583,580,871,873,1260,1463,781,872,849,753,701,1051,1052,1150,1126,1140,997,1117,1112,1111,1092,931,1001,922,916,1122,1109,833,833,1109,1246,683,676,739,870,908,957,772,815,1307,1190,1040,1012
bing_querylogs|config_id=988,1077,879,852,917,735,726,833,834,978,978,1147,1123,1423,1343,936,1084,926,1170,1270,910,898,1062,1173,701,644,900,832,918,929,1202,1078,1133,1175,747,794,1116,1113,1047,1504,810,808,945,855,1057,1060,736,773,1485,1320,817,881,943,846,1061,908,929,939,1005,981,565,594,795,858,1319,1334,860,894,760,759,628,903,811,952,959,942,967,1023,962,1017,1171,738,796,806,807,1073,1081,877,877,1287,1123,667,671,765,727,806,924,782,845,1301,1385,1005,1031
bing_querylogs|config_id=989,896,911,681,841,730,750,850,798,780,893,1158,1090,1442,1355,837,848,861,1504,1593,849,907,1092,1251,688,628,821,854,1015,867,1008,1030,1013,1015,798,803,1176,1181,902,1248,938,811,909,920,989,1115,749,786,1358,1297,822,812,918,856,898,846,872,890,1070,949,604,604,806,789,1261,1210,765,952,1009,725,725,1163,1140,952,956,975,1029,1091,979,982,985,779,907,902,842,1046,1033,807,865,1034,1020,675,678,742,724,799,791,800,820,1372,1220,1047,1028
bing_querylogs|config_id=990,927,901,768,956,777,734,963,850,793,788,1178,1074,1367,1232,868,887,966,1707,1179,765,808,1116,953,747,713,896,825,912,841,1165,1074,1158,1259,814,819,1096,1180,985,1114,856,821,851,847,1047,990,875,900,1370,1416,833,757,1056,971,944,919,936,948,1082,1051,570,567,841,841,1098,1060,757,827,854,758,725,1020,1002,967,970,1013,1042,1001,1162,992,975,856,879,929,888,1108,1065,881,823,1039,1288,678,667,734,732,827,875,800,832,1119,1303,1064,1018
bing_querylogs|config_id=991,881,887,913,898,769,716,866,805,773,776,1151,1038,1348,1248,1025,971,819,1385,1243,934,881,1033,1123,664,742,878,927,945,958,1166,1095,1128,1135,784,785,1156,1103,1067,1032,958,839,849,923,1111,1121,743,876,1197,1284,833,755,974,929,913,916,935,1001,945,1036,648,589,783,862,1271,1401,857,929,831,736,712,836,870,1316,1012,951,1006,946,1047,988,973,871,871,865,755,1027,1073,811,813,1205,1107,664,670,717,760,839,862,782,814,1403,1222,955,968
bing_querylogs|config_id=992,709,730,587,574,528,529,785,796,920,924,936,950,1567,1304,1087,1019,947,1506,1585,774,753,864,1043,692,686,790,937,902,867,829,848,928,935,729,902,893,928,994,755,703,773,992,857,982,983,646,574,996,972,596,592,835,973,1363,1006,788,845,704,670,543,543,776,737,1077,1043,657,636,652,617,657,890,837,1083,964,925,1116,822,757,857,834,757,719,661,654,943,1045,752,825,1352,1103,593,594,584,687,901,935,841,730,989,996,719,768
bing_querylogs|config_id=993,903,904,887,858,863,771,838,830,784,781,1009,1193,1231,1254,1105,800,960,1174,1308,825,829,1192,1038,752,713,911,961,927,864,1060,1108,1144,1164,793,797,1131,1206,1156,947,869,867,921,874,1015,1093,835,833,1312,1237,783,816,1039,856,887,907,992,985,1099,1080,567,654,825,880,1317,1473,762,867,822,758,731,1069,1047,1007,1016,1002,1137,972,972,985,971,768,877,908,921,1062,1054,818,880,1276,1279,668,671,732,722,929,870,795,802,1238,1212,1033,1036
bing_querylogs|config_id=994,928,875,936,897,733,697,810,762,776,881,1041,1026,1352,1399,1047,898,973,1497,1304,828,852,1189,1144,689,679,805,828,929,1029,1153,1056,1029,1184,779,788,1102,1276,1036,881,806,835,907,852,985,1081,798,862,1363,1204,808,768,945,892,858,875,948,1012,974,1047,562,557,879,848,1452,1271,872,842,888,782,730,791,776,960,1043,1060,1064,1028,997,971,1115,883,766,749,871,1063,1086,817,884,1117,998,655,659,752,727,840,881,1063,794,1320,1303,1013,1025
bing_querylogs|config_id=995,965,881,746,907,846,726,833,883,985,962,1132,1076,1522,1541,840,980,849,1533,1254,1060,894,1115,1127,746,753,957,917,913,986,986,1089,1321,1231,801,857,1293,1268,949,1424,875,858,876,882,1104,1104,775,737,1385,1284,778,715,950,1047,890,886,996,977,1137,1109,639,700,865,830,1285,1222,772,805,1006,845,843,1098,1053,1334,1028,965,990,1024,979,1080,989,756,763,880,837,1117,1068,915,909,1015,1172,682,686,720,775,780,959,781,772,1162,1295,1053,1065
bing_querylogs|config_id=996,962,936,1055,1064,814,1035,875,890,1046,1054,1082,1106,1467,1581,1151,1121,1167,1326,1259,901,988,1164,1241,747,693,858,885,1012,1040,1170,1119,1209,1077,957,951,1282,1280,1046,986,906,901,989,962,1085,1100,855,850,1446,1338,846,869,1101,945,919,962,980,979,1184,1145,648,649,979,925,1270,1279,986,1046,939,744,738,1041,1161,1033,1156,978,924,1139,1090,1045,1004,938,1089,1050,990,1113,1131,934,937,1181,1218,750,769,963,884,922,1055,833,853,1133,1218,1095,1095
bing_querylogs|config_id=997,904,902,853,715,896,771,775,834,785,782,1099,1112,1367,1277,802,842,831,1321,1440,896,746,951,955,655,729,815,839,973,892,1090,1067,1054,1165,815,811,1126,1208,1057,1195,814,856,903,977,1021,984,820,865,1337,1308,840,738,873,964,894,871,901,895,1118,1038,659,602,830,800,1317,1251,847,826,866,744,792,791,1077,1034,961,965,977,1024,1003,1109,974,845,795,887,765,1017,1046,807,818,1287,1283,672,672,747,737,931,783,807,818,1176,1363,1062,1086
bing_querylogs|config_id=998,890,900,682,897,864,758,826,838,1001,998,1149,1069,1464,1416,840,1039,972,1185,1367,841,720,1194,959,702,697,796,839,1013,925,1122,1073,1179,1157,812,817,1138,1195,1105,1051,885,881,1001,931,1004,972,783,830,1403,1492,796,801,1027,903,924,870,972,954,1102,1098,598,595,855,826,1386,1344,869,768,749,762,721,970,810,1197,1141,987,941,981,1122,1092,970,777,757,785,869,1041,1078,815,873,1082,1142,694,744,724,710,832,928,770,775,1159,1290,1054,1002
bing_querylogs|config_id=999,778,817,573,574,555,556,702,699,845,917,918,1018,1220,1187,988,1009,978,978,1131,649,654,1069,915,694,682,877,866,830,916,860,915,954,965,773,740,1133,953,692,703,753,708,801,809,1008,1031,597,596,1067,919,675,641,819,812,855,947,810,799,719,798,533,538,701,702,1107,1042,705,709,719,701,635,882,749,1075,1148,2232,869,807,862,971,975,670,634,719,703,950,1045,734,730,1147,1158,610,610,583,565,749,896,699,777,1068,1041,727,771
bing_querylogs|config_id=1000,1048,917,910,873,787,757,848,851,881,1033,1164,1074,1387,1249,784,1017,897,1172,1266,761,849,1106,1027,840,800,812,871,972,940,1086,1089,1161,1263,808,809,1160,1233,1037,1157,878,872,899,867,949,1107,896,892,1254,1286,741,798,947,972,890,892,992,1001,1074,1176,582,597,896,879,1443,1367,913,861,978,810,810,1170,1244,1186,1135,1022,1063,983,1108,1029,984,865,761,805,968,1114,1115,833,831,1307,1105,678,678,874,737,952,953,809,833,1302,1314,1057,1031
bing_querylogs|config_id=1001,931,889,880,786,909,723,801,846,981,792,1072,1132,1425,1265,998,1103,964,1406,1367,820,814,979,1005,745,624,956,843,972,944,1037,1042,1204,1185,789,794,1111,1119,1046,795,963,859,970,838,1023,1087,878,875,1278,1321,728,726,1051,1065,881,883,922,902,1081,1058,570,571,809,819,1272,1306,839,853,737,774,740,1146,1122,969,945,1043,1051,1091,998,958,914,762,894,923,932,1065,1050,827,885,1280,1400,666,668,735,828,904,893,835,777,1126,1198,1029,1017
bing_querylogs|config_id=1003,1103,1044,1070,899,946,936,1015,1006,1174,1181,1522,1324,1390,1442,1169,1226,1221,1370,1447,973,965,1100,1246,996,857,969,1037,1165,1168,1160,1233,1367,1332,965,967,1333,1366,1199,1519,1040,1155,1079,1080,1281,1111,985,987,1518,1440,896,947,1106,1121,1062,1074,1056,1086,1222,1210,738,731,963,1025,1532,1548,1007,896,938,965,938,1056,1256,1187,1289,1151,1270,1153,1270,1169,1148,983,1152,1113,1049,1321,1252,988,988,1188,1487,833,828,897,982,1034,980,971,944,1295,1517,1175,1165
bing_querylogs|config_id=1004,954,894,889,716,894,728,826,932,969,985,1220,926,1341,1290,978,920,1034,1114,1191,778,815,1080,1113,706,691,876,839,1014,908,1073,1138,1154,1108,801,800,1167,1241,1038,939,832,873,921,957,996,996,881,856,1247,1386,751,723,945,979,885,882,948,910,965,895,657,574,857,862,1411,1305,790,841,819,733,794,936,1009,960,958,964,1000,966,1034,1063,966,833,796,896,765,990,995,834,860,1084,1280,680,716,729,715,810,900,796,821,1310,1220,1007,1039
bing_querylogs|config_id=1005,1060,1059,1055,936,954,939,993,992,1096,1061,1314,1313,1530,1614,1143,1187,1245,1478,1437,873,1066,1209,1463,902,869,1034,1073,1209,1168,1278,1225,1352,1423,965,958,1387,1467,913,1086,1132,1123,996,1059,1249,1143,1024,998,1504,1448,894,942,1130,1132,1044,1079,1164,1155,1368,1271,731,744,1049,1019,1464,1387,975,925,1043,967,998,1322,963,1204,1184,1129,1110,1134,1238,1244,1130,945,957,1033,1035,1195,1215,994,994,1318,1685,831,830,905,1093,1032,1015,940,898,1520,1469,1218,1212
bing_querylogs|config_id=1006,891,873,816,728,537,538,833,847,966,1003,1084,1078,1981,3256,1059,1123,1051,1487,1458,739,725,1074,1126,697,806,860,989,1054,1018,1039,982,966,974,800,736,999,1004,1375,2462,722,725,983,959,2903,3386,784,769,1180,1186,785,788,944,969,1679,1630,965,922,806,835,546,546,773,743,1286,1178,705,712,709,652,652,716,716,1239,1245,1091,908,1074,1063,1002,1097,729,757,705,708,1032,1189,828,849,1236,1264,612,611,544,546,989,961,822,903,1082,979,952,771
bing_querylogs|config_id=1008,805,787,614,615,559,560,736,696,877,935,926,926,930,1129,976,972,915,936,1091,733,653,994,919,805,697,896,884,927,928,938,942,954,969,871,752,974,1047,717,750,707,740,882,864,971,885,601,600,979,1061,707,716,866,861,1010,966,743,878,799,718,547,592,698,698,980,1086,739,710,711,659,650,777,773,1153,1312,884,986,762,804,969,950,681,721,726,736,1022,1098,742,721,971,1065,614,614,580,647,859,869,816,658,965,1043,742,713
bing_querylogs|config_id=1009,781,771,537,526,510,508,719,667,829,905,1003,1041,1098,1171,885,908,881,1176,1123,649,619,1058,1093,652,631,914,856,851,904,954,803,879,882,685,684,850,1005,1479,747,646,673,861,771,1117,1017,629,658,969,912,690,616,811,828,1062,1104,765,782,703,732,512,504,772,779,1049,916,696,677,669,670,668,607,923,945,966,932,1098,833,751,1011,966,737,577,655,733,995,972,709,728,1075,1091,571,564,533,531,728,805,745,713,1086,1077,618,687
bing_querylogs|config_id=1010,785,695,539,541,516,572,755,746,837,991,852,991,1209,1215,988,899,925,1080,1020,652,649,1002,865,644,674,914,976,936,887,938,816,886,889,692,685,986,910,693,981,683,682,771,835,968,1051,558,656,1099,1085,626,632,818,874,1063,892,778,766,660,653,574,558,787,766,978,921,747,667,654,639,654,673,711,955,1031,810,859,861,832,915,917,767,730,660,732,978,914,774,722,1022,978,576,569,580,535,824,677,705,691,954,957,681,698
bing_querylogs|config_id=1012,1258,1258,662,665,646,647,1159,1078,1079,1082,1389,1378,1785,1881,1083,1080,1074,3532,3646,941,950,1062,1121,732,730,801,789,1139,1221,867,864,995,1016,960,1064,918,918,2903,2844,938,1015,1025,1025,2119,2101,851,796,1716,1728,1019,904,825,983,1228,1176,1027,1006,874,936,577,558,732,911,1392,1435,667,667,661,1492,1481,1535,1506,1402,1245,2405,2466,1188,1168,979,961,781,783,826,823,1132,1279,745,745,1425,1664,632,632,579,565,921,916,999,1008,1927,1971,1277,1290
bing_querylogs|config_id=1021,1437,1429,797,798,690,717,1200,1075,1075,1006,1579,1563,1958,1821,1084,1092,1078,3869,3809,1067,1064,1009,1222,776,775,897,947,1431,1442,1131,1128,1038,1058,1131,1090,1010,1051,3134,3059,1060,1096,1225,1071,2268,2268,844,840,2016,1616,694,694,960,1098,1445,1449,1236,1256,967,969,653,587,781,781,1382,1417,788,790,782,1329,1353,1630,1633,1349,1408,2704,2717,1204,1024,1114,1005,716,832,989,976,1444,1444,915,850,1489,1493,673,673,597,808,1121,1109,1087,1185,1883,1898,1309,1346
bing_querylogs|config_id=1024,1075,1113,863,759,950,817,1132,963,1174,1095,1549,1431,2407,2360,1258,1174,1234,2355,2331,962,1087,1214,1471,804,751,1003,908,1122,1453,1217,1197,1092,1031,1055,1084,1177,1062,1194,1031,873,1041,1213,1207,1941,2162,883,1082,1869,1826,725,719,1039,1093,2400,2762,1016,1473,1103,915,682,589,1102,921,1416,1336,883,1000,897,1336,1283,1088,1010,1269,1341,1254,1252,1203,1162,1183,1228,870,808,947,983,995,1117,1025,947,1774,2260,637,637,1005,924,1170,991,1146,1044,1331,2671,1004,1256
bing_querylogs|config_id=1025,984,1083,772,734,760,773,1020,1027,866,906,1190,1160,1298,1214,1018,969,1080,1122,1237,967,987,1092,1124,779,780,858,838,1209,1192,1127,1097,1119,1147,835,873,1155,1034,783,814,907,871,959,938,1043,980,851,721,1380,1314,732,732,1057,906,1058,1012,1545,1063,954,940,612,620,900,873,1191,1228,833,848,806,806,966,901,1175,1297,1338,1241,1082,1012,933,1122,1119,773,752,873,816,1059,1216,877,874,1294,1286,746,746,770,817,943,970,17096,887,1122,1242,1061,944
bing_querylogs|config_id=1026,1351,1391,762,747,701,677,1023,1036,1012,1005,1375,1376,1773,1761,1004,994,1058,3748,3915,1043,1032,1014,1063,767,767,840,818,1288,1376,950,933,1062,1080,1091,1103,929,952,3265,3255,978,939,1064,1075,2719,3022,856,832,1575,1555,745,750,873,874,1338,1483,1053,1066,920,894,617,617,795,795,1155,1249,691,722,686,1406,1383,1743,1749,1337,1338,2664,2673,1001,1007,1025,1013,769,768,904,898,1178,1267,788,867,1526,1622,691,692,617,601,1061,1037,1122,1151,1715,1836,1320,1295
bing_querylogs|config_id=1029,1246,1239,657,660,633,635,942,942,1057,1060,1240,1233,1880,1990,1025,937,925,3988,4153,921,933,959,1014,718,715,784,771,1125,1207,864,861,980,1001,973,978,894,898,2896,2895,1046,1043,1006,1006,3085,3085,843,840,1712,1712,651,649,842,827,1424,1421,999,975,863,837,555,556,706,706,1041,1150,654,654,649,1249,1249,1492,1495,1225,1239,2281,2295,953,986,926,935,614,609,815,808,1057,1148,752,744,1605,1745,632,632,572,562,952,949,998,1001,1486,1602,1369,1372
bing_querylogs|config_id=1037,722,732,620,632,568,567,648,668,941,66431,66554,1188,1188,1230,991,1021,1025,919,1130,730,694,982,990,768,776,838,868,1084,977,1005,1111,1019,1038,889,797,1096,1095,1330,2629,757,752,786,787,1001,1276,767,607,1031,1045,679,737,3254,865,895,1094,818,871,833,760,551,580,734,738,1150,1364,729,731,735,699,699,634,637,1290,1250,898,1011,729,729,1139,1151,743,745,751,733,1080,1079,851,786,1598,1660,618,617,587,586,835,840,699,676,1089,1231,701,704
bing_querylogs|config_id=1054,740,746,607,610,583,576,664,667,1043,967,1008,1019,986,1008,926,927,923,973,944,716,711,1005,1005,729,714,899,931,960,999,1005,996,1043,1065,901,916,1091,1125,598,608,746,758,800,795,817,994,622,622,1002,1027,626,626,836,880,824,827,939,929,769,777,585,582,744,719,1097,1101,744,734,738,591,591,662,653,1280,1283,855,809,747,747,988,1069,663,721,740,734,1081,1062,803,777,911,931,629,637,595,594,830,838,656,712,1100,1082,719,722
bing_querylogs|config_id=1055,1002,994,836,777,927,906,904,899,933,893,1244,1276,1215,1064,1152,1010,1019,951,1032,877,855,1188,1369,768,771,916,948,1111,1129,1210,1157,1207,1218,837,844,1150,1144,736,687,928,836,972,1016,1414,1204,841,742,995,1010,765,770,987,993,1092,1018,848,1052,949,964,625,619,814,812,1156,1254,914,779,794,754,656,1248,1818,1257,1370,1010,2110,1098,1047,1128,1105,993,769,790,870,1138,1170,833,875,1166,1277,724,768,900,746,998,934,929,892,1261,1415,1040,1046
bing_querylogs|config_id=1066,915,982,624,767,784,674,770,776,990,955,1191,1020,2259,2476,940,1036,1103,2357,2025,770,1031,1070,1285,688,693,830,820,954,1253,1238,1114,940,957,1011,901,977,1010,841,829,832,808,996,944,1106,1473,856,1185,1512,1389,715,698,816,965,3111,2591,1920,1036,831,1000,574,565,839,735,1120,1239,824,868,830,2112,1810,1025,1019,1199,1131,1664,1263,1058,1142,1182,920,698,672,870,824,987,1181,754,852,2037,1490,617,617,760,765,907,966,1072,2083,1971,1181,927,846
bing_querylogs|config_id=1086,715,709,589,590,574,576,655,651,928,948,1009,978,912,881,1034,1006,1056,897,961,674,680,939,939,683,690,918,964,949,1090,1021,942,1004,1017,938,872,1192,1082,603,601,728,734,809,829,947,795,609,609,1010,985,645,641,779,806,805,841,809,883,736,731,578,573,717,717,1041,1022,731,734,717,593,603,629,629,1221,1204,773,859,722,722,977,1011,639,639,735,731,1038,1038,761,768,910,902,621,621,589,585,779,823,640,646,1059,1022,723,712
bing_querylogs|config_id=1101,1219,1256,1006,876,752,952,1089,1604,1183,1166,1184,1274,1849,2124,1262,1426,1389,1743,1434,970,960,1326,1295,971,911,1179,1127,1259,1291,1259,1360,1157,1107,1079,1087,1219,1308,1143,979,1003,967,1115,1165,1595,1455,1074,912,1394,2553,846,843,1001,1101,2183,2307,1017,1069,1117,1155,785,831,918,1083,1296,1414,1157,1101,992,1569,1733,1092,1153,1391,1209,1429,1285,1192,1154,1171,1273,854,971,1092,1048,1166,1388,1023,938,1175,1613,812,780,978,933,1108,1059,1322,1104,1359,1928,1164,1089
bing_querylogs|config_id=1144,826,785,602,603,529,530,754,815,1052,829,1004,1055,1022,1027,974,982,1009,1051,1107,847,702,1051,921,686,650,822,880,893,1022,803,866,985,1104,972,1029,1133,1194,744,681,734,736,837,780,988,920,573,654,957,1033,664,669,807,822,1737,1501,804,821,944,803,624,558,822,837,1014,941,711,682,774,696,663,968,973,984,1134,843,1213,975,885,859,941,714,689,764,735,991,1017,1055,846,976,915,585,644,674,680,906,828,655,819,1012,1237,705,793
bing_querylogs|config_id=1145,835,862,689,854,761,625,803,1305,952,1034,1275,1337,1996,2014,985,1151,920,1425,18749,741,686,1088,1021,567,609,798,830,935,1008,1127,1204,902,825,862,783,1022,1116,995,999,745,751,871,991,1455,1397,691,676,1048,988,673,635,897,889,2104,2068,17303,861,834,896,550,16898,742,702,1258,1370,921,868,789,2958,1273,598,872,1131,1105,833,725,860,1074,1046,892,633,777,655,794,1133,1049,707,675,1232,1252,557,557,737,725,861,895,842,995,2129,2578,872,887
bing_querylogs|config_id=1183,957,795,734,666,616,634,1323,1008,904,902,1090,1050,1255,1242,979,985,872,1075,1037,1330,1029,993,988,739,743,860,903,956,908,1178,1327,1024,1065,823,807,1069,923,877,2649,871,915,857,911,1015,1005,874,845,1351,1253,702,749,931,876,38560,37851,1962,881,984,915,636,612,753,764,1194,1199,789,746,787,1138,1101,1020,1243,1153,1133,856,1329,939,992,963,960,793,773,822,775,1052,1208,815,791,1297,1328,713,703,637,629,796,875,691,698,1170,1163,921,924
bing_querylogs|config_id=1184,977,969,804,762,778,744,1092,1285,1021,972,1143,1084,3347,1679,1072,1046,1053,1346,1489,1033,1079,1154,1022,720,683,837,946,1124,1213,1138,1106,954,952,894,1023,1066,1126,779,1774,852,852,965,970,1105,1295,729,725,1234,1230,690,741,876,969,1819,1301,2076,2964,950,907,599,590,832,882,1304,1339,776,839,866,1449,923,667,876,1121,1109,885,1012,1165,1048,915,927,835,732,852,835,1117,1040,928,882,1013,2623,610,611,734,632,980,1049,1037,1190,1145,1192,782,910
bing_querylogs|config_id=1185,1117,1075,812,947,922,929,843,943,1062,995,1176,1099,1172,1162,1226,1019,1210,965,1052,869,917,1068,1077,797,863,1041,999,1035,1116,1332,1270,1118,1030,1075,925,1175,1078,875,795,1047,911,1007,1147,1037,1063,918,935,1231,1197,922,838,909,1117,948,921,932,859,995,1069,644,714,927,886,1229,1280,954,925,1001,812,825,841,872,1320,1094,821,798,1031,1029,1154,1154,907,858,955,874,1322,1320,884,997,1131,1124,685,683,817,873,1124,1102,869,880,1229,1152,1103,1168
bing_querylogs|config_id=1186,1025,1034,858,860,740,742,2411,1822,898,899,1525,1519,2931,4167,1129,1010,1005,8711,9456,1044,1052,1149,1167,763,762,864,894,1221,1223,1288,1313,1109,1122,1002,834,1100,1480,1496,1269,996,972,1081,1081,2908,3138,788,787,1986,2053,687,737,958,977,9741,15657,7846,5958,975,983,581,580,976,976,1507,3356,762,762,756,4103,5446,958,1016,1514,1522,1474,1471,1182,1182,1193,1239,858,839,727,716,1222,1265,901,901,2697,1875,669,668,717,731,958,969,1094,1192,1746,1546,993,994
bing_querylogs|config_id=1187,1033,1064,687,681,731,722,958,915,815,817,1124,1113,1139,1148,959,969,948,1066,1064,1033,924,1038,1147,705,705,795,836,960,1243,1083,1077,1083,1089,795,795,997,1017,884,935,799,798,829,892,956,1219,801,810,1159,1171,686,686,888,919,944,842,1302,890,852,845,656,626,814,812,1095,1117,781,764,736,758,686,1253,1553,1203,1186,951,1521,988,943,1034,1032,729,689,796,804,1006,1162,808,801,1291,1045,704,704,742,731,842,870,1217,1168,1128,1133,884,989
bing_querylogs|config_id=1188,945,1020,655,657,634,618,1364,1313,913,927,1220,1147,1591,1982,1231,1068,1132,1278,2399,995,1005,1180,1270,749,749,856,830,1156,1133,1172,1355,1000,1022,875,795,987,894,4558,3634,1242,939,986,1030,1594,1083,719,774,2257,1580,730,730,818,1011,11310,38662,927,3728,1027,1074,594,609,807,914,1178,1198,835,802,881,1192,3909,963,1165,1199,1220,904,810,1042,1169,1027,1020,912,951,785,749,1139,1117,801,903,1178,1792,685,684,651,630,968,809,685,690,1527,1347,1005,1014
bing_querylogs|config_id=1189,1379,1061,824,818,800,835,1054,965,1066,1220,1312,1299,1544,2016,1275,1295,1162,1356,1527,977,977,1219,1223,994,882,940,921,1246,1216,1263,1264,1313,1185,1092,1086,1205,1216,817,814,1163,1132,1205,1184,1095,1111,1018,972,1266,1287,939,1001,1127,1150,1020,1214,1107,1107,970,1001,699,677,1068,965,1372,1456,954,1138,1002,794,770,990,956,1367,1335,1020,984,1184,1182,1248,1268,934,922,1009,956,1415,1600,1056,1081,1508,1390,740,738,1115,848,1077,1140,910,991,1234,1200,1076,1109
bing_querylogs|config_id=1190,1180,1256,730,773,869,864,895,1008,993,970,1190,1137,3080,1727,1158,1045,1086,1457,1503,887,889,992,1051,855,858,1009,1070,1122,1031,1140,1229,1093,1029,975,908,1038,1008,744,1047,913,978,2031,901,1113,1041,888,887,1128,1168,877,911,1022,1040,836,859,1007,960,877,844,629,701,950,854,1182,1187,840,981,902,709,709,876,971,1219,1192,813,834,993,904,1131,1163,828,843,803,782,1202,1248,915,965,1751,1878,667,666,766,766,996,948,818,738,1127,1126,1147,1115
bing_querylogs|config_id=1191,1017,833,701,683,594,599,1424,1221,830,835,1136,1026,1272,4964,1022,1049,940,5415,9486,839,753,1196,1219,712,719,901,943,1088,1108,1022,1101,990,1001,893,771,995,1035,676,882,893,986,867,911,1387,1520,675,673,1586,1471,688,667,1028,993,8912,16367,983,914,882,927,588,591,910,901,1525,1358,716,760,704,1628,7952,1333,1114,1178,1231,1282,1079,1054,1228,1000,1028,724,720,792,815,1081,1074,883,837,1862,1721,644,648,621,626,783,851,679,675,1149,1110,1221,989
bing_querylogs|config_id=1192,1070,1070,704,694,753,753,869,870,1102,1063,1062,1087,1106,1064,980,1013,961,1229,1262,718,736,971,963,729,737,933,972,979,976,1206,1150,1107,985,876,878,1023,973,747,809,845,886,1012,953,919,919,764,775,1149,1136,758,758,878,885,702,825,853,867,884,842,613,586,808,807,1040,1039,744,776,735,699,681,691,689,1162,1175,753,814,972,960,1040,1044,721,722,814,793,1197,1268,852,881,1112,1190,658,651,728,727,934,948,731,764,1117,1117,951,959
bing_querylogs|config_id=1193,1198,825,729,808,681,704,2076,6800,915,986,1489,1247,7706,9132,1228,1069,1018,5211,5714,961,1017,1216,1139,703,846,980,1001,1119,1045,1011,1192,1117,1157,862,875,1073,1098,768,805,935,1004,916,876,1566,1692,715,713,5002,1885,866,838,1053,1134,13209,9114,787,896,904,894,601,608,1022,959,1512,1522,852,773,826,2216,1995,939,1195,1297,1534,1882,1219,1057,1041,1177,1181,792,768,732,845,1277,1227,948,923,1624,1793,743,737,692,692,934,915,1111,693,1192,1166,1073,918
bing_querylogs|config_id=1194,757,1183,640,619,583,527,1023,1253,897,952,1072,1211,3906,10509,910,876,1035,1595,6403,741,761,1221,1170,642,643,825,894,819,807,932,1086,902,918,703,708,880,905,659,965,817,861,754,749,1389,1303,576,574,1629,4389,607,635,857,950,8113,12515,735,965,806,834,550,496,794,793,1349,1317,658,694,689,1410,3128,816,995,1154,1241,1029,1171,1058,1003,866,884,641,637,661,726,966,994,784,746,1548,1718,603,595,538,538,718,829,602,609,1080,1024,910,837
bing_querylogs|config_id=1195,962,962,734,908,823,824,837,860,1019,1045,1130,1136,1206,1055,974,1045,1232,1111,1231,719,981,1097,1135,746,754,803,824,1080,1176,1152,1117,1097,1185,784,975,1021,1032,1091,1319,826,823,884,872,1159,1302,906,901,1277,1284,751,745,1126,1182,1046,1090,1063,1079,801,803,608,617,892,1041,1335,1591,828,824,822,1495,939,1098,967,1315,1209,944,1019,1054,1036,1136,1099,872,874,906,839,1215,1284,923,925,1308,1394,683,682,605,604,966,961,922,1060,1268,1241,993,898
bing_querylogs|config_id=1196,1130,1157,816,840,924,910,1065,1065,1043,1015,1191,1173,1331,1133,1015,1000,1073,1058,1259,1134,1212,1145,1124,717,723,1022,1078,1405,1137,1288,1442,1146,1077,915,1008,1243,1179,16581,889,1051,967,982,1063,1135,1126,1025,960,1231,1284,839,845,986,1033,950,1030,1178,1256,998,979,793,804,993,1001,1322,1331,848,952,803,872,899,946,15218,1355,1380,1077,1018,1201,1067,1267,1243,906,885,899,931,1225,1326,1002,1006,1234,1339,881,929,917,917,974,940,1020,17000,1297,1189,1127,1110
bing_querylogs|config_id=1197,1081,1054,815,789,874,899,1070,1051,952,911,1232,1223,1134,1253,971,1018,999,1192,1217,1176,1040,1227,1170,740,749,916,1026,1320,1316,1213,1233,1131,1132,907,993,1190,1173,1384,935,899,997,973,1070,1130,1131,941,986,1266,1308,827,827,1091,901,1050,1225,1260,14736,950,1005,729,730,1008,991,1245,1275,861,933,909,873,943,930,970,1233,1281,1074,1092,1054,1054,1208,1196,841,862,907,913,1238,1318,942,942,1316,1218,861,861,872,907,952,941,1223,1137,1323,1346,1072,1071
bing_querylogs|config_id=1198,1131,730,698,681,536,536,1333,1674,787,797,990,959,10444,2477,1085,1181,1011,15863,10498,928,755,1321,1214,685,742,875,976,817,865,947,928,947,963,723,740,840,962,736,1833,967,973,1083,1033,1848,1841,595,589,1518,1722,615,649,940,1014,14232,5686,1170,1789,1016,950,549,501,856,864,1685,1351,778,659,798,9661,2793,845,896,1955,1398,1358,1347,1147,1100,1025,911,654,641,790,790,1005,1021,1022,1005,1640,1737,587,587,598,580,727,727,635,979,1203,1083,1241,1326
bing_querylogs|config_id=1199,1077,1050,752,821,870,790,971,952,1169,1056,1189,1206,1347,1946,1286,1231,1191,1518,1610,904,967,1065,1056,819,821,991,1047,1201,1190,1219,1181,1084,1232,973,1022,1252,1107,767,768,1076,1028,934,1053,1038,1131,942,896,1254,1276,928,924,906,1115,848,881,992,944,942,914,667,691,985,943,1292,1286,812,842,897,738,739,910,998,1179,1251,949,930,1134,1147,1189,1202,870,916,904,1018,1365,1287,1036,1036,1371,1478,673,673,910,771,1033,1100,926,758,1121,1160,1059,1082
bing_querylogs|config_id=1200,1150,1245,948,909,728,879,1023,983,1094,1235,1235,1196,1695,1881,1300,1310,1211,1304,1954,1041,1035,1138,1162,873,926,942,1007,1322,1219,1216,1416,1216,1224,1064,1170,1120,1157,1262,1003,1151,1015,1064,1048,1242,1161,975,1034,1291,1296,1118,927,1173,1090,945,919,1053,1035,1023,1086,677,678,1018,1026,1258,1343,886,877,882,782,765,886,1016,1314,1299,979,1001,1136,1197,1171,1201,884,943,888,931,1285,1448,1122,1047,1384,1272,747,747,863,792,1154,1161,867,797,1240,1174,1045,1030
bing_querylogs|config_id=1201,862,949,877,750,738,736,1052,1310,951,954,1249,1132,1206,1166,1053,924,1051,1153,995,1191,1083,1076,1104,749,741,966,1005,994,905,1148,1205,1136,1114,833,845,1039,968,1635,953,1030,992,957,919,967,961,894,846,1097,1201,882,915,1014,996,37386,6365,2124,3833,1103,988,720,704,846,836,1166,1424,870,856,881,1085,1843,946,1073,1133,1236,945,1139,1181,1090,1081,1133,915,931,775,924,1322,1320,808,866,1278,1431,712,715,708,710,879,930,806,792,1161,1193,922,1028
bing_querylogs|config_id=1202,1137,1071,634,680,577,578,1240,1513,859,902,1157,1078,2444,1525,1039,1073,1025,5252,1224,943,881,1088,1296,771,713,895,855,1044,843,1094,1137,952,966,752,844,1102,962,881,40477,1064,964,895,827,1060,1160,637,896,1508,1258,709,716,815,792,11897,36267,3214,4175,937,997,589,590,870,772,1060,1103,790,724,859,1122,2600,1446,1097,1280,1104,951,920,1052,1165,1034,1002,905,805,777,723,1028,1109,859,859,1262,1450,649,611,623,626,756,705,757,656,1170,1327,842,928
bing_querylogs|config_id=1203,1146,1060,622,796,692,698,799,945,1120,902,1111,1201,1930,1245,1018,1225,1007,1543,1742,1036,985,1242,1330,770,789,896,939,1321,1193,1199,1122,1142,1173,776,826,1059,1154,3786,1369,1028,1060,988,1048,1263,2698,784,766,1474,1212,664,662,1103,1054,876,974,2715,1433,896,888,593,601,901,931,1159,1142,818,817,773,1105,914,1519,1400,1339,1195,1325,1436,1108,1204,1046,1042,835,750,808,826,1140,1277,794,795,1646,1420,754,679,737,748,881,825,2758,1189,1203,1211,862,1156
bing_querylogs|config_id=1204,1293,1175,900,899,799,913,1051,1051,1093,1276,1413,1449,2284,1842,1197,1275,1436,1967,1702,994,999,1279,1254,933,992,1030,1051,1276,1301,1392,1416,1344,1272,1061,1062,1197,1230,2626,3637,1072,1084,1123,1083,1825,1157,1069,1064,1265,1366,1018,1019,989,1171,1120,1093,1110,1138,1051,1059,660,766,1040,953,1302,1339,967,1012,1057,778,784,862,865,1520,1477,998,1009,1129,1133,1301,1303,904,890,1049,960,1611,1623,1088,1082,2599,2276,869,736,918,943,1185,1029,1008,987,1282,1282,1179,1223
bing_querylogs|config_id=1205,922,878,696,852,568,566,2134,1175,941,1001,1200,1084,1616,2343,1152,1030,1173,39762,1263,941,901,1182,1077,715,700,842,893,903,838,1123,1104,943,959,821,843,1088,1164,43965,2014,965,1038,996,1066,1367,3301,643,715,1412,1424,700,725,787,1019,6570,36740,891,2174,975,953,580,558,811,679,1238,1088,751,717,785,1651,781,1408,1140,1131,1209,1101,850,1154,1003,958,1016,899,895,817,691,1052,1024,742,845,1318,1357,640,606,632,622,1048,725,627,647,1265,1376,917,823
bing_querylogs|config_id=1206,939,963,666,661,754,744,838,837,844,864,904,838,1066,1078,916,902,905,1133,1250,648,652,994,1019,664,650,831,829,1014,967,944,944,921,927,751,746,913,1059,650,666,734,727,781,736,1182,1266,740,665,880,901,660,662,761,787,761,769,929,1005,869,883,588,581,732,725,1010,1088,754,686,674,648,648,736,733,1049,1058,979,969,936,937,855,855,799,823,776,754,949,973,825,823,1168,1137,623,599,742,593,738,702,620,613,958,957,915,916
bing_querylogs|config_id=1207,1054,837,822,619,567,586,1576,1632,880,902,1119,1067,2436,2010,993,863,1031,3285,2063,919,1345,1092,1180,685,690,808,893,840,840,5742,1126,943,987,825,732,1141,1114,4156,2045,756,906,912,875,1135,1310,650,714,1264,1720,706,706,985,819,5007,11532,983,2708,912,975,592,564,723,799,1202,1158,718,767,725,1801,2495,1128,1116,1125,1167,801,889,1009,998,955,1058,883,906,740,791,1118,1055,850,758,1384,1405,634,609,662,612,741,760,637,652,1251,1312,873,900
bing_querylogs|config_id=1208,1212,1088,728,749,886,793,890,951,1078,1029,1167,1178,1143,1805,1219,1264,1132,1482,1671,895,886,1218,1149,885,825,990,990,1093,1143,1239,1186,1259,1058,1133,903,1121,1050,766,776,1051,1076,956,1142,1163,1073,914,897,1151,1171,915,899,1108,1087,882,882,936,1008,941,948,679,646,930,962,1258,1289,1017,814,806,703,735,984,986,1154,1289,926,954,1220,1042,1175,1170,883,731,827,811,1300,1316,981,1037,1439,1413,673,673,786,785,1034,1065,878,767,1098,1123,1026,1005
bing_querylogs|config_id=1209,1067,1089,628,671,761,866,1134,1110,941,921,1104,1032,1352,1780,961,903,1026,1888,1666,884,891,1257,1128,761,754,838,929,1319,1173,1236,1147,1100,1057,784,800,985,1019,5632,1517,948,935,948,1020,3989,1529,780,752,1181,1202,675,675,993,998,1116,1100,936,971,864,865,665,667,846,819,1039,1057,830,790,801,1004,1129,1309,1510,1166,1231,1698,1947,1092,1018,1077,1008,842,810,820,794,1157,1171,811,867,1276,1411,761,762,756,750,895,889,977,1792,1258,1364,824,832
bing_querylogs|config_id=1210,831,902,657,600,581,560,1675,1422,976,947,1136,1017,2117,2234,1017,965,887,1171,1095,896,970,1093,1086,702,658,835,907,797,793,1065,1022,909,917,714,708,1082,912,9082,1124,834,1030,837,891,3197,1060,631,818,1453,1321,696,696,813,755,6364,17843,1050,776,874,915,574,558,703,794,1154,1087,781,805,768,2054,3888,1290,1159,1049,1048,1103,1840,1074,1016,921,937,826,845,804,732,1002,994,801,729,1282,1373,627,603,609,646,707,883,621,625,1498,1246,901,900
bing_querylogs|config_id=1211,854,854,680,648,559,560,1107,856,878,866,1092,945,1163,1560,942,979,891,1002,1049,883,900,1020,950,657,670,804,813,813,801,1169,1082,907,940,734,737,996,845,1684,874,883,884,851,761,1200,960,624,733,1282,1350,688,689,778,737,4729,33411,4088,1105,920,1034,587,534,678,706,937,970,711,712,856,2911,1043,914,977,1074,1048,761,852,937,899,940,930,830,830,701,736,1043,1040,738,719,1326,1325,635,595,554,564,777,814,622,621,1323,1330,812,854
bing_querylogs|config_id=1212,1033,1083,728,792,703,692,1559,1515,911,939,1181,1067,1083,1207,943,930,968,973,1091,1141,1409,1182,1203,704,797,893,902,827,829,1202,1114,991,1060,950,896,942,1001,4940,4644,1016,968,868,850,1058,1121,726,1006,1271,1296,884,884,1033,928,36022,5471,997,1043,960,960,629,677,783,847,931,959,809,803,878,1366,1340,990,1307,1190,1266,845,817,813,960,1036,1164,899,901,869,833,1231,1216,870,870,6027,5427,763,638,717,720,906,841,726,692,1256,1246,956,940
bing_querylogs|config_id=1213,845,1123,767,788,707,708,1123,1093,1014,967,1153,1155,1438,1331,1106,1086,1020,1103,1039,1189,1215,1096,1123,753,776,896,934,1027,892,1229,1168,1047,1068,895,975,1034,1213,1317,1304,1045,1106,982,953,1057,967,864,861,1374,1258,926,868,991,1009,37442,35696,2588,930,1007,1017,704,657,811,818,1263,1213,809,914,847,1685,1245,1103,1306,1273,1209,901,997,1263,1040,1118,1154,978,904,791,896,1203,1322,919,910,1630,1584,797,680,726,714,866,936,699,710,1345,1254,921,932
bing_querylogs|config_id=1218,1123,1090,754,750,749,785,918,1074,995,923,1239,1226,1229,1579,1011,980,882,1184,1195,1131,1109,1129,1185,794,802,893,907,1198,1207,1237,1227,1154,1172,869,884,1128,1071,835,786,886,890,937,934,1100,1085,887,883,1381,1428,769,762,1068,943,851,942,1016,1198,977,1012,667,660,897,955,1281,1287,873,878,852,17057,818,994,2012,1338,1363,1101,1014,957,989,1152,1115,812,799,854,906,1193,1257,916,932,1291,1514,779,789,790,755,934,962,1071,827,1242,1243,967,965
bing_querylogs|config_id=1228,708,701,573,574,581,554,633,653,916,917,993,948,993,956,1019,1022,1014,884,980,655,665,890,920,666,666,838,819,859,1070,878,879,983,994,869,744,1096,964,581,573,731,709,759,771,774,789,597,592,941,937,607,608,745,803,786,1048,792,792,722,715,544,545,704,704,962,1056,707,714,698,570,570,619,611,1184,1182,787,792,710,710,973,975,709,701,718,703,950,1037,750,752,890,914,608,608,572,562,773,764,670,675,1002,994,706,707
bing_querylogs|config_id=1234,1115,919,724,778,793,703,960,809,992,1104,1175,2414,1667,2196,1097,990,1149,1515,3186,824,1158,1163,1314,681,690,787,866,1041,1170,1169,1157,989,1033,988,934,1256,1071,1124,1099,822,813,876,980,1315,880,724,770,1922,1170,698,717,807,970,2912,2643,1022,905,937,877,563,567,1014,896,1163,1324,865,876,848,888,1509,1047,785,1360,1341,1587,1790,1118,950,1027,1107,701,711,912,860,1022,1133,903,756,1468,1373,624,624,716,705,911,1011,872,886,1601,1394,956,885
bing_querylogs|config_id=1236,724,724,583,586,581,554,660,660,878,881,1017,999,1060,947,929,910,899,926,992,681,684,896,955,689,689,827,808,879,956,853,857,1018,1039,860,766,1075,943,572,589,717,714,770,742,976,803,598,595,1015,1047,605,606,808,827,858,799,824,791,749,749,543,543,724,724,942,1121,713,713,703,591,570,623,626,1263,1270,833,796,728,728,1020,1016,651,631,715,722,964,1075,775,774,963,999,608,612,572,558,791,934,670,652,922,1043,696,718
bing_querylogs|config_id=1246,609,610,493,495,509,483,551,550,819,858,847,810,677,996,831,831,857,979,835,609,575,774,793,555,568,748,786,766,769,778,765,929,825,843,776,811,800,569,518,616,614,673,695,865,878,547,545,946,808,548,553,765,765,734,744,694,733,606,626,493,491,611,610,971,966,619,624,615,520,520,557,559,954,1043,750,692,610,613,777,875,600,617,630,619,857,857,704,663,759,771,521,520,496,495,670,799,590,556,978,1034,613,616
bing_querylogs|config_id=1249,975,951,561,564,547,557,665,791,841,743,1035,979,1375,1228,826,826,817,1690,979,641,665,963,1022,697,697,753,762,792,868,914,907,994,1015,779,811,871,863,546,546,697,688,785,882,1720,1720,865,586,1102,1176,605,602,746,746,1831,628,800,775,756,746,497,510,933,793,927,1049,739,799,733,642,642,743,690,1192,1254,678,687,729,729,954,949,624,624,676,670,958,1030,732,733,962,960,601,593,556,531,837,826,661,670,1015,1062,1055,915
bing_querylogs|config_id=1255,714,725,586,589,580,574,667,663,975,920,1021,1021,915,1218,947,945,933,797,1128,679,684,903,959,699,700,831,836,768,943,890,884,1023,1044,885,872,1181,1076,623,582,722,715,800,792,819,799,602,599,970,970,606,631,837,839,938,811,821,829,767,759,551,563,728,728,972,1088,716,716,701,592,592,629,628,1204,1264,862,800,727,727,1016,1010,744,650,716,723,966,1041,776,776,972,1010,612,613,582,565,782,874,656,665,1051,1110,712,722
bing_querylogs|config_id=1260,956,994,655,659,693,594,880,994,1100,1131,1094,1142,1073,1238,877,884,1050,1243,1296,856,872,1108,1110,828,836,989,915,927,1121,1088,997,1164,888,1037,888,1009,1199,632,731,1048,933,966,946,1135,1098,647,640,1074,1506,805,805,971,905,986,1024,997,921,751,759,607,605,938,806,1034,1047,835,867,859,875,899,953,883,1139,1305,996,997,892,901,1029,1016,873,874,876,887,1082,1088,1043,1016,1338,1326,647,634,712,610,920,988,777,830,918,880,843,827
bing_querylogs|config_id=1262,741,729,591,594,567,567,639,658,935,844,1018,1038,981,1034,892,985,946,901,1040,690,699,910,967,701,719,830,813,918,963,865,862,1031,1052,891,926,970,954,628,588,740,737,816,816,929,996,610,609,1069,1043,658,656,826,826,799,837,904,822,779,769,556,569,733,735,1002,1109,727,727,720,581,578,627,644,1211,1143,848,857,732,732,999,1018,646,656,737,731,943,1067,766,766,928,980,610,610,581,566,807,783,666,665,942,1061,708,711
bing_querylogs|config_id=1264,892,828,650,650,623,552,823,672,1130,1095,1062,1198,1387,1312,948,1041,992,1334,1463,913,675,1190,1051,704,711,875,829,1015,1078,896,962,986,1007,1013,911,1174,1168,911,1142,738,826,877,879,1016,1277,701,672,1131,1075,768,730,909,980,1228,1248,831,845,751,741,546,589,895,719,1096,1158,707,721,716,734,728,740,732,1253,1285,1005,1149,943,907,1005,1017,786,850,727,789,1083,1185,761,765,1133,1271,608,604,626,548,857,823,633,653,1235,1107,732,723
bing_querylogs|config_id=1270,754,754,604,608,568,613,658,678,952,901,1048,1048,1038,959,944,936,927,868,970,685,701,915,974,781,739,846,827,908,989,932,924,1039,1060,885,831,954,954,605,613,750,773,760,832,823,899,613,610,1045,1038,663,663,826,816,879,948,833,833,767,757,537,537,745,745,1028,1121,731,728,723,591,588,641,645,1278,1278,857,866,753,753,1042,1044,686,686,737,731,981,1094,764,792,984,984,621,621,595,578,894,803,673,670,931,1052,716,742
bing_querylogs|config_id=1281,767,841,602,605,553,551,914,913,949,942,1022,986,990,1117,1180,1162,1188,1000,1072,674,681,980,1051,689,689,881,830,904,984,859,866,982,1003,829,772,1328,1074,734,944,734,731,780,818,1052,962,610,606,1095,1062,613,613,956,882,881,917,815,839,821,793,548,543,740,754,1090,1130,711,703,704,679,679,619,622,1155,1109,879,806,869,804,956,963,784,771,722,736,926,1037,792,787,1159,962,614,617,574,559,761,758,645,654,1053,1033,749,751
bing_querylogs|config_id=1288,739,739,591,593,556,563,665,650,908,953,991,1005,1135,958,933,932,916,909,983,675,689,907,966,697,698,835,816,868,930,864,929,1023,1047,866,802,959,942,587,592,728,722,759,728,951,951,605,602,1041,1064,679,607,837,844,879,934,819,811,774,758,582,582,728,722,1033,1123,727,721,716,566,582,627,645,1143,1141,882,870,736,726,997,969,665,665,726,718,966,1077,766,765,1012,1009,618,616,580,569,786,832,647,668,930,1108,712,700
bing_querylogs|config_id=1290,719,719,592,595,559,559,644,644,920,923,1037,997,953,1141,933,933,942,909,989,798,692,906,965,699,699,833,818,900,1024,923,860,1025,1046,866,814,969,1043,637,587,724,721,783,783,795,795,611,604,1035,979,670,696,806,855,890,838,900,811,773,763,572,585,734,734,1000,1118,720,720,714,576,579,636,639,1144,1209,814,850,732,732,955,962,650,658,738,732,951,1062,782,781,944,1005,619,619,578,564,797,822,655,667,968,1079,702,724
bing_querylogs|config_id=1292,764,764,605,609,569,614,679,680,839,958,1013,1013,962,960,935,894,928,857,927,694,701,916,975,752,740,841,828,909,969,933,908,1044,1061,821,834,955,955,614,593,751,759,805,761,823,823,614,611,998,1039,657,657,827,827,946,883,810,835,768,799,538,593,746,746,1029,1122,729,725,723,590,589,642,646,1276,1276,840,802,754,754,1053,1054,687,687,726,732,982,1093,765,793,1048,1046,622,622,594,579,866,804,662,671,935,1049,728,739
bing_querylogs|config_id=1297,1130,980,767,848,713,716,1239,1183,951,974,1168,1148,1151,1125,954,1001,1016,1450,4116,941,1138,1122,1099,807,811,896,934,986,1119,1140,1257,1038,1079,893,945,1213,1034,38517,37740,1034,1052,921,979,1167,1094,809,964,1480,1195,926,888,1087,1096,11989,38084,1857,1041,1016,1083,660,693,802,826,1254,1219,839,852,805,2157,5065,1030,1099,1276,1276,904,1780,1281,1263,1111,1110,946,924,843,873,1221,1234,918,910,1609,1210,680,698,732,706,868,957,784,858,1299,1191,921,891
bing_querylogs|config_id=1306,713,713,584,586,554,554,911,682,909,891,1099,1099,1076,1288,983,972,969,983,1082,675,684,904,963,750,722,790,771,869,1033,883,880,1004,1025,872,787,916,945,2899,2899,716,716,806,806,1376,1376,599,596,1038,990,605,672,852,817,907,920,842,878,760,750,521,521,720,720,1039,1090,725,710,704,688,677,618,621,1148,1148,873,1124,722,722,1083,1141,760,730,730,716,956,1076,774,774,1563,1577,600,607,574,549,798,868,653,662,1038,1006,696,699
bing_querylogs|config_id=1309,987,853,608,611,553,553,857,1039,1136,1080,1065,1079,1324,1347,1095,1074,1087,1089,1164,819,820,1044,1050,672,672,868,863,951,974,866,874,993,1016,740,948,1378,1184,798,770,780,777,851,851,1015,988,615,617,1225,1117,612,608,1008,1020,929,1006,904,978,767,770,518,531,717,717,1334,1415,813,813,806,889,807,748,936,1153,1155,917,1017,829,756,1043,1182,737,838,776,771,1025,1149,756,757,1105,997,601,606,572,557,818,749,637,646,1179,1169,915,918
bing_querylogs|config_id=1311,717,717,584,587,552,558,645,661,959,958,1042,66405,965,790,927,942,932,949,985,682,693,967,956,684,696,860,887,1049,983,957,961,1016,1041,755,809,947,947,590,623,63814,715,770,800,801,983,597,598,969,1063,613,610,812,863,797,807,812,797,752,820,559,556,722,722,1098,1099,716,713,708,592,590,624,627,1136,1264,840,840,726,740,1019,951,704,666,725,713,1045,1029,776,776,1001,913,612,606,572,572,774,768,656,664,1073,1127,713,730
bing_querylogs|config_id=1338,846,817,603,691,642,739,813,818,777,66281,66406,1131,652,1068,729,734,712,986,1177,868,838,1077,1147,690,716,835,917,999,1005,1102,1110,992,1043,759,713,993,1027,733,722,839,976,717,704,950,977,844,716,1115,1086,719,725,908,956,863,747,1095,852,975,879,591,585,877,860,1054,1350,792,751,805,671,746,956,959,1195,1156,709,935,976,957,1144,1154,764,750,712,742,1065,1038,877,828,939,1080,665,671,609,601,917,755,727,695,1033,1083,900,816
bing_querylogs|config_id=1339,976,1026,611,736,768,700,1059,957,913,828,1034,1074,2727,1658,875,864,871,1326,1321,954,904,1182,1009,730,729,909,963,1131,1165,1087,1083,1071,1086,754,801,1013,1020,5046,1628,885,956,937,939,997,1034,875,889,1404,1264,661,653,1019,1102,853,857,1779,4899,841,815,628,578,838,799,1079,1086,784,809,770,1034,915,1359,2005,1159,1132,1126,1877,1061,972,1004,909,686,685,792,802,1126,1141,784,784,1326,1362,733,733,719,731,853,824,1041,1394,1288,1173,831,831
bing_querylogs|config_id=1342,1295,1304,719,722,662,687,981,983,938,67781,66686,1292,1655,1622,1046,1046,1048,3600,3630,1063,1154,1077,1049,786,752,857,894,1338,1363,980,1015,1079,1139,1125,1123,991,987,2974,2986,973,971,1092,1092,2091,2091,767,762,1454,1485,679,663,851,851,1110,1115,1057,1058,997,927,598,595,760,759,1238,1524,718,757,674,1359,1319,1677,1894,1335,1376,2657,2673,987,964,993,1000,671,653,842,873,1313,1285,829,823,1263,1262,652,651,614,607,1005,1017,1101,1110,1784,1759,1221,1281
bing_querylogs|config_id=1344,653,654,574,522,552,551,578,584,833,878,899,924,964,956,799,897,843,896,1068,598,607,793,925,611,616,869,913,1077,812,813,889,879,1000,815,829,1015,1037,530,582,668,654,764,759,737,915,543,596,898,843,552,552,707,808,735,856,886,775,675,713,559,504,647,691,925,924,657,622,647,569,516,549,605,1029,1166,741,696,724,671,965,979,713,650,722,655,865,973,716,686,868,821,553,552,497,517,773,698,646,598,841,980,597,652
bing_querylogs|config_id=1345,786,788,593,596,596,596,912,918,672,670,1059,1003,791,785,632,636,627,759,890,681,690,916,1070,714,714,750,731,929,1014,894,891,1019,1040,679,700,879,879,550,550,1180,1452,699,718,838,836,722,719,942,942,665,664,839,841,621,624,717,717,882,823,521,521,854,853,1015,1143,701,673,695,666,666,611,614,1184,1166,775,784,832,832,959,966,684,709,727,670,874,985,715,715,1181,1324,636,649,572,558,743,731,1029,757,990,1013,809,842
bing_querylogs|config_id=1346,1174,1160,766,775,577,578,1901,1535,1094,993,1219,1270,2075,2690,1137,1106,1083,1553,2137,1064,964,1247,1239,833,842,958,925,969,970,1405,1848,1158,1003,914,915,934,1244,10764,8825,970,1080,921,931,2720,2548,795,673,1791,1807,796,827,975,1024,17029,5172,3315,904,1001,981,551,592,904,851,1334,1223,839,821,708,1344,1454,1018,1461,1270,1543,868,1120,1383,1554,1150,1153,887,887,827,865,1221,1185,926,915,2950,1555,659,629,576,586,828,955,761,765,1404,1257,1129,1314
bing_querylogs|config_id=1347,795,963,777,672,661,662,716,813,916,891,1102,1117,975,1188,1002,983,995,1048,1090,744,749,1010,989,710,710,959,942,969,983,1030,1002,1153,1040,950,910,1170,976,651,654,727,726,1007,942,987,1030,736,735,1140,1175,839,839,878,919,1189,1011,956,934,844,845,635,586,738,738,1021,1250,878,855,771,640,640,822,680,1324,1363,900,959,1002,918,1188,1126,725,765,836,802,1022,1257,827,884,1145,1147,703,703,976,710,933,937,768,724,959,1011,800,807
bing_querylogs|config_id=1351,884,888,689,690,623,625,735,735,929,898,1222,1322,1132,1170,1074,1003,961,1157,1130,943,1009,1009,999,742,732,923,966,1006,1044,1091,957,1176,1173,780,776,1236,1189,704,686,868,880,1016,901,1029,1056,742,741,1116,1083,822,814,902,888,1022,1069,886,916,847,850,612,599,736,740,1189,1353,819,812,806,672,673,697,698,1190,1303,864,904,927,1025,1219,1222,814,794,852,882,1101,1101,833,866,1126,1126,720,720,697,697,945,842,708,786,1055,1109,830,849
bing_querylogs|config_id=1353,901,905,749,713,760,762,859,858,846,850,949,949,1079,1167,835,793,833,970,1071,906,908,939,918,698,714,808,838,981,1065,1023,931,987,990,869,873,999,999,812,781,800,758,820,823,1044,992,710,731,936,936,672,706,830,793,821,814,941,941,953,954,614,635,813,767,1100,1097,782,773,764,711,711,890,892,1168,1153,1058,999,901,895,920,925,847,794,732,724,892,965,876,982,1166,1162,635,664,761,814,903,775,699,709,1014,1003,799,802
bing_querylogs|config_id=1356,953,970,611,620,588,589,1018,1019,1068,1094,1136,1134,1359,1319,1069,1083,1054,1095,1103,865,846,1257,1077,706,712,879,909,1122,1037,1007,918,1016,1039,746,793,1177,1295,944,956,856,809,930,1092,1018,1042,632,658,1269,1150,775,777,1071,1094,1131,1046,1064,1025,904,881,568,557,755,705,1360,1420,750,868,744,707,709,766,755,1333,1345,1064,979,970,930,1024,1077,811,776,753,784,1102,1125,835,876,1261,1107,637,637,616,613,808,865,1061,874,1095,1338,903,915
bing_querylogs|config_id=1358,820,835,810,733,702,707,2135,939,867,921,1146,1143,1168,1090,961,982,958,1058,1124,1167,1110,1154,1154,724,812,898,954,904,884,1147,1182,1033,1011,874,898,1164,998,924,948,978,941,894,949,980,920,915,905,1170,1334,907,732,890,1022,36121,37226,985,917,961,950,686,699,767,767,1191,1123,788,812,849,1111,976,996,1336,1118,1115,975,956,1146,978,1058,974,901,881,891,775,1025,1073,895,825,1740,1402,803,801,708,716,905,962,689,696,1262,1192,881,959
bing_querylogs|config_id=1361,1244,1360,1056,1090,956,1102,1301,1176,1265,1252,1618,1633,3288,4112,2374,1972,2204,2214,1910,2414,1564,1429,1513,1018,973,1682,1347,1542,1555,1396,2310,1585,1675,1082,1026,1506,1473,11250,2292,1072,1031,1385,1889,2010,2197,1023,937,2731,3416,815,807,1503,1831,2031,2031,1560,1426,1249,1263,653,609,1000,1001,1533,2188,1068,1007,1058,1757,1885,1463,17572,1759,2383,1608,1471,1543,1499,1415,1507,1038,963,1048,1043,1336,1735,1339,1223,2107,1830,936,899,823,1032,1504,1373,1444,1639,2070,1641,1324,1329
bing_querylogs|config_id=1366,1279,1060,815,809,825,915,825,1175,1143,1244,1276,1261,2096,1876,1399,1082,1207,1340,1510,1019,1026,1319,1192,762,767,839,1197,1506,1108,1310,1453,1328,1276,988,1122,1281,1078,1854,1515,956,825,989,1114,1353,1418,1151,1072,1628,1299,836,737,1278,1332,1177,1597,1424,1386,964,961,602,630,973,995,1676,1664,894,829,851,1196,1380,2072,2916,1591,1484,1113,2205,1282,1309,1322,1438,1094,961,987,987,1424,1399,971,975,1755,1536,772,727,633,613,1058,969,1182,1803,1325,1331,1349,1144
bing_querylogs|config_id=1369,945,789,566,656,555,556,915,888,861,916,1085,928,1086,1240,872,954,898,1047,1134,882,872,1087,979,651,678,805,814,920,803,1264,1054,903,918,756,799,794,858,33772,727,854,842,848,848,1288,1155,634,603,1457,1453,663,663,758,799,5547,33365,1693,773,911,818,536,534,682,703,1071,949,784,740,732,1027,1288,871,908,1045,1138,811,696,745,773,945,969,830,832,754,647,1031,1007,806,764,1319,1284,625,597,552,562,838,843,607,618,1061,1249,855,979
bing_querylogs|config_id=1371,1145,1144,647,650,623,623,882,896,896,862,1210,1215,1532,1584,895,872,850,3176,3243,916,927,918,967,691,690,779,761,1113,1201,871,862,970,989,922,930,869,855,2771,2732,917,899,928,930,2000,1937,719,718,1353,1365,614,611,767,765,1254,1040,933,936,796,783,563,564,709,723,1018,1111,640,634,634,1208,1190,1479,1487,1138,1137,2250,2335,867,876,938,935,598,600,853,782,1141,1167,714,716,1140,1144,615,628,563,548,899,887,976,991,1568,1522,1077,1082
bing_querylogs|config_id=1375,1057,942,705,672,649,650,1024,1103,696,792,1059,1135,940,943,723,802,699,921,1114,923,955,956,950,641,636,810,853,1278,1292,920,899,1159,1100,773,833,911,965,684,692,1377,1527,878,892,950,991,806,931,1093,1158,777,752,863,894,756,882,906,946,980,915,585,644,916,978,1194,1264,778,828,784,902,728,753,776,1104,1377,997,959,942,964,1067,1052,797,793,731,732,1201,1187,794,777,1449,1146,729,696,573,572,878,792,928,888,1039,1039,997,935
bing_querylogs|config_id=1377,2046,1889,1297,1819,1384,1401,1398,1791,1406,1485,1741,1655,1884,2298,1936,1859,1743,2051,2201,1721,1634,1816,1789,1135,1195,1371,1521,1862,2158,1963,1570,1547,1526,1643,1575,1856,1896,1339,1495,1246,1447,1673,1783,1883,1865,1214,1337,1739,1953,1190,1278,1636,18110,1747,1665,1592,1567,1585,1579,1049,1011,1495,1553,1859,1870,1207,1422,1312,1277,1382,1563,1654,2028,2038,1674,1760,1861,1975,2155,1685,1401,1601,1477,1339,1877,1738,1559,1593,1970,2107,1255,1265,1118,1111,1835,1752,1571,1407,2013,1604,1698,1813
bing_querylogs|config_id=1378,700,716,581,581,576,576,725,700,838,813,954,934,939,1113,841,869,814,881,936,663,668,904,908,677,671,822,842,865,861,965,933,949,965,761,783,934,899,639,599,760,701,737,741,854,873,607,606,991,903,618,628,834,750,895,802,815,804,714,713,573,561,722,728,977,968,695,691,684,603,690,620,621,1019,1122,754,642,737,730,912,909,638,627,742,728,1005,1004,734,738,1056,960,618,618,587,586,809,808,631,670,922,927,713,709
bing_querylogs|config_id=1379,967,826,598,651,558,557,1256,1383,861,782,1145,1044,1634,3249,998,934,1026,2302,1121,871,1281,1035,1084,675,671,880,900,793,795,1063,1046,916,897,715,838,1028,906,1964,6604,896,951,934,822,1146,2371,901,826,1190,1567,684,694,790,778,35676,15714,2524,890,908,904,570,571,676,751,1012,1038,705,748,735,2017,1340,1337,995,1128,1161,875,852,1079,944,919,920,764,876,737,811,1018,1049,718,804,1031,1095,626,603,619,607,703,872,617,615,1462,1235,809,895
bing_querylogs|config_id=1381,832,1124,736,781,562,563,1266,1607,937,819,1180,1050,1914,2030,995,1080,931,1476,3717,925,1201,1164,1091,710,696,883,878,1039,836,1097,1125,956,985,891,735,1168,917,1578,943,949,1004,1001,953,2749,1068,781,830,1631,1577,702,703,822,844,31666,35250,872,1286,998,984,580,559,715,804,1060,1028,758,763,794,1189,1072,1111,1271,1173,1232,838,931,977,997,939,969,931,776,787,707,1065,1079,850,851,1350,1346,631,612,597,649,744,982,642,648,1606,1520,898,886
bing_querylogs|config_id=1388,1287,1055,928,945,721,855,1017,1006,1122,1032,1269,1475,1651,1311,1357,1309,1303,1528,1940,976,1011,1273,1217,883,867,1003,992,1180,1297,1650,1266,1181,1372,1036,1023,1148,1179,1353,1111,1125,1048,1137,1083,1138,1152,1013,964,1371,1279,1018,955,1096,1081,953,1249,1078,1046,1124,999,683,681,1065,1005,1390,1362,887,895,1012,788,788,1055,945,1671,1407,1003,1108,1176,1074,1275,1314,965,832,883,870,1439,1616,1083,1065,1828,2042,861,781,829,843,1189,1111,1013,919,1235,1223,1132,1228
bing_querylogs|config_id=1397,759,782,595,588,558,551,791,762,795,750,969,1028,1104,616,693,754,750,898,897,726,864,1034,1124,675,673,768,767,757,859,871,837,994,979,720,751,871,899,459,871,744,706,738,722,979,952,624,703,1018,1228,675,601,710,780,664,601,823,770,806,790,531,573,721,760,1017,1129,653,725,703,1044,765,752,741,1230,1195,875,785,822,778,953,989,662,658,689,717,857,956,729,781,863,978,629,656,588,628,797,792,705,697,1154,1135,785,837
bing_querylogs|config_id=1398,720,720,585,586,562,564,643,644,953,970,990,990,788,979,945,927,918,1045,987,664,674,912,945,675,675,854,840,866,957,855,854,1000,1007,758,832,1186,956,579,596,720,719,793,773,978,988,602,601,1031,1014,619,612,836,820,793,819,803,855,740,733,549,551,723,723,934,1043,728,720,714,601,601,618,619,1205,1216,823,847,718,718,1052,1002,667,704,719,730,937,1036,768,768,890,898,615,615,584,570,778,776,655,646,958,1002,724,736
bing_querylogs|config_id=1412,940,1133,770,801,792,791,817,817,1093,1085,1106,1110,1051,1097,895,895,1010,936,1050,819,822,952,1000,845,840,862,843,985,1070,1123,1171,1116,1091,1025,996,999,1046,677,836,886,836,919,919,947,945,928,931,1245,1261,773,771,934,1002,795,798,901,899,907,926,616,610,888,1029,1122,1242,908,849,902,647,647,766,774,1254,1307,813,822,963,961,1153,1149,794,794,982,855,1194,1242,946,906,1140,1191,704,704,734,715,1034,1029,688,752,986,1100,1035,1038
bing_querylogs|config_id=1417,707,707,576,578,557,584,632,632,899,900,971,1033,928,930,888,898,895,867,1049,658,663,885,918,668,685,838,827,871,962,854,853,979,995,860,780,961,962,574,574,707,732,759,759,966,963,596,595,975,993,608,609,785,785,846,792,788,828,712,705,546,547,706,706,964,1032,704,708,702,590,572,612,613,1080,1192,807,777,711,711,974,988,646,628,706,704,951,1015,731,752,971,934,613,613,574,566,902,900,644,637,920,1129,709,710
bing_querylogs|config_id=1418,745,745,594,597,557,558,775,775,878,897,1020,998,1091,1085,1038,1093,1029,1170,1269,687,696,915,974,704,704,865,864,1096,1101,886,883,1006,1027,883,776,1144,1110,736,736,719,720,858,864,1021,1074,605,596,1134,1140,621,621,831,831,974,914,851,790,760,750,529,529,739,738,1069,1203,743,743,737,574,661,953,956,1233,1303,860,869,811,811,997,983,746,746,746,740,1030,1123,783,783,1232,1254,610,620,576,562,786,781,863,677,983,1120,734,737
bing_querylogs|config_id=1421,728,729,591,593,558,562,642,642,971,974,985,994,1019,1171,934,926,925,966,910,692,701,901,960,697,697,830,809,878,860,926,909,1020,1048,862,817,972,972,577,577,735,758,796,794,803,803,608,605,1059,1053,607,607,812,805,840,837,820,799,762,752,548,548,731,731,959,1067,710,717,711,688,577,624,627,1262,1267,806,815,728,728,1053,1021,641,643,721,714,969,1078,777,777,993,944,613,613,580,565,857,860,642,648,985,1050,713,728
bing_querylogs|config_id=1430,892,947,643,709,652,615,1205,1159,882,838,1076,1053,1353,1402,909,916,906,1037,936,871,834,1029,1024,640,676,918,972,749,1023,1195,1130,884,904,840,790,1079,1085,854,4049,867,894,880,862,952,1076,982,904,1114,1215,835,835,876,876,38005,31519,889,849,884,912,633,633,749,742,1033,990,786,772,780,816,1126,1226,1030,1057,1066,863,742,886,946,1029,942,833,833,776,798,1136,1074,783,753,1291,1338,629,626,642,654,827,893,711,748,1236,1123,835,839
bing_querylogs|config_id=1443,687,692,554,556,535,536,620,641,924,914,940,859,880,879,897,874,894,1067,941,637,644,917,917,644,649,810,819,901,920,907,907,974,990,805,732,863,966,570,603,667,655,741,763,958,773,574,538,1003,923,586,582,806,806,768,841,773,753,700,651,539,537,656,653,938,930,657,658,683,570,549,597,593,1065,1133,795,818,634,644,904,908,642,640,695,653,1022,994,741,741,1028,910,588,554,552,562,732,695,624,618,1022,982,638,660
bing_querylogs|config_id=1444,713,713,582,585,547,553,645,647,883,980,1007,1004,973,967,928,920,936,1020,1129,660,680,896,955,689,689,827,808,863,955,852,849,1018,1043,802,830,943,936,628,581,716,713,772,773,985,988,603,602,971,1018,595,607,843,828,798,849,843,884,766,779,543,543,697,9156,1008,1101,709,709,703,574,574,630,621,1150,1150,818,870,727,727,963,1002,653,648,728,722,962,1055,773,772,907,963,617,615,576,558,784,779,639,660,958,1039,698,701
bing_querylogs|config_id=1448,920,798,711,587,530,530,1227,1686,932,939,1074,1141,1929,1320,982,1108,1114,39009,2868,894,930,1047,1073,673,650,872,929,803,805,1111,1228,892,929,701,699,852,1160,1231,658,930,882,985,971,1224,1876,746,603,1264,1579,670,670,728,790,8602,14113,869,47355,963,965,530,548,710,835,1174,1076,691,765,752,1689,1206,957,1087,1240,1057,839,859,1006,943,903,990,846,898,725,790,1009,986,814,816,1297,1299,601,601,624,624,734,727,602,615,1252,1165,906,914
bing_querylogs|config_id=1449,1165,1200,733,823,884,760,911,923,1041,905,1130,1120,1385,1461,1005,1180,1131,1513,1295,830,814,976,1013,838,852,969,1041,1096,1115,1324,1195,1172,1012,969,954,1064,1078,900,1162,954,1001,940,948,1036,1036,914,928,1101,1132,870,889,1023,1019,971,857,906,905,894,882,619,608,847,1025,1191,1143,810,794,807,700,711,832,883,1171,1134,885,846,1040,1034,1237,1141,860,836,784,798,1430,1293,961,916,1116,1660,664,664,753,753,1019,1021,802,795,1120,1009,1013,1156
bing_querylogs|config_id=1450,1217,1290,809,827,838,836,998,952,998,1048,1306,1267,1938,2027,1141,1142,1138,1567,1575,867,884,1133,1229,816,893,1009,1020,1213,1168,1374,1384,1147,996,980,938,1212,1204,1623,1395,979,966,1171,1103,2051,1764,1002,1019,1166,1279,952,949,1025,1030,1081,998,1053,1053,924,914,622,671,842,860,1185,1180,909,844,891,704,706,772,772,1298,1528,969,976,1041,1049,1359,1359,836,836,867,856,1374,1464,969,946,2426,2031,668,668,869,730,1128,1135,865,780,1319,1147,1097,1083
bing_querylogs|config_id=1451,783,778,627,630,613,609,709,805,928,885,1086,1060,1158,1118,997,1005,988,997,1095,783,796,931,990,732,731,884,829,934,1027,980,970,1066,1087,809,949,1149,998,763,756,781,777,828,800,1016,947,690,690,1039,1073,736,749,962,974,870,923,889,924,817,817,578,605,769,769,1029,1184,750,769,747,650,626,711,725,1222,1223,929,951,785,782,1090,1063,711,692,763,757,973,1073,806,834,1117,1021,660,662,623,617,850,819,746,705,1167,1234,738,749
bing_querylogs|config_id=1455,734,739,598,601,543,565,672,650,929,971,988,1009,1025,979,932,952,944,908,944,696,694,967,967,698,704,813,838,896,952,961,845,1034,1053,855,847,1169,952,632,633,739,685,802,785,812,812,613,610,1049,1053,617,617,868,862,797,886,825,836,766,771,568,555,730,681,1010,1127,730,719,713,601,585,638,641,1221,1147,834,849,743,743,951,959,672,680,704,719,1041,1041,746,787,1035,840,618,618,587,587,892,794,662,658,1082,1085,725,728
bing_querylogs|config_id=1461,880,982,513,664,518,518,1159,1087,804,804,993,966,1198,1131,853,844,867,965,949,828,709,873,880,603,584,828,882,819,730,1029,1040,828,856,757,676,946,991,33687,678,810,837,781,781,890,889,579,686,1212,1205,648,646,738,879,33348,33368,669,1636,828,866,498,541,669,645,940,962,727,668,796,1474,852,953,687,893,916,635,1040,889,788,854,864,767,767,698,707,943,932,694,694,937,1172,592,613,509,509,780,657,565,568,1056,998,797,841
bing_querylogs|config_id=1462,1199,1252,936,945,989,996,964,965,1089,1074,1217,1160,1254,1249,1060,1091,1056,1204,1231,1166,903,1155,1157,869,909,1020,1038,1203,1060,1396,1348,1137,1325,1163,1151,1154,1235,847,847,974,1052,1037,1081,998,1000,1052,940,1178,1180,973,973,1144,1144,943,946,1107,1036,924,938,759,811,1108,1036,1140,1161,892,1004,1041,828,827,835,796,1197,1247,892,957,1038,1038,1305,1267,941,1029,944,1005,1289,1342,1054,1138,1196,1241,905,879,949,953,1243,1108,905,932,1208,1175,1153,1150
bing_querylogs|config_id=1463,944,912,676,678,711,712,799,799,834,836,943,943,1101,1070,834,840,755,943,1040,714,715,973,1006,702,706,839,875,1034,961,968,958,990,1018,791,794,924,924,750,698,721,738,783,769,960,1061,697,687,896,896,653,653,735,764,1007,909,927,927,900,900,560,561,756,750,1152,1149,754,751,745,628,628,763,765,1116,1116,933,940,897,897,939,992,722,759,763,759,960,1014,938,902,1123,1126,641,647,703,703,797,793,675,708,1001,994,868,870
bing_querylogs|config_id=1464,726,721,588,591,557,559,642,642,946,877,1002,1003,970,973,943,928,932,1022,980,684,693,898,957,691,691,836,825,876,853,862,852,1026,1045,895,860,1165,984,575,573,729,727,795,772,977,988,601,598,973,1049,610,604,849,855,1114,803,832,801,755,758,546,546,721,721,1007,1089,711,711,705,595,575,626,629,1176,1262,885,847,732,732,1021,1028,672,659,730,711,938,1031,778,778,1059,957,615,619,576,562,786,781,657,666,969,1084,719,703
bing_querylogs|config_id=1466,726,726,590,593,559,559,667,645,921,953,983,1027,1127,1011,929,929,936,965,1126,683,697,962,962,690,696,813,837,892,962,989,945,1029,1046,892,845,1184,1075,578,624,724,720,799,777,803,974,609,606,975,969,614,614,858,845,795,822,852,867,761,761,565,560,731,731,1009,1102,718,720,712,575,596,630,633,1142,1151,884,831,735,735,1011,954,752,710,722,727,1036,1036,780,780,958,922,610,610,576,572,780,786,658,666,1080,1088,722,725
bing_querylogs|config_id=1476,903,903,698,701,748,748,841,841,886,861,1018,1003,927,1024,829,820,811,950,1049,736,745,963,1034,705,705,803,784,1002,1086,960,957,1057,1078,837,845,909,909,663,663,757,754,763,752,1243,1243,800,797,934,940,690,680,761,819,759,762,971,971,934,924,562,551,785,802,1061,1123,781,761,773,657,657,794,893,1264,1264,905,909,868,868,936,943,781,781,787,767,922,1024,884,881,1074,1171,643,644,602,741,793,788,658,667,987,1110,889,870
bing_querylogs|config_id=1479,969,1063,670,664,682,729,880,940,946,852,1107,1087,1192,1202,1006,809,845,916,1032,984,972,1007,1055,710,710,788,769,1050,1141,1070,1068,1112,1115,793,805,1023,968,866,800,803,794,903,945,1047,1043,824,795,1200,1196,679,693,882,860,778,755,17160,926,856,835,564,566,814,815,1020,1116,773,756,750,653,717,840,16987,1278,1244,905,1093,960,988,1034,1032,696,696,783,778,981,1131,804,801,1037,1035,695,695,728,659,861,843,857,879,1062,1212,963,937
bing_querylogs|config_id=1482,707,707,542,574,524,526,592,652,880,949,825,827,964,834,870,883,924,835,889,599,616,812,832,554,559,909,820,848,788,760,916,860,881,814,703,840,963,600,566,652,653,740,779,684,977,592,556,845,925,606,573,766,644,749,754,786,913,613,718,557,540,663,648,949,887,659,703,701,569,548,572,574,1215,996,732,809,645,645,810,813,618,652,721,703,1002,1002,715,697,987,766,568,602,543,500,648,645,609,601,857,837,649,655
bing_querylogs|config_id=1485,730,787,573,576,557,557,715,698,914,989,1009,962,990,981,1175,1184,1153,987,1054,670,681,1057,1099,714,714,845,828,853,969,865,844,984,1005,882,862,979,1182,889,931,735,732,886,937,824,849,599,596,999,984,615,616,890,890,1472,1363,793,766,747,746,521,580,723,723,1065,1116,736,692,691,686,643,621,619,1109,1268,874,918,788,764,949,973,744,744,750,696,966,1061,783,772,961,888,616,613,576,551,818,847,736,746,1015,1094,712,729
bing_querylogs|config_id=1491,1246,1277,675,676,662,663,927,927,889,890,1242,1242,1576,1574,1003,991,983,3550,3619,957,962,929,962,690,690,802,796,1247,1299,873,872,1008,1021,1071,1018,866,866,2953,2952,865,864,992,992,2059,2059,747,746,1316,1316,643,679,775,775,1089,1091,1008,1012,791,784,557,558,724,724,1068,1152,654,654,648,1314,1314,1650,1651,1220,1201,2592,2597,925,925,911,913,621,621,895,863,1119,1201,738,738,1162,1162,633,633,567,559,942,936,1071,1071,1525,1599,1255,1259
bing_querylogs|config_id=1499,893,899,757,759,725,725,833,812,1115,1154,1210,1187,1217,1175,1094,1094,1110,1073,1170,838,847,1069,1128,903,903,1000,981,1090,1134,1087,1070,1189,1210,1052,1060,1132,1170,755,755,908,905,950,939,1136,992,769,765,1229,1229,815,818,992,1007,932,1052,1026,1002,926,936,738,751,918,918,1220,1323,888,885,883,742,744,793,833,1307,1303,1025,1030,898,899,1218,1146,850,794,894,893,1135,1228,979,932,1125,1149,782,782,745,731,947,942,821,834,1078,1191,871,875
bing_querylogs|config_id=1500,683,679,566,569,547,548,672,650,988,974,1033,926,985,902,903,916,945,908,922,688,664,868,869,637,643,884,919,898,977,863,951,1037,1054,903,782,1097,881,599,632,737,734,784,787,761,946,615,612,986,895,619,620,789,787,814,812,804,760,777,769,559,570,689,733,1106,1033,687,681,694,583,585,602,605,1291,1038,832,804,741,741,1017,872,716,713,707,700,1042,1070,784,743,1016,856,589,621,586,561,813,940,665,644,1091,1010,709,712
bing_querylogs|config_id=1508,713,713,588,591,555,556,639,639,948,854,986,996,851,999,949,920,911,858,958,670,679,901,960,693,693,831,812,865,956,854,920,1018,1039,850,781,962,935,623,623,721,718,721,721,793,793,600,597,1040,1040,606,606,811,835,834,803,846,799,755,772,525,525,720,720,970,1078,720,720,714,574,612,624,627,1136,1212,837,934,727,727,960,1019,664,651,721,713,964,1057,777,771,911,942,609,609,590,573,796,900,673,670,998,1043,711,714
bing_querylogs|config_id=1509,781,790,787,701,727,589,1343,2227,892,46237,23012,1394,7816,5770,1118,1176,1121,6091,4029,1115,1101,1309,1385,750,756,985,978,1100,1086,1185,1222,997,1010,769,776,1040,1089,785,1083,1047,939,1022,1069,2638,1830,640,625,3854,2014,697,662,976,1054,13427,11155,1084,1118,1044,965,556,555,979,980,1401,1522,760,743,701,3810,3595,1010,1081,1848,1328,1200,1320,1133,1103,1040,1111,702,848,844,868,1070,1079,1022,911,1725,1992,642,653,684,648,771,774,681,688,1328,1094,946,1055
bing_querylogs|config_id=1512,1369,1467,921,927,1037,1000,1009,962,1356,1248,1462,1421,1530,1681,1446,1382,1347,1360,1735,1332,1341,1476,1609,896,929,1273,1245,1475,1521,1435,1412,1388,1407,1212,1361,1524,1382,1163,1234,1084,1162,1450,1412,1384,1450,1001,943,1366,1359,1002,1049,17974,1469,1453,1562,1187,1190,1225,1336,835,757,1188,1182,1541,1523,1097,1021,987,930,1017,1225,1180,1654,1599,1225,1267,1505,1494,1570,1604,1055,1075,1023,999,1431,1561,1206,1214,1448,1743,958,989,835,920,1311,1333,989,925,1538,1588,1348,1386
bing_querylogs|config_id=1514,1207,1207,604,604,578,581,889,889,925,925,1137,1137,1590,1590,869,869,866,4066,4090,877,880,948,948,607,610,789,843,1208,1211,868,868,910,919,959,956,852,809,3074,3072,992,992,974,974,2914,2914,682,680,1390,1390,584,584,729,729,1263,1224,943,943,730,739,517,517,640,640,1034,1034,597,597,582,1380,1380,1585,1585,1052,1052,2523,2526,913,913,1021,844,709,709,770,774,1125,1125,666,666,1601,1601,588,591,511,511,857,857,1020,1007,1602,1602,1170,1170
bing_querylogs|config_id=1523,725,725,618,616,612,612,673,692,946,933,1020,1001,1044,974,912,912,908,870,993,957,729,912,1000,705,705,862,843,911,863,903,900,1113,1053,905,914,1049,1019,594,625,755,768,786,786,818,901,627,624,1104,1151,657,643,861,878,806,880,890,917,885,815,582,578,748,748,1089,1111,730,730,729,587,587,641,729,1316,1342,912,821,742,741,1004,1011,712,677,746,740,997,1090,790,822,959,1048,619,700,648,629,891,926,657,666,998,1064,727,730
bing_querylogs|config_id=1526,706,706,576,577,556,583,653,653,904,915,947,943,779,777,885,887,895,918,1088,657,662,884,917,667,667,837,826,870,939,853,852,978,991,846,751,921,1039,584,572,705,705,779,774,789,789,595,594,994,986,607,608,784,784,845,767,787,787,711,704,545,546,705,705,940,1028,703,707,701,570,571,611,612,1187,1079,832,797,710,710,973,1003,625,625,705,703,950,1031,731,730,926,933,608,612,573,565,768,895,626,635,919,993,689,690
bing_querylogs|config_id=1553,755,746,633,625,569,570,696,697,823,845,1006,1010,1033,936,911,961,934,915,924,678,682,952,962,708,709,825,860,848,951,995,869,1003,1025,819,755,991,904,688,590,769,708,836,772,815,874,642,654,1015,992,636,628,843,815,751,760,843,855,767,809,582,565,736,690,989,1087,707,703,705,629,628,644,649,1172,1212,792,764,789,788,959,965,701,639,680,723,1061,1023,740,734,866,857,628,632,629,619,735,825,700,697,930,1042,754,755
bing_querylogs|config_id=1554,807,801,642,696,703,602,928,879,830,974,1047,1055,1428,1255,751,697,697,1173,1271,763,795,1020,1022,681,683,803,836,933,1031,918,1013,944,1061,730,772,1004,1120,801,971,878,922,883,818,1099,990,714,834,1171,1282,1087,853,914,1074,968,1036,1038,1259,951,934,554,584,848,790,1259,1299,722,685,811,791,823,768,683,1209,1250,1237,892,1003,977,1065,1178,697,964,691,807,1026,1170,801,815,982,1273,654,650,605,578,737,758,865,853,1094,1016,914,1005
bing_querylogs|config_id=1560,1138,994,749,810,900,877,935,937,951,964,1196,1264,1285,1090,973,1028,967,1030,1059,843,810,1049,1077,778,869,937,899,1048,1086,1221,1131,1076,1074,1064,1054,1081,1134,747,754,914,948,939,954,1058,1007,909,886,1213,1214,814,832,1002,942,934,883,910,930,967,1044,654,629,978,849,1137,1194,864,929,919,737,762,727,729,1167,1204,880,942,968,951,1121,1154,762,874,943,870,1280,1379,910,978,1107,1110,695,699,766,763,1070,1107,859,832,1108,1180,1060,1086
bing_querylogs|config_id=1563,771,774,614,619,582,584,879,796,751,747,1137,1203,1155,986,960,782,785,883,1108,839,717,978,1075,695,700,786,796,802,874,1023,864,1034,1035,740,742,913,912,739,894,743,734,851,764,908,892,635,633,1356,1223,634,622,799,825,846,971,952,607,830,851,566,588,778,699,1032,1133,711,750,756,750,680,809,865,1260,1411,813,846,842,867,917,928,737,696,727,763,1013,1037,700,738,825,859,624,653,618,592,761,831,675,749,1395,1136,849,775
bing_querylogs|config_id=1565,699,711,530,530,547,522,618,623,842,880,819,817,903,1061,910,889,878,892,899,609,586,832,820,650,634,905,956,872,877,843,813,901,880,821,725,853,883,550,573,670,670,759,758,862,756,558,622,892,936,603,632,701,726,829,727,838,833,624,689,576,565,664,674,943,912,693,657,702,567,552,597,568,1047,1067,770,751,652,651,812,801,614,613,656,818,992,905,690,707,872,871,564,569,597,679,790,751,599,603,829,858,639,616
bing_querylogs|config_id=1573,616,616,525,511,496,497,628,624,822,834,959,917,821,895,916,909,934,933,871,595,580,797,797,572,575,771,830,846,802,849,849,902,827,873,870,1008,1020,639,839,664,643,740,743,774,880,553,553,911,867,555,555,837,815,715,718,731,732,676,652,487,487,657,656,933,963,647,623,621,617,585,555,555,976,976,714,701,644,645,862,786,675,580,696,632,836,836,728,690,760,762,541,564,519,518,705,700,639,588,869,941,601,601
bing_querylogs|config_id=1574,890,986,803,786,673,676,791,846,943,981,1183,1170,1103,1045,1041,1041,1030,993,1244,1164,1173,1039,1078,833,830,931,980,994,1079,1149,1049,1143,1134,1002,985,1222,1106,823,803,983,986,991,965,1086,971,776,824,1241,1159,720,754,968,959,1000,955,1004,950,942,870,677,677,952,952,1053,1268,864,828,823,686,686,1031,863,1358,1215,988,971,920,888,1225,1223,858,801,845,823,1029,1298,944,906,1098,1068,785,773,737,722,1064,876,881,868,982,1158,865,889
bing_querylogs|config_id=1576,1173,714,670,721,538,537,1492,2245,792,845,953,1446,6939,9952,1133,1117,1133,5984,8951,996,782,1226,1071,664,670,922,994,906,956,1098,917,905,914,715,744,1043,812,1211,1390,945,973,898,1051,5037,4058,583,580,3821,2595,641,609,924,1099,12277,14995,1123,1122,898,916,544,506,871,1023,1359,1460,800,651,674,1313,761,984,970,1298,1268,1093,1442,1117,1017,930,938,642,641,766,802,965,969,798,871,1893,1646,573,585,567,591,828,691,1844,620,1074,1203,922,948
bing_querylogs|config_id=1577,948,1020,579,580,571,572,869,870,992,1007,1092,1148,1356,1348,1013,970,965,1100,1185,762,779,1032,1077,668,673,891,913,902,1101,995,1061,960,971,925,773,1256,1294,585,1006,796,745,889,926,920,1037,639,640,1125,980,746,815,1036,979,1066,913,881,948,838,812,555,553,715,715,1248,1313,798,810,798,684,684,755,716,1254,1219,823,826,842,858,1014,1012,777,747,715,773,997,985,789,750,1121,1087,622,784,585,582,779,745,679,655,1084,1098,826,908
bing_querylogs|config_id=1578,1259,1358,938,927,804,783,1489,1354,1002,1067,1932,4889,3076,2376,1198,1381,1206,1499,2172,964,973,1753,1942,877,808,964,1162,1373,1334,1986,1786,1250,1309,921,929,1888,1390,1398,4877,1149,2093,1056,1020,3156,3006,811,805,1806,2009,1193,1091,1304,1282,1043,1278,5957,2422,1066,1195,659,697,1292,1263,1620,1948,1065,979,1020,945,897,1501,1501,1688,1616,1284,1143,1658,1340,1334,1352,848,983,976,961,1444,1544,1039,1038,1387,1742,855,855,1111,985,1242,1155,1036,1034,1894,2928,1490,1827
bing_querylogs|config_id=1584,856,863,602,602,555,579,846,1172,1140,1111,1050,1042,1735,1408,1045,1140,1106,1132,1152,666,777,918,934,806,705,868,910,1067,1146,924,830,951,968,744,1073,1389,1167,852,992,761,765,1097,998,959,1027,612,614,1092,1200,685,781,839,912,1061,994,961,989,737,855,569,651,707,707,1399,1180,806,783,793,802,730,707,656,1135,1163,767,870,884,887,957,915,813,972,833,764,890,876,717,751,1004,1105,620,620,566,623,883,974,642,759,1037,1122,802,826
bing_querylogs|config_id=1585,988,1046,701,718,583,574,756,1020,1014,1054,1288,1143,2000,1356,1086,1077,1085,1416,1483,747,767,1135,1160,678,683,1067,1139,1140,1375,998,996,1013,1010,956,936,1439,1355,1553,2864,841,839,1141,1015,1052,1378,764,705,1208,1158,759,759,1179,1131,1441,1581,853,844,767,777,594,588,784,784,1322,1311,785,785,779,737,737,736,701,1429,1486,1163,1142,1085,951,1186,1349,745,745,774,778,1202,1230,834,838,1152,1397,667,666,598,598,911,817,1015,716,1356,1212,914,916
bing_querylogs|config_id=1587,888,947,675,658,641,619,714,714,1005,963,1080,1101,1052,1043,1137,1161,1141,1028,1130,763,768,1018,1018,782,788,868,908,1050,1116,1068,960,1115,1127,1033,998,1286,1361,679,651,855,795,874,878,1048,1055,692,684,1124,1078,756,757,876,992,933,896,942,901,841,841,647,656,831,759,1085,1176,790,796,784,660,663,768,771,1425,1415,921,982,820,823,1053,1064,740,798,788,803,1175,1175,831,872,1001,1005,706,730,637,662,851,991,728,756,1114,1120,774,777
bing_querylogs|config_id=1589,1348,1393,1075,1103,893,1020,1272,1493,1117,1181,1550,1154,1609,1237,1225,1366,1360,1304,1329,1395,1310,1251,1306,951,956,1077,1241,1367,1090,1419,1579,1351,1292,1441,1343,1430,1441,907,1040,1099,1123,1089,1395,1232,1487,990,1060,1480,1433,1052,1043,1069,1284,1295,978,1284,1293,1174,1166,750,793,1098,1109,1444,1564,1018,1016,964,1002,913,953,1046,1708,1732,1218,1305,1295,1491,1337,1366,1145,1009,1148,1090,1249,1260,1231,1296,1499,1303,1014,1002,1104,822,1244,1242,1297,1076,1451,1424,1244,1206
bing_querylogs|config_id=1592,716,720,599,600,575,577,753,685,925,919,988,988,955,983,1052,1006,999,1015,1053,710,708,947,949,686,690,831,869,953,996,1004,864,1000,1012,929,928,1222,1222,664,664,750,749,832,776,861,861,621,620,1015,1004,618,618,868,864,832,851,844,844,766,766,604,593,730,698,1016,1089,725,731,717,672,676,631,632,1149,1165,841,831,761,761,941,944,718,694,705,733,997,997,746,773,871,889,614,614,604,603,791,819,722,675,962,1035,704,705
bing_querylogs|config_id=1596,816,928,615,562,521,521,1278,1278,868,858,1159,990,1421,1159,1028,981,1019,1375,855,905,1207,995,1007,698,689,783,798,788,791,1009,1033,893,910,712,799,943,834,41827,1943,812,859,684,860,1069,1011,727,685,1200,1324,671,671,793,797,38009,39893,1768,827,816,833,526,517,689,697,1033,1043,676,680,697,2513,2906,961,1054,1149,1063,887,814,783,916,926,860,695,766,665,711,1047,1055,686,716,1383,1005,574,574,522,518,869,818,591,598,1186,1079,827,751
bing_querylogs|config_id=1600,900,900,759,762,766,768,813,813,1125,1123,1169,1166,1208,1185,1070,1070,1092,1049,1173,839,848,1129,1129,925,863,965,1067,1159,1025,1161,1158,1191,1234,1049,1016,1370,1306,756,911,909,918,940,959,1145,1105,799,767,1169,1169,823,823,967,986,1952,963,1082,1068,917,933,756,752,919,919,1305,1320,890,890,880,743,743,794,798,1304,1304,955,984,899,900,1163,1166,797,797,895,889,1247,1247,935,932,1139,1173,783,783,746,744,1001,985,822,1232,1296,1192,872,875
bing_querylogs|config_id=1605,1001,943,710,712,751,753,864,864,911,886,1080,1043,986,1003,842,828,833,1010,1112,743,752,983,1030,715,715,812,801,941,1023,1000,997,1065,1069,785,809,955,955,650,660,750,759,812,814,1108,1055,712,679,960,968,696,725,783,783,762,773,981,981,947,938,573,552,804,808,1066,1152,803,745,750,641,641,951,790,1245,1245,1259,958,882,882,946,959,794,794,734,796,952,1072,832,831,1141,1116,660,660,751,737,813,808,669,678,1004,1118,823,873
bing_querylogs|config_id=1609,719,710,612,606,564,561,689,727,857,885,1018,1018,990,1132,922,922,918,1015,1036,706,680,929,929,658,663,876,920,891,942,962,942,979,996,844,749,1116,948,735,627,705,724,746,747,1001,805,622,589,986,1007,666,673,894,882,849,821,880,857,741,732,556,566,697,722,1074,1060,711,702,692,568,609,666,668,1156,1125,780,848,715,715,942,1045,692,692,715,694,1071,1048,743,759,947,959,611,606,608,589,807,844,678,784,982,985,749,790
bing_querylogs|config_id=1611,1030,921,709,614,533,520,959,1453,844,918,1053,1069,1469,2788,929,890,933,1009,1142,856,993,934,1038,608,622,805,949,755,757,1068,1198,842,853,675,768,1048,843,2149,2114,1051,898,896,895,1097,2217,588,596,1167,1419,655,646,752,752,7938,4921,837,3352,840,840,534,511,652,743,1058,1085,683,732,731,1703,20698,1006,996,1215,1178,723,2043,962,1034,883,853,809,789,690,708,1064,967,765,762,1336,1256,584,586,524,595,666,924,577,580,1253,1270,857,878
bing_querylogs|config_id=1617,976,979,683,686,763,654,977,806,1125,1062,1285,1209,1332,1431,1256,1209,1237,1378,1522,969,976,1043,1145,841,819,930,943,1116,1282,969,955,1118,1177,1034,1158,1309,1404,809,822,1006,907,1183,1204,1563,1290,820,668,1274,1205,748,748,994,988,1224,1027,951,985,885,936,600,599,939,937,1150,1220,745,811,758,709,708,848,999,1303,1307,1056,1101,1111,912,1063,1076,928,886,827,777,1037,1139,976,966,1317,1051,684,680,708,694,886,971,863,858,1154,1317,907,993
bing_querylogs|config_id=1620,741,812,603,657,510,509,1198,1064,790,792,956,982,1105,1599,885,914,846,1560,3497,840,844,920,927,596,601,820,817,752,762,1014,957,884,853,677,682,1046,1046,2412,4187,822,788,743,775,1002,909,681,681,1321,1252,646,646,724,756,5401,1601,7966,750,868,856,488,526,656,698,968,980,666,733,783,852,1222,854,866,1003,1013,1438,676,1006,931,910,866,782,782,713,714,972,944,665,654,1222,966,575,581,505,516,668,664,564,570,1145,1054,837,778
bing_querylogs|config_id=1624,1080,980,870,885,1005,1013,879,928,949,879,1209,1272,1375,1227,962,973,938,1088,1180,900,889,1246,1271,773,785,891,894,1185,1107,1300,1280,1371,1161,890,876,1124,1208,743,861,892,896,944,928,1085,1321,750,738,1449,1330,918,903,895,964,781,1231,922,1517,1042,1045,618,609,989,923,1240,1376,858,874,896,845,823,1016,889,1422,1432,1143,1070,1165,1173,1225,1270,793,796,925,900,1146,1347,966,843,1254,1195,807,822,825,949,962,1095,896,891,1250,1340,1166,1242
bing_querylogs|config_id=1626,682,657,610,595,555,571,690,674,892,869,992,1011,974,855,934,946,933,1020,1053,724,727,842,855,680,623,853,884,901,906,1031,921,999,1014,754,836,940,948,1032,771,797,735,765,798,958,958,621,617,963,1015,715,715,925,934,881,859,846,849,780,691,573,574,808,906,1030,952,725,728,736,631,595,681,673,1007,1089,873,904,739,740,967,989,765,747,736,725,973,1005,780,781,1030,1225,631,646,608,572,862,915,690,793,913,1004,698,715
bing_querylogs|config_id=1628,686,612,529,530,549,556,621,595,1004,881,980,906,891,1022,840,898,873,854,1023,575,645,801,915,607,610,900,842,895,896,919,956,856,953,796,788,1037,1052,582,598,688,684,770,742,735,865,552,552,976,865,567,567,752,716,954,964,756,737,650,660,552,519,667,696,934,985,694,630,620,570,570,591,541,1045,1134,711,714,658,658,958,839,648,627,669,669,972,873,739,739,776,776,564,564,567,570,744,667,583,585,916,1034,654,673
bing_querylogs|config_id=1633,1006,681,580,599,516,518,1021,927,817,719,1043,905,5031,6555,961,862,913,10163,7210,712,829,1005,1408,612,613,850,897,778,916,1029,878,848,860,686,683,903,869,1468,880,837,794,821,785,1235,3382,569,561,1186,1290,608,625,902,766,10646,13106,3956,710,848,713,538,539,801,667,1184,1357,716,686,640,6792,2305,794,793,1142,1066,885,1379,970,1025,849,859,623,624,699,685,923,921,722,835,1418,1634,563,562,527,527,678,655,582,588,932,966,823,873
bing_querylogs|config_id=1634,692,669,659,585,508,510,1715,917,739,686,960,861,4761,6262,877,871,958,976,11828,623,621,924,1017,596,600,831,872,831,763,928,875,838,843,665,658,773,862,604,689,720,720,857,751,2514,2252,553,553,1082,1207,590,588,793,817,8847,11401,786,797,738,731,504,511,665,756,1178,1118,661,631,619,2368,2261,1173,758,1007,991,714,1092,830,1032,906,827,591,615,626,712,923,894,746,841,1423,1465,564,587,517,515,651,654,550,576,918,884,804,781
bing_querylogs|config_id=1645,740,739,593,607,557,557,665,649,940,812,1020,1006,960,954,932,932,938,885,1000,689,698,903,962,694,694,830,811,780,852,889,870,1022,1045,892,828,960,1098,630,586,722,725,796,796,796,931,608,610,1072,1034,607,687,823,832,800,897,823,839,761,764,547,547,728,731,990,1077,726,722,723,580,575,626,633,1206,1138,838,810,728,757,1054,1014,659,643,717,721,1051,1061,775,774,998,938,620,629,583,569,785,776,647,664,962,1108,712,715
bing_querylogs|config_id=1646,726,731,591,593,561,561,646,646,955,958,1046,995,959,1061,935,926,908,931,1030,682,691,903,962,696,696,834,815,886,967,867,864,1029,1050,764,890,1082,938,591,591,727,746,794,797,810,983,605,602,1053,1061,613,612,794,815,865,806,823,863,756,773,550,550,731,731,1015,1128,716,727,714,598,598,630,633,1169,1173,823,842,735,735,1039,1023,640,640,722,729,980,1082,756,756,958,1003,619,619,579,565,953,800,641,686,936,1050,703,725
bing_querylogs|config_id=1663,731,726,594,595,565,566,645,646,930,973,983,1030,971,971,935,935,926,956,1001,688,697,976,976,690,704,817,838,852,962,955,945,1025,1050,901,807,1184,1177,579,579,724,721,777,778,818,1000,609,606,971,1061,613,613,854,781,790,825,824,846,761,765,566,563,741,740,1126,1060,731,725,716,598,598,630,633,1208,1173,812,866,735,735,951,1017,677,707,727,720,1036,1054,794,794,914,891,620,619,580,579,940,774,649,668,1088,1119,715,719
bing_querylogs|config_id=1674,732,732,591,594,565,565,646,646,971,973,1000,1000,1019,792,949,936,927,918,1077,687,696,949,964,698,698,859,838,869,969,861,865,1030,1051,867,824,1073,1119,591,591,725,722,800,778,938,796,606,603,1026,1040,615,615,782,844,848,882,835,834,765,748,552,565,741,741,983,1082,723,729,717,581,581,630,633,1144,1212,842,854,736,736,1007,974,666,666,731,717,944,1037,782,782,1089,1019,616,616,580,566,792,801,660,656,960,1196,710,713
bing_querylogs|config_id=1692,722,722,588,591,555,553,647,645,950,964,1004,1011,974,965,872,934,901,944,992,678,687,902,961,695,695,833,814,876,975,859,856,1017,1038,892,836,946,1072,631,627,720,716,773,779,903,883,602,599,989,973,608,608,792,876,836,770,837,892,754,751,549,549,730,730,1012,1091,720,715,713,575,575,631,634,1146,1125,882,873,729,729,1058,1061,642,642,722,728,968,1079,780,779,909,917,611,615,577,559,785,811,657,666,1082,1196,696,699
bing_querylogs|config_id=1695,720,720,589,593,560,560,685,810,855,893,1015,996,964,998,1043,1022,1103,936,1080,691,700,903,962,691,691,831,812,784,1059,944,941,1022,1043,852,794,1177,1156,697,697,723,720,821,844,977,976,605,602,1050,1076,605,603,1000,874,851,876,858,910,786,776,528,541,774,749,1024,1159,716,716,710,673,674,625,628,1210,1247,914,822,769,769,967,974,668,661,708,717,916,1009,775,775,1002,1003,613,613,581,566,783,823,720,678,956,1070,703,718
bing_querylogs|config_id=1697,746,746,597,600,564,568,687,687,990,974,1063,1069,1082,1076,936,936,940,978,1077,717,734,912,971,698,698,859,794,767,970,861,865,1031,1054,905,810,1152,1088,647,647,725,722,732,778,943,971,616,613,984,990,615,615,837,855,786,870,860,815,786,770,577,562,741,741,1000,1127,725,725,719,574,603,656,659,1150,1211,853,829,743,743,967,1007,686,677,723,725,946,1065,783,782,972,980,628,628,587,563,841,796,672,681,1030,1146,710,713
bing_querylogs|config_id=1699,929,936,575,578,578,582,1047,948,838,755,1071,1082,975,1001,846,868,818,942,2020,910,946,1032,1080,678,679,776,741,898,1022,1054,1069,978,1023,715,733,860,993,1234,42369,826,838,809,744,910,1049,760,638,1140,1318,718,682,788,851,38790,39004,1253,1671,896,886,518,537,742,744,979,1087,796,720,728,1327,1181,877,958,1188,1188,1208,873,946,948,1042,1032,736,748,764,749,1056,1123,743,729,1593,1252,628,639,570,544,769,764,648,657,1164,1230,823,920
bing_querylogs|config_id=1710,747,761,661,698,583,581,2563,1081,843,854,981,984,10469,1207,992,1131,986,5953,2446,919,899,1012,1105,655,663,897,952,1004,942,875,1078,956,969,769,767,997,1039,969,1542,879,837,968,973,2408,1215,633,636,3615,1458,669,661,999,996,11066,9781,870,823,917,928,545,596,917,896,1391,1158,710,675,757,3366,4310,1149,1019,1217,1275,966,1180,1237,947,927,868,712,712,754,683,1014,1022,802,778,1488,1527,638,657,578,578,812,845,662,714,1113,1129,876,1006
bing_querylogs|config_id=1731,776,761,616,627,571,573,680,700,820,842,1007,1006,1040,991,885,892,881,942,974,700,735,968,964,716,716,845,872,853,860,984,874,1003,1025,790,793,948,949,699,625,769,716,835,836,826,937,631,637,979,975,637,624,827,769,796,920,830,828,773,769,578,568,722,675,1004,1094,708,705,700,624,628,630,634,1201,1120,735,767,753,759,956,961,674,631,677,715,1068,1072,714,771,844,886,644,642,625,596,827,880,713,691,892,1001,726,708
bing_querylogs|config_id=1736,1005,1006,746,778,894,815,1038,1145,832,859,1234,1218,1055,1029,825,796,822,1002,1177,964,872,1100,1209,895,897,871,903,1072,1247,1114,1006,1118,1161,821,819,979,1034,778,795,1558,1399,837,841,1021,1009,840,837,1233,1244,826,806,1160,1074,749,752,903,892,958,961,641,627,1037,944,1250,1355,818,870,839,859,863,851,844,1446,1261,1033,1083,1105,1091,1119,1151,920,880,710,836,1180,1157,889,930,1260,1219,802,811,733,733,804,849,925,932,1166,1227,1002,986
bing_querylogs|config_id=1741,862,930,624,628,719,722,983,1040,698,699,1094,1041,1052,988,674,672,670,985,983,673,691,993,987,685,690,778,907,972,984,956,951,1053,1072,727,712,1003,951,579,731,1457,1144,793,744,905,908,740,736,1037,985,666,666,957,936,1510,693,768,766,873,796,578,576,851,856,1226,1183,696,676,684,657,615,723,617,1075,1073,831,817,1083,1009,941,930,815,951,684,694,1009,1009,800,796,1140,1107,670,640,623,621,749,722,894,1141,1049,1111,982,881
bing_querylogs|config_id=1746,700,661,532,530,537,541,784,900,592,607,960,937,690,687,565,573,562,736,696,591,594,827,789,618,621,686,724,902,841,790,775,902,908,581,577,754,751,499,579,1270,932,633,611,748,752,643,666,845,810,637,636,806,734,553,564,624,624,728,699,481,494,772,740,924,908,619,619,577,738,741,535,535,1029,1029,695,686,815,754,883,789,648,648,548,552,780,780,605,639,1081,966,582,581,528,510,643,628,706,712,891,819,707,652
bing_querylogs|config_id=1755,848,865,715,775,732,799,956,992,759,786,1143,1167,880,1080,843,783,776,960,919,752,716,1015,1056,751,750,804,852,1170,1059,939,1041,1097,1118,760,794,1136,1079,634,802,1449,1272,919,856,1128,927,769,766,1157,1085,725,694,899,1076,702,677,835,770,928,1074,601,587,909,909,1269,1179,705,706,701,690,828,737,736,1222,1215,869,818,983,939,909,911,818,908,725,720,958,1042,838,829,1224,1189,701,688,649,629,759,754,954,939,1139,1009,885,889
bing_querylogs|config_id=1776,752,708,583,585,644,644,894,875,712,707,936,883,888,855,684,687,703,820,965,646,648,830,842,678,679,869,909,969,949,862,851,974,990,705,711,828,846,571,547,1003,1383,774,736,885,860,661,666,857,934,672,677,835,813,629,632,693,711,808,806,567,562,822,817,1427,927,726,699,723,601,606,642,657,948,950,784,768,839,847,840,933,728,699,685,669,860,865,711,745,950,925,639,653,621,607,716,723,787,755,997,968,881,733
bing_querylogs|config_id=1781,792,792,659,606,622,624,960,949,666,667,1071,1023,813,807,657,643,634,798,886,692,689,935,963,696,696,770,762,915,1012,900,867,988,1022,696,694,902,894,573,576,1435,1262,695,686,861,852,739,738,954,939,710,700,887,884,1077,1069,708,708,829,857,538,540,859,859,1040,1517,690,690,684,879,902,637,638,1121,1121,761,778,919,860,993,976,754,738,642,640,887,986,713,712,1144,1084,634,639,596,583,748,746,842,826,936,1017,774,777
bing_querylogs|config_id=1793,946,944,754,757,851,827,1079,1096,826,828,1149,1174,955,953,803,800,797,881,956,815,820,1111,1111,848,846,913,1045,1148,1153,1152,1118,1155,1179,914,855,1136,1129,722,857,1236,1668,848,848,996,989,878,873,1111,1104,867,868,988,982,1606,781,858,858,968,968,733,722,1013,1015,1265,1173,842,838,832,822,745,766,768,1269,1272,928,933,1061,1082,1107,1096,871,851,906,904,1133,1133,865,865,1242,1197,788,788,742,740,876,875,891,1279,1139,1229,972,912
bing_querylogs|config_id=1802,1049,1047,816,732,919,1105,944,957,965,1017,1080,1079,1237,1372,1030,1067,1034,1176,1305,809,861,1162,1249,741,743,837,854,1104,1209,954,971,1019,1051,885,788,1132,1087,912,894,852,846,878,898,1266,1250,894,833,1048,1056,744,741,928,937,945,1029,13967,14162,1064,1063,580,617,860,895,1474,1456,966,904,898,747,784,992,1092,1154,1154,1079,1090,1007,1035,935,937,942,988,972,972,958,1126,896,895,1326,1297,699,726,793,636,894,782,714,718,1174,1262,916,918
bing_querylogs|config_id=1807,1008,941,723,783,842,789,818,865,843,880,1004,1153,1593,1430,1045,982,989,1233,1266,683,757,962,898,689,651,1003,1019,1080,1086,1143,1164,1050,1078,850,783,1106,946,642,706,749,806,836,881,1107,1025,786,775,989,931,713,731,866,874,881,775,16769,1004,933,965,636,596,760,718,1241,1283,764,865,821,687,663,759,795,1093,1075,963,910,920,918,1018,887,721,718,727,892,1096,1124,886,878,1098,1124,723,691,980,734,946,889,808,833,1137,1077,976,1072
bing_querylogs|config_id=1812,1118,1137,839,866,862,867,1149,1138,970,974,925,1028,1362,1400,1005,998,1008,1471,1458,828,844,1092,1032,763,722,856,877,1200,1195,1119,1141,1024,1102,870,869,1018,1053,821,817,817,813,920,919,1318,1397,913,909,1087,1118,829,793,929,897,1132,1176,1052,17274,1087,1014,649,675,866,867,1294,1228,925,913,895,790,789,862,883,1173,1318,1035,1033,1074,1098,1008,997,1026,1006,863,919,1000,1134,992,986,1429,1377,769,704,938,933,922,832,936,717,1098,1103,1018,1003
bing_querylogs|config_id=1821,903,833,712,712,716,717,824,836,769,803,1025,996,1231,1192,976,994,911,1138,1231,732,716,959,1035,660,663,827,955,1149,1156,1114,960,1098,1040,791,785,965,1009,672,680,740,784,886,908,1150,1116,682,676,897,976,760,759,884,819,853,760,988,986,922,922,554,569,739,739,1193,1185,781,842,817,634,646,1005,1156,982,1000,922,974,907,902,965,1033,809,776,825,828,968,1110,936,899,1151,1197,676,701,825,715,869,897,642,646,1021,1117,888,968
bing_querylogs|config_id=1826,822,767,607,608,769,771,1035,1035,694,695,994,1008,998,1013,662,666,659,932,902,798,799,1079,1079,706,713,769,807,985,1001,971,885,1010,1137,675,671,901,912,579,578,1066,1026,762,761,1029,1020,712,711,1054,1061,669,669,895,945,752,755,883,883,802,805,564,553,845,836,1080,1264,679,679,673,682,686,750,751,1153,1204,863,868,979,999,942,945,776,752,654,750,1017,1017,780,807,1216,1336,654,646,574,594,696,724,985,990,1087,1088,989,990
bing_querylogs|config_id=1831,953,980,658,683,674,750,793,904,737,861,1117,1095,1365,1114,963,1035,1004,1229,1271,647,688,1038,1078,692,711,866,954,942,1019,996,1056,1003,899,784,724,892,957,749,872,841,734,852,877,1074,994,722,652,964,1097,654,716,941,1013,2035,2084,978,1525,867,904,553,579,795,837,1255,1115,736,709,664,695,712,688,746,1058,1095,1230,1114,974,896,907,928,759,857,733,730,1111,1096,852,873,1230,1200,583,585,745,782,659,778,735,649,1100,1040,816,839
bing_querylogs|config_id=1836,978,996,775,825,782,752,1077,1066,710,728,1039,1120,2131,2533,836,814,770,2322,1130,908,1003,1437,1059,792,821,757,772,1092,1158,969,947,975,992,735,691,874,934,710,928,1524,1588,950,917,1694,1181,695,693,1003,1197,644,664,1252,4196,3420,3934,806,852,827,849,560,561,874,914,1255,1156,649,663,648,1257,886,907,893,1822,1685,1071,1347,1125,1149,967,1010,928,942,657,640,1296,1099,885,949,1553,1508,616,622,571,570,704,693,1038,981,1225,1168,899,867
bing_querylogs|config_id=1841,718,719,623,645,586,674,829,670,850,781,836,953,1093,1114,758,728,662,1021,911,768,761,1028,890,664,672,844,898,1010,896,964,1035,942,961,642,707,895,858,825,740,746,787,727,716,964,920,663,690,1078,1006,658,699,778,766,757,761,770,809,794,819,565,571,686,707,949,1094,646,653,652,677,837,744,757,1248,1072,801,844,746,706,941,951,693,671,659,694,1080,1071,732,766,988,870,639,618,601,542,733,675,610,824,1043,881,774,703
bing_querylogs|config_id=1850,1135,1133,961,964,905,976,1258,1258,1064,1067,1199,1199,1373,1431,1148,1148,1139,1561,1660,933,942,1251,1292,930,930,985,984,1272,1248,1174,1171,1278,1297,1062,1070,1195,1257,889,888,1080,1012,1058,1045,1432,1432,997,954,1250,1227,864,864,1031,998,929,932,1250,1271,1201,1191,732,732,975,975,1374,1486,1017,1019,1013,859,859,1175,1098,1674,1674,1174,1229,1223,1214,1184,1173,1032,1032,1045,1039,1118,1229,1164,1164,1648,1606,819,954,929,915,1011,1056,1057,851,1212,1335,1223,1179
bing_querylogs|config_id=1866,1114,977,720,734,768,754,880,877,877,827,1158,1078,1396,1675,915,1120,1023,1138,1097,743,762,1124,1188,756,787,867,846,1066,1149,1085,1078,1029,1048,803,843,925,992,913,714,788,730,863,871,1066,1060,737,804,1066,1022,738,717,889,872,1009,1183,1401,1479,979,1024,633,571,788,739,1143,1257,816,865,806,764,791,820,848,1226,1458,1004,1014,972,1029,1181,966,762,734,796,845,1189,1200,947,903,1074,1251,711,659,807,805,779,824,731,789,1011,1171,882,948
bing_querylogs|config_id=1879,780,770,587,590,648,648,914,908,656,659,1065,1065,796,790,631,646,637,746,810,671,680,938,991,699,699,743,724,930,982,887,884,1019,1040,679,688,877,877,772,772,1141,1450,696,694,832,831,726,723,934,934,629,679,866,971,621,624,710,710,801,801,514,514,871,871,1000,1140,622,622,616,935,935,611,614,1160,1156,757,767,910,811,957,964,679,679,628,714,876,987,711,723,1074,922,618,617,567,553,754,734,733,16967,974,1088,749,752
bing_querylogs|config_id=1883,756,756,624,627,598,609,696,676,960,947,1091,1031,1112,1006,1007,1039,998,930,1009,706,715,933,992,777,777,843,838,992,1037,955,943,1063,1090,1019,975,1011,999,626,604,787,789,840,840,878,862,624,658,1075,1097,687,666,879,871,840,881,863,847,767,832,599,588,796,796,1059,1172,770,770,780,600,600,696,699,1311,1219,870,801,789,789,1039,1021,687,682,776,773,1007,1100,852,851,1030,1045,648,648,612,650,868,997,689,702,961,1120,745,760
bing_querylogs|config_id=1899,724,723,574,577,582,552,791,894,940,902,955,1078,1149,1201,1035,1149,1093,1047,1151,664,675,880,1068,713,698,863,842,991,1064,974,878,989,1006,923,876,1162,914,707,690,708,707,823,848,914,1012,595,591,909,1211,683,725,924,961,1182,1301,824,810,849,783,529,529,853,719,975,1150,739,708,706,687,660,646,650,1123,1204,976,917,849,848,989,1018,748,751,705,694,1005,1112,743,752,1051,1294,606,616,584,562,948,759,695,652,1646,1152,710,775
bing_querylogs|config_id=1901,735,735,594,597,565,566,651,652,948,897,987,997,1021,953,933,948,930,948,996,692,695,966,966,694,700,886,922,952,859,952,949,1032,1052,895,874,1166,1095,633,599,735,732,803,781,984,996,609,606,1058,1066,618,617,849,823,806,829,828,810,765,752,569,566,731,731,1083,1103,724,720,714,602,602,634,637,1155,1155,836,845,739,739,952,958,681,669,726,737,1040,1040,789,789,917,922,619,619,583,583,805,778,663,672,1092,1051,726,710
bing_querylogs|config_id=1905,920,921,813,700,666,670,804,779,912,829,1149,1216,1169,1146,1058,1220,1048,1122,1251,788,808,936,1003,727,727,1031,910,967,1333,1112,1054,1242,1198,950,1029,1425,1203,708,678,820,817,974,1030,1168,1168,769,891,1163,1125,827,871,988,1039,1053,973,973,1164,950,918,558,630,904,884,1141,1452,783,792,826,649,703,710,713,1325,1360,922,928,911,1023,1233,1188,729,779,865,824,1052,1130,896,924,1124,1160,714,715,738,702,912,911,744,763,1207,1292,820,867
bing_querylogs|config_id=1912,1489,1522,941,873,844,851,1017,1185,1157,1119,1485,1510,1400,1235,1386,1381,1372,1199,1342,934,1257,1462,1493,887,887,1240,1212,1273,1272,1466,1372,1437,1458,1188,1279,1394,1500,978,1067,1223,1104,1220,1159,1412,1477,1087,926,1455,1405,876,878,1099,1034,1296,983,1244,1157,1381,1376,741,755,1137,1065,1594,1667,1047,930,928,996,1063,1290,1288,1585,1585,1139,1373,1197,1635,1379,1459,960,981,991,984,1348,1473,1058,1061,1581,1672,936,879,804,908,1305,1291,1284,1075,1350,1475,1279,1159
bing_querylogs|config_id=1913,726,731,592,596,564,565,647,647,951,962,1002,1015,798,1062,912,914,905,1021,1078,684,693,902,961,697,714,840,828,883,857,868,865,1029,1050,785,774,951,992,590,579,736,758,798,751,807,807,607,604,1045,1053,615,615,819,805,810,806,823,797,771,742,551,551,726,726,986,1080,714,718,712,579,579,632,635,1156,1288,835,830,735,735,1040,1019,640,638,721,714,971,1054,782,782,962,962,619,619,583,570,947,940,643,671,937,1080,725,709
bing_querylogs|config_id=1937,725,725,586,590,563,563,661,661,942,922,988,1003,1010,1034,914,881,929,923,927,675,684,903,962,695,696,852,808,881,956,858,837,1027,1043,859,812,1138,1113,574,590,734,726,783,799,796,792,600,597,996,965,658,606,793,793,833,842,825,818,778,749,551,555,730,728,987,1065,707,707,710,572,574,626,626,1257,1226,851,819,727,727,1019,1007,655,657,729,710,1051,1080,776,778,949,1025,616,612,575,560,768,826,659,658,1027,1074,712,699
bing_querylogs|config_id=1938,853,704,569,572,543,549,667,676,788,796,939,978,1117,1069,885,869,936,788,907,654,665,846,901,672,671,808,797,863,957,856,848,970,990,798,833,1139,987,880,623,697,693,730,716,905,888,596,590,956,888,597,634,826,846,851,738,785,795,740,741,542,529,718,701,915,999,671,749,675,629,641,603,613,1093,1059,765,768,790,726,945,943,683,661,722,673,934,1039,728,733,1128,918,599,598,569,555,753,814,627,636,849,1015,688,697
bing_querylogs|config_id=1953,783,794,679,655,566,566,2896,1215,831,937,1017,1075,1218,4609,908,1116,925,3568,10169,815,942,1054,1303,703,705,792,779,811,912,926,923,1049,1061,727,822,974,908,657,898,863,861,983,944,1254,1890,610,607,1990,4566,726,716,1019,1001,8513,14062,884,808,917,838,519,543,932,879,1112,1333,705,730,777,2563,3432,866,798,1280,1297,1395,1995,1028,920,976,988,665,728,690,812,1016,1158,860,893,1626,1635,615,628,582,567,762,825,648,657,960,1125,939,1066
bing_querylogs|config_id=1979,1065,1038,743,846,876,895,1018,1008,1041,1180,1244,1282,1720,2026,1095,962,1056,1565,2248,1038,846,1272,1308,771,748,918,882,1068,1111,1167,1231,949,970,906,1017,1132,1076,1523,1209,841,915,1053,965,1162,1416,976,877,1377,1557,689,683,977,980,1607,2682,1080,1987,1112,1039,681,634,881,884,1388,1342,911,928,711,1255,1203,900,964,1327,1081,843,1407,1260,1081,1161,1120,798,758,989,890,1148,1212,897,998,3057,2046,608,616,796,912,1080,1022,869,916,1198,1388,919,1014
bing_querylogs|config_id=1987,1284,1350,883,1084,805,811,1788,1525,1244,1096,1413,1344,1834,6426,1506,1429,1355,8647,2915,1288,980,1693,1690,852,852,1259,1308,1519,1527,1496,1529,1308,1324,1313,1354,1406,1352,2928,1045,1291,1317,1406,1388,3380,4551,1001,927,1935,1526,1039,1039,1388,1642,8051,12914,1218,1143,1417,1141,794,745,1199,1226,1950,1842,1106,1036,1259,3417,1588,1179,1303,1943,1992,1499,1762,1619,1590,1451,1369,1025,944,1146,1101,1441,1521,1181,1338,2453,2132,1015,781,808,792,1362,1422,963,914,1524,1386,1384,1665
bing_querylogs|config_id=1992,1049,1049,814,820,629,654,954,945,1082,1129,1205,1301,1234,1423,1092,1119,1095,1209,1293,985,1146,1158,1157,740,760,1089,1084,1164,1075,1019,1063,1024,1055,1027,995,1209,1158,1530,15562,901,842,1154,1182,1451,1174,897,905,1243,1173,756,774,1179,1227,1349,1326,1057,956,835,844,640,639,834,812,1288,1336,832,840,825,741,715,994,822,1417,1611,1149,1091,974,1110,1306,1334,875,913,818,830,1382,1168,847,854,1184,1396,721,711,688,648,1011,1008,784,915,1306,1237,941,1112
bing_querylogs|config_id=1997,909,884,655,746,802,834,1004,1048,753,754,1134,1152,1177,1276,930,946,904,974,1062,753,732,1158,1146,680,699,882,920,1033,1039,1459,1242,1033,1060,873,817,1035,1096,716,715,960,971,857,826,1281,1218,629,627,1337,1582,900,819,868,869,780,759,1983,1007,885,875,555,552,833,819,1347,1117,799,756,754,718,725,1553,751,1154,1297,980,1071,1124,1117,958,1051,669,677,772,767,1119,1076,914,878,1008,1020,693,706,882,872,796,789,772,776,1203,1221,1236,1279
bing_querylogs|config_id=2007,1043,1118,788,783,885,693,916,870,751,763,1188,1232,1248,1454,859,913,837,1281,1201,824,835,1190,1221,721,732,1056,1120,1023,1101,1197,1232,1096,1136,929,647,1053,1008,726,1018,885,887,970,900,1099,1006,885,911,1098,1403,747,942,936,1092,998,958,1056,999,929,944,646,618,1061,955,1185,1241,813,825,841,851,797,923,764,1322,1377,1181,971,1080,969,1189,1190,975,857,796,846,1242,1230,809,995,987,1266,774,756,658,706,896,935,857,954,1249,1301,1093,943
bing_querylogs|config_id=2012,960,963,768,760,700,700,878,1144,1050,66496,66689,1181,1193,1511,1065,1056,1518,1222,1973,1054,901,1238,1101,705,736,908,928,1260,1313,1210,1315,996,1052,1051,1054,1221,1111,2053,846,919,881,1022,1022,1139,1203,966,912,1120,1115,671,672,989,1119,3708,3116,885,1800,1221,1043,601,626,999,902,1434,1598,756,897,973,1803,1807,824,1079,1307,1547,1310,1529,1017,1078,1107,1088,741,769,841,788,1232,1160,922,848,1238,1440,689,657,1032,939,957,931,908,870,1264,1258,855,911
bing_querylogs|config_id=2017,867,858,786,781,651,654,784,764,885,878,1026,1020,1019,1211,1026,958,962,1154,1110,726,731,1111,1097,710,714,897,1027,990,1004,1129,1086,1150,1128,839,1070,1058,992,708,779,764,796,897,1002,1077,943,703,687,1209,1260,766,766,951,1014,1766,951,891,928,845,764,575,585,730,730,1262,1298,777,765,775,643,636,926,810,1347,1249,820,921,870,990,1085,1081,721,776,764,856,1092,1060,864,851,1259,988,705,705,683,697,930,878,687,1031,1193,1032,818,829
bing_querylogs|config_id=2022,770,814,656,593,652,596,796,729,764,834,1054,1058,1282,1171,881,966,769,1462,1437,723,910,1077,976,614,602,862,889,934,1096,967,1059,866,870,888,765,931,872,669,1895,785,718,821,791,913,1164,708,618,1368,1286,612,588,870,745,1601,2430,914,795,833,813,547,522,670,697,1010,1056,730,646,664,2080,1475,560,918,1058,971,757,1053,790,896,874,908,633,645,734,874,1155,1140,862,792,1131,1978,557,557,671,624,767,774,765,795,1232,1699,797,736
bing_querylogs|config_id=2027,920,927,705,965,695,698,757,756,924,925,1146,1215,1192,1250,1068,1078,1066,1142,1167,799,1013,1138,1025,741,732,1036,1072,1149,1092,1075,1212,1260,1179,922,964,1017,1045,698,718,838,781,989,1070,1108,1318,774,760,1274,1165,807,895,1160,1171,981,977,1028,961,847,875,572,592,749,749,1286,1205,860,814,845,664,664,724,730,1294,1401,966,895,1056,1096,1225,1277,738,748,854,877,1143,1163,821,821,1149,1254,733,713,656,660,909,1103,741,798,1132,1151,833,875
bing_querylogs|config_id=2032,1153,1417,912,840,814,911,1211,1375,1290,1355,1304,1566,1613,1691,1216,1218,1317,1322,1783,1099,1077,1560,1426,866,938,1127,1318,1324,1331,1464,1497,1277,1323,1226,1142,1372,1331,1430,1094,1084,1031,1277,1213,1479,1357,1140,1188,1789,1683,1027,1124,1182,1183,1082,1618,1200,1221,1294,1336,833,850,1042,1002,1280,1392,1146,1197,1077,1131,809,982,1071,1649,1562,1238,1219,1379,1314,1574,1643,991,1049,1159,1206,1505,1426,1199,1093,1291,1415,972,954,1047,811,1234,1216,1078,1015,1806,2066,1253,1339
bing_querylogs|config_id=2046,1006,1000,777,750,649,640,829,922,1077,1047,1270,1155,2042,1093,1096,1048,1082,1158,1468,944,780,1108,1152,738,738,1116,1062,1068,1144,943,933,1033,1063,935,938,1105,1105,16174,993,864,868,929,1144,1151,1184,752,744,1192,1198,776,778,1134,1158,1389,1377,971,980,899,859,601,616,790,805,1217,1328,819,819,813,1102,770,804,925,1462,1483,988,1087,951,1298,1291,1303,885,746,797,821,1217,1284,860,845,1191,1439,711,694,644,636,848,996,777,863,1241,1309,941,955
bing_querylogs|config_id=2056,1124,935,783,859,649,650,710,710,924,948,1225,1162,1252,1180,1113,1118,1014,1098,1180,839,798,1014,1184,734,740,914,956,1043,1280,1194,1086,1265,1279,995,873,1285,1010,735,700,771,806,960,1002,1210,1092,755,778,1267,1220,875,835,990,1130,1176,984,1017,1036,1023,872,581,617,782,704,1137,1184,805,853,844,673,676,942,1105,1301,1405,887,910,989,1133,1196,1220,831,768,832,839,1155,1256,888,923,1160,1156,731,730,669,675,951,1080,732,859,1201,1211,843,858
bing_querylogs|config_id=2063,1127,1159,1210,835,780,741,860,940,1187,1085,1641,1463,1726,3196,1095,959,1118,1837,1945,1061,1216,1263,1304,755,804,1035,989,1312,1341,1425,1456,1233,1064,971,1030,1518,1105,1393,1285,975,936,1135,975,1639,1239,859,969,1720,1604,738,764,907,1078,1841,2771,2117,1763,1047,989,677,710,883,989,1449,1459,908,1070,878,1182,1011,1160,1077,1343,1536,1000,965,1068,1175,1065,1416,796,794,1035,895,1058,1440,1019,878,1952,1816,738,810,1143,993,1097,1230,1115,1121,2106,1845,1026,1174
bing_querylogs|config_id=2068,1128,1058,918,1119,619,836,982,1243,1034,1234,1735,1318,2567,2667,1460,1454,1026,1623,2109,1158,1306,1406,1342,954,763,1103,958,1534,1221,1439,1229,1158,1263,964,1076,1356,1270,1592,2902,960,879,1207,1047,1176,2011,1060,915,1578,1317,754,729,1207,1041,2439,2864,2311,1189,1066,1088,742,740,1081,1046,1395,1205,905,961,990,1764,1529,1224,1027,1424,1429,1026,1303,1159,1245,1091,1255,772,727,948,980,1300,1281,831,1179,1416,3598,774,767,715,994,1158,1134,1291,1160,1442,1843,926,1039
bing_querylogs|config_id=2086,1046,1152,850,838,1155,794,865,909,971,1098,1271,1233,1560,2991,1108,1152,1041,2208,1457,1101,1054,1323,1243,762,751,869,944,1370,1360,1358,1181,1148,1056,1001,1075,1144,1096,1222,1326,837,867,955,1073,1193,1207,789,1031,1782,1554,748,706,1047,1047,3037,2578,912,1893,1094,1021,628,650,920,967,1236,1206,865,796,820,1633,936,936,862,1321,1301,1576,1332,1057,1202,1090,1183,748,816,1022,828,1301,1283,998,899,1779,1648,674,676,913,790,948,983,1412,1109,1837,1360,1028,969
bing_querylogs|config_id=2095,1177,1228,1054,1009,879,1005,1098,1061,1198,1167,1505,1353,1987,2139,1115,1197,1178,1992,1706,918,1036,1310,1396,894,888,1059,1111,1349,1326,1405,1356,1272,1215,1117,1111,1276,1527,1361,1373,921,911,1157,1260,2016,1277,1015,1006,1681,1873,873,895,1130,1107,2460,2745,1700,1278,1202,1019,786,758,914,1063,1563,1592,1002,954,1055,1382,1740,1160,1027,1637,1501,1051,1073,1483,1290,1218,1287,899,892,1007,1009,1441,1401,1002,977,1565,3155,813,778,887,959,1120,1149,1134,1183,1928,1904,1025,1097
bing_querylogs|config_id=2100,1005,1014,746,663,731,766,757,745,822,1039,971,974,1253,990,841,1059,1023,1100,1058,970,892,973,967,593,644,755,810,1079,814,978,979,955,969,880,908,825,961,988,758,742,788,807,820,985,1023,909,853,1098,1024,727,736,1130,906,955,1060,858,888,869,761,530,546,932,828,1090,954,738,778,769,846,918,977,1118,1047,1043,1188,764,903,913,964,982,776,802,769,779,1028,993,983,869,1273,1289,636,672,527,533,795,863,802,1386,1265,1276,843,844
bing_querylogs|config_id=2105,1117,1113,583,583,574,575,900,896,910,911,1254,1212,1734,1732,969,978,1002,3768,3783,864,856,895,898,631,632,836,887,1091,1095,859,859,847,857,883,883,794,798,2846,2821,839,838,907,929,2089,2109,700,701,1328,1350,578,578,734,734,1082,1086,877,965,796,768,531,536,637,637,1121,1117,601,617,611,1230,1217,1438,1441,1034,1069,2310,2247,892,855,807,807,655,562,823,823,1060,1060,647,647,1386,1383,576,576,509,509,840,843,919,922,1549,1543,1111,1141
bing_querylogs|config_id=2106,781,876,629,585,594,563,815,849,803,750,1173,991,1234,1311,877,912,936,1101,943,679,764,874,1007,614,631,926,873,794,790,876,943,916,912,689,793,916,1039,955,826,788,757,863,785,829,1079,735,610,1097,1151,643,656,733,840,735,639,827,550,943,931,554,620,751,739,1095,1200,683,747,653,792,646,829,731,1107,1372,792,1224,820,799,919,817,735,731,787,762,937,958,710,747,816,828,629,629,568,672,833,771,563,595,1098,1069,842,871
bing_querylogs|config_id=2107,763,757,543,599,551,552,932,1145,650,685,821,819,1529,1153,685,656,654,1142,1193,631,773,1112,987,601,630,802,865,753,754,1068,1133,882,884,691,686,942,965,978,1927,879,634,795,779,953,903,692,601,982,1083,642,805,673,679,914,995,837,901,803,808,514,518,703,690,1294,1148,614,614,608,851,818,1520,605,1070,1120,680,651,956,976,927,958,625,755,629,657,965,1010,668,656,828,952,579,579,568,576,690,690,1374,1167,1079,1079,983,852
bing_querylogs|config_id=2108,762,781,665,686,577,579,1042,1081,1014,818,955,1099,1958,4785,1023,984,1034,3096,2972,788,922,1284,1206,692,692,837,855,910,931,1044,979,948,964,764,755,856,1048,797,950,908,842,953,806,1644,2287,631,630,1581,1811,657,655,912,877,11678,13179,834,880,894,821,549,594,864,878,1274,1419,707,764,803,1861,1347,964,922,1298,1210,985,1202,1325,1088,931,933,688,688,787,788,1024,1013,792,810,1760,1665,646,622,589,586,732,744,655,658,1175,1109,1032,885
bing_querylogs|config_id=2109,928,719,536,518,520,523,797,797,781,974,1002,957,1194,1186,859,952,856,906,881,1238,870,963,918,686,696,816,853,753,896,948,936,842,851,753,750,778,924,674,841,673,785,676,718,1122,977,673,575,1413,1197,663,663,768,698,18448,27054,909,726,805,818,521,519,662,662,896,993,663,645,619,1921,1138,1181,833,1027,956,771,660,944,1060,942,930,680,681,690,646,1184,1100,668,685,1094,1204,576,564,520,515,706,659,583,599,937,984,830,774
bing_querylogs|config_id=2110,1101,1101,577,577,572,573,864,859,910,910,1216,1217,1566,1734,972,966,982,3802,3839,852,855,889,889,625,630,806,860,1089,1091,854,854,848,857,886,883,785,794,2769,2837,816,818,923,923,2038,2086,698,698,1366,1415,574,574,686,728,1075,1085,870,885,758,780,525,525,625,643,1135,1063,595,609,603,1220,1224,1403,1403,1040,1040,2313,2258,879,878,801,801,732,641,817,817,1052,1052,644,645,1384,1380,568,568,507,507,837,842,913,917,1582,1537,1107,1107
bing_querylogs|config_id=2111,773,799,804,787,590,591,998,2060,876,46157,23020,1204,1521,3248,1152,1100,1255,10425,2155,873,1033,1418,1262,752,754,941,979,928,905,1005,993,997,1011,798,764,888,898,919,818,949,1034,1075,760,2896,6610,637,636,1395,2018,697,662,1030,902,11815,8867,1180,5469,1054,986,580,555,902,999,1657,1356,707,725,773,3044,10235,1555,1128,1249,1339,1278,1411,1327,1090,1020,1059,702,730,876,822,1152,1009,1026,872,1651,1686,646,628,650,631,775,777,777,684,1252,1113,1135,956
bing_querylogs|config_id=2112,949,917,574,577,564,565,869,1507,1058,877,1093,991,1203,1324,954,1100,940,872,9822,937,934,915,990,720,736,843,878,809,1007,1039,1073,871,955,851,795,881,972,5238,1894,861,966,906,874,960,888,642,707,1276,1079,777,734,882,882,2579,38534,906,924,906,923,571,588,768,774,1169,1122,702,703,735,38713,1515,1235,949,1175,1063,805,752,996,1054,1063,959,834,814,774,737,1109,1108,724,800,1281,1186,610,609,561,561,908,847,679,657,1133,1098,969,897
bing_querylogs|config_id=2113,899,825,670,595,568,566,974,1210,866,66356,66496,1151,1028,1054,931,934,923,1046,1136,984,948,1059,1023,691,699,852,882,996,875,1122,1107,942,961,833,844,877,1098,1670,748,848,745,782,875,1106,1175,751,747,1565,1607,709,707,870,814,33465,33464,821,812,1027,995,552,551,745,741,1174,1391,788,797,773,1274,1318,1028,952,1119,1119,773,816,924,1015,1000,1011,847,825,712,715,1049,1060,857,796,1045,1033,647,646,569,573,884,752,631,645,1327,1118,906,908
bing_querylogs|config_id=2114,1110,734,675,616,535,528,1299,1125,858,927,952,947,1161,3058,848,870,931,3475,1616,698,789,1120,1243,744,704,799,825,862,924,1110,933,948,967,724,726,935,929,18434,10574,841,825,926,931,1772,1369,578,576,1956,1694,660,632,868,936,4014,13535,815,1072,847,837,535,492,830,747,1243,1243,653,659,652,3045,5129,964,1003,1187,1258,1369,1260,908,880,1094,1118,650,646,748,713,988,1081,781,776,1661,1682,575,667,532,532,732,702,721,894,1022,1003,1020,801
bing_querylogs|config_id=2115,930,933,577,578,568,569,1190,1230,901,46164,22982,1024,1235,1272,976,1023,925,1130,39090,1399,930,1011,1024,754,759,834,880,974,848,1103,1047,935,948,844,824,867,853,3869,1321,834,864,805,821,1196,920,730,637,1454,1419,716,713,837,820,76590,24540,849,819,884,901,565,551,730,729,1092,1205,760,725,723,1651,1329,1019,963,1109,1041,856,743,1038,951,1011,1025,810,811,755,753,990,996,805,721,1278,1330,626,623,566,565,856,861,634,655,1048,1066,830,866
bing_querylogs|config_id=2116,888,833,613,672,586,587,1154,1334,996,817,1042,1082,1563,2095,979,977,931,3441,1826,940,921,1043,1066,664,670,965,912,994,831,1106,1062,929,907,899,764,1136,1093,2204,1189,1120,1034,837,1001,1227,1171,777,640,1505,1158,723,723,834,818,16417,37519,987,894,995,924,581,600,701,701,1144,1097,783,755,705,1029,2486,1130,900,1059,1090,2441,787,1087,1054,968,964,837,913,795,792,979,1004,806,722,1096,1375,623,661,603,643,802,882,648,635,1239,1964,928,970
bing_querylogs|config_id=2117,770,1077,653,571,589,577,1238,1061,875,902,980,1027,1090,1107,859,847,916,904,5852,914,779,911,935,648,637,888,941,774,823,1034,1032,933,965,747,844,916,855,33799,1325,931,922,866,819,938,960,791,732,1046,1263,717,692,822,831,33393,2718,814,762,915,871,550,561,716,735,1032,1036,772,695,689,1095,993,770,1094,1063,952,1083,772,993,1053,942,883,834,797,748,723,1041,1068,758,829,1316,1300,659,659,561,559,706,698,640,618,1102,1156,873,1032
bing_querylogs|config_id=2118,791,793,700,694,638,623,1645,2644,845,864,943,952,6130,1385,1052,1145,1195,8606,8435,973,918,1162,1214,705,709,901,959,901,942,1112,1078,1019,1041,783,810,929,949,988,844,926,952,947,1033,1931,1623,668,631,2494,7213,712,689,978,1014,14599,10252,825,832,885,927,617,621,862,966,1377,1376,756,699,699,1570,1608,1063,1217,1725,1179,1093,1358,920,1108,1054,939,766,746,778,711,1103,1094,920,833,1795,1588,671,692,618,618,761,762,734,672,1130,1116,945,944
bing_querylogs|config_id=2119,791,872,565,688,522,523,1002,1355,754,805,1078,1080,2740,1694,996,929,1050,1022,1927,866,829,1331,1009,630,690,890,959,758,761,1031,1080,843,888,806,670,787,1014,3103,529,856,913,937,838,1035,978,870,602,1682,1130,658,660,776,756,33912,40876,840,752,867,869,519,532,749,756,1061,1045,700,739,704,1431,1332,1105,1055,1036,1022,802,806,865,949,890,868,826,857,815,744,954,981,801,758,1023,1127,593,589,561,549,664,666,592,593,1144,1795,871,793
bing_querylogs|config_id=2120,1001,995,696,703,761,762,856,831,835,46119,22929,966,1348,1329,997,920,922,1223,1143,710,691,1046,1048,689,694,877,921,1003,1033,992,976,964,977,784,779,983,970,723,742,782,798,767,772,1147,1180,804,802,915,915,682,679,819,834,786,799,880,881,956,900,605,609,785,777,1144,1391,806,740,734,665,672,766,767,1165,1153,961,1011,1005,1107,914,906,822,823,809,806,997,1008,897,860,1249,1243,650,649,881,815,778,769,647,643,1011,1021,962,965
bing_querylogs|config_id=2121,818,835,635,635,628,610,1271,986,897,862,1250,1155,2263,2108,1004,1086,947,4368,1620,946,970,1071,1079,722,709,891,875,815,862,1170,1093,983,1016,856,861,949,921,1918,1295,1136,976,918,930,1172,1215,664,803,1269,1490,723,723,861,810,34378,37356,5554,848,1011,973,585,585,760,846,1125,1207,813,813,818,1480,2915,1426,1542,1165,1190,997,868,1194,1108,998,1053,802,893,770,745,1063,1070,840,838,1356,1435,648,648,651,629,960,783,659,665,1228,1366,869,961
bing_querylogs|config_id=2122,1270,1270,710,711,655,656,944,944,1020,1015,1278,1278,1634,1639,951,951,945,3759,3761,982,990,1083,1083,740,744,770,820,1265,1310,1051,1041,1007,1020,1014,1015,909,909,2954,2950,925,924,1039,1026,2187,2182,766,772,1426,1424,691,691,795,805,1260,1264,1008,1008,833,833,623,616,736,736,1067,1132,699,700,693,1386,1362,1655,1656,1255,1242,2602,2600,900,903,1000,1014,767,788,869,866,1212,1212,804,795,1498,1465,663,668,586,583,974,972,1102,1107,1693,1693,1241,1263
bing_querylogs|config_id=2123,869,855,571,576,583,570,1250,1152,825,807,1071,1051,1126,1026,883,876,902,982,1038,792,948,926,939,631,644,889,838,784,830,1060,1127,940,927,792,757,845,803,715,784,906,730,866,875,1013,939,777,755,1250,1134,712,706,795,823,31885,1524,835,791,958,931,602,565,755,696,1033,1089,787,724,763,1215,1237,917,936,990,1004,796,748,989,1013,947,887,832,769,697,750,943,1021,732,757,1178,1250,700,642,580,560,829,896,640,618,1191,1170,915,906
bing_querylogs|config_id=2124,991,985,635,635,768,700,1011,804,772,777,892,888,1060,1034,854,839,874,1069,1286,621,624,946,941,617,618,841,894,932,939,914,915,880,896,735,712,957,885,638,651,715,717,704,718,1126,1103,748,615,855,835,634,634,733,756,821,857,798,798,872,853,534,562,718,745,1121,1114,741,741,723,618,621,726,798,1025,1041,887,894,941,1044,816,816,799,769,748,744,904,928,810,810,1145,1179,596,598,553,549,682,707,588,591,945,926,919,915
bing_querylogs|config_id=2125,973,1006,690,685,742,758,861,881,861,831,912,912,1262,1344,913,900,942,1150,1206,697,684,946,977,660,664,896,850,981,1032,915,985,977,990,781,823,939,896,728,672,813,812,803,790,1082,1202,811,778,891,945,693,693,906,811,804,788,884,13714,966,939,611,622,787,799,1202,1187,788,775,788,682,669,758,760,1088,1102,978,969,1016,1022,902,836,836,832,801,784,928,924,841,841,1088,1196,669,669,829,784,753,733,651,644,1055,982,979,872
bing_querylogs|config_id=2126,1010,1033,687,687,749,709,863,879,873,838,919,917,1152,1134,905,928,936,1168,1173,712,690,980,1005,662,668,901,958,971,1080,931,1000,987,1000,780,813,968,926,667,678,798,797,796,815,1067,1220,780,704,907,933,700,699,919,910,958,915,886,859,950,961,619,645,810,825,1317,1123,691,793,718,689,673,785,785,1078,1088,969,992,1022,1027,914,848,866,833,706,791,930,939,833,829,1203,1168,667,667,600,603,768,766,663,636,1032,990,886,990
bing_querylogs|config_id=2127,1378,1386,620,620,604,697,1106,1056,1029,1027,1304,1311,1812,2356,1156,1128,1054,4423,4264,945,949,1045,1039,680,678,887,907,1304,1285,889,889,1004,1119,1046,1037,816,824,3602,3428,962,980,1018,1029,2831,2469,695,742,1719,1547,592,592,898,856,1543,1559,1028,1033,834,827,544,544,794,768,1089,1092,629,627,625,1370,1378,1775,1792,1141,1156,2571,2645,1085,1022,941,952,682,682,799,795,1238,1230,672,702,1571,1548,597,593,560,573,944,954,1014,1017,1810,1799,1266,1257
bing_querylogs|config_id=2128,849,895,514,585,518,519,1198,1192,714,780,992,948,1230,1280,827,863,817,33949,984,621,709,915,878,599,603,828,883,722,882,1036,1019,812,836,752,722,982,779,802,1550,880,829,787,791,901,982,689,588,1210,1151,640,646,691,674,21672,33369,1562,686,848,848,498,498,672,674,917,935,679,758,682,822,1106,766,853,1031,915,682,10502,911,870,846,867,761,766,725,711,965,922,694,712,1161,939,581,583,509,509,818,648,574,569,1060,1038,840,856
bing_querylogs|config_id=2129,1156,1111,603,603,591,592,899,890,964,966,1223,1234,1876,1785,977,1011,1002,3470,3857,871,874,904,958,622,615,815,869,1140,1143,867,867,858,867,903,900,797,797,2871,2871,834,840,941,942,2064,2091,717,703,1288,1289,580,580,697,699,1085,1083,905,877,742,742,538,538,641,637,1144,1112,626,626,619,1229,1232,1416,1416,1059,1034,2394,2296,865,855,831,828,579,576,781,781,1076,1065,653,647,1154,1152,608,608,515,515,857,857,927,929,1573,1553,1155,1144
bing_querylogs|config_id=2130,986,670,605,679,511,514,2042,1394,751,743,1099,1043,8932,3627,1024,1044,944,7218,11896,713,873,1219,1196,681,651,863,845,819,865,833,863,895,826,652,664,874,945,838,815,1003,891,962,888,1644,1280,585,584,2058,3158,604,604,1037,816,15259,11870,753,8785,877,876,487,523,1015,804,1209,1436,620,697,695,3305,4588,1194,1116,1532,1177,1398,1356,794,931,845,952,615,606,741,753,896,873,954,867,3522,1421,551,587,553,567,653,651,613,598,1113,1104,916,1066
bing_querylogs|config_id=2131,1016,932,556,581,501,503,1118,964,646,649,977,825,1266,2178,753,757,807,8259,1902,802,681,1047,1092,609,624,803,812,713,862,972,1027,844,770,671,632,1094,879,737,596,742,778,835,837,1354,1516,579,578,1666,3240,752,698,1042,900,11860,5543,3430,3387,827,753,477,509,712,772,1170,1069,760,677,667,2901,2804,1067,1216,1470,1050,995,876,874,981,779,821,601,594,746,702,825,927,845,713,1504,1655,552,574,509,508,641,628,1040,798,953,1098,851,971
bing_querylogs|config_id=2132,699,691,619,590,524,525,900,1010,753,759,1106,1069,2486,1580,954,968,781,4933,2539,701,821,1219,1040,602,605,840,894,785,823,940,1011,856,865,676,673,930,865,932,1289,846,824,822,832,2377,1445,573,573,4749,5839,638,708,839,958,7318,8853,1238,1763,879,822,574,493,743,787,1056,1401,686,695,680,3261,3528,901,793,1206,1123,894,1051,935,988,870,895,606,625,742,777,906,1118,712,716,1388,1638,583,568,530,532,665,676,800,1086,1042,1071,901,899
bing_querylogs|config_id=2133,1147,1169,949,931,961,931,945,931,1016,1055,1201,1172,1124,1084,1074,1107,1038,1216,1183,901,921,1093,1074,922,933,1096,1150,1041,1140,1372,1288,1254,1244,1119,1113,1177,1139,913,906,1036,952,1062,1062,962,962,974,974,1139,1132,937,937,1105,1031,915,837,1049,1094,904,904,680,680,999,934,1190,1202,994,923,914,790,790,829,834,1124,1166,933,1018,1027,1097,1269,1281,895,897,910,905,1405,1379,1086,1086,1180,1180,866,867,920,920,1102,1102,865,841,1154,1157,1163,1163
bing_querylogs|config_id=2134,809,816,684,769,610,611,1417,3964,867,835,1144,1296,1356,4223,1129,1151,1186,9845,3383,861,1026,1260,1374,816,845,911,940,1063,1065,1231,1097,1054,1075,782,801,1149,975,1141,1003,972,1051,969,972,1646,2866,669,649,1471,1268,823,773,1002,1207,17391,9528,2731,1287,954,979,681,668,1006,858,1488,1412,868,816,825,7805,4303,1391,1317,1541,1341,1193,1536,1198,1124,1042,1065,701,701,831,883,1093,1086,982,976,1879,2303,648,665,643,642,811,804,963,1040,1210,1311,976,933
bing_querylogs|config_id=2135,806,730,560,554,578,577,745,1118,804,730,1043,1074,1071,1291,944,1007,753,1331,1034,711,635,1131,1076,675,690,846,833,747,850,953,968,928,941,712,735,1026,1026,716,662,703,753,710,783,995,972,597,596,1010,908,674,691,685,703,33430,1731,1379,33499,781,834,557,560,726,728,1066,1011,684,779,693,1017,1109,647,675,1118,1098,681,686,1057,967,976,924,681,684,744,763,904,993,832,831,1031,33953,630,636,571,563,709,703,634,661,930,1106,926,871
bing_querylogs|config_id=2136,1078,1080,725,728,752,758,932,932,905,944,1091,1092,1213,1244,890,896,887,1123,1165,971,1017,1113,1033,777,783,865,884,1177,1179,1189,1170,1102,1116,827,835,1073,1073,878,876,907,905,945,945,1065,1065,870,867,1304,1304,739,760,1058,1054,1039,925,2344,1720,936,968,662,644,831,854,1145,1140,847,848,846,973,967,928,931,1303,1303,1720,1774,1047,1048,1063,1071,781,783,885,880,1114,1114,916,918,1286,1286,743,742,775,774,894,889,17096,1137,1292,1276,914,917
bing_querylogs|config_id=2137,1043,762,722,749,576,644,1149,4450,975,795,937,1152,5978,5126,979,1257,1099,2156,10965,806,954,1233,1257,723,727,808,852,910,1033,1065,911,999,1014,743,758,1107,1006,744,798,845,904,904,1053,1426,4777,627,637,1382,1423,677,715,1086,1096,12204,7614,23215,3200,907,911,587,576,897,934,1372,1161,759,711,751,1929,2403,1178,893,1415,1461,1239,1421,1168,1245,972,980,701,696,791,778,962,978,860,867,1763,1652,615,603,587,586,733,747,679,687,976,1137,882,871
bing_querylogs|config_id=2138,838,807,699,717,623,623,3149,1664,829,900,1215,1231,3080,6588,1140,1059,1026,6996,2500,872,886,1304,1064,785,791,812,824,887,1094,1190,1197,1061,1094,801,814,1081,1013,880,915,940,888,972,903,1358,1246,697,701,1611,1685,724,724,1103,1039,11369,15731,849,831,962,907,602,596,811,940,1331,1354,795,797,795,5635,1954,1035,1051,1318,1310,1228,1291,1056,1150,1057,1092,756,756,742,810,1084,1101,962,859,1654,1728,686,690,626,622,806,925,716,713,1141,1121,1003,1010
bing_querylogs|config_id=2139,970,970,651,653,707,707,771,903,903,879,1097,1090,1009,1106,841,841,838,1048,1005,998,971,1020,1020,696,702,879,914,1184,1172,1210,1117,1035,1061,788,761,932,1002,845,762,788,786,863,924,952,951,779,663,1114,1130,707,686,821,821,763,915,868,914,841,838,558,559,776,780,1128,1100,744,744,738,764,808,17121,17231,1214,1222,921,848,994,1010,1046,1007,697,719,757,753,1092,1138,775,775,1176,1157,671,671,682,682,792,788,823,830,1089,1076,958,845
bing_querylogs|config_id=2140,732,767,644,655,565,547,4279,1173,822,848,1070,1110,1168,1205,924,1109,1024,10057,12563,904,716,1035,1149,682,708,855,899,986,858,1034,1032,973,990,715,829,905,905,811,759,868,817,847,682,1447,3519,600,595,1434,1449,662,661,1049,926,9669,12589,762,1156,883,812,555,554,841,834,1291,1439,710,649,697,5734,2517,847,849,1575,2049,1066,1371,968,952,1015,1007,670,693,676,740,1053,1023,874,837,2092,1957,607,607,654,567,733,724,625,620,1025,1082,924,932
bing_querylogs|config_id=2141,867,1114,772,813,655,656,2249,1334,907,902,1100,1100,1394,8598,1092,1107,1074,10479,7215,833,1017,1315,1339,783,789,885,911,1004,1044,1154,1239,1108,1129,809,852,1102,1079,760,1257,952,977,898,902,1392,1362,730,735,1725,3019,814,778,1082,1129,15913,13051,1084,962,969,979,667,601,962,878,1490,1399,762,763,774,4857,3287,947,950,1377,1406,1442,1031,1277,1003,1057,1035,773,741,840,847,1217,1176,939,932,1574,1630,711,716,679,782,853,826,833,726,1230,1192,975,997
bing_querylogs|config_id=2142,719,922,642,621,631,547,2237,4372,812,722,879,870,998,1018,990,1120,864,7282,3696,805,868,1060,1003,641,652,763,800,806,874,920,1003,897,903,709,712,889,950,1186,813,889,834,916,775,1314,1657,607,605,3942,1351,664,667,893,860,14079,13914,893,832,766,774,498,564,797,786,1315,1023,710,659,723,4199,5313,1051,1338,1210,1039,716,1190,1031,840,951,855,678,653,736,747,921,892,780,800,1457,1402,597,596,557,556,700,701,649,624,1015,1064,919,872
bing_querylogs|config_id=2143,950,686,651,633,546,547,1612,4918,868,751,855,855,10730,3116,962,1035,1073,7822,6909,904,775,1140,978,650,655,768,810,909,912,925,967,879,896,688,673,1004,896,877,852,821,785,926,870,1172,1192,603,602,1521,2089,661,661,960,904,13681,17898,717,5603,881,768,544,542,898,691,1136,1142,720,707,615,6891,3369,1080,862,1167,1379,736,754,914,932,921,855,666,650,730,712,896,965,826,771,1578,1526,596,595,546,545,689,672,623,603,1058,1068,971,878
bing_querylogs|config_id=2144,739,1039,688,666,552,553,6181,1027,743,749,859,864,983,961,934,962,866,2605,11922,809,778,1038,981,647,652,798,840,807,890,927,1033,884,901,710,706,897,913,838,882,723,829,839,797,1216,2537,618,613,2016,1604,706,668,922,884,15123,11529,890,837,784,761,605,525,805,804,1131,1024,671,636,631,4220,3238,1273,1037,1127,1130,1216,1210,905,925,923,930,697,687,728,744,916,970,815,792,2371,1775,606,649,559,558,712,680,648,630,1067,1077,867,866
bing_querylogs|config_id=2145,824,824,699,734,626,667,1337,3870,883,823,1042,1061,1161,1075,1044,1015,1043,3553,8139,882,975,1317,1055,790,796,830,869,1068,1118,1102,1082,1073,1094,794,803,1142,1061,3355,977,886,927,979,907,1679,1172,673,670,1745,1507,726,726,977,1012,7609,12093,8477,3560,898,923,616,606,805,1010,1137,1215,730,719,717,1709,5211,1224,935,1346,1315,931,1244,1123,1065,1062,1094,756,758,804,821,1077,1135,915,893,1643,1694,685,685,629,625,806,800,715,722,1172,1146,976,1002
bing_querylogs|config_id=2146,829,830,764,792,669,653,1541,1312,917,872,1085,1118,1672,1693,1104,1010,1029,1292,8755,905,903,1205,1379,776,784,858,871,992,1225,1217,1058,1093,1117,838,832,1116,1155,875,1821,956,966,1040,847,1583,1607,712,721,4835,1731,763,751,1056,1057,12934,13007,923,5378,997,944,609,636,1024,888,1490,1294,812,782,740,5224,2664,938,1115,1453,1578,862,1168,1150,1048,1062,1050,751,762,868,892,1091,1123,938,956,2019,2079,724,710,683,681,869,853,719,725,1209,1188,1021,1007
bing_querylogs|config_id=2147,856,872,716,775,633,634,1552,2059,903,879,1052,1073,1098,2485,1069,1127,1160,11049,8997,1010,922,1248,1175,783,789,843,889,974,992,1125,1112,1081,1102,807,791,993,926,730,607,940,862,1074,908,1560,1167,684,681,2435,1664,728,730,1011,1312,13828,12179,885,876,898,940,619,621,816,816,1133,1426,765,733,730,2621,5149,1203,1358,1402,1367,1297,1402,1036,1101,1050,1069,734,792,870,845,1134,1180,891,931,1718,1953,676,711,642,638,836,828,718,731,1194,1214,973,972
bing_querylogs|config_id=2148,856,1180,759,774,722,663,1165,2953,941,989,1142,1083,8222,1391,1006,1019,922,6499,12220,1020,931,1180,1252,789,786,854,889,1124,981,1163,1171,1106,1137,828,819,1088,1022,735,1102,978,904,1067,1087,2877,1272,716,689,1561,3160,773,725,1037,1078,13168,11208,904,8448,1004,997,693,652,969,980,1212,1294,776,852,823,1786,8464,963,950,1355,1768,1131,1161,1139,1079,1068,1184,755,769,874,857,1118,1127,937,917,2118,1958,713,719,676,672,890,881,750,757,1203,1201,1041,978
bing_querylogs|config_id=2149,845,829,738,779,736,680,1333,1201,848,847,1088,1102,1323,6641,1109,1084,947,6319,11468,1004,904,1323,1373,780,783,886,912,1005,985,1152,1088,1090,1114,801,824,1022,1104,888,964,931,1009,967,1017,3782,1302,724,700,1861,2927,772,718,1024,1013,12956,11784,7908,900,994,983,637,594,966,1031,1307,1432,758,756,811,3675,8812,999,1169,1409,1429,1186,1177,969,1099,1041,1056,750,755,866,836,1091,1107,899,932,1778,1856,689,686,682,674,866,843,1124,744,1179,1203,982,983
bing_querylogs|config_id=2150,1013,827,860,817,613,619,1588,1286,943,862,1083,1332,10905,11420,1230,1185,1190,4219,2047,1017,1157,1635,1422,867,861,914,883,918,969,1141,1056,1059,1080,838,800,1074,950,837,695,1082,1167,1072,1059,3818,3329,651,677,2136,4156,680,701,912,1337,6853,10333,976,9618,1017,891,618,624,1001,1079,1537,1556,734,857,889,6678,1413,1367,1390,1430,1413,1556,1161,1290,1411,1089,1709,886,906,879,890,1085,1099,948,914,1956,1936,678,677,677,663,827,806,791,812,1359,1258,1005,1019
bing_querylogs|config_id=2151,1041,807,745,773,629,630,1160,1105,953,925,1143,1073,1681,1115,1325,1096,1224,10896,6712,882,984,1166,1253,766,799,820,847,996,1011,1117,1161,1073,1094,812,792,959,1030,1133,841,845,925,987,961,1562,1316,669,707,1623,1860,723,760,1031,1009,10520,9897,843,986,909,947,605,602,929,822,1469,1225,801,777,797,1612,1839,959,868,1367,1433,1348,970,1044,1185,1056,1069,740,757,826,821,1131,1144,894,919,1981,2058,690,678,630,629,811,897,982,691,1210,1227,1007,1177
bing_querylogs|config_id=2152,842,841,719,742,630,630,1270,1170,939,901,1046,1073,5420,1083,1044,1045,1108,7101,13451,983,893,1152,1147,791,806,826,860,1001,1049,1210,1106,1073,1094,806,806,1093,968,850,1176,886,917,982,923,3421,1319,670,666,1565,1520,723,721,1019,1064,8234,9084,847,3752,908,905,590,614,821,916,1364,1374,765,787,781,5188,4971,920,923,1348,1309,982,1401,1096,1048,1089,1080,756,778,825,846,1107,1135,935,921,1576,1783,695,676,630,629,841,806,705,725,1182,1174,929,1056
bing_querylogs|config_id=2153,813,1232,758,723,602,603,8398,1363,916,1080,1193,1079,8926,11713,1000,1304,988,5900,2192,892,907,1326,1439,724,732,805,853,948,946,1117,1024,1088,1109,844,834,940,940,808,806,936,899,857,917,1346,5194,658,655,5017,1387,744,672,1040,1095,9902,9359,867,967,975,967,575,654,918,919,1296,1389,731,930,728,3819,2685,1212,1096,1308,1391,1104,1034,1143,1196,973,1002,795,736,765,726,1118,1122,864,867,1471,1545,661,647,613,609,795,830,706,732,1161,1327,944,934
bing_querylogs|config_id=2154,1214,807,748,770,600,674,1267,2048,814,869,1095,1077,10040,11503,1017,1064,1169,3205,11535,949,963,1305,1301,726,731,817,870,977,1161,1019,1224,1076,1065,781,785,946,1009,680,950,887,895,1011,1078,1339,1906,633,644,2055,1728,663,679,1096,1003,9134,7818,869,1225,938,954,590,638,903,830,1347,1437,727,776,798,4866,5724,980,890,1311,1298,1365,1412,1087,1041,973,993,761,723,733,728,1068,1081,885,903,1899,1866,647,652,611,607,868,829,665,680,1171,1182,1097,1215
bing_querylogs|config_id=2155,800,857,654,672,598,666,821,714,747,709,919,906,974,1230,721,710,690,1121,1130,799,752,894,957,686,673,802,811,910,1085,1045,945,958,977,666,733,830,933,719,619,786,834,738,698,1234,966,648,682,862,861,794,691,856,780,824,903,765,720,818,859,551,557,811,852,934,1058,726,771,699,701,916,706,758,1239,1164,704,942,749,930,1035,1046,787,749,724,753,1083,1007,747,781,855,824,636,639,555,579,757,743,659,669,917,1065,713,864
bing_querylogs|config_id=2158,725,719,586,593,567,567,643,644,923,855,1003,1003,973,976,960,947,923,858,957,682,698,903,962,697,697,831,812,889,956,863,860,1016,1043,943,881,914,932,638,630,741,719,801,793,899,797,602,602,970,970,606,606,820,810,796,807,851,890,758,749,550,551,728,728,1001,1088,718,722,712,575,577,650,645,1155,1138,864,806,727,727,996,1010,648,651,736,727,949,1042,799,778,1003,1110,617,617,580,566,809,786,655,652,1029,1157,699,706
bing_querylogs|config_id=2216,769,773,646,649,644,672,785,723,698,773,985,969,962,1110,690,723,704,865,906,764,754,868,1024,669,675,865,929,902,1030,905,938,929,950,700,682,991,843,885,906,785,782,735,752,845,916,696,646,928,965,627,640,726,790,803,751,1029,1010,790,791,599,582,820,765,895,1045,711,678,709,641,702,732,688,1054,1025,806,791,904,805,905,1007,719,686,694,680,934,1128,729,790,854,885,637,648,566,556,721,699,609,659,868,953,793,780
bing_querylogs|config_id=2217,1404,1450,676,677,708,647,1126,1103,1055,1063,1354,1361,2498,2757,1133,1005,928,4675,4261,953,958,1021,1128,729,753,804,800,1317,1381,881,880,1030,1036,1094,1097,887,948,3532,3410,1061,1024,1031,1051,2586,2666,745,740,1606,1642,640,640,920,881,1472,1603,1080,1094,897,859,573,574,808,804,1196,1301,658,692,680,1462,1425,1876,1805,1279,1256,2691,2688,1147,1153,946,1000,748,751,842,840,1204,1304,743,774,1625,1613,644,642,608,621,1016,990,1069,1074,1744,1946,1301,1307
bing_querylogs|config_id=2226,868,872,759,756,629,629,1009,6384,871,922,1231,1057,3546,1116,1018,1175,1113,1411,11314,1010,916,1200,1311,746,788,850,901,933,1091,1140,1101,1084,1100,839,797,997,968,1597,716,910,902,998,886,1245,3765,680,680,1642,4033,733,752,979,990,15280,9570,1272,1087,936,893,606,602,916,1029,1269,1342,726,829,817,6430,7366,943,939,1387,1381,833,1151,1161,1012,1102,1105,732,776,756,830,1146,1157,940,905,1695,1965,695,675,639,635,839,828,693,726,1204,1169,1135,989
bing_querylogs|config_id=2229,795,802,728,747,590,590,1482,2321,974,978,1177,1112,1099,3455,936,1073,1112,16786,2137,838,852,1420,1156,723,727,817,868,1178,1030,1099,1000,1036,1114,817,822,987,1149,804,679,893,892,954,896,1303,3617,637,634,5330,6581,672,672,964,1051,9937,12652,973,958,932,966,585,589,813,961,1352,1465,771,791,782,1899,2907,1181,895,1332,1365,1348,1368,1315,1054,976,982,704,704,885,803,1100,1142,866,857,1853,1763,645,649,604,600,834,805,687,696,1191,1162,1125,1163
bing_querylogs|config_id=2253,702,702,571,572,552,553,649,630,922,859,982,958,943,1044,899,883,875,965,1002,653,658,880,913,663,663,832,820,759,933,849,848,976,989,774,775,963,961,569,568,728,705,754,770,785,785,591,590,974,1017,605,605,781,781,841,787,759,801,707,719,541,542,701,701,988,994,703,710,693,566,585,607,608,1184,1188,760,808,706,706,980,970,621,623,701,712,946,1019,754,753,929,929,608,608,569,561,932,890,622,631,917,991,686,687
bing_querylogs|config_id=2254,858,1136,763,733,632,641,1273,1410,1062,871,1080,1073,1431,1732,1055,1113,1095,4603,6419,870,1000,1214,1220,789,797,863,877,1138,986,1179,1105,1082,1112,842,802,1169,930,1185,984,913,947,979,959,5428,3427,672,669,2049,1965,730,733,1005,1056,16522,5590,885,929,913,901,592,617,827,927,1606,1378,886,853,838,1932,4566,927,916,1441,1403,1366,1407,1293,1306,1136,1093,753,800,835,853,1136,1211,904,932,1680,1561,696,695,643,642,864,808,720,719,1178,1148,979,1002
bing_querylogs|config_id=2286,836,1114,738,722,623,623,2529,1621,875,821,1062,1057,5404,1106,1012,1077,1058,11185,2381,978,982,1179,1195,785,791,845,847,860,1095,1087,1129,1074,1094,780,821,1033,973,904,835,891,931,907,909,1456,1638,662,666,1839,3733,723,721,1091,981,6508,18459,969,882,888,903,616,560,930,914,1446,1362,803,797,785,3712,1390,1063,896,1340,3984,1422,1366,1094,1331,1084,1061,756,760,828,815,1124,1081,914,892,1709,1866,685,686,626,622,806,800,714,723,1343,1197,986,957
bing_querylogs|config_id=2296,1269,1275,850,820,769,783,1093,1308,1011,1020,1300,1354,1513,1545,847,1151,1091,1486,1328,1173,1141,1225,1160,862,911,1089,1016,1035,1029,1253,1184,1243,1195,995,993,951,1027,1202,16743,1188,1048,1062,973,1302,1412,906,918,1192,1560,909,915,1220,1293,1252,1460,1131,1078,764,764,774,640,1040,1186,1110,1356,975,887,1011,1134,1477,16575,1461,1392,1448,1250,1182,1109,1207,1087,1279,943,901,999,1019,1341,1185,1128,1126,1969,1924,807,706,649,619,1143,1146,1579,1646,1237,1002,1010,1095
bing_querylogs|config_id=2298,912,1022,721,724,783,767,957,945,981,895,1212,1206,1343,1325,982,886,954,1107,1186,1077,994,1090,1131,788,794,882,905,1228,1195,1241,1223,1139,1159,872,885,1047,1093,17145,796,887,896,897,983,1070,1140,866,785,1429,1329,757,756,966,967,936,1059,980,977,950,950,652,649,924,885,1151,1219,878,813,860,839,796,942,1027,1357,1353,1074,1023,1033,1043,1085,1096,785,796,839,860,1191,1232,890,890,1700,1371,754,807,786,769,886,890,1126,1344,1286,1356,1041,1037
bing_querylogs|config_id=2301,1052,1065,791,774,801,801,935,944,917,909,1112,1106,1174,1166,894,889,869,1218,1228,838,845,1100,1102,776,783,867,900,1042,1132,1085,1144,1118,1133,876,871,1000,1000,767,757,832,840,888,858,1155,1226,826,826,1046,1032,766,763,870,911,915,1119,1076,1078,1028,1023,656,646,885,879,1167,1259,853,775,786,715,763,982,922,1282,1270,1105,1059,1068,1060,1055,1074,876,856,860,799,1153,1091,1037,996,1312,1242,713,720,801,678,886,870,788,786,1180,1168,950,983
bing_querylogs|config_id=2303,1587,1554,1290,1270,1231,1380,1437,1515,1249,1233,1698,1613,1889,2157,1311,1428,1342,1820,1828,1490,1675,1688,1689,1112,1258,1448,1499,1802,1871,1740,1655,1557,1604,1467,1462,1646,1751,1086,1266,1432,1370,1416,1456,1541,1575,1287,1286,1543,1865,1386,1283,1361,1364,1448,1338,1475,1483,1399,1403,1196,901,1344,1343,1724,1741,1220,1183,1196,1706,1744,1686,1414,1773,1773,1355,1350,1559,1516,1451,1484,1329,1260,1339,1288,1785,1794,1356,1396,2331,2037,1101,1074,1483,1336,1563,1577,1607,1170,1622,1524,1454,1458
bing_querylogs|config_id=2313,1051,1101,756,731,627,627,3424,5530,897,956,1149,1054,8652,6700,1055,1054,1088,1769,13014,811,918,1293,1243,782,725,846,836,895,1172,1094,1106,1079,1100,796,816,1039,988,2055,707,923,927,988,1026,1217,3473,683,674,1708,4914,752,730,1063,1100,13012,14378,884,917,870,941,624,604,916,917,1527,1383,731,826,802,2081,4134,918,948,1334,1372,1123,1389,1331,1153,1092,1108,777,780,830,821,1152,1162,870,862,1729,1679,675,706,639,635,814,808,720,731,1217,1190,998,996
bing_querylogs|config_id=2315,807,1130,718,733,629,627,1115,1087,955,859,1104,1138,13104,1185,1032,1174,1031,15404,5092,983,992,1354,1323,766,799,829,870,1070,923,1160,1112,1061,1094,819,810,997,1088,724,711,1001,895,997,1005,1352,1695,666,666,1263,3200,721,728,1118,1078,9479,13944,845,2990,893,939,596,601,1027,821,1353,1371,752,836,806,2742,4699,917,923,1539,1281,1083,1335,1015,954,1070,1046,739,740,836,826,1151,1154,898,981,1581,1758,677,676,630,629,829,807,718,724,1155,1177,1157,973
bing_querylogs|config_id=2317,1041,1199,724,729,591,583,1025,1202,887,821,1142,1179,1293,1226,638,662,627,1647,1378,926,965,1166,1231,790,824,968,911,1029,1153,1184,1144,1093,1111,818,814,800,855,735,826,1155,1025,919,897,1064,1106,799,776,923,1277,853,897,929,964,850,1446,976,1038,888,804,708,607,1001,1084,1071,1005,852,855,800,1088,1140,996,955,1453,1192,990,993,940,1045,1140,1112,935,1007,946,901,1153,1101,1041,1119,1586,9378,774,667,730,583,954,949,1111,880,891,911,999,1085
bing_querylogs|config_id=2322,1251,1128,1031,938,902,857,1287,1278,1066,1077,1390,1375,2774,1532,1037,1188,952,1578,2422,1504,1305,1424,1453,793,880,994,1135,1008,1049,1541,1450,1100,1110,1282,1098,1097,1349,1116,1027,1170,1141,1186,1212,1194,1400,1065,1082,1418,1996,898,894,1124,1140,2832,2763,1028,1202,1048,1060,857,713,990,1085,1261,1415,1102,1024,1068,1368,1458,1466,1325,1366,1509,1465,1541,1298,1208,1265,1361,945,1049,1046,1104,1404,1218,1164,1277,2121,2389,819,767,969,1258,973,1122,1424,1260,1517,1208,1320,1145
bing_querylogs|config_id=2327,1057,1065,830,745,660,580,911,908,1118,66643,66702,1245,2097,2052,1245,1312,1249,1626,1639,904,916,1305,1332,809,818,973,990,1017,1144,1192,1171,1096,1100,957,920,1203,1190,4267,1920,804,802,1073,1073,2010,1158,847,857,1326,1178,813,858,1126,1146,1443,1218,1064,1082,929,864,681,591,910,907,1390,1631,816,815,819,751,677,877,764,1367,1326,1377,1046,1140,1197,1219,1215,833,803,824,816,1413,1433,976,964,1387,1418,666,665,678,602,959,1035,926,950,1298,1140,1083,1089
bing_querylogs|config_id=2336,1096,1094,608,607,586,593,850,843,832,958,1141,1145,1497,1527,854,841,795,3209,3241,860,872,825,785,632,636,808,830,1136,1140,790,786,908,917,875,886,758,814,2691,2732,853,830,876,875,1921,1873,680,673,1374,1335,585,585,701,780,999,998,883,872,780,674,534,547,656,677,1048,946,604,606,605,1239,1229,1427,1429,962,956,2253,2293,813,818,837,841,568,575,807,757,994,995,733,734,1083,1075,582,576,524,524,833,834,932,938,1462,1490,1053,1064
bing_querylogs|config_id=2341,1080,1096,817,749,873,899,986,926,1034,1008,1125,1114,1255,1331,1129,901,988,1216,1244,790,995,1094,1168,769,826,962,1157,1092,1105,1178,1276,1145,1127,1041,1009,1107,1164,973,1041,885,917,973,1045,1216,1297,827,951,1489,1234,786,778,1157,1045,1003,1248,1037,1134,852,841,658,628,958,893,1124,1251,893,802,912,965,1054,1644,1554,1173,1207,957,921,1106,1039,1168,1081,822,839,939,849,1199,1168,946,910,1384,1423,678,818,663,678,903,908,1168,2006,1258,1304,930,1013
bing_querylogs|config_id=2344,819,802,685,725,634,621,1139,1092,906,849,1098,1090,1190,1474,991,1128,1112,14224,9217,1016,991,1059,1063,666,672,873,997,861,971,1060,1111,1092,1108,820,842,1017,922,873,1022,905,911,1109,1003,2172,1330,689,646,1208,1536,747,787,1025,996,8082,6902,880,854,922,965,632,682,918,944,1391,1300,799,778,755,4942,2876,907,892,1310,1269,1465,1470,1050,1059,942,972,770,773,827,784,1029,1072,871,937,1644,1640,725,701,621,624,771,778,973,935,1177,1135,1012,1106
bing_querylogs|config_id=2347,1473,1471,722,722,652,655,1143,1270,1005,1005,1319,1311,1758,1807,842,839,969,3791,3778,1076,1075,1107,1107,701,774,844,869,1277,1267,1003,949,1090,1101,1161,1105,806,873,2970,3035,1065,1013,1134,1118,2194,2173,775,777,1406,1640,777,777,849,859,1265,1233,1071,1067,808,808,658,593,837,837,1109,1155,732,732,745,1651,1581,1863,1817,1246,1228,2698,2706,1025,1036,905,935,756,693,951,964,1227,1308,918,915,1584,1565,647,638,659,583,1015,1097,1201,1185,1596,1492,1333,1369
bing_querylogs|config_id=2361,1164,1169,676,678,645,644,922,910,953,919,1223,1236,1663,1597,963,905,912,3187,3200,939,943,975,1001,712,719,778,807,1152,1220,978,885,996,1017,914,903,880,874,2752,2779,898,834,947,965,1952,1978,742,794,1333,1489,637,638,785,792,1065,1070,953,954,774,815,583,589,749,736,1013,1142,656,652,643,1302,1268,1508,1511,1154,1201,2272,2279,928,895,926,927,659,594,792,870,1199,1198,697,742,1258,1073,647,643,586,586,864,898,999,1014,1601,1591,1112,1100
bing_querylogs|config_id=2364,795,851,744,713,634,628,1233,5937,841,897,1096,1192,4365,3118,1085,1233,1073,4260,14651,821,913,1136,1220,724,736,961,1002,981,1066,1100,1178,986,1108,805,844,1052,991,913,1013,922,1022,1021,938,1517,2528,716,802,1104,5503,781,766,1009,1064,13691,11085,939,850,968,1009,635,612,1023,875,1622,1370,772,752,755,3427,2481,915,1145,1218,1212,733,1404,1212,1414,1044,984,744,756,747,737,1115,1157,866,908,1662,1782,665,701,679,670,809,795,755,719,1219,1172,1217,1008
bing_querylogs|config_id=2371,1147,1130,636,639,622,623,955,899,845,881,1194,1079,1473,1447,802,872,906,3303,3313,921,920,939,955,657,662,782,789,1162,1155,927,911,964,965,905,915,786,842,2728,2755,801,856,921,913,1900,1983,710,662,1364,1267,611,611,754,752,1024,1027,900,940,752,816,580,577,654,699,945,957,591,597,640,1219,1292,1489,1474,1065,1102,2232,2252,818,813,878,910,615,616,789,740,1147,1131,700,706,1368,1259,617,587,559,562,865,826,974,981,1596,1564,1049,1058
bing_querylogs|config_id=2377,868,830,753,750,643,663,1558,1410,899,831,1216,1195,6203,1436,1282,1191,1044,9458,9550,912,1028,1295,1238,769,784,882,905,1035,1005,1121,1110,1119,1147,813,871,977,970,1125,926,1032,969,1018,864,1608,1640,735,697,1614,2996,731,775,1213,1016,14528,10566,1052,956,951,947,671,701,979,975,1348,1248,768,769,866,3769,2861,953,986,1379,1329,1427,1632,1444,1180,1112,1067,781,807,817,835,1129,1148,905,912,1898,1855,689,694,680,666,853,860,732,730,1232,1163,984,984
bing_querylogs|config_id=2384,1475,1482,879,842,799,800,1135,1135,1197,1141,1580,1525,2106,2637,1203,1211,1132,4416,4435,1363,1367,1282,1240,790,791,1035,1049,1479,1439,1057,982,1124,1155,1213,1189,1103,1106,3382,3408,1274,1244,1264,1318,2843,2891,1054,1048,1974,1976,798,798,990,1039,1660,1571,1250,1258,948,951,684,671,830,790,1277,1323,792,792,720,1948,1509,2045,2046,1525,1537,3154,2794,1566,1514,1083,1115,873,846,989,1022,1335,1490,942,978,1643,1694,829,829,678,678,1102,1136,1323,1492,2036,2133,1446,1447
bing_querylogs|config_id=2389,1209,1212,777,861,613,755,1020,1259,878,881,1063,1110,1494,1565,759,798,930,1204,1203,940,870,1097,1091,706,743,1099,1019,1052,1189,1163,1139,999,1134,954,909,912,988,1069,1306,1069,1008,955,977,1243,1246,866,869,1234,1524,881,815,1146,1133,1165,1192,1077,1101,740,733,680,617,1032,996,1002,1043,940,890,940,1203,1221,1177,1602,1152,1165,977,1094,1049,1051,1098,1083,1158,1015,950,932,1159,1199,1039,1057,1801,1786,699,698,614,613,1072,1067,1357,943,955,1001,994,987
bing_querylogs|config_id=2398,1218,1183,617,617,592,593,904,896,923,899,1163,1159,1603,1688,907,862,879,3940,4100,891,896,906,909,621,617,795,851,1217,1221,807,808,922,903,982,1016,820,835,3123,3121,898,879,991,988,3171,2533,693,686,1492,1455,617,597,754,778,1154,1449,988,935,750,718,535,539,651,651,1066,1010,605,582,599,1278,1278,1598,1601,1031,1015,2532,2543,929,926,765,836,768,549,783,786,1070,1062,712,720,1608,1482,607,601,524,527,877,874,1017,1020,1615,1659,1213,1213
bing_querylogs|config_id=2407,792,853,728,765,618,624,1121,1151,962,913,1059,1178,1331,1191,1049,1015,1101,11950,8062,941,844,1168,1134,783,789,835,817,963,937,1056,1180,1045,1026,742,761,1000,990,1010,865,938,901,973,1047,1571,1324,679,676,1827,1975,709,731,1004,1030,13633,15412,1214,983,902,899,600,607,883,965,1135,1167,781,786,693,5009,6556,943,1379,1341,1333,1137,1125,1083,982,1135,1009,730,766,781,716,1035,1028,866,862,2508,2111,676,676,624,623,774,770,720,728,1141,1132,941,946
bing_querylogs|config_id=2409,1356,1356,689,690,705,709,1087,1098,923,917,1404,1355,1927,1970,1046,1081,1029,4178,4206,996,1005,1046,1053,751,755,765,798,1272,1315,1005,1004,997,1040,1015,1119,923,965,3157,3197,980,950,1141,1172,2378,2271,902,893,1500,1571,654,689,832,838,1324,1416,1128,1020,920,921,583,584,747,747,1222,1293,680,661,653,1395,1395,1672,1675,1279,1280,2991,2887,1134,1134,956,958,629,629,926,905,1211,1223,762,761,1478,1509,700,649,581,589,979,1045,1089,1096,1807,1814,1373,1345
bing_querylogs|config_id=2418,1116,1083,732,695,830,690,862,865,1005,1041,1052,1313,1115,1085,970,802,792,1149,1236,951,974,1054,996,733,738,895,844,1155,1028,1126,1079,1078,1091,911,906,1025,982,846,941,798,810,852,902,1076,1092,863,803,1264,1053,745,757,1074,989,985,960,1022,1189,754,749,578,616,953,926,1305,1199,791,798,847,816,912,1040,9493,1211,1199,1301,925,984,914,1132,1154,814,868,868,873,1168,1113,836,864,1415,952,647,647,585,584,864,922,820,844,1175,1266,930,924
bing_querylogs|config_id=2423,1095,1094,716,715,777,750,909,1025,935,904,1211,1216,1303,1268,1040,1003,999,1151,1251,1115,1094,1157,1107,788,799,874,895,1236,1104,1179,1177,1158,1155,854,860,1055,1053,1067,1662,883,876,929,944,1108,1131,940,854,1355,1290,766,759,1110,962,938,1404,1154,1030,923,989,658,645,896,933,1237,1220,823,851,787,807,1129,17153,17142,1341,1351,1095,1041,1086,997,1138,1102,786,786,895,837,1197,1242,883,891,1199,1269,763,772,783,772,936,895,1222,964,1320,1274,1055,954
bing_querylogs|config_id=2424,1218,1214,665,667,632,637,969,995,966,993,1305,1324,1649,2398,998,989,957,3437,3457,925,934,1049,1104,788,739,835,830,1219,1216,963,962,1002,1034,1011,1112,901,886,2833,2997,928,901,997,979,2060,2057,780,774,1338,1538,651,645,821,905,1193,1399,1054,1082,847,917,627,624,728,726,1263,1189,663,664,659,1329,1307,1574,1573,1236,1240,2410,2430,1003,999,1030,921,659,646,870,832,1189,1233,759,755,1339,1338,640,639,570,568,1012,931,997,1002,1707,1688,1223,1213
bing_querylogs|config_id=2433,623,622,506,515,500,504,596,690,717,744,822,818,939,994,744,773,783,976,877,568,571,808,799,585,591,853,901,782,756,848,849,852,859,717,710,806,818,569,792,733,644,670,674,731,812,539,534,809,893,549,550,708,721,817,790,686,682,633,625,509,509,626,616,838,840,624,656,617,560,599,539,539,898,967,634,657,645,636,840,830,578,672,659,624,946,896,638,660,795,870,547,551,518,518,719,645,552,567,826,887,616,616
bing_querylogs|config_id=2447,888,871,719,716,661,642,2679,1218,1044,990,1226,1027,6382,3443,997,1065,1018,12441,8364,953,1029,1224,1136,737,725,945,977,1186,972,1030,1206,995,1007,839,828,1009,1066,767,1225,950,936,1084,979,2297,1425,725,740,1664,1615,834,731,1006,1117,8624,15990,1249,858,1011,1010,627,661,985,999,1361,1343,785,796,745,9037,4491,858,931,1327,1352,1456,1219,1508,1184,1070,988,793,826,762,848,1124,1180,856,943,1721,1888,709,702,661,663,930,851,758,730,1227,1177,1015,1006
bing_querylogs|config_id=2448,1363,1364,719,746,652,647,1061,1049,1094,1059,1547,1570,1916,1858,1125,1095,1133,4229,4279,1032,1004,1155,1170,651,665,866,1072,1188,1191,992,991,926,921,1079,1054,860,867,3082,3145,1121,1070,1172,1172,2534,2354,993,963,2006,2002,740,710,916,992,1602,1273,1182,1184,862,861,591,590,726,725,1310,1378,711,712,663,1715,1427,1908,1910,1254,1299,2689,2658,1402,1444,957,979,747,722,878,865,1412,1379,807,766,1439,1418,724,753,588,587,974,1014,1144,1128,2220,2216,1790,1437
bing_querylogs|config_id=2453,1082,1073,774,720,656,715,833,824,934,930,1039,1209,1205,1173,842,1153,1101,1188,1111,889,959,1001,1137,708,788,968,905,1075,914,1079,1109,1079,1126,896,907,1028,1078,1785,1121,816,808,879,883,1146,1159,804,890,1166,1141,710,704,950,968,1033,996,1015,1233,728,737,565,581,797,1002,1322,1195,832,825,769,1139,998,2061,1149,1085,1073,1002,820,949,959,1164,1155,781,860,806,798,1148,1196,806,856,1201,1376,626,677,568,567,833,793,1372,1364,1252,1153,928,1033
bing_querylogs|config_id=2456,841,843,729,741,629,646,2945,1459,884,947,1104,1207,1525,8353,1126,981,1078,8252,2138,1003,1032,1345,1210,764,786,859,895,1098,1075,1147,1152,1102,1123,805,821,1110,1120,721,1013,965,954,1123,931,4165,2234,740,706,6076,6591,718,790,1058,1063,16589,16861,1087,899,973,946,607,630,879,877,1416,1476,779,769,745,3760,7633,946,938,1457,1391,1766,1155,1103,1141,1047,1053,765,787,772,894,1091,1157,909,963,1931,1703,686,706,671,670,870,828,999,734,1268,1198,1167,1028
bing_querylogs|config_id=2464,1383,1391,832,835,796,830,1110,1211,1122,1169,1518,1477,1995,1876,1203,1170,1168,3523,3533,1106,1109,1214,1360,972,977,942,1011,1325,1386,1164,1084,1192,1200,1141,1152,1052,1048,3131,2983,1084,1021,1183,1158,2299,2236,948,955,1609,1755,937,879,1069,1017,1375,1350,1175,1239,1031,996,781,791,880,826,1316,1420,825,830,824,1492,1562,1739,1739,1396,1380,2609,2742,1160,1162,1419,1172,981,798,990,1028,1329,1378,877,910,1527,1367,806,800,744,745,1139,1102,1160,1169,1884,1845,1465,1463
bing_querylogs|config_id=2469,728,802,612,592,578,580,682,764,732,724,988,1092,1136,674,724,753,753,570,1037,830,825,1127,1009,676,688,811,812,745,782,985,933,941,996,731,712,967,905,1021,746,746,741,660,731,758,787,687,661,1131,1202,619,639,718,728,651,807,922,725,790,745,669,594,694,684,907,951,764,712,737,642,754,659,771,1114,1142,706,747,802,814,913,904,667,658,633,699,941,983,649,695,833,764,670,643,621,626,785,732,606,597,1209,1025,764,759
bing_querylogs|config_id=2474,904,911,564,565,572,573,809,928,992,968,1097,1011,1256,1262,978,990,1059,1079,1234,779,751,1009,1007,627,631,987,1019,939,1071,954,952,896,967,732,754,1161,1239,795,897,780,804,957,945,985,1015,638,606,1146,1057,595,625,920,903,1198,1097,904,886,789,789,546,557,711,711,1334,1322,708,780,758,978,882,712,766,1142,1189,879,848,873,829,1019,872,771,855,791,827,986,1015,737,829,1458,1047,592,619,569,574,787,784,730,621,985,1268,863,903
bing_querylogs|config_id=2480,664,677,583,586,548,554,976,713,766,817,863,859,1024,928,891,863,886,854,980,635,676,913,836,695,693,793,787,976,861,898,853,920,924,759,721,850,865,597,591,691,689,754,754,865,765,603,605,946,1018,673,608,843,834,872,806,793,876,725,766,555,541,672,686,893,896,695,688,715,623,644,617,628,1198,1217,739,741,668,712,957,843,772,637,661,651,914,896,724,742,938,1083,584,583,561,560,707,784,767,686,928,920,645,659
bing_querylogs|config_id=2485,690,627,535,490,494,506,730,699,899,873,771,930,1027,1154,871,896,889,1130,956,763,605,935,949,585,670,817,875,828,800,843,843,842,787,827,855,1018,954,1352,675,656,636,803,798,921,1617,539,648,1071,996,593,658,770,873,859,1119,738,713,679,605,489,489,705,714,1040,1047,666,628,674,636,654,594,701,1054,958,800,735,795,841,1137,1000,768,593,688,664,959,983,664,646,1042,1054,529,559,548,505,777,744,789,768,1274,1083,664,656
bing_querylogs|config_id=2496,1383,1243,967,969,892,1020,1246,1258,1250,1308,1395,1173,1881,1730,1475,1397,1345,1365,1414,1133,1207,1370,1292,866,853,1078,1128,1390,1410,1305,1116,1318,1199,1155,1322,1424,1365,1159,1802,1134,1101,1405,1309,1345,1293,848,948,1536,1530,840,933,1209,1338,1289,1522,1222,1262,1015,1097,730,738,1088,1097,1505,1573,953,1072,996,1095,1019,1086,1345,1590,1568,1112,1350,1274,1437,1406,1163,1258,1106,1208,1072,1140,1253,1117,1107,1940,1527,883,927,890,800,1135,1149,1319,977,1424,1314,1288,1298
bing_querylogs|config_id=2501,896,862,701,640,585,586,722,848,1077,928,1055,1049,1157,1121,1199,1047,1040,1188,1551,703,698,1062,1049,655,658,1091,1214,868,1134,879,880,964,1004,939,942,997,1174,936,1557,745,841,894,990,1098,1301,750,751,1205,1213,753,751,1135,1278,1314,1245,864,917,808,792,573,575,804,731,1225,1124,778,787,776,983,768,993,1029,1246,1092,1029,818,1089,900,986,1239,677,680,785,782,1250,1074,871,902,1286,1333,675,675,600,609,788,945,729,732,1227,1097,712,752
bing_querylogs|config_id=2505,793,831,706,793,640,618,1192,1161,952,982,1021,1069,5145,10774,1058,955,1008,8481,9987,1017,991,1214,1125,729,729,942,946,971,936,1018,1154,1082,991,824,836,1050,873,830,1054,958,905,1054,933,1579,3855,686,646,1387,1836,735,700,1046,967,14510,11311,1203,813,920,956,600,609,1031,825,1276,1379,813,731,799,2056,6075,946,879,1590,1386,1451,1423,1150,993,1051,984,759,789,773,806,1139,1135,888,929,1805,1685,654,717,649,624,799,775,718,706,1120,1084,1015,1112
bing_querylogs|config_id=2507,731,827,653,813,587,553,706,706,934,850,1028,1028,1176,937,1015,1017,1103,1142,1181,738,761,852,879,660,680,962,994,1017,1010,1104,1139,1094,1122,928,947,1238,1035,629,635,808,732,928,1030,908,1160,736,736,1329,968,750,784,1086,1084,1014,921,1118,946,889,992,590,560,729,702,1244,1117,772,785,748,622,617,683,674,1083,1172,903,896,1033,815,978,1080,767,739,831,819,979,1026,777,755,1125,1118,668,670,552,550,1019,865,709,716,1103,1135,794,869
bing_querylogs|config_id=2516,765,789,751,753,633,651,761,834,1003,930,1055,1047,1039,1029,998,994,984,1094,1115,739,786,942,933,729,737,944,1018,1146,1049,1072,960,1032,1046,906,897,995,1119,747,734,849,813,897,897,962,1008,763,761,1043,1071,732,854,820,820,917,920,931,931,820,820,658,663,814,764,1107,1020,775,741,775,731,667,728,727,1127,1127,957,866,796,831,1055,1130,761,733,779,774,975,974,935,933,1156,1020,704,754,615,613,891,920,805,817,995,995,854,856
bing_querylogs|config_id=2521,1161,1529,941,951,1047,932,1204,1369,996,1002,1259,1360,2011,1817,1264,1343,1253,1590,1401,1201,1293,1296,1371,954,936,1062,995,1321,1322,1539,1160,1075,1074,1052,1161,1108,1277,2509,909,1174,1075,1175,999,1446,1297,960,986,1470,1854,1010,1005,961,1090,1133,1284,1454,1384,1255,1104,755,847,1120,1104,1299,1440,927,987,1012,2080,1025,1039,1156,1571,1610,1066,1766,1328,1268,1565,1077,1079,1399,958,902,1203,1171,1135,1179,1298,1356,924,904,1006,914,1118,1176,977,1155,1691,1306,1244,1371
bing_querylogs|config_id=2525,882,860,782,748,740,654,1658,1378,921,857,1095,1103,5777,1485,1041,1096,1180,8446,12886,1023,941,1287,1153,789,791,910,885,1094,974,1193,1155,1115,1123,869,843,1016,998,837,1118,920,1004,813,942,2051,2396,729,720,6329,1677,726,731,1117,1086,15229,15671,919,1065,961,969,650,631,986,977,1585,1495,826,823,772,3847,3225,1099,1264,1352,1330,1145,1298,1218,1090,1094,978,774,765,838,854,1101,1135,955,928,1634,1636,704,715,670,678,866,876,753,759,1232,1228,988,1035
bing_querylogs|config_id=2527,1427,1403,764,790,674,679,1094,1217,1194,1150,1447,1477,2214,1895,1151,1056,1168,4311,4342,1089,1184,1170,1197,716,725,927,967,1573,1571,1008,1183,1242,1065,1149,1103,986,990,3143,3192,1107,1030,1235,1234,2510,2387,976,1019,2034,2031,757,741,975,947,1533,1501,1199,1175,952,939,631,628,789,789,1409,1326,759,721,754,1616,1569,1953,1952,1119,1307,2680,2691,1513,1475,951,1084,886,918,930,888,1375,1416,1024,894,1640,1772,732,735,618,615,1091,1031,1171,1426,2143,2419,1308,1301
bing_querylogs|config_id=2535,872,872,742,731,696,722,1127,2338,965,899,1230,1224,1135,2993,1145,1019,1003,13973,13167,1020,1028,1342,1179,777,784,864,935,941,1166,1241,1163,1115,1122,833,852,1054,979,874,904,945,1008,901,1020,3784,2851,731,716,1520,1384,737,746,1065,1140,15054,14217,951,1039,1012,972,651,626,1002,991,1296,1654,830,821,816,5955,9164,1216,966,2089,1319,1414,1458,1143,1159,1048,1084,792,788,796,846,1203,1124,926,976,1812,1757,707,715,674,661,860,874,737,716,1176,1196,1011,970
bing_querylogs|config_id=2537,687,711,519,594,519,523,717,678,879,874,879,938,1640,1446,944,933,901,1064,1084,592,593,1128,876,588,597,922,974,845,827,941,908,879,952,734,700,937,1040,1536,1457,674,718,679,821,948,1011,642,748,1065,1025,621,692,822,775,1032,1275,788,735,666,616,507,575,753,782,1084,1038,657,657,617,685,619,733,602,1048,1053,1032,1029,727,878,874,939,739,749,753,724,1002,888,667,685,1091,1120,571,575,628,536,827,822,672,719,1019,1081,710,685
bing_querylogs|config_id=2542,1106,846,726,768,640,692,1200,1038,917,819,1097,1192,8134,7079,1003,1169,975,11464,9435,900,1007,1428,1293,770,771,913,983,974,986,1186,1180,1128,1116,814,817,1050,1008,1958,1838,859,931,895,942,2060,2539,736,721,1424,1172,757,765,1009,1104,15019,14113,914,938,931,946,591,603,936,1016,1422,1540,823,809,816,5936,5896,1299,950,1407,1315,1170,1421,1265,1176,1052,1092,757,746,788,767,1113,1128,905,891,1662,1536,689,689,669,674,827,846,714,723,1169,1220,1014,967
bing_querylogs|config_id=2543,959,827,734,504,542,597,958,760,1062,903,1318,1235,6064,1639,983,893,1004,1606,2311,899,1312,1046,1050,722,744,862,914,877,781,1114,1324,937,934,750,762,897,1029,4890,6339,802,802,793,866,1231,1600,806,799,3567,1477,822,799,829,858,955,1313,2936,836,734,889,542,607,804,823,1047,1002,693,674,632,907,966,843,920,1487,1327,2542,963,914,806,1126,1059,746,848,725,748,1065,1091,806,756,1121,995,636,607,729,586,833,812,895,688,1922,1579,832,1162
bing_querylogs|config_id=2546,971,1029,697,700,768,787,1058,933,894,949,1234,1081,1211,1321,966,1003,1068,1140,1108,1002,1004,1091,1016,735,741,832,877,1198,1214,1229,1210,1162,1187,846,865,1058,973,899,1038,905,978,873,882,998,1003,872,723,1350,1355,731,771,1035,942,1036,890,1814,1369,919,1022,649,657,881,887,1220,1164,836,828,846,818,819,895,1873,1210,1222,1096,1033,945,1070,1110,1012,796,773,853,812,1210,1185,894,928,1361,1561,816,766,795,855,859,824,839,937,1235,1169,949,1034
bing_querylogs|config_id=2550,770,770,639,640,619,620,748,739,932,966,1029,1029,957,1039,1009,1034,993,979,1160,722,731,990,1004,744,748,827,849,1019,1020,1059,1037,1070,1091,837,887,987,1059,749,865,756,753,795,800,920,940,647,644,1056,1200,690,691,846,855,821,838,878,877,773,776,592,589,787,786,1146,1191,750,748,743,751,751,672,675,1303,1303,879,922,782,782,1074,1084,766,758,758,751,1184,1207,793,790,1045,1087,667,666,627,626,851,867,715,700,1075,1075,759,762
bing_querylogs|config_id=2555,932,930,742,741,745,804,918,910,909,922,1091,994,1177,1171,925,927,952,1186,1274,815,783,1001,984,717,722,842,877,1114,1192,1052,1192,1115,1122,872,878,1003,960,755,771,845,841,887,868,1124,1060,803,810,938,1027,727,757,913,912,1049,924,1046,1025,1049,1022,615,619,876,885,1279,1136,820,853,848,729,713,958,852,1171,1185,997,957,976,976,1008,923,868,987,779,830,1209,1220,927,928,1284,1260,743,750,787,787,827,819,765,755,1063,1086,909,923
bing_querylogs|config_id=2556,926,887,894,653,634,653,1097,901,934,955,1155,1226,1267,1147,1178,1099,1088,1333,1470,860,970,1366,1121,754,751,941,1077,1090,902,1195,1182,1073,1042,860,796,1097,1007,1366,957,973,919,876,897,1221,1125,735,817,1593,1335,781,769,988,933,1394,1218,882,1288,918,1048,659,696,817,924,1133,1384,889,821,865,812,974,854,782,1472,1354,953,1267,1389,890,1180,1164,804,801,752,950,1166,1325,807,807,897,1156,809,742,724,692,910,900,827,729,1170,1363,902,941
bing_querylogs|config_id=2561,1210,1310,837,944,753,1010,955,1012,1112,1163,1181,1254,1753,1513,1275,1252,1371,1386,1598,1160,1144,1264,1269,780,783,1170,903,1133,1466,1347,1272,1258,1213,1057,1062,1081,1243,1405,1868,1035,1026,1005,1096,1481,1574,906,1006,1840,1228,849,843,1687,1402,1350,1372,1189,1212,983,994,657,663,934,1006,1522,1692,993,1006,825,1497,1116,1726,3937,1609,1576,1667,1445,1423,1176,1388,1425,1177,1044,1017,1175,1358,1431,962,1004,1560,1030,844,743,655,656,1070,1205,1288,1725,1508,1894,1043,1441
bing_querylogs|config_id=2565,974,974,763,767,788,805,905,905,881,879,1095,1077,1187,1271,948,941,928,1197,1265,803,820,1093,1074,771,777,847,933,1054,1186,1109,1121,1111,1123,854,872,1000,1006,756,791,847,861,875,884,1103,1124,820,884,1029,1033,756,760,910,853,952,1062,943,1141,1027,995,630,616,882,868,1145,1251,769,834,754,710,719,890,901,1283,1286,986,1005,976,974,1005,1008,860,863,869,866,1212,1220,924,916,1283,1245,690,712,679,802,862,853,790,774,1154,1179,913,924
bing_querylogs|config_id=2571,888,883,763,622,603,682,710,710,801,817,932,981,1210,1051,777,769,923,906,1142,709,787,927,953,602,602,802,965,987,965,1061,983,947,954,830,753,890,893,1087,1060,679,729,716,732,923,943,681,741,1088,1160,629,627,875,871,871,1054,901,915,692,669,536,533,782,699,1023,1135,754,791,760,784,891,737,1553,1026,961,808,1017,834,856,948,961,819,813,756,770,1054,1049,721,728,1611,901,555,621,511,508,760,736,934,1019,1004,960,746,795
bing_querylogs|config_id=2575,963,966,756,745,734,790,929,876,916,919,1100,1002,1292,1229,879,887,920,1213,1281,834,809,993,1006,723,729,954,996,1192,1094,1102,1104,1119,1020,872,878,1023,1015,753,742,857,763,884,885,1166,1093,804,801,939,966,736,775,865,967,951,872,1046,1173,1020,1032,622,641,868,911,1240,1234,748,727,727,701,709,887,868,1291,1289,1137,1066,984,994,1010,1030,936,937,848,857,1116,1228,978,945,1204,1243,688,734,775,759,807,815,770,757,1177,1100,933,981
bing_querylogs|config_id=2578,1262,1252,734,734,756,722,1034,1015,1053,1099,1293,1292,1723,1772,1081,1113,1082,3544,3511,996,981,1022,1017,849,764,918,984,1253,1216,1002,980,1040,982,1067,1081,926,996,2908,2907,965,952,1101,1087,2117,2151,921,928,1463,1384,748,768,928,904,1277,1260,1047,1069,867,843,716,716,760,759,1184,1149,733,733,727,1425,1441,1642,1653,1145,1147,2438,2487,1021,982,971,904,808,750,986,907,1139,1168,803,780,1307,1254,709,732,659,708,1002,955,1078,1063,1759,1670,1286,1258
bing_querylogs|config_id=2586,749,749,621,623,589,588,770,850,929,943,1002,1036,1031,1072,1015,1009,972,876,1049,702,741,913,972,743,722,822,828,957,1018,963,952,1056,1078,881,817,975,974,928,657,769,746,795,795,1006,992,627,652,1076,1041,671,671,837,836,929,1064,934,866,783,771,562,557,740,740,1052,1105,726,729,740,718,632,638,658,1336,1343,900,903,769,767,1080,1084,687,799,736,728,993,1128,760,780,1047,1059,649,649,600,595,865,921,709,724,933,1047,721,724
bing_querylogs|config_id=2589,972,974,772,768,786,813,912,913,884,891,1105,1105,1120,1245,957,935,929,1242,1171,808,817,1101,1088,777,785,863,906,1184,1124,1146,1081,1119,1119,868,870,1000,1008,815,816,849,842,867,864,1128,1361,826,823,1032,1065,763,755,865,918,943,945,1041,17316,995,1008,629,649,864,870,1294,1226,774,837,867,716,700,902,994,1279,1281,987,988,987,968,1006,1004,845,833,869,871,1232,1240,936,932,1280,1297,708,737,685,700,871,869,766,779,1178,1163,930,921
bing_querylogs|config_id=2592,1299,1253,851,895,946,741,1076,1051,1184,1119,1304,1298,1563,1491,1260,1285,1268,1360,1345,1240,1219,1409,1401,806,858,1283,1271,1286,1341,1399,1336,1213,1257,1249,1268,1397,1240,1063,1041,958,1038,1245,1208,1316,1315,902,872,1304,1267,902,926,1253,1182,1211,1507,1076,1056,1137,1086,802,764,971,992,1362,1426,1008,993,1002,852,852,1150,1123,1433,1348,1192,1149,1271,1323,1362,1475,983,893,995,958,1443,1468,1086,1063,1311,1230,887,932,774,774,1226,1265,1171,918,1282,1278,1100,1144
bing_querylogs|config_id=2598,1055,1050,560,570,566,564,828,827,775,775,1080,1069,1424,1547,773,805,780,3156,3188,827,827,830,897,586,588,795,846,1077,1080,844,830,840,844,843,849,767,762,2752,2690,781,793,842,837,1802,1853,643,643,1188,1236,561,561,669,671,959,966,835,871,677,684,519,523,609,606,934,964,605,572,601,1141,1137,1398,1393,785,961,2158,2207,807,770,789,794,609,538,733,731,1064,1136,621,618,1043,1120,549,554,500,499,792,772,897,906,1478,1387,1018,1006
bing_querylogs|config_id=2599,853,843,734,747,635,646,1177,1385,913,853,1110,1120,1337,1178,1126,1065,1062,7345,7305,898,907,1321,1236,781,789,862,904,980,994,1194,1184,1085,1138,832,822,1010,1131,812,985,958,933,979,968,1818,1416,708,713,1887,1810,716,716,1026,1010,8269,9852,1146,1209,969,1011,618,610,980,968,1514,1277,768,755,737,2614,2151,1014,1180,5034,1780,855,1456,1136,1111,1047,1082,756,798,784,757,1141,1161,1018,911,1640,2014,705,704,703,703,873,958,985,1003,1181,1176,1009,1032
bing_querylogs|config_id=2609,1035,1043,707,700,748,770,1042,1036,915,1065,1169,1117,1324,1341,994,1070,1113,1077,1052,991,1012,998,1040,737,744,926,983,1164,1307,1304,1236,1049,1112,861,888,1057,986,943,1017,896,898,936,1015,1024,1018,948,827,1233,1264,774,765,982,946,1036,979,947,1161,983,976,651,662,876,901,1265,1285,791,762,818,844,908,4070,1370,1238,1249,933,938,1005,983,1083,1017,797,789,797,841,1255,1207,853,853,1204,1327,817,778,795,795,938,825,1514,816,1224,1203,995,1049
bing_querylogs|config_id=2610,1204,1143,979,986,885,925,1220,1271,1003,1010,1282,1121,1322,1586,1206,1248,1116,1291,1428,1069,1053,1266,1167,866,863,974,1040,1209,1494,1316,1151,1106,1230,1108,1081,1250,1278,865,898,1216,1122,1177,1124,1224,1126,787,869,1292,1323,913,913,985,1158,1026,1104,1166,1146,1068,1046,744,742,1107,1097,1249,1258,949,986,1031,918,887,932,1018,1537,1660,1102,1463,1127,1239,1289,1061,1068,1051,955,1027,1251,1158,1148,1151,1428,1239,916,954,870,856,1133,984,1075,1027,1385,1292,1148,1128
bing_querylogs|config_id=2615,894,897,889,940,687,690,757,779,949,849,1281,1133,1123,1246,1002,1044,1043,1033,1177,774,1132,1017,1043,716,720,946,1053,1002,1048,1200,1159,1230,1233,947,970,1407,1096,716,722,877,829,992,1014,1053,985,767,787,1102,1169,731,819,1120,1137,979,1068,1000,922,923,869,579,616,774,733,1238,1205,858,779,810,669,679,731,925,1287,1554,941,894,1090,1090,1265,1231,784,764,847,890,1246,1098,781,814,1199,1263,717,746,696,672,1058,918,868,737,989,1150,870,861
bing_querylogs|config_id=2620,1428,1418,1159,1093,920,1155,1030,1040,1266,1300,1682,1441,1744,1646,1239,1264,1321,1472,1634,1092,1093,1363,1377,988,992,1119,1166,1445,1455,1506,1435,1376,1319,1204,1145,1424,1404,1427,2131,1115,1112,1140,1222,1731,1507,1114,1267,1722,1841,982,910,1589,1535,1445,1208,1298,1750,1003,1106,819,811,1275,1173,1362,1366,1189,1150,962,1229,1208,3267,1719,1479,1687,1444,1578,1503,1360,1452,1459,1153,1293,1190,1248,1593,1589,1096,1138,1725,1449,943,901,848,868,1208,1195,1505,1540,1526,1772,1450,1230
bing_querylogs|config_id=2628,1081,1028,721,730,758,767,996,956,858,897,1201,1212,1284,1323,958,909,983,1078,1249,1084,1084,1109,1094,790,794,857,894,1228,1154,1236,1241,1141,1160,856,862,1240,1103,980,892,916,897,972,936,1170,1074,862,869,1391,1188,756,769,1036,946,912,1001,975,1598,917,968,657,657,876,872,1153,1292,833,827,824,17005,874,17109,2406,1332,1329,1070,1057,1073,1023,1112,1145,809,770,858,842,1171,1192,891,891,1387,1413,756,760,808,759,947,978,1120,798,1238,1250,938,923
bing_querylogs|config_id=2635,995,1062,713,792,649,643,887,923,1050,1143,1353,1239,1442,1338,1133,1093,1112,1237,1599,829,838,1188,1213,763,762,1047,1083,1076,1220,968,964,1074,1098,962,969,1158,1436,1695,1916,954,925,1040,1041,1326,1429,823,762,1410,1360,800,827,1355,1221,1706,1456,903,1050,874,864,616,603,850,889,1366,1509,836,836,830,860,1215,763,808,1546,1534,1131,1134,1187,1190,1385,1367,886,927,812,839,1235,1415,911,908,1600,1470,706,717,682,669,1066,1031,879,814,1207,1403,1156,981
bing_querylogs|config_id=2637,843,829,802,735,683,637,2149,1306,921,919,1248,1103,5860,7857,1013,959,1223,9479,4711,1033,887,1205,1341,707,735,957,997,963,1090,1082,1191,1094,1176,820,832,1006,1033,739,886,953,947,1023,1000,2309,2214,711,695,1252,1598,755,731,999,1142,17459,13344,1261,992,975,1027,605,612,985,873,1472,1309,792,788,798,4131,7044,927,1296,1256,1203,1372,1366,1160,1118,1019,977,780,776,868,822,1170,1144,877,902,4477,1657,720,714,667,679,836,819,726,719,1257,1083,1052,1006
bing_querylogs|config_id=2640,976,969,725,728,759,739,867,867,901,899,1082,961,1137,1117,870,837,890,1058,1170,784,754,967,967,716,722,896,931,1212,1222,950,1038,959,1099,822,840,988,988,1071,1113,814,818,888,801,1082,1082,724,753,926,943,688,716,815,844,1078,1051,17235,956,974,964,581,595,825,825,1203,1091,730,724,777,678,705,781,784,1203,1202,1007,1093,974,974,1055,966,835,826,728,720,1062,1193,937,940,1221,1153,691,686,779,788,824,819,737,745,1102,1022,893,896
bing_querylogs|config_id=2645,644,649,528,527,527,532,617,649,763,699,858,779,886,820,826,800,795,811,914,593,598,836,828,615,606,809,822,721,786,889,885,885,894,708,702,812,954,774,577,649,637,708,705,842,873,562,535,868,817,577,613,704,678,818,896,761,727,651,634,522,533,620,619,805,812,616,665,669,602,619,560,566,927,925,664,655,648,630,860,859,653,656,702,621,921,908,676,654,902,782,576,546,546,555,671,654,606,583,845,872,632,629
bing_querylogs|config_id=2650,1036,1054,697,700,787,763,1033,1060,1019,937,1204,1130,1268,1050,928,960,1065,1130,1100,1060,1058,1019,1062,735,741,839,981,1223,1155,1228,1112,1167,1181,848,914,1128,1060,993,911,931,911,1032,1049,1094,1073,934,708,1260,1265,734,734,945,930,941,942,1024,981,921,971,665,648,873,894,1231,1245,807,826,846,835,834,17423,1014,1220,1265,1039,960,1114,976,1106,1018,798,797,843,883,1180,1210,852,894,1285,1253,773,794,814,795,878,877,1094,928,1290,1129,1052,927
bing_querylogs|config_id=2651,855,858,798,748,652,643,1103,1295,868,956,1210,1141,2338,2286,1076,1143,1065,7894,9942,1021,873,1300,1186,785,791,897,916,1083,1091,1168,1188,1119,1126,840,833,961,970,803,962,876,1034,880,844,1402,1587,733,854,1440,1607,767,772,1053,1153,9021,14364,6878,3803,991,1005,618,643,974,885,1392,1359,817,842,795,4356,8278,1112,1478,1657,1735,866,1431,1138,1060,1058,1068,773,765,872,880,1164,1112,974,927,1741,1746,713,722,683,682,888,824,752,752,1205,1170,1011,1025
bing_querylogs|config_id=2661,1006,710,693,715,570,573,5826,1126,790,828,937,918,1151,1080,936,850,849,3897,8762,831,938,1125,1027,697,703,786,892,946,978,900,1174,1003,1014,744,806,984,1084,1005,657,879,927,931,867,2198,1744,627,626,1474,5361,673,635,960,1198,15269,14185,1078,780,874,848,564,540,915,750,1332,1329,690,694,769,1952,7435,873,874,1224,1298,776,1186,1087,1083,939,924,686,660,689,813,937,1121,893,897,1716,1896,633,648,604,582,835,851,651,658,1056,1029,900,1168
bing_querylogs|config_id=2682,1090,951,713,714,802,720,969,919,992,1006,1078,1149,1221,1261,825,984,870,1240,1165,839,860,1008,996,687,726,882,902,1013,1170,1157,1113,1049,1055,930,957,1046,989,1107,1174,789,788,900,887,1121,1176,894,767,1396,1218,730,742,1033,1132,1441,1104,1156,957,814,787,596,592,975,1086,1173,1474,824,796,806,909,918,2057,1144,1164,1221,981,1094,895,932,1167,1140,898,890,856,863,1152,1233,840,849,1789,1100,670,673,575,595,851,845,1365,875,1178,1290,933,942
bing_querylogs|config_id=2728,751,936,557,646,540,540,1070,1328,777,817,1045,1018,1200,1119,960,960,861,1058,1502,791,934,1002,989,669,674,832,834,935,945,1090,1125,931,928,681,686,987,987,1330,41433,731,810,755,795,868,1015,627,605,976,1140,689,694,771,871,31951,39662,791,2213,819,817,537,546,720,733,1054,1076,763,746,671,1344,707,928,1148,1108,1104,731,765,992,917,927,946,730,714,732,780,984,998,762,779,1312,1163,593,593,548,555,702,698,630,634,1085,1074,906,889
bing_querylogs|config_id=2732,801,968,662,677,595,571,1232,1068,878,894,1075,1049,1119,1095,984,856,853,1117,1035,976,952,1027,994,679,680,871,860,840,975,1191,1094,937,987,719,741,881,881,918,2755,726,936,846,789,1132,937,745,678,1290,1332,730,745,861,796,40070,39385,843,882,844,863,565,572,751,748,1075,1130,785,740,782,965,2685,825,877,1111,1150,795,836,958,1015,956,1021,757,741,692,742,1023,1031,753,824,1384,1006,626,617,580,574,900,899,624,645,1127,1087,885,907
bing_querylogs|config_id=2735,956,944,788,829,734,755,2888,1945,866,834,1604,2002,3661,2678,883,872,859,5784,4996,957,962,1030,1029,695,709,857,991,1116,1117,1332,1244,1018,1062,945,946,1091,1090,1753,1650,853,858,1001,968,2270,1647,753,756,1524,1579,728,717,912,973,8105,11964,3933,3577,921,875,573,570,901,849,2293,1464,762,729,751,3967,3132,931,934,1303,1336,1268,1277,1144,1128,1118,1175,795,795,685,683,1289,1230,811,791,9429,1732,638,640,718,893,874,910,993,1459,6610,2255,951,1140
bing_querylogs|config_id=2740,1009,1132,754,750,814,793,928,1035,927,1030,1242,1260,1347,1245,940,1078,939,1245,1233,1084,1139,1168,1116,788,800,900,903,1326,1206,1247,1218,1152,1168,870,886,1127,1023,860,846,888,877,1016,953,1065,1120,907,898,1290,1388,786,753,1057,989,945,942,17422,1002,913,988,670,668,957,898,1281,1249,844,865,809,17126,813,1228,987,1355,1293,984,1026,969,1070,1121,1121,823,815,889,843,1191,1231,906,910,1204,1368,779,802,793,769,939,936,815,856,1245,1241,949,1081
bing_querylogs|config_id=2752,749,760,656,690,571,599,1011,1534,816,799,927,1000,8150,6294,890,891,1044,8392,1424,854,823,978,1089,625,642,801,871,776,908,931,984,909,921,735,697,905,918,825,2027,870,875,839,686,8164,1091,650,640,1080,2949,711,711,1106,1118,9671,15805,845,922,848,848,539,552,903,916,1344,1529,746,786,720,1594,7387,861,1229,1127,1110,1428,1270,1022,1010,898,913,711,679,781,772,1083,982,954,1018,1709,1902,609,679,595,588,726,748,650,652,1077,1102,1100,886
bing_querylogs|config_id=2755,999,918,764,804,706,767,1274,833,914,952,1201,1243,1824,1527,979,1050,1025,1375,1930,1084,1062,1344,1490,749,696,824,999,1513,1355,1274,1256,985,1009,1067,908,1157,986,873,1030,866,861,985,919,1257,975,725,914,1035,1666,714,712,919,937,3472,2771,881,948,919,1011,602,594,908,791,1168,1131,785,827,887,1437,1692,967,1038,1397,1367,1474,988,894,1009,1092,1012,793,743,801,785,1298,1320,951,827,1703,1137,637,637,732,704,950,889,885,1174,1185,1295,808,933
bing_querylogs|config_id=2765,782,1029,687,741,585,647,1064,1253,773,873,1073,1095,1245,1065,1094,1011,931,10941,6723,917,818,1104,1219,700,705,801,900,892,874,1014,1151,1024,1011,755,780,952,909,13473,1929,876,858,698,758,1667,4004,626,625,1769,8139,651,657,932,948,9548,9447,812,8365,943,829,640,573,782,782,1304,1293,813,739,695,2127,2319,861,810,1663,1215,1076,772,1029,1102,945,939,755,684,776,839,957,1066,845,875,1843,1753,625,625,593,592,791,760,667,654,1035,1083,1049,947
bing_querylogs|config_id=2772,787,859,658,653,691,687,856,791,746,45999,22913,1000,1088,1032,690,703,704,1046,1135,721,758,1002,928,670,666,862,864,1129,961,1076,983,926,953,728,676,896,898,746,818,810,1005,697,694,943,832,734,699,949,872,684,723,789,774,770,775,916,956,795,742,578,581,718,865,1122,1171,699,678,707,766,746,820,710,1148,1100,870,698,997,803,1046,1038,708,771,722,736,990,1028,796,762,1030,1358,658,658,564,567,754,702,673,694,946,1134,879,750
bing_querylogs|config_id=2784,947,1093,740,692,732,773,814,1041,1037,916,1054,1101,1233,2751,1145,1168,750,1851,1678,1092,949,1125,1073,668,646,917,941,997,1147,1086,1210,921,975,913,862,1067,1019,807,917,802,862,980,950,1197,1099,752,805,1484,1536,692,655,853,938,2728,2056,947,855,890,1012,577,574,737,759,1301,1390,794,944,842,1438,1434,759,952,1322,1407,1294,993,993,847,1046,910,698,721,837,842,1111,1075,807,833,1641,1039,592,636,752,889,960,1027,889,944,1267,1685,928,971
bing_querylogs|config_id=2793,1285,1166,919,920,740,740,1530,1136,953,1073,1605,1193,2093,1873,1069,1042,1081,6640,6033,982,987,1246,1380,873,873,934,947,1011,1063,1250,1144,1194,1190,918,961,1148,1214,825,886,1028,1007,1082,1057,4294,1641,777,774,1586,1406,801,899,1245,1098,8575,13754,8172,1072,1197,1055,718,733,1085,1093,1399,1468,864,853,963,5288,3593,1022,1025,1464,1442,1475,1556,1151,1153,1198,1205,853,853,892,976,1162,1378,1016,1027,2009,2144,807,807,755,741,996,937,799,844,1155,1277,1047,1036
bing_querylogs|config_id=2798,1181,1298,1106,1105,1068,1124,1294,1353,1185,1202,1558,1449,2425,2789,1401,1191,1248,2394,1750,1227,1446,1470,1339,911,1024,1159,1151,1248,1337,1410,1329,1181,1236,1221,1258,1505,1486,1137,1226,1048,1172,1277,1177,1357,1489,1245,1013,1481,1746,1032,1028,1152,1181,2134,2123,1526,2306,1226,1178,885,866,1034,1197,1676,1699,1076,1105,1304,2393,2206,1497,930,1370,1376,1149,1429,1376,1282,1318,1344,1019,1007,1106,1008,1381,1471,1142,1261,3243,1695,914,917,1031,1099,1200,1200,1169,1501,1617,1677,1117,1042
bing_querylogs|config_id=2807,998,1049,796,651,771,769,1082,1042,984,66544,66518,1194,1462,3344,1081,1093,998,1475,1429,1247,951,1215,1256,693,734,871,914,1167,1299,1214,1184,993,1005,1028,942,1036,1243,1518,1064,847,847,978,955,1645,1171,834,776,1412,1302,725,740,849,1093,1909,1866,3518,2314,1042,1040,604,620,900,948,1312,1597,848,847,944,729,1436,817,838,1451,1297,885,914,1173,1076,1054,1033,742,778,835,923,1118,1154,923,806,1477,1566,626,652,782,776,971,988,1026,1016,1496,2306,942,971
bing_querylogs|config_id=2817,1255,1255,880,882,587,512,1485,1485,981,965,1302,1302,2039,2035,937,937,934,3422,3454,907,914,1090,1012,755,760,767,807,1132,1132,890,800,919,938,907,998,760,791,727,726,843,841,989,989,1883,1926,692,1088,1254,1179,556,556,866,866,1170,1654,987,796,781,781,482,480,664,617,1342,1341,610,606,606,1622,1622,1070,1072,1108,1088,2450,2457,902,902,1011,927,664,664,769,760,833,833,670,667,1563,1769,577,569,516,516,1033,1029,940,947,1277,1277,849,851
bing_querylogs|config_id=2819,1310,1310,929,932,660,554,1531,1531,1029,1014,1379,1379,2086,2080,988,994,985,3468,3504,965,974,1160,1082,817,823,797,752,1205,1228,954,951,1018,1039,963,1058,894,912,769,798,892,889,1040,1040,1982,1990,736,1127,1328,1328,599,599,938,927,2244,1707,1051,860,847,847,521,518,721,720,1433,1431,650,650,644,1664,2080,1122,1125,1318,1318,2509,2518,958,970,1094,1101,708,708,810,804,1012,1012,729,729,1633,1839,616,616,560,559,1100,1094,988,1199,1361,1361,897,900
bing_querylogs|config_id=2832,1317,1317,685,938,630,563,1535,1530,1012,1021,1401,66801,2036,1662,1000,1000,990,3261,3297,1011,983,1177,1166,795,807,796,823,1307,1232,976,973,999,1020,963,1041,882,929,768,809,64013,914,1049,1057,1974,1974,736,1135,1217,1217,638,616,940,950,1348,1705,1048,826,849,925,526,569,730,727,1383,1384,661,662,657,1551,1549,1133,1136,1295,1292,2539,2551,1059,1073,942,970,739,739,814,808,1015,997,727,757,1823,1762,623,652,567,566,1108,1102,996,1007,1352,1749,1244,971
bing_querylogs|config_id=2835,713,723,586,589,554,554,843,840,815,66305,66425,1045,1181,1171,976,971,898,1395,1424,719,681,971,974,768,776,827,857,1080,975,993,1081,1005,1026,793,886,1100,1115,597,987,729,726,825,774,2484,990,600,596,1057,1070,611,609,869,889,1355,867,877,894,839,745,540,539,726,723,1098,1410,717,717,713,721,667,884,887,1167,1155,1197,1206,731,731,1226,1233,721,692,734,721,1053,1053,841,780,1214,1211,607,606,576,575,807,842,678,662,1149,1010,699,702
bing_querylogs|config_id=2848,1252,1197,877,879,587,515,1482,1482,983,967,1217,1203,2036,2032,943,937,934,3419,3451,907,911,993,994,761,768,768,722,1129,1132,890,888,919,935,910,1001,819,850,727,726,840,838,954,986,1877,1877,690,1085,1251,1251,553,553,863,863,1167,1649,982,793,788,778,479,477,661,660,1339,1247,603,608,603,1622,1619,1067,1069,1088,1088,2447,2454,899,899,1011,1015,666,661,766,761,833,926,670,670,1565,1771,574,573,515,513,1033,1029,937,944,1184,1277,846,848
bing_querylogs|config_id=2850,1130,1131,836,839,617,548,1361,1355,896,967,1366,66642,1893,1834,871,941,923,2541,2565,960,930,1118,1114,669,678,809,835,1211,1142,971,946,957,978,856,928,942,869,2751,735,63943,841,926,929,1837,1819,714,1026,1085,1182,613,592,941,983,1044,1242,977,836,807,890,523,520,705,700,1216,1197,632,653,635,1415,1443,1031,1034,1191,1124,2214,2218,845,1004,917,902,678,691,785,782,991,994,698,698,1097,1305,619,620,558,552,990,978,915,925,1545,1682,1068,842
bing_querylogs|config_id=2852,1217,1208,648,873,623,561,1567,1594,879,1214,1464,66849,2102,1761,1214,1219,1233,2733,3380,960,933,1271,1285,700,738,818,845,1218,1244,1049,939,959,980,950,958,1060,1006,737,737,64024,950,1011,1022,2069,2068,723,1283,1325,1357,758,919,904,1028,1471,1595,1013,886,864,1002,519,559,867,783,1566,1435,656,657,652,1615,1609,1073,1074,1387,1535,2493,2405,1004,981,929,935,739,729,791,789,1007,989,729,733,1326,1724,620,614,561,560,985,979,921,930,1449,1656,1265,993
bing_querylogs|config_id=2856,1274,1275,939,944,620,548,1513,1513,1044,1046,1307,1306,2047,2038,969,969,960,3478,3463,975,984,1091,1092,778,833,744,782,1215,1218,876,978,1008,1029,936,1077,893,924,3234,778,871,925,1050,1018,1946,1946,742,1137,1338,1266,618,580,937,937,1233,1689,1061,825,857,867,518,515,685,684,1445,1444,628,629,624,1658,1659,1101,1135,1328,1328,2519,2488,923,923,999,1006,718,693,789,782,911,1022,745,736,1639,1844,654,626,568,548,1064,1059,974,985,1766,1278,867,871
bing_querylogs|config_id=2860,1270,1276,661,662,626,627,956,955,1000,46242,23207,1243,1699,1694,962,962,964,3994,4017,965,946,1036,1037,674,679,820,866,1289,1306,949,935,985,998,1043,1038,894,904,3178,3177,1027,1026,1026,1026,3073,3073,727,726,1466,1466,636,633,849,849,1206,1211,1023,1024,847,805,565,564,701,700,1154,1335,643,643,637,1356,1356,1640,1641,1220,1220,2588,2593,963,963,908,910,730,731,827,825,1217,1217,767,729,1735,1734,643,643,561,560,928,927,1059,1065,1695,1695,1212,1213
bing_querylogs|config_id=2863,1253,1253,901,904,629,556,1507,1502,1000,1117,1339,66739,2058,2058,969,966,959,2646,2682,1004,976,1124,1113,693,705,821,848,1297,1222,955,952,992,1013,912,1074,893,906,2943,778,64020,921,997,999,1982,1985,742,1229,1174,1174,634,596,946,956,1088,1347,1022,811,844,920,520,516,719,716,1317,1262,653,654,649,1459,1457,1117,1120,1232,1234,2417,2429,938,898,935,927,715,715,823,817,1019,1001,723,723,1151,1183,629,628,557,557,1098,1092,997,1006,1768,1652,927,944
bing_querylogs|config_id=2873,1283,1283,917,919,625,556,1526,1522,1000,993,1351,23155,2065,2069,966,966,958,3346,3374,946,952,1137,1126,792,800,813,858,1229,1184,942,941,960,1001,951,1037,864,904,772,771,21923,881,1021,1026,1967,1967,726,1121,1286,1286,602,600,897,903,1202,1623,1021,824,806,849,521,519,701,700,1366,1368,649,649,643,1644,1643,1109,1110,1248,1247,2484,2490,926,935,1046,1036,705,705,805,803,978,964,710,709,1531,1735,616,612,556,557,1073,1072,978,983,1310,1309,1209,893
bing_querylogs|config_id=2874,1309,1309,928,931,626,553,1530,1530,1033,1018,1378,1378,2085,2079,993,993,984,3404,3503,959,973,1100,1159,822,822,757,738,1126,1207,865,862,995,1016,963,1057,880,911,3193,768,891,888,1039,1039,1981,1981,731,1126,1327,1327,631,594,926,926,1222,1706,1050,859,856,846,504,504,719,719,1325,1433,649,649,643,1662,1662,1121,1124,1317,1292,2508,2517,957,957,1093,1100,707,707,809,803,900,993,729,728,1633,1839,643,643,558,544,1105,1100,987,996,1638,1752,907,899
bing_querylogs|config_id=2877,1290,1295,707,709,667,652,1247,1222,1023,1044,1474,1434,3309,3324,1138,1197,1178,4281,4318,1010,1009,1018,1018,730,693,948,1005,1312,1314,1061,990,980,983,1028,1057,972,974,7219,8162,1038,1031,1078,1105,3443,3920,809,806,1993,1926,758,758,988,988,1774,1850,1058,1087,827,823,607,607,772,761,1258,1248,629,633,627,1551,1561,1746,1758,1233,1269,2625,2631,1261,1365,983,977,743,743,866,908,1205,1113,741,742,1562,1585,590,586,602,596,947,962,1086,1090,1956,2194,1399,1382
bing_querylogs|config_id=2880,1274,1275,912,915,637,548,1543,1543,1047,1027,1307,1287,2037,2027,969,969,998,3424,3452,973,948,1073,1074,771,777,815,769,1142,1221,876,873,1011,1032,970,1074,893,862,3204,779,912,909,1053,1053,1940,1940,749,1144,1251,1266,645,580,940,940,1236,1689,1064,821,870,860,521,513,685,729,1445,1444,628,622,624,1676,1657,1101,1104,1331,1331,2477,2488,971,971,1091,1006,693,721,789,782,1007,1007,698,698,1581,1781,662,661,574,573,1064,1059,1001,979,1766,1766,1238,913
bing_querylogs|config_id=2887,1289,1299,671,674,619,625,961,958,1032,66522,66676,1284,1714,1704,945,945,949,4027,4056,1005,967,1082,1085,696,704,800,830,1322,1349,976,958,1026,1047,1060,1057,913,921,3195,3195,929,926,1042,1042,3193,3193,745,741,1510,1510,638,618,880,880,1223,1230,1052,1052,890,782,565,564,725,722,1229,1513,647,647,643,1377,1377,1653,1656,1291,1291,2607,2616,988,988,955,962,755,757,835,828,1243,1243,814,753,1841,1838,633,632,564,563,961,955,1071,1081,1754,1754,1223,1226
bing_querylogs|config_id=2891,1254,1255,929,900,557,533,1499,1498,989,974,1283,1283,2026,2025,953,953,951,3403,3504,965,974,1063,1064,761,767,718,739,1127,1134,866,845,884,898,921,1011,812,779,769,769,849,849,1004,1004,1933,1933,696,1092,1242,1242,565,599,877,877,1223,1707,994,803,788,788,505,503,721,671,1326,1323,611,612,609,1645,1645,1122,1125,1191,1191,2509,2518,913,907,972,977,678,678,770,765,882,882,682,682,1633,1839,582,581,536,535,1106,1049,959,969,1247,1247,852,855
bing_querylogs|config_id=2893,1289,1299,671,674,625,625,966,963,1032,66522,66676,1284,1714,1704,990,990,994,4027,4056,1005,967,1082,1085,696,704,800,830,1322,1349,976,958,1026,1047,1060,1057,913,928,3195,3195,1085,1082,1042,1042,3193,3193,731,727,1510,1510,635,633,880,880,1223,1230,1052,1052,921,848,565,564,721,718,1209,1493,647,647,643,1377,1377,1653,1656,1291,1291,2607,2616,988,988,937,944,755,757,835,828,1249,1249,814,753,1841,1838,648,647,560,559,961,955,1071,1081,1754,1754,1223,1226
bing_querylogs|config_id=2894,1293,1186,886,867,599,482,1490,1490,976,967,1223,1184,2004,2073,944,944,976,3345,3408,895,910,1036,1036,688,802,712,755,1118,1078,826,814,1089,832,897,985,802,807,747,746,834,832,983,1027,1967,1863,685,1088,1151,1152,594,559,797,844,1169,1692,967,834,706,819,503,502,645,660,1313,1279,644,645,598,1660,1641,1055,1071,1256,1256,2438,2440,876,875,894,951,702,668,756,798,856,967,660,660,1516,1808,572,610,528,480,1043,1074,978,947,1192,1172,887,830
bing_querylogs|config_id=2935,1195,1196,580,841,555,483,1444,1443,928,911,1188,1192,1973,1589,897,897,923,3354,3366,888,865,979,998,689,702,679,717,1045,1033,791,771,808,825,862,951,749,780,3141,715,791,789,943,943,1872,1872,681,1074,1226,1168,579,542,845,845,1156,1607,928,733,717,707,455,496,607,606,1239,1237,554,561,550,1608,1592,1056,1058,1073,1072,2431,2397,840,843,758,760,650,625,719,714,822,822,618,640,1486,1696,557,590,483,482,976,973,926,905,1637,1658,1123,798
bing_querylogs|config_id=2940,1310,1310,935,938,629,562,1491,1535,1006,1022,1431,66800,2000,1992,1071,1071,1061,3561,3597,1024,991,1231,1269,865,877,804,831,1305,1230,976,973,996,1017,961,1044,885,928,781,766,63995,896,1071,1079,1981,1981,736,1129,1242,1242,638,616,943,953,1216,1389,1050,801,853,935,525,525,728,725,1313,1326,664,665,656,1553,1547,1129,1132,1294,1299,2477,2519,1059,1073,1112,1114,714,714,817,811,1015,997,724,723,1918,1789,625,653,563,563,1094,1088,996,1005,1355,1777,953,970
bing_querylogs|config_id=2954,1315,1310,942,938,631,564,1527,1526,992,1020,1457,66808,1998,2035,997,1071,1026,3260,3540,1010,977,1231,1269,775,791,804,831,1304,1229,976,973,998,1020,962,1041,883,926,764,783,64012,913,1045,1074,1974,1977,735,1134,1226,1317,640,618,946,926,1187,1688,1036,802,848,931,529,523,729,724,1382,1423,660,661,656,1547,1545,1127,1130,1327,1271,2508,2618,917,1072,1109,1098,735,740,812,806,1017,997,726,728,1242,1624,624,651,563,563,1096,1092,1003,1005,1351,1748,953,913
bing_querylogs|config_id=2956,1269,1275,660,661,625,626,956,955,1000,48945,23222,1244,1699,1694,961,961,963,3990,4013,964,945,1040,1041,674,679,823,869,1288,1305,948,934,990,1001,1042,1037,894,904,3181,3180,1023,1022,1023,1023,3083,3083,726,725,1471,1471,637,634,854,854,1202,1207,1021,1022,849,807,564,563,701,700,1153,1340,643,643,637,1353,1353,1639,1640,1221,1221,2587,2592,962,962,907,909,727,728,826,824,1216,1216,766,728,1736,1735,642,642,558,557,930,929,1059,1065,1700,1700,1209,1210
bing_querylogs|config_id=2971,1278,1278,900,902,608,536,1512,1512,1005,989,1322,1220,1996,1992,963,963,960,3442,3477,927,934,1122,1124,778,783,741,750,1154,1155,920,920,952,968,935,1024,801,891,750,750,842,841,1011,1011,1952,1952,708,1070,1277,1279,576,576,886,886,1190,1674,1009,816,801,752,501,499,653,649,1366,1254,594,595,620,1642,1642,1096,1092,1240,1238,2470,2477,874,875,1041,1045,688,690,784,748,959,959,696,696,1593,1799,592,562,539,539,1059,1010,960,967,1302,1300,839,842
bing_querylogs|config_id=2973,1280,1280,934,937,636,564,1492,1487,1051,1032,1463,66863,2038,2038,1096,1096,1086,3657,3693,978,981,1233,1222,704,716,812,839,1308,1233,981,978,997,1018,963,1019,891,935,769,769,63997,898,1052,1060,1979,1979,741,1133,1298,1298,624,621,934,944,1304,1429,1037,806,794,870,531,528,729,730,1488,1489,663,664,659,1517,1515,1139,1142,1303,1300,2568,2580,911,925,1108,1100,717,717,824,818,1032,1014,731,731,1688,1755,630,624,565,565,1105,1099,1009,1018,1383,1380,899,916
bing_querylogs|config_id=2992,1249,1163,848,871,774,925,1004,995,1260,1279,1461,1272,1912,1842,1377,1230,1272,1559,1530,1225,1214,1347,1496,784,935,1285,1231,1387,1465,1201,1233,1298,1209,1268,1210,1424,1461,1111,1056,998,1006,1238,1296,1249,1255,889,861,1274,1240,873,959,1166,1194,1319,1286,1091,1084,985,978,773,810,921,934,1372,1256,1002,1056,1049,959,961,1124,1098,1267,1478,1327,1328,1308,1422,1405,1304,999,983,976,941,1471,1448,1058,1063,1324,1163,948,928,787,758,1297,1285,952,935,1225,1217,1397,1078
bing_querylogs|config_id=2994,769,671,536,542,534,520,870,530,817,825,1248,1060,1189,1290,893,881,912,987,1034,687,660,989,826,718,750,767,910,777,764,854,887,922,940,730,812,925,855,3143,2218,752,775,975,825,892,946,671,628,963,1177,615,669,671,662,805,919,926,996,810,863,543,521,741,697,962,1045,783,738,792,1132,761,799,753,1142,1124,621,687,879,758,842,919,755,598,683,663,1050,1010,746,766,956,1129,593,633,614,546,720,698,688,779,897,1130,840,774
bing_querylogs|config_id=3003,908,963,658,656,733,728,910,954,841,821,1098,1113,1245,1299,878,804,823,975,979,934,940,1001,1055,703,711,827,870,1115,1130,1086,1081,1025,1039,808,818,958,959,16735,716,867,809,848,825,951,965,783,783,1089,1062,690,690,841,848,737,745,872,12143,813,799,615,614,801,803,1070,1116,802,766,778,729,725,14588,1023,1119,1132,837,851,922,923,1001,946,698,682,778,771,1067,1054,772,768,1197,1171,704,704,720,776,830,823,776,787,1086,1077,888,948
bing_querylogs|config_id=3009,1903,1861,1528,1501,1259,1222,1741,1576,1440,1489,1710,1562,2141,2116,1723,2016,2002,1702,2563,1652,1667,1596,1757,1392,1330,1345,1380,1730,1887,1849,1676,1507,1755,1711,1532,1516,1734,1188,1519,1329,1419,1589,1589,2503,2548,1230,1298,2062,2024,1282,1215,1375,1414,1576,1420,1516,1442,1622,1529,1013,1024,1418,1512,1599,1726,1347,1453,1392,1583,1343,1576,1760,1874,1922,1480,1584,1720,1793,1786,1625,1506,1423,1363,1190,1633,1660,1490,1533,1894,1767,1350,1319,1238,1098,1807,1903,1460,1275,1939,1839,1875,2032
bing_querylogs|config_id=3022,901,901,765,767,734,736,816,816,1156,1148,1182,1238,1147,1121,1293,1205,1180,1101,1238,855,864,1081,1140,872,873,1007,1000,1090,1200,1103,1064,1200,1219,1144,1152,1290,1292,803,794,923,924,972,1038,1057,1192,777,779,1255,1229,772,772,1088,1003,1029,1081,1078,1078,1011,1001,733,726,918,920,1232,1271,907,888,901,796,796,800,802,1439,1354,1031,1037,943,943,1155,1157,829,821,901,895,1160,1271,958,956,1074,1075,804,807,755,739,1021,1091,897,867,1165,1215,919,887
bing_querylogs|config_id=3039,1022,1034,636,578,561,562,714,857,877,756,1088,967,1449,1455,992,1060,976,1674,1525,719,627,1211,1223,732,739,793,779,1005,979,1077,966,983,940,736,763,906,969,714,661,838,762,877,807,1734,1651,627,644,1127,1167,745,750,727,709,3344,1092,867,849,777,771,512,522,890,876,997,1035,700,826,781,815,1861,929,841,1153,1201,1283,1302,812,927,1158,1214,737,663,678,670,1010,1125,795,816,1262,1243,601,652,603,597,903,864,652,652,1083,1327,916,1021
bing_querylogs|config_id=3055,1735,1699,1023,1273,1015,1006,1239,1226,1373,1376,1600,1599,1878,2085,1647,1793,1784,2259,2351,1460,1470,1563,1621,1361,1313,1369,1385,1516,1609,1713,1663,1594,1621,1428,1491,1434,1438,17248,1630,1264,1265,1437,1431,5222,2429,1204,1273,1890,1815,1198,1175,1302,1390,1487,4304,1466,1375,1423,1527,937,937,1112,1112,1560,1657,1264,1237,1257,1320,1308,1491,1322,1786,2001,1585,1648,1473,1368,1687,1719,1216,1278,1221,1182,1811,1927,1360,1335,2001,2118,1148,1188,996,994,1513,1506,1114,1120,1981,1794,1885,1653
bing_querylogs|config_id=3060,1929,1759,1486,1396,1135,1196,3448,1951,1487,1621,1735,1693,1964,2324,1757,1777,1677,6728,9592,1650,1950,1854,2019,1084,1093,1516,1382,1842,2325,1920,1968,1566,1639,1673,1788,1672,1427,1366,1957,1732,1637,1742,1827,2836,2237,1179,1367,6413,5915,1325,1341,1909,1658,9531,16815,3895,2600,1790,1709,1033,951,1502,1477,2126,2182,1233,1518,1496,4941,15992,1675,1787,1920,1943,1777,1593,2275,2454,1961,1835,1330,1445,1622,1226,1947,2043,1552,1717,2217,2702,1384,1363,1137,1122,1605,1569,1381,1257,2084,1742,1828,1948
bing_querylogs|config_id=3065,656,652,552,529,497,497,638,588,859,886,875,878,1115,958,1031,887,919,1084,969,612,584,887,906,592,597,787,817,800,918,813,780,906,828,680,683,1071,914,878,654,701,660,758,752,787,895,574,568,991,934,581,570,793,769,861,864,728,713,642,662,508,511,623,623,1190,1133,633,677,634,610,600,557,559,993,993,744,728,687,897,810,816,593,887,649,647,858,879,715,690,873,829,544,581,513,512,681,730,586,600,1025,962,663,656
bing_querylogs|config_id=3071,987,992,696,689,747,709,893,782,896,987,990,1107,1419,1202,805,928,765,920,1025,930,667,943,958,675,712,809,783,840,871,974,965,1037,1044,819,825,957,955,1136,1164,761,769,776,807,1081,1088,781,732,1190,1017,683,683,1005,882,919,1003,951,1172,771,771,574,546,861,803,1165,1151,816,746,806,989,836,2128,851,1097,1110,844,1079,861,905,1094,1100,798,851,838,795,1094,1121,808,834,923,1257,626,657,567,552,816,736,1206,1590,1519,1062,840,929
bing_querylogs|config_id=3076,1261,1205,1034,1062,967,986,1407,1234,1141,1101,1488,1249,1666,1569,1330,1425,1396,1528,1634,1158,1072,1245,1260,935,922,1065,1082,1285,1564,1429,1183,1175,1281,1206,1257,1263,1220,1209,1139,1277,1148,1246,1150,1233,1244,881,1002,1378,1318,985,1022,1187,1348,1252,1126,1234,1268,1157,1103,781,790,1239,1242,1351,1541,972,1089,1097,976,947,990,1061,1626,1555,1259,1430,1195,1229,1451,1176,1085,1533,1022,1090,1435,1334,1168,1191,1516,1600,972,940,949,909,1228,1287,1150,1199,1449,1353,1254,1300
bing_querylogs|config_id=3085,1548,1529,846,877,860,907,1084,1111,1223,1177,1523,1513,1441,1614,1417,1308,1253,1054,1292,1166,1168,1396,1591,923,928,1183,1209,1228,1274,1506,1507,1400,1411,1188,1182,1370,1385,1042,1146,1133,1107,1221,1302,1483,1437,950,929,1524,1404,910,886,1123,1315,1239,1232,1209,1236,1277,1228,766,763,1071,1062,1563,1624,1019,1058,1051,1010,1096,1229,1218,1531,1680,1506,1462,1525,1422,1372,1384,994,1010,988,973,1409,1575,1131,1169,1317,1347,895,891,863,805,1355,1382,1092,1081,1497,1522,1286,1293
bing_querylogs|config_id=3094,1824,1869,1671,1428,1336,1306,1801,1851,1549,1445,1801,1929,1977,1955,1793,1732,1714,2061,1958,1745,1662,1759,1839,1206,1135,1360,1380,1856,2061,1707,1833,1486,1570,1793,1764,1573,1935,1301,17154,1602,1517,1623,1802,1970,1808,1184,1269,1747,1805,1193,1244,1545,1764,1674,1951,1565,1572,1597,1540,1047,1044,1353,1611,1861,2068,1271,1387,1362,1333,1336,1468,1662,1984,2008,1588,1699,2175,1856,2097,1777,1360,1468,1339,1300,1784,1766,1582,1601,1756,1866,1284,1291,1228,1070,1628,1856,1559,1382,1849,1729,1844,1580
bing_querylogs|config_id=3103,750,748,636,641,573,569,2141,941,778,830,1122,995,4413,5748,845,844,924,11824,3430,713,798,1153,1123,685,687,818,794,840,919,964,1014,983,1003,735,768,867,961,2200,878,821,809,866,871,1253,1089,622,609,1203,2261,638,640,831,966,9882,11685,957,902,837,866,525,571,819,881,1147,1296,736,748,688,10556,3168,1060,1126,1199,1199,1228,1209,1015,965,960,954,669,675,751,762,927,1061,752,853,1763,1706,624,634,585,565,771,761,649,656,978,1103,963,880
bing_querylogs|config_id=3108,997,1070,1366,1331,947,936,868,1140,1078,1114,1340,1258,1698,2218,1386,1712,1647,1282,1373,1273,1144,1182,1280,815,810,1082,1185,1227,1202,1292,1319,1359,1145,1009,981,1305,1246,18189,1390,939,952,1000,1000,1407,1478,1064,1073,1869,1621,779,812,1213,2553,1747,1763,1318,1288,1123,1030,619,627,964,943,1721,1417,910,961,911,2478,1668,18020,2327,1384,1328,1679,1413,1339,1354,1068,1077,800,784,972,1047,1356,1284,1058,1058,17761,1724,789,775,825,845,1188,956,1270,1280,1386,1652,1171,1179
bing_querylogs|config_id=3113,1488,1438,981,1024,975,982,1175,1168,1263,1273,1507,1355,1665,1561,1289,1480,1344,1385,1582,1059,1340,1436,1434,989,995,1322,1443,1293,1288,1555,1496,1389,1345,1178,1278,1597,1428,1152,1152,1178,1172,1233,1399,1540,1509,1144,1119,1516,1679,991,1095,1359,1383,1404,1428,1432,1552,1211,1203,943,919,1172,1171,1714,1541,1098,1179,1177,1267,1162,1084,1402,1511,1399,1533,1776,1422,1392,1349,1343,1034,1102,1101,1116,1505,1496,1192,1194,1483,1510,960,976,955,953,1330,1396,1166,1114,1532,1470,1298,1369
bing_querylogs|config_id=3119,1007,874,864,799,780,724,747,918,1099,1012,1158,1220,2192,1294,1075,1178,1083,1802,2568,909,719,1080,1373,723,747,910,902,989,1076,1473,1326,977,1024,929,1085,1067,1162,1368,1257,855,839,982,1001,1483,1363,828,1112,1465,1277,668,662,877,937,2321,2074,972,1057,977,1008,626,613,813,790,1197,1214,918,799,932,1494,2466,1025,759,1297,1173,1319,1329,1066,1056,966,1289,686,721,998,886,1208,1178,1054,820,1578,1294,627,763,751,835,970,1108,1312,852,1778,3004,926,838
bing_querylogs|config_id=3124,965,965,858,764,608,610,804,908,1106,1113,1169,1103,1583,1270,1080,1075,1091,1421,1517,956,903,1111,1111,756,718,1081,996,1115,1120,1085,950,963,948,997,933,1077,1385,15449,1769,853,875,1166,1179,1344,1278,724,771,1089,1137,741,754,1149,1154,1219,1339,886,1001,828,831,601,600,809,777,1295,1279,795,803,799,772,722,930,928,1505,1337,1120,1021,1073,1085,1085,969,788,743,803,781,1127,1168,847,831,1196,1182,759,700,685,666,979,995,842,777,1238,1167,958,1023
bing_querylogs|config_id=3129,843,855,762,735,626,623,3028,5323,814,851,1189,1232,1341,1462,1049,956,1057,16141,9303,932,840,1148,1229,774,777,921,866,1029,1026,1183,1167,1092,1113,818,828,962,995,1661,954,920,946,971,796,2419,1844,698,711,9010,1898,753,761,1070,1073,11909,18364,1290,1217,960,942,626,619,967,963,1301,1417,865,846,847,9857,2982,998,981,1386,1316,1455,947,1066,1204,1046,1122,752,767,837,837,1103,1175,946,873,1813,1691,737,696,736,654,867,830,857,740,1067,1175,1010,1170
bing_querylogs|config_id=3142,674,680,592,591,549,551,667,637,797,784,963,950,1078,1069,882,864,867,912,880,671,677,851,843,681,686,815,865,1281,895,874,980,999,1019,768,845,911,1082,758,652,693,744,760,771,844,813,612,607,947,992,614,589,769,781,955,805,862,813,758,761,540,537,670,670,1022,1025,712,715,648,655,602,628,614,1192,1171,753,750,729,705,855,871,710,724,691,700,933,1044,754,731,1114,854,624,624,590,567,785,744,670,661,981,925,665,669
bing_querylogs|config_id=3150,783,783,587,592,564,565,766,766,878,819,1074,1130,1077,1075,982,966,958,1123,1154,838,843,943,976,723,723,864,858,941,819,910,909,987,1000,963,889,1105,996,675,674,722,723,864,862,997,951,679,674,1106,1198,624,624,886,886,1035,976,945,866,734,731,545,546,727,727,1035,1094,751,747,741,579,578,874,875,1272,1165,816,821,761,761,965,967,711,720,757,734,1008,1065,764,774,1022,1070,617,617,585,575,772,841,830,835,891,965,864,865
bing_querylogs|config_id=3172,1224,1228,657,657,640,641,1048,1280,1056,1118,1361,1425,1829,1869,1072,1059,1066,3536,3623,916,921,1076,1078,704,704,830,795,1142,1194,904,876,954,967,958,959,955,869,2747,2746,1033,1015,1007,1010,2133,2110,738,760,1670,1655,691,691,797,936,1134,1158,978,978,867,839,559,560,714,714,1317,1407,665,662,655,1335,1335,1482,1483,1251,1378,2349,2392,1151,1041,955,1014,681,684,830,828,1213,1332,725,726,1707,1369,633,634,577,569,898,911,999,1002,1608,1658,1278,1264
bing_querylogs|config_id=3194,1083,978,801,1047,626,632,821,926,1001,1180,1322,1033,1964,1196,1155,1170,1152,1429,1251,794,843,1246,1162,745,770,1034,1098,1510,1442,1050,961,1016,1020,998,988,1167,1408,2111,857,929,811,1248,1308,1314,1164,933,919,1425,1260,790,811,1287,1209,1483,1529,1048,1074,1010,983,622,635,874,820,1429,1309,829,830,828,747,771,842,1044,1759,1889,1390,1131,1182,1207,1388,1395,884,4383,820,803,1175,1326,920,927,1543,1563,700,768,648,655,1008,875,1010,981,1320,1533,778,774
bing_querylogs|config_id=3203,1543,1436,886,922,876,1000,1095,1108,1072,1069,1333,1398,1411,1477,1422,1544,1414,1394,1349,1295,1290,1364,1372,902,895,1279,1345,1247,1321,1436,1460,1479,1452,1189,1209,1723,1604,1216,1097,1134,1098,1272,1206,1349,1407,1025,1070,1549,1407,857,852,1206,1372,1152,1126,1341,1257,1386,1282,839,875,1029,1074,1567,1479,979,1066,1061,1057,998,1495,1489,1451,1574,1737,1739,1496,1251,1364,1389,994,1237,1003,949,1388,1377,1142,1133,1311,1582,844,862,861,862,1241,1272,1242,1232,1523,1594,1264,1254
bing_querylogs|config_id=3213,1135,1075,882,741,637,630,841,806,1108,1133,1168,1176,1066,1713,1101,1084,1104,1489,1373,766,755,1155,1205,713,737,1091,1179,1177,1186,1079,1074,1023,1052,1022,993,1434,1517,3761,16938,903,898,1110,1122,1424,1147,736,706,1209,1223,726,748,1116,1134,1501,1383,1018,975,871,881,597,626,837,834,1414,1273,785,786,816,722,761,888,749,1574,1598,1093,1211,1151,1250,1036,1100,763,971,819,782,1258,1280,888,871,1212,1382,704,657,640,640,1173,880,918,925,1270,1468,951,954
bing_querylogs|config_id=3225,877,883,597,601,576,577,900,900,1092,994,1030,1151,1511,1425,1090,1004,1057,1139,1110,828,823,1090,1101,699,705,883,905,1170,973,1061,916,1000,1024,747,748,1320,1273,828,1040,829,782,1051,1067,1029,1050,642,631,1233,1209,835,806,958,1092,1214,1080,1016,964,879,778,558,545,851,858,1274,1344,762,812,806,713,728,812,770,1174,1323,867,1007,928,941,1054,1058,793,831,693,837,1225,1030,728,785,1025,944,631,631,598,598,756,909,804,703,1249,1272,890,946
bing_querylogs|config_id=3234,847,956,593,595,548,549,919,991,1154,1173,1080,973,1544,1124,1023,1011,1000,1075,1073,775,818,1103,1056,641,646,814,889,954,1045,975,927,963,989,932,797,1053,1264,795,1232,675,734,1031,897,1026,1054,607,574,1067,1124,779,731,842,890,1187,939,898,948,869,931,539,568,663,661,1086,1208,680,753,706,819,755,717,703,1216,1222,892,949,755,811,927,965,774,795,803,655,973,976,734,743,1615,1093,590,560,564,578,760,711,695,661,1048,1100,819,824
bing_querylogs|config_id=3239,1486,1481,1015,1022,1000,1006,1194,1371,1220,1210,1720,1629,1654,1650,1506,1539,1394,1316,1480,1249,1305,1486,1568,1051,1050,1392,1364,1271,1372,1504,1532,1517,1552,1198,1269,1479,1537,1161,1266,1207,1190,1341,1364,1584,1467,1160,1171,1589,1681,1025,1029,1409,1365,1409,1257,1475,1531,1365,1298,916,942,1193,1183,1551,1612,1193,1130,1169,1191,1040,1362,1084,1590,1654,1601,1770,1298,1257,1472,1471,1077,1136,1189,1196,1495,1605,1166,1192,1439,1383,997,997,973,961,1514,1305,1178,1066,1591,1613,1456,1263
bing_querylogs|config_id=3297,895,806,580,543,542,544,852,877,920,1014,1017,864,1179,1276,976,1009,982,1286,1180,713,737,1044,1025,620,623,876,891,977,993,932,899,911,931,717,768,1212,1247,840,955,721,741,823,909,975,990,596,567,997,1037,595,595,903,1012,1013,882,870,854,721,702,523,523,703,765,1229,1085,752,738,757,724,709,668,663,1141,1150,903,924,783,810,931,926,758,702,739,790,945,940,706,706,1376,1059,592,560,632,572,725,691,613,663,1093,1016,790,791
bing_querylogs|config_id=3312,727,727,608,622,554,556,736,759,883,918,945,974,1131,888,970,950,941,1083,1071,662,667,958,961,695,681,852,908,1121,903,880,952,953,966,726,762,1043,1033,723,624,711,739,811,852,944,857,624,618,1075,1098,643,611,823,824,835,822,817,780,732,745,541,540,705,705,1088,1175,702,702,696,648,644,610,611,1083,1139,825,791,814,754,869,871,740,748,702,674,952,1013,763,761,1201,928,636,631,590,574,868,789,627,632,1043,925,713,713
bing_querylogs|config_id=3380,1194,1195,918,867,627,551,1526,1526,1019,1008,1340,1340,2080,2076,925,925,922,3415,3388,945,902,1131,1089,743,804,806,842,1029,1173,931,876,807,824,909,950,860,838,771,714,838,892,1030,974,1914,1967,677,1073,1292,1152,594,541,907,855,1155,1639,972,834,819,819,466,520,660,701,1327,1326,644,647,641,1663,1607,1055,1110,1203,1203,2435,2442,900,900,910,1073,654,656,802,749,821,932,668,668,1573,1777,610,561,501,554,1074,972,981,985,1265,1265,846,904
bing_querylogs|config_id=3392,871,983,573,576,554,554,834,913,976,66478,66548,1085,1363,1500,1021,1028,1022,1277,1161,840,816,1108,1072,696,682,853,939,1140,995,1012,955,1001,1017,754,997,1265,1284,772,879,725,779,836,863,971,1041,631,615,1149,1156,615,613,879,947,1025,1184,994,958,925,791,537,536,843,838,1311,1636,809,819,819,805,819,751,757,1243,1249,948,944,890,959,1002,1009,823,877,754,747,1020,1020,822,762,1324,1233,607,635,575,574,822,880,821,806,1102,1173,1097,913
bing_querylogs|config_id=3449,784,780,666,676,577,575,3722,1608,835,829,983,1011,4893,10238,904,883,913,8010,3540,920,731,997,1035,712,707,832,801,876,943,910,985,986,1037,750,759,865,1051,819,739,839,832,778,914,1436,2063,618,616,1255,1256,683,653,939,958,12076,9030,825,3493,870,842,551,552,774,846,1235,1393,698,749,692,2207,2810,803,1003,1235,1974,1213,1272,1055,1091,954,964,700,677,702,760,960,1042,881,811,1566,1812,629,622,608,576,797,778,666,667,957,1124,976,1098
bing_querylogs|config_id=3466,1142,1097,2498,952,855,782,865,860,918,1230,1477,66770,2780,2123,1460,1165,1933,1315,1874,2620,18665,1450,1358,827,895,1291,1036,1328,1160,1289,1301,1424,1424,943,963,1264,1255,1465,1465,64017,918,1110,1183,1571,1353,918,724,2044,1474,785,782,1422,2444,1527,1926,1345,1203,1169,1204,579,575,952,904,2131,1642,903,904,924,1171,2528,4773,2295,1381,1396,1958,1852,1346,1346,1161,1162,791,760,934,928,1447,1375,957,988,1641,1934,748,770,774,770,1038,982,1894,1662,1518,1738,1116,1303
bing_querylogs|config_id=3467,978,1301,730,1400,802,919,830,827,1001,66491,66725,1293,1235,1273,1155,1155,1159,987,1016,929,891,1161,1167,754,762,946,870,1013,1040,1234,1173,1077,1178,887,882,1056,1076,760,760,1106,1103,976,997,1685,1095,690,686,1495,1326,1067,1082,910,910,1158,769,1015,1149,1052,974,581,580,870,867,1344,1926,854,819,849,819,1128,807,1144,1370,1550,1260,1197,1112,1225,1125,1126,722,724,762,755,1254,1273,904,798,1213,1270,741,740,783,865,1023,866,1286,1053,1383,1644,1332,1371
bing_querylogs|config_id=3468,1009,951,667,670,689,693,1180,994,893,972,1195,66524,1178,1190,941,974,970,993,1008,951,956,1129,1101,810,822,806,851,1323,1248,1192,1127,1072,1115,801,848,965,974,2160,806,63915,1019,844,917,1051,1057,783,840,1240,1281,673,680,972,1078,816,793,1179,1152,952,977,569,574,817,812,1128,1123,788,789,784,2299,2455,862,814,1218,1222,899,911,994,1008,985,1014,694,782,812,845,1259,1266,822,808,1190,1877,697,691,692,712,873,867,745,1971,1319,1242,884,1009
bing_querylogs|config_id=3469,909,976,701,704,639,712,929,924,886,888,1089,66489,1201,1382,958,958,948,1262,1334,782,769,1062,1051,764,776,806,831,1170,1054,1013,1010,1027,1048,781,783,935,947,1194,1245,63857,758,821,922,1207,1121,703,754,940,1010,672,672,922,1039,764,771,976,909,926,1002,560,555,800,797,1250,1251,700,694,698,729,727,895,898,1282,1262,977,989,975,989,1103,1110,1068,931,795,789,1025,1007,1024,1022,1513,1611,644,638,606,604,822,816,666,675,1126,1115,878,895
bing_querylogs|config_id=3470,872,872,760,763,599,599,907,918,661,66151,1171,66649,2118,2108,639,639,645,1457,1561,1057,1019,973,976,767,775,776,806,1014,1028,981,978,1020,1045,698,695,893,912,1183,1183,1046,1115,1024,963,2504,1215,690,686,1035,935,639,639,937,911,1932,1939,869,869,816,892,540,539,878,875,1154,1355,642,642,638,1027,1027,1430,1433,1196,1162,810,819,851,984,1072,1079,5399,5399,649,699,1435,1379,1045,938,1537,1576,625,613,574,573,721,715,788,1052,1082,1082,776,1229
bing_querylogs|config_id=3472,1436,1436,1102,1105,798,725,1669,1665,1261,1190,1565,66949,2318,2318,1263,1263,1253,3758,3794,1134,1145,1354,1343,861,873,975,1002,1470,1395,1151,1148,1161,1182,1107,1180,1060,1126,942,942,64168,1069,1213,1221,2312,2312,925,1301,1384,1473,771,785,1096,1106,1373,1636,1202,984,959,1035,684,681,891,893,1475,1476,822,823,818,1822,1820,1298,1301,1478,1441,2626,2638,1131,1145,1113,1106,902,902,989,983,1195,1177,896,896,1403,1515,788,782,727,732,1272,1266,1167,1176,1487,1484,1395,1112
bing_querylogs|config_id=3474,1274,1274,908,911,628,561,1535,1530,1004,1020,1379,66779,1990,1990,972,972,962,3568,3604,967,978,1161,1150,796,808,796,823,1304,1229,973,970,991,1022,961,1049,885,928,3181,758,63991,892,1040,1048,1978,1978,735,1127,1356,1356,618,615,938,948,1215,1388,1048,801,849,925,525,522,716,716,1359,1360,660,661,656,1547,1545,1128,1131,1321,1246,2538,2550,929,943,1107,1099,711,711,809,803,1012,994,727,727,1734,2092,688,613,565,565,1100,1094,1004,1013,1775,1319,952,969
bing_querylogs|config_id=3482,1441,1384,945,948,693,617,1729,1578,1058,1196,1470,66829,2072,2335,1164,1262,1216,2962,2992,1068,1320,1315,1275,710,722,850,877,1415,1339,1256,1274,1225,1206,1098,1233,994,984,3124,1010,64141,990,1059,1069,2315,2300,801,1258,1354,1319,824,840,1129,1082,1392,1575,1310,994,874,1033,570,567,802,878,1491,1518,775,774,769,1574,1518,1114,1113,1463,1390,2496,2527,1139,1089,1067,1059,756,751,951,846,1306,1287,771,797,1414,1481,668,713,592,592,1283,1273,1085,1098,2135,1714,1388,931
bing_querylogs|config_id=3484,1302,1302,932,935,644,577,1492,1487,1048,1061,1318,66718,2037,2037,1058,1058,1050,2920,2975,1002,1013,1215,1204,738,750,805,832,1348,1273,1053,1050,1018,1039,976,1024,903,936,2944,803,64024,925,1033,1035,1962,1962,754,1138,1277,1277,658,655,901,911,1299,1482,1029,856,861,937,533,530,738,737,1403,1404,694,695,690,1616,1614,1125,1128,1343,1305,2602,2623,938,951,1036,1028,733,733,827,843,1083,1036,736,736,1297,1362,660,641,577,577,1143,1137,1005,1014,1699,1324,1239,963
bing_querylogs|config_id=3485,1328,1328,928,931,686,564,1540,1535,1097,1138,1351,66751,2259,2255,1106,1097,1096,3259,3313,974,985,1208,1197,723,735,818,839,1303,1228,978,975,1005,1026,954,1076,910,921,3410,773,64011,912,1048,1056,2234,2286,815,1247,1317,1316,600,597,933,943,1125,1372,1017,883,898,974,533,530,749,743,1374,1376,678,679,674,1819,1650,1119,1122,1251,1249,2722,2734,947,959,933,925,719,719,822,816,1015,997,723,723,1320,1372,632,624,565,565,1148,1155,1005,1014,1810,1292,950,967
bing_querylogs|config_id=3488,1786,1746,1179,1262,959,771,1880,1704,1236,1202,1604,1674,2293,2374,1176,1176,1330,3778,3672,1371,1399,1384,1638,983,991,953,1013,1492,1415,1397,1365,1186,1207,1134,1467,1252,1223,970,972,1221,1279,1228,1247,2194,2335,937,1333,1500,1500,976,887,1118,1110,1463,2138,1437,1215,1019,1083,691,688,888,1108,1607,1622,821,821,815,2034,1987,1453,1355,1668,1538,2726,2862,1129,1129,1193,1448,940,940,981,1062,1430,1101,1135,1111,1795,2275,917,914,775,749,1303,1305,1296,1301,1743,1748,1068,1071
bing_querylogs|config_id=3489,1321,1321,940,943,638,566,1544,1544,1040,1030,1390,1390,2097,2091,999,999,996,3479,3515,976,985,1171,1171,828,834,817,853,1216,1219,965,962,1010,1030,978,1073,889,920,3205,779,910,907,1051,1051,1990,1990,743,1138,1340,1340,606,606,938,938,1234,1718,1062,871,858,858,531,528,728,727,1447,1445,661,661,655,1674,1674,1133,1136,1329,1304,2520,2529,969,969,1089,1095,719,719,821,819,1005,1005,744,744,1641,1847,655,627,570,570,1111,1105,999,1008,1764,1372,908,911
bing_querylogs|config_id=3490,1301,1306,685,688,637,638,977,977,1039,1042,1295,1295,1726,1720,1002,1007,999,3970,4006,975,979,1082,1082,706,712,753,782,1268,1335,972,864,1040,1061,1025,1023,921,921,3204,3205,1098,1044,1051,1056,3195,3195,747,744,1528,1523,642,642,894,894,1233,1236,1061,1061,859,862,574,561,726,677,1105,1215,654,654,648,1386,1391,1667,1670,1305,1305,2618,2627,1005,1005,932,940,761,731,807,844,1244,1244,713,764,1765,1765,654,654,574,574,926,969,1082,1091,1655,1765,1235,1238
bing_querylogs|config_id=3491,1317,1317,940,941,638,566,1538,1538,1041,1026,1386,1386,2093,2087,1001,1001,992,3475,3511,972,981,1180,1181,830,838,748,769,1212,1215,961,958,1003,1056,984,1069,888,919,3201,776,899,896,1047,1047,1997,1997,743,1138,1335,1335,602,602,934,934,1233,1714,1058,867,854,866,528,525,738,736,1443,1444,661,662,657,1670,1670,1129,1132,1325,1300,2516,2525,965,965,1088,1091,715,715,822,815,1001,1019,749,749,1641,1847,656,627,567,566,1114,1101,998,1004,1760,1368,916,920
bing_querylogs|config_id=3492,1317,1298,677,939,632,559,1538,1538,1036,1031,1290,1386,2082,1712,999,999,987,3475,3511,962,981,1167,1167,824,830,744,768,1145,1215,961,958,1003,1056,971,1066,888,919,3199,3196,899,1080,1048,1047,1982,1982,743,1138,1335,1335,639,602,934,934,1228,1714,1058,867,854,854,527,566,727,727,1333,1444,649,657,643,1668,1668,1129,1132,1325,1300,2514,2515,965,965,929,935,715,715,817,809,1001,1001,735,757,1641,1847,646,623,563,563,1107,1101,993,1002,1760,1760,1232,907
bing_querylogs|config_id=3493,1276,1278,677,939,617,550,1542,1542,1004,1025,1289,1290,2035,1691,995,1001,992,3419,3461,930,981,1167,1087,824,830,725,744,1189,1191,886,867,936,950,927,1021,819,850,3201,774,878,876,1047,1047,1947,1947,739,1134,1249,1335,618,602,934,934,1230,1714,1001,871,828,860,528,554,678,701,1333,1330,612,619,611,1670,1670,1129,1132,1325,1300,2516,2525,916,917,929,935,711,713,777,773,889,889,735,759,1639,1845,617,588,546,545,1047,1042,996,1004,1697,1306,1187,862
bing_querylogs|config_id=3496,1309,1309,934,937,628,562,1542,1536,1024,1015,1400,66801,2087,2087,987,987,978,3463,3499,969,980,1174,1163,819,831,811,856,1306,1231,972,969,1002,1021,973,1067,885,928,776,775,64000,901,1040,1048,1983,1983,733,1130,1326,1326,604,601,927,937,1220,1713,1056,862,841,915,523,520,717,716,1427,1428,655,656,651,1666,1664,1125,1128,1323,1292,2511,2523,962,975,1090,1082,715,715,816,810,1013,995,733,733,1623,1817,623,618,563,563,1111,1105,995,1004,1362,1360,900,916
bing_querylogs|config_id=3499,1315,1315,937,940,632,565,1544,1539,1039,1025,1405,66805,2094,2094,1000,1000,990,3475,3511,973,984,1179,1168,825,837,798,825,1309,1234,977,974,1001,1022,969,1064,892,935,3202,777,63996,897,1047,1055,1987,1987,738,1137,1336,1336,608,605,934,944,1230,1718,1059,867,852,928,528,525,726,725,1444,1445,660,661,656,1671,1669,1130,1133,1326,1323,2519,2531,963,977,1100,1092,719,719,821,815,1017,999,738,738,1639,1845,655,621,566,566,1108,1102,998,1007,1761,1366,902,919
bing_querylogs|config_id=3546,1381,1458,1152,1062,1067,1198,1042,1408,1111,1138,1414,1382,1483,1449,1330,1340,1334,1437,1369,1420,1195,1291,1290,843,924,970,1127,1227,1397,1440,1239,1262,1216,1243,1234,1229,1280,1150,1234,1179,1174,1184,1072,1298,1473,991,1128,1799,1586,975,986,1160,1343,1145,1104,1313,1320,1125,1138,806,791,1346,1336,1393,1343,1037,1210,1192,1173,1182,1389,2586,1546,1581,1107,1150,1360,1370,1438,1167,1152,1124,1157,993,1373,1397,1221,1177,1718,1772,916,938,916,822,1171,1245,2068,1408,1468,1462,1321,1284
bing_querylogs|config_id=3551,933,984,745,847,694,890,784,790,873,809,1264,1186,1234,1385,1052,984,951,979,1027,831,873,1185,1159,749,769,997,1009,1197,1189,1411,1345,1086,1125,864,843,1169,1149,711,745,907,867,962,891,1132,1244,717,681,1261,1225,904,902,926,1121,1019,1081,825,805,948,911,661,647,798,847,1245,1244,923,885,868,764,844,850,2050,1163,1307,1022,888,1065,939,1150,1125,705,813,808,815,1194,1225,835,892,1123,1397,731,731,825,867,851,926,818,815,1226,1386,1133,1203
bing_querylogs|config_id=3566,1185,1180,1243,1174,1024,974,1008,912,1048,1290,1395,1391,1549,1380,1136,1547,1287,1369,1449,1284,1833,1467,1375,925,955,1231,1287,1346,1367,1380,1429,1548,1519,1025,1172,1372,1499,1208,1103,1081,1071,1238,1521,1451,1327,1263,1080,1667,1599,841,809,1484,1885,1571,1464,1463,1227,1189,1197,726,682,989,1050,1571,1723,994,1107,997,1934,1459,2327,1457,1373,1393,1436,1602,1404,1381,1435,1146,906,863,1056,1003,1372,1441,1130,1072,1393,1530,995,858,972,950,1143,1124,1198,1550,1365,1327,1220,1261
bing_querylogs|config_id=3575,668,669,597,568,547,547,661,747,820,816,983,1061,908,909,1012,988,1006,956,1026,681,690,875,877,636,647,819,823,907,909,926,905,917,931,807,938,1125,1075,659,639,703,709,770,804,828,977,577,573,997,1009,578,609,772,770,811,955,786,808,740,756,560,597,783,733,1033,1032,703,697,671,655,661,628,636,1121,1124,825,852,731,720,878,935,696,683,697,692,904,904,785,785,1057,936,585,590,561,560,839,795,711,663,897,971,658,661
bing_querylogs|config_id=3588,1013,968,641,643,709,712,959,867,884,849,1166,1096,1203,1341,910,852,1018,1067,1126,927,920,994,990,685,715,882,913,1121,1116,1148,1106,1054,1072,770,820,1000,1011,814,782,803,843,895,857,1085,992,792,813,1217,1147,680,676,852,875,1120,953,1074,908,920,912,582,583,891,841,1118,1125,766,804,783,825,782,850,975,1190,1188,1224,1126,906,881,1034,1017,727,718,818,762,1158,1208,817,796,1154,1658,682,694,711,749,796,795,755,1054,1154,1128,858,950
bing_querylogs|config_id=3593,832,749,622,619,538,536,1441,1067,828,817,1025,1004,1145,1224,778,815,1010,2383,937,891,1073,1007,1088,703,692,771,830,798,873,1126,871,910,927,683,789,835,956,1692,682,798,787,689,843,1240,945,590,588,1302,1349,681,679,805,789,37532,4896,1973,5205,846,838,527,531,711,705,1047,951,638,686,674,1213,1596,815,915,904,1155,687,861,1029,795,893,910,753,719,649,653,997,917,795,795,1230,1242,588,587,530,528,717,726,603,616,1212,1149,732,814
bing_querylogs|config_id=3610,1308,1299,671,933,625,558,1537,1532,1032,66522,66676,66798,2087,2087,990,990,983,3468,3504,966,977,1172,1161,818,830,791,818,1302,1227,970,967,994,1047,962,1057,885,928,770,3195,63989,1082,1042,1048,1980,1980,731,1130,1329,1329,601,598,927,937,1223,1711,1052,860,845,921,521,518,719,718,1437,1438,647,654,649,1664,1662,1123,1126,1319,1316,2512,2524,956,970,1093,1085,712,712,814,808,1010,992,731,731,1632,1838,620,614,559,559,1101,1095,991,1000,1362,1754,895,912
bing_querylogs|config_id=3757,738,751,564,599,552,560,806,798,776,832,991,791,1049,1192,794,750,836,836,1374,696,942,830,879,664,673,855,779,764,809,1038,913,895,888,752,720,849,890,868,827,672,794,741,668,988,811,615,610,854,912,610,621,705,707,689,746,921,897,761,810,586,528,685,738,989,948,626,652,690,662,710,868,871,923,968,835,763,784,953,887,897,578,661,641,621,939,832,712,699,1012,943,610,612,615,713,765,737,917,583,842,1007,817,820
bing_querylogs|config_id=3768,798,850,736,749,588,590,1150,14801,769,1020,1071,1127,1252,10036,1153,998,959,14301,10230,860,951,1076,1320,718,726,860,929,1024,1108,1006,1095,1037,1085,749,909,979,926,3404,3356,939,908,992,1018,1483,2586,630,627,1432,1495,653,653,1070,1029,6355,12012,843,952,926,945,584,668,902,954,1365,1417,797,793,787,3538,2271,1260,1025,1324,1296,765,1057,1205,1027,967,982,757,702,816,800,1097,1071,975,836,1460,1793,647,646,604,604,909,793,675,695,1215,1179,969,897
bing_querylogs|config_id=3786,1039,1112,915,907,1010,783,964,1161,1169,1077,1281,1174,1484,2396,1193,1179,1115,1744,1423,1183,865,1217,1177,790,796,1132,1018,1220,1045,1212,1295,923,934,1057,1002,1155,1160,1081,1314,881,926,997,999,1290,1522,913,854,1562,1388,801,852,1073,1061,2675,1409,1424,1360,1093,1081,762,748,872,921,1292,1296,1001,1019,901,2004,1819,919,924,1199,1294,981,849,1243,1066,1215,1028,865,829,970,957,1278,1146,894,1018,3851,1489,729,725,844,916,1008,1102,1170,955,1629,1993,1200,1142
bing_querylogs|config_id=3800,694,714,543,534,562,561,847,863,615,673,879,888,736,738,576,578,582,848,733,646,631,871,876,612,623,784,809,843,870,792,904,910,921,627,622,801,804,523,522,1324,1019,628,639,795,766,600,597,839,841,595,595,695,781,561,561,683,675,742,725,515,504,750,766,957,927,586,673,659,562,578,575,585,968,977,691,776,761,773,967,900,652,660,671,605,903,913,653,804,871,861,580,580,537,537,643,639,766,760,907,901,732,725
bing_querylogs|config_id=3805,953,856,655,638,671,761,942,949,873,953,981,1039,1124,1292,972,983,993,1080,1117,904,1070,1063,1014,754,718,838,828,1091,1098,1161,1162,999,973,773,844,940,986,816,796,833,812,899,893,1140,1059,843,648,1140,1186,650,684,926,948,978,878,846,990,895,837,643,576,794,749,1131,1070,741,745,846,952,848,904,1742,1095,1154,995,1006,954,960,982,974,709,690,791,789,1060,1027,765,726,1029,1375,661,660,728,764,858,801,1866,899,1091,1174,907,915
bing_querylogs|config_id=3810,938,938,755,755,816,826,836,846,906,907,1044,1040,1121,1142,900,880,855,1024,1030,757,754,970,987,750,761,872,910,982,979,1129,1128,1126,1160,919,925,988,1018,707,733,835,852,834,829,922,937,856,854,1021,1043,773,780,921,922,753,761,875,866,913,852,654,656,908,924,1054,1043,872,875,854,664,688,719,719,1088,1086,748,775,920,910,1061,1076,781,782,856,841,1113,1190,894,892,1014,1044,708,703,740,727,977,974,720,692,1026,1058,951,959
bing_querylogs|config_id=3815,974,974,775,830,723,1041,850,846,772,781,1262,1220,1550,1528,988,1097,992,948,963,851,775,1222,1171,722,732,823,1013,1006,1018,1280,1291,1133,1090,825,833,1118,1431,799,849,924,922,921,890,917,1013,781,705,1057,1065,874,865,1001,1033,988,1109,857,861,957,942,616,602,858,808,1256,1212,874,864,834,788,786,889,863,1265,1235,1124,1107,1053,996,1039,1148,747,739,862,850,1173,1181,977,848,1263,1109,753,745,844,1023,1003,980,998,978,1226,1344,985,1147
bing_querylogs|config_id=3820,1284,1540,1125,997,960,1011,3655,1476,1140,1087,1349,1354,1701,1640,1275,1293,1480,10131,10649,1335,1236,1357,1474,891,904,1159,1061,1507,1447,1659,1495,1263,1250,1163,1176,1238,1594,1112,1355,1321,1268,1192,1190,1894,1952,903,1011,2265,1991,1083,1060,1118,1370,13676,8892,1210,1370,1163,1301,792,754,1255,1249,1744,1803,1023,1168,1149,2429,4090,1398,1856,1706,1664,1283,1781,1442,1801,1564,1276,1139,1064,1213,1059,1457,1488,1204,1239,2116,2687,925,921,937,869,1170,1239,1139,1257,1495,1556,1335,1312
bing_querylogs|config_id=3833,1201,1076,1354,828,856,969,940,839,1193,1242,1449,1489,1839,1861,1151,1520,1359,1439,1454,2339,1550,1259,1231,918,817,1238,1107,1317,1076,1602,1485,1126,1351,973,977,1351,1413,1601,1229,947,980,1130,1265,1577,1397,954,868,1696,1607,722,682,1345,1431,1470,1411,1371,1520,1127,1219,576,577,875,839,1904,1883,824,961,825,2174,940,2907,2148,1517,1486,1179,1082,1349,1283,1149,1107,955,765,973,1007,1248,1351,1180,1198,1641,1606,851,742,775,810,925,913,2155,1310,1679,1437,1148,2473
bing_querylogs|config_id=3839,964,963,615,626,667,668,785,968,756,853,956,959,1096,1084,864,846,793,963,992,929,955,939,937,658,672,899,916,1034,1126,1013,1020,973,990,763,758,910,911,722,714,802,773,913,838,992,970,751,654,1034,1023,653,684,780,780,731,796,827,820,756,840,564,540,733,733,1080,1054,735,735,697,756,728,740,773,1104,1116,884,903,942,917,994,983,695,695,744,733,1080,1015,726,740,1112,1172,654,642,711,669,836,743,721,797,1002,1014,922,920
bing_querylogs|config_id=3844,772,979,608,742,654,637,1993,1085,1192,857,1493,1159,5753,5523,895,1030,989,1456,2152,1097,845,1130,1113,777,785,888,904,835,921,1170,1094,1004,1018,797,881,1062,1039,10537,7189,954,893,816,977,3824,1936,752,806,1296,1529,798,832,850,1009,930,1148,933,1005,835,870,533,625,853,834,1513,1335,762,754,735,802,1409,896,791,1916,1594,2371,1068,978,1006,1204,1249,775,763,733,691,1074,1233,897,830,1097,1034,679,680,786,633,887,857,710,881,8624,1143,971,878
bing_querylogs|config_id=3868,1129,1112,775,836,879,941,1403,1073,1092,1061,1136,1348,3053,3805,1151,1031,954,1605,1634,1056,1098,1206,1287,690,695,1150,1179,829,1119,1095,1225,1046,1207,827,969,1093,1125,5634,4810,1084,1054,896,938,2401,2118,955,991,1806,1837,799,812,1363,1247,1430,1479,1707,1316,793,793,624,567,1081,976,1706,1945,740,912,860,1058,1168,1877,1911,2256,2477,1112,1377,1098,1104,1278,1350,1004,1053,941,817,1215,1250,878,908,2247,2877,782,625,535,537,894,865,1351,2025,2051,1369,1263,1299
bing_querylogs|config_id=3873,801,814,734,755,754,731,978,986,818,827,1048,1041,1032,963,712,721,714,831,874,715,729,995,1017,743,738,837,878,1008,1030,1059,997,1030,1043,699,701,958,976,681,734,1177,1207,741,809,921,928,753,759,1011,986,775,775,891,867,934,916,871,889,865,887,606,594,931,883,17362,1164,700,793,782,722,696,1916,14246,1134,1159,917,990,890,1003,998,991,890,834,741,781,1048,1019,806,834,1017,1023,702,697,643,663,740,761,928,939,1020,1104,911,905
bing_querylogs|config_id=3891,1065,1056,746,701,783,780,827,1029,1095,1065,1126,1243,2193,1520,1006,988,940,1209,1513,980,859,1061,1096,709,750,1016,998,1230,1011,1137,1106,1103,1097,898,975,1123,1107,1226,1162,1075,900,1018,977,1576,1412,884,995,1309,1356,758,780,1014,1137,1035,1272,937,1004,905,861,643,630,926,897,1308,1390,811,948,961,955,955,1106,1565,1342,1157,1287,1495,976,949,1088,1002,835,913,892,877,1176,1156,846,962,1415,1662,635,645,646,625,950,952,1285,1213,1322,1110,1031,991
bing_querylogs|config_id=3900,1189,1025,864,867,673,674,1104,1103,922,935,1352,1416,1933,2077,1094,1091,1091,1488,1585,1045,1054,1257,1256,782,788,893,929,1309,1336,1136,1133,1135,1154,969,979,1202,1205,678,678,916,913,927,935,1619,1667,813,809,1356,1375,697,697,924,929,1524,1527,1042,1043,1058,1063,557,554,907,900,1263,1361,864,842,856,838,902,971,974,1342,1324,1000,1009,1087,1087,1186,1111,810,829,879,877,1153,1157,952,926,1293,1254,683,689,763,759,991,973,746,755,1251,1254,1006,998
bing_querylogs|config_id=3909,871,884,598,598,661,784,674,649,798,934,1081,1013,1116,1052,970,1004,941,999,1077,881,938,959,961,683,681,1017,931,945,1072,971,1073,971,1039,958,992,1257,1233,596,653,793,807,748,984,1122,1091,665,710,1039,974,626,590,850,934,906,927,819,856,743,743,540,548,672,639,1035,1113,731,697,730,589,545,847,864,1092,1210,765,801,840,843,1123,1055,693,741,731,782,1004,1000,822,812,1135,1155,634,641,633,727,1094,785,714,738,989,1125,776,776
bing_querylogs|config_id=3918,1284,1283,809,793,794,881,1027,1040,1002,1028,1334,1288,1389,1377,1239,1316,1378,1208,1220,1047,1092,1221,1338,783,782,1151,1213,1143,1084,1343,1361,1164,1138,1063,1075,1305,1337,924,927,1018,998,1118,1046,1277,1390,1009,969,1473,1389,854,857,996,997,1006,993,1260,924,1200,1271,735,727,932,931,1358,1326,927,964,925,987,872,866,1341,1238,1283,1373,1446,1059,1206,1147,1164,889,868,963,947,1206,1298,1059,1022,1220,1207,834,826,800,807,1176,1209,986,926,1393,1415,1146,1135
bing_querylogs|config_id=3932,820,896,513,515,532,533,623,623,684,681,889,881,1200,1291,771,776,990,1020,1056,593,582,864,864,620,623,705,854,769,776,857,858,888,899,708,695,759,757,516,514,641,641,731,737,4536,1673,555,557,1007,1039,576,577,672,672,564,3632,709,720,658,629,498,483,896,692,922,863,696,694,743,688,704,692,692,945,957,609,612,666,666,776,844,585,562,640,640,894,891,708,708,773,767,568,568,520,520,760,815,615,618,974,1050,858,858
bing_querylogs|config_id=3955,1561,1502,991,986,994,996,1267,1272,1041,1034,1505,1378,1956,1887,1150,1211,1233,3553,3565,1255,1194,1138,1154,854,856,957,991,1459,1635,1246,1127,1144,1164,1256,1222,1042,1159,2949,3027,1273,1206,1302,1223,2247,2238,921,963,1691,1726,813,919,933,1059,1306,1247,1249,1238,1069,1029,770,773,1088,1032,1244,1315,878,951,915,1516,1512,1729,1759,1302,1425,2557,2591,1224,1235,1274,1027,971,1048,1158,1034,1388,1362,994,1029,1511,1493,905,916,839,800,1150,1245,1395,1262,1921,1782,1500,1543
bing_querylogs|config_id=3960,1027,1171,722,783,742,748,803,798,896,981,975,924,1280,1204,956,927,960,1109,1119,769,732,932,933,731,781,956,982,992,969,1345,1115,1164,875,910,912,1031,1032,1109,945,763,764,963,930,943,896,893,880,1037,1097,828,788,910,942,949,875,826,934,768,831,601,559,840,932,1161,1074,841,841,763,887,751,721,723,1218,1206,876,742,833,879,998,1030,738,765,809,849,1464,1209,895,844,1238,1196,678,862,747,695,917,987,799,857,946,975,963,962
bing_querylogs|config_id=3976,1357,1366,890,929,1002,1093,1117,1177,1184,1119,1357,1428,1686,1802,1529,1602,1587,1387,1433,1243,1153,1314,1411,881,909,1354,1465,1245,1252,1557,1677,1323,1264,1255,1158,1416,1476,1321,996,1073,1087,1200,1235,1548,1543,1072,999,1421,1511,890,957,1265,1475,1397,1373,1198,1400,1396,1254,803,783,1055,992,1486,1559,1054,1018,1029,1070,1082,1233,1156,1392,1319,1543,1476,1195,1264,1349,1217,1069,969,1089,1074,1437,1346,1136,1065,1398,1591,994,961,835,851,1306,1385,1020,975,1606,1461,1218,1329
bing_querylogs|config_id=3981,1517,1633,1063,1090,1060,1061,1313,1308,1219,1196,1810,1663,1721,1762,1502,1457,1539,1644,1631,1330,1423,1674,1757,1096,1102,1420,1414,1308,1443,1675,1627,1630,1575,1303,1196,1522,1692,1224,1154,1301,1262,1345,1294,1705,1688,1241,1228,1808,1722,1036,1020,1552,1642,1571,1551,1513,1448,1333,1341,855,840,1217,1167,1738,1838,1076,1094,1093,1154,1174,1481,1492,1623,1558,1719,1764,1349,1392,1506,1572,1089,1059,1129,1142,1749,1720,1145,1263,1762,1762,926,926,1022,1046,1577,1438,1055,1032,1635,1698,1405,1404
bing_querylogs|config_id=4117,1302,1203,1007,1084,843,862,1148,1099,1058,49119,23543,1358,1609,1800,1205,1324,1147,1509,1442,1126,1130,1656,1393,879,885,1409,1363,1370,1494,1650,1524,1269,1291,1205,1219,1388,1202,1208,1058,1217,1057,1178,1211,1299,1554,1036,1135,1267,1216,899,982,1473,1240,1012,890,1216,1399,1253,1259,786,975,1272,1047,1522,1591,1138,986,1086,1082,939,1115,993,1547,1481,1212,1154,1526,1520,1453,1605,1079,1371,1119,1182,1597,1585,1175,1231,1949,1337,839,924,819,793,1180,1250,1083,1072,1437,1440,1316,1275
bing_querylogs|config_id=4122,1486,1490,811,814,729,723,1230,1282,1226,68035,66993,1621,2314,2014,1197,1197,1201,4670,3915,1181,1132,1332,1316,785,793,963,937,1447,1626,1168,1248,1308,1329,1198,1163,1100,1065,3170,3207,1261,1083,1273,1288,2666,2666,958,1018,2161,2282,787,789,1015,993,1580,1603,1226,1264,1044,997,664,660,836,835,1520,1825,781,794,778,1593,1787,1994,1999,1412,1513,2864,2816,1529,1508,1147,1161,886,923,980,958,1567,1535,1035,907,1674,1715,805,820,673,672,1155,1151,1212,1464,2536,2218,1411,1414
bing_querylogs|config_id=4127,1566,1555,860,863,821,877,1354,1327,1266,1303,1623,1666,2457,2953,1200,1137,1191,4475,4568,1268,1330,1153,1394,955,1034,1012,996,1485,1652,1061,1058,1213,1412,1184,1319,1232,1239,3537,3429,1236,1260,1220,1251,2833,2547,979,1042,1901,2330,813,812,1283,1184,1658,1784,1382,1310,1172,1166,796,796,1089,1163,1444,1418,933,859,991,1637,1651,2389,2384,1590,1564,2947,2957,1440,1375,1157,1214,945,941,1028,1023,1378,1514,1002,983,1885,1871,823,823,825,782,1209,1251,1381,1400,1878,2054,1703,1654
bing_querylogs|config_id=4140,887,891,709,696,702,704,749,749,905,983,1243,1102,1371,1211,985,1033,940,1193,1194,766,782,1008,1031,712,728,932,951,1125,1219,1149,1116,1213,1180,1041,871,1125,1120,674,685,745,744,1043,1010,1093,1186,798,814,1263,1206,795,819,914,928,968,973,958,932,846,970,584,607,875,864,1263,1184,801,801,794,655,655,702,703,1335,1348,947,956,955,955,1144,1161,781,736,882,876,1136,1126,896,826,1182,1181,742,742,756,750,1060,957,834,761,1231,1169,897,883
bing_querylogs|config_id=4156,1441,1441,883,884,860,862,1128,1128,1181,1185,1438,1440,1861,1850,1101,1101,1098,3884,3902,1133,1138,1182,1182,899,905,1027,1081,1478,1481,1183,1172,1177,1198,1175,1176,1097,1097,3278,3279,1110,1111,1200,1200,2403,2386,937,936,1607,1607,822,822,1026,1036,1522,1535,1214,1215,1004,1004,777,776,904,904,1317,1316,884,884,878,1468,1468,1823,1824,1418,1407,2771,2776,1150,1150,1109,1111,913,876,1037,1039,1375,1375,929,929,1516,1466,839,839,757,757,1150,1146,1267,1264,1843,1846,1401,1406
bing_querylogs|config_id=4165,1354,1354,734,762,686,689,1002,1051,998,1003,1393,1403,1772,1706,1073,986,1049,3885,3922,1029,1039,1070,1072,770,772,920,955,1374,1377,1030,1027,1082,1100,1106,1115,933,933,3337,3370,983,1008,1061,1067,2300,2221,866,893,1542,1603,758,763,883,879,1376,1437,1105,1047,914,914,638,635,788,788,1289,1305,707,694,711,1395,1358,1748,1751,1354,1343,2684,2695,1023,1021,1000,1006,768,766,889,956,1273,1276,802,802,1511,1526,698,698,619,624,1062,1042,1133,1160,1854,1821,1305,1296
bing_querylogs|config_id=4187,1285,1344,733,736,678,679,975,1004,946,949,1362,1362,1826,1869,1049,1054,1046,3995,4024,988,992,1040,1040,722,728,778,807,1278,1352,1024,919,1046,1069,1063,1064,922,922,3396,3456,963,960,1057,1084,2500,2706,839,836,1517,1522,641,641,841,841,1167,1177,1041,1042,968,914,606,593,761,712,1116,1227,675,718,671,1433,1487,1667,1670,1256,1256,2654,2663,999,999,934,942,632,602,877,910,1246,1246,751,741,1354,1348,646,646,588,588,964,1004,1099,1108,1645,1755,1304,1307
bing_querylogs|config_id=4193,1261,1261,657,660,657,637,928,948,874,876,1210,1108,1501,1515,1007,899,896,3593,3611,936,943,1015,1015,670,678,786,791,1280,1282,947,947,1002,1021,1046,1049,813,861,2934,2934,883,871,983,976,2058,2058,739,695,1404,1435,614,614,764,758,1071,1074,974,1017,815,878,554,552,676,673,1033,1029,607,606,633,1291,1252,1633,1629,1139,1169,2574,2581,799,850,891,897,603,605,846,855,1188,1188,726,726,1172,1172,621,580,550,558,929,880,1049,1056,1730,1697,1209,1212
bing_querylogs|config_id=4197,2199,1958,1261,1336,1279,1182,1488,1335,1529,1517,2017,2005,1970,2370,1826,2144,2030,2037,2122,1472,1475,1905,1839,1149,1155,1642,1626,1628,2084,2173,2082,1848,1811,1530,1546,2008,1865,1422,1397,1534,1518,1684,1749,2277,2140,1614,1552,1878,1892,1206,1108,2202,2086,1714,1938,1780,1663,1956,1781,1168,1155,1514,1396,2207,2304,1345,1344,1344,1344,1609,1502,1436,1923,2109,1843,2295,2015,1997,1893,1836,1318,1288,1407,1438,1978,2009,1592,1549,1974,1822,1221,1221,1250,1298,1919,2193,1363,1502,2153,2157,1718,1760
bing_querylogs|config_id=4202,1160,1219,1181,1041,1136,965,1239,1219,1737,1529,1832,1599,8175,4548,1900,1966,1963,1784,2244,1623,1309,1448,1439,1014,1013,1348,1243,1540,1424,1529,1713,1530,1574,1010,1039,1518,1499,5495,9193,1206,1028,1111,1355,2186,3258,948,970,2854,2165,811,811,1713,2147,2692,1936,2122,2554,1259,1353,737,673,982,953,1698,1749,1091,1049,1006,1930,2078,2274,2007,1841,1901,1940,1959,1617,1607,1440,1407,1039,1014,1021,1045,1427,1471,1423,1231,1718,1767,881,919,970,1018,1193,1165,2355,1397,4742,2433,1274,1321
bing_querylogs|config_id=4210,1775,1775,1045,1090,1024,1051,1256,1305,1309,1299,1714,1714,1695,1698,1720,1982,1656,2265,1455,1327,1341,1724,1751,1129,1137,1312,1333,1399,1469,1722,1720,1539,1559,1240,1501,1741,1705,1145,1151,1337,1332,1368,1365,2055,3244,1328,1337,1679,1680,1047,1056,1864,1496,1386,1587,1728,1519,1509,1496,933,941,1252,1252,1600,1845,1137,1138,1216,1339,1452,1403,1467,1659,1754,1768,1836,1553,1340,1646,1600,1111,1111,1218,1210,1688,1711,1335,1292,1687,1521,1022,1022,978,1001,1665,1655,1181,1190,1727,1727,1451,1454
bing_querylogs|config_id=4216,1192,1243,641,644,640,640,1179,970,1097,1072,1316,1219,2329,2202,1093,1313,1103,4000,3616,1000,963,1059,1104,735,741,909,993,1220,1231,979,1043,912,1046,1049,1032,887,825,2988,2954,937,1037,1049,1015,2533,1992,778,918,1407,1442,691,693,834,957,1350,1345,1029,1001,918,886,622,607,858,916,1243,1367,656,688,649,1296,1369,1512,1515,1092,1234,2454,2247,1115,1098,1013,1094,823,832,812,842,1172,1165,794,757,1391,1282,613,645,556,581,968,953,1004,1012,1703,1644,1120,1214
bing_querylogs|config_id=4221,1087,1031,746,754,743,733,1032,830,919,927,1464,1261,1037,1084,918,1146,965,985,1583,1041,926,1184,1194,760,755,1005,984,1021,1042,1160,1123,1216,1252,890,983,1131,1062,950,1140,944,882,937,892,1137,1179,825,725,1770,1430,756,736,903,913,915,1042,973,1082,1031,1011,668,681,894,826,1409,1426,876,912,934,950,836,1103,843,1117,1444,1010,929,1185,1046,1171,1211,886,754,968,907,1201,1349,921,875,999,1085,795,808,998,1126,1014,955,716,861,1620,1423,1031,955
bing_querylogs|config_id=4241,1505,1502,1025,967,899,1021,1335,1127,1256,1091,1576,1863,1646,1747,1519,1409,1424,1239,1501,1351,1344,1481,1498,977,961,1268,1291,1284,1440,1635,1513,1414,1495,1120,1275,1565,1570,1068,1148,1163,1074,1288,1157,1613,1515,1044,1123,1507,1809,905,943,1385,1389,1306,1432,1343,1301,1338,1402,821,874,1053,1040,1524,1717,1115,1091,1174,1099,1081,1520,1583,1613,1568,1640,14242,1253,1378,1295,1593,1010,1051,1117,1134,1564,1719,1179,1234,1640,1531,861,958,894,892,1305,1380,1032,1017,1687,1801,1312,1349
bing_querylogs|config_id=4271,761,783,606,613,613,615,1005,903,685,732,962,983,820,957,649,654,646,707,797,677,681,972,962,703,703,758,795,893,959,968,941,1011,1031,674,692,890,878,589,576,1077,1007,775,755,969,847,685,684,963,1046,654,651,789,783,640,659,761,813,809,818,579,569,833,779,904,1006,651,659,704,619,605,615,892,1170,1137,768,763,894,836,939,964,724,673,646,667,995,1001,685,744,875,890,651,653,598,604,687,734,775,893,1029,1036,808,754
bing_querylogs|config_id=4280,937,952,652,645,699,653,817,822,829,851,1042,1042,1361,1203,803,799,940,962,1062,905,879,914,968,700,707,826,807,1030,1078,992,1008,1041,1060,787,791,952,1016,893,762,836,788,810,813,999,1069,769,791,1306,1142,672,679,842,812,754,772,1369,1286,828,827,582,596,799,796,965,1057,735,752,747,880,1048,813,1499,1176,1179,980,1109,872,1025,976,1029,696,745,799,754,982,1105,773,764,1106,1067,690,692,698,684,826,822,723,806,1056,1170,820,844
bing_querylogs|config_id=4291,1018,1050,1031,954,835,805,814,826,913,906,1202,1241,1358,1533,1084,1245,1167,1064,1165,850,2588,1097,1077,767,811,1021,1087,1054,1097,1284,1176,1270,1365,952,908,1218,1170,1153,1058,941,864,946,945,1153,1149,859,816,1408,1238,702,753,1433,1419,1354,1468,1065,1366,1031,1079,611,648,851,825,1376,1437,897,934,884,1653,1588,2332,2083,1263,1265,1176,1172,1204,1198,1105,1099,786,777,856,886,1192,1207,886,925,1112,1419,782,759,794,799,914,1050,1314,1048,1323,1227,1030,1026
bing_querylogs|config_id=4311,680,667,536,529,524,520,754,837,699,675,962,881,1083,953,660,680,760,872,843,802,673,879,837,635,609,825,868,726,735,923,820,856,876,648,657,717,815,748,765,658,661,662,663,683,689,581,605,1001,1025,588,586,661,674,587,739,824,716,757,745,520,507,647,687,986,850,651,659,633,663,841,683,648,920,856,620,615,772,723,743,883,630,609,651,673,814,815,663,725,870,768,575,586,512,581,755,714,652,670,1113,996,721,729
bing_querylogs|config_id=4322,889,890,700,794,743,731,935,831,922,929,1311,1140,1900,2609,990,994,979,1873,1286,763,832,1160,1171,681,689,849,870,1032,1144,1252,1059,963,986,793,862,1051,1070,1079,1958,809,751,853,905,1469,1563,810,767,1417,1396,695,704,935,893,3131,2953,1011,1188,870,867,622,660,859,789,1271,1184,790,826,725,678,798,976,987,1258,1235,792,1116,1048,1036,966,1092,717,696,831,846,1108,1108,826,853,3386,2877,659,641,790,689,847,836,1145,994,1234,2071,832,832
bing_querylogs|config_id=4363,880,876,675,681,695,724,802,801,756,764,958,965,1091,1112,758,764,754,993,1155,710,721,962,978,702,708,776,814,1073,995,1010,990,1002,1023,756,771,922,915,741,797,764,757,750,738,958,993,709,728,917,917,679,679,849,792,939,777,918,13717,878,883,593,588,763,766,1002,1111,750,798,745,686,763,862,766,1105,1155,888,894,870,871,921,925,745,746,699,761,1015,1006,781,785,1002,987,643,638,608,686,787,807,646,649,1016,1025,786,808
bing_querylogs|config_id=4396,1243,1243,667,667,663,642,932,936,979,954,1221,1155,1519,1507,904,904,924,3568,3594,957,944,950,950,659,663,868,817,1256,1307,887,957,984,1040,1063,1084,866,823,2958,2957,956,894,1011,1008,2032,2032,760,728,1359,1367,640,648,821,821,1116,1081,1013,971,834,827,569,580,719,719,1125,1072,638,631,632,1305,1314,1637,1638,1118,1120,2601,2581,927,930,936,860,615,632,842,840,1206,1125,697,697,1191,1115,645,667,559,559,913,911,1078,1061,1604,1543,1252,1253
bing_querylogs|config_id=4423,1222,1198,638,638,621,579,905,875,925,981,1156,1156,1601,1609,879,908,877,3664,3688,886,907,935,977,688,626,821,876,1165,1171,972,976,860,853,947,944,856,820,2893,2891,860,882,995,981,2142,2111,731,702,1289,1366,629,659,711,711,1185,1189,921,921,743,743,540,540,662,629,983,1017,637,608,631,1323,1323,1580,1580,1132,1132,2520,2547,830,789,942,955,700,762,829,804,1138,1138,754,717,1229,1389,605,605,522,523,921,860,1032,1035,1619,1619,1159,1180
bing_querylogs|config_id=4433,949,1021,669,741,697,743,859,820,806,805,1046,974,1078,1100,958,883,898,1072,1243,706,715,1064,1053,717,716,858,850,973,1046,973,987,1014,1033,752,880,1006,1033,733,747,760,781,815,823,1037,1021,786,738,963,1031,687,681,972,963,1133,969,1054,1454,919,956,619,563,835,757,1160,1268,812,846,811,750,730,791,794,1267,1275,989,1183,1039,1048,985,1092,788,731,801,800,1045,1148,924,943,1372,1136,642,635,602,743,796,801,790,643,1065,1123,851,866
bing_querylogs|config_id=4443,1098,1040,755,757,787,828,899,884,850,947,1218,1106,1221,1183,1008,1168,966,1226,1093,755,759,1230,1122,824,820,879,905,1265,1223,1154,1028,1062,1086,859,921,1063,1117,806,796,850,799,938,921,1119,1094,846,832,1043,1025,847,849,1002,947,1002,944,13484,1092,1021,1058,612,677,812,764,1212,1236,852,876,847,749,741,912,838,1270,1278,1024,1051,1092,1010,1029,1043,856,902,832,835,1198,1241,954,1001,1211,1126,683,682,830,647,806,850,729,859,1030,1208,990,909
bing_querylogs|config_id=4458,1416,1367,760,759,683,685,1110,1166,1075,1062,1407,1407,1880,2053,993,1098,1029,3903,3781,990,1004,1057,1063,617,677,780,791,1401,1353,1057,986,855,819,1103,1105,856,869,3261,3112,840,989,1186,1041,2197,2600,761,760,1557,1575,733,704,802,811,1305,1359,1123,1128,786,772,616,564,691,691,1257,1246,763,763,760,1426,1370,1665,1630,1338,1170,2614,2616,1274,1097,1027,844,696,708,869,931,1403,1428,738,752,1352,1379,678,786,542,619,1217,965,1118,1146,1704,1904,1380,1277
bing_querylogs|config_id=4467,973,948,717,713,754,756,1054,989,682,735,1159,1218,906,948,757,654,647,937,924,861,828,1172,1215,738,771,839,868,879,998,1037,1046,1079,1060,719,693,881,919,960,1139,1468,1451,1006,939,984,1062,845,814,1254,1296,694,711,1071,1102,1203,1208,1017,2065,887,935,569,577,856,875,1075,1216,705,711,706,1011,882,968,1063,1181,1217,901,919,1005,1133,1150,1103,975,1399,651,788,1170,1107,877,784,1166,1192,762,718,587,655,667,768,923,918,1292,1249,1011,939
bing_querylogs|config_id=4472,864,882,660,671,711,708,821,779,787,774,906,797,1015,1050,805,818,797,1024,1049,672,676,958,960,668,665,810,821,975,940,947,959,961,967,740,752,841,875,619,607,728,689,784,737,1031,941,679,652,857,913,672,674,729,748,703,705,864,873,863,845,602,610,718,697,1039,920,739,741,748,621,620,817,751,1042,1060,837,817,833,841,880,891,694,759,769,737,959,959,743,744,1012,1034,629,592,720,588,771,716,611,668,958,990,736,790
bing_querylogs|config_id=4482,1214,1208,661,662,656,678,921,946,893,858,1244,1163,1599,1532,875,874,895,3559,3581,951,938,908,903,654,658,872,822,1248,1297,954,929,929,989,1061,1070,882,824,2955,2955,931,930,1026,1026,2029,2029,760,755,1331,1331,617,682,826,829,1092,1073,1022,974,827,820,572,568,706,706,1132,1134,669,630,663,1275,1259,1631,1632,1097,1095,2605,2585,871,870,833,835,642,642,837,827,1202,1197,744,744,1118,1112,670,676,555,575,916,915,1084,1067,1705,1524,1249,1250
bing_querylogs|config_id=4487,897,845,649,650,698,703,790,751,770,787,903,798,1106,1149,730,734,764,995,1050,676,678,940,952,668,671,810,794,911,945,976,996,963,967,700,729,837,882,692,601,671,652,725,733,953,925,707,644,862,902,657,655,747,746,719,716,859,858,803,813,578,576,694,696,1008,1038,645,742,677,765,652,745,739,1034,1067,870,923,780,783,886,881,725,724,781,742,987,971,746,744,971,1005,627,591,581,704,733,703,614,619,963,961,749,750
bing_querylogs|config_id=4492,1164,1080,1479,1329,900,1072,916,956,1319,1176,1621,1629,1805,1656,1668,1699,1239,1371,1692,1840,1850,1318,1508,920,920,1154,1122,1180,1289,1623,1336,1647,1653,1026,1116,1528,1350,1243,1437,989,1011,1145,1138,1592,1574,1063,1207,1645,1691,736,736,1776,1722,1954,1490,1707,1586,1328,1058,630,632,945,961,1599,1924,999,999,990,1966,2174,935,1235,1481,1479,1345,1253,1427,1423,1278,1429,796,790,1028,1014,1548,1671,1123,1219,1440,1545,881,903,1120,933,1238,1273,1084,980,1639,2001,1161,1248
bing_querylogs|config_id=4497,1249,1249,727,732,683,684,958,930,1046,1069,1243,1211,1672,1581,992,1313,993,3829,3800,1010,999,971,972,768,773,788,826,1451,1353,1071,1156,1075,1096,984,1039,929,904,2991,2945,925,949,1071,1068,2256,2208,776,788,1514,2807,721,668,832,844,1295,1202,1050,991,883,900,590,587,718,718,1203,1274,687,688,683,1344,1353,1669,1672,1339,1332,2631,2601,898,882,980,936,798,770,853,848,1178,1291,846,799,1444,1453,677,677,598,578,977,973,1097,1110,1751,1655,1216,1216
bing_querylogs|config_id=4517,823,996,695,674,621,688,842,759,747,792,1003,1063,1181,1245,734,749,818,1082,1006,1118,804,1014,1056,714,712,904,913,1018,986,1172,1065,985,971,756,761,837,881,859,794,873,926,770,735,1054,952,744,708,912,925,747,699,956,826,905,954,732,1073,870,855,640,596,931,814,1070,1104,731,742,773,703,721,811,807,1131,1092,961,1035,935,1057,1138,968,781,800,727,749,1104,1081,740,741,1052,1192,674,681,643,638,721,758,726,742,1165,1186,820,803
bing_querylogs|config_id=4529,820,763,624,629,663,656,760,772,756,704,803,878,1214,1037,774,755,693,873,1057,656,653,810,839,649,653,829,777,924,914,936,864,918,937,707,710,860,855,698,591,702,660,669,690,965,940,702,662,831,831,632,632,732,686,696,692,913,836,778,814,532,549,702,707,981,987,711,716,652,651,634,727,812,983,904,867,813,794,804,861,858,695,701,717,653,832,846,725,716,572,1013,611,595,658,644,739,729,866,602,825,1025,702,700
bing_querylogs|config_id=4548,1096,1043,782,707,738,733,886,847,859,752,1061,1109,1400,1595,847,1001,851,1235,1189,1124,843,1057,1057,691,693,854,909,1220,1228,1106,986,1202,1092,839,845,1088,1106,725,662,908,905,1003,898,1095,1134,820,863,1087,1188,801,777,982,899,801,795,1055,1099,1019,1004,567,583,783,783,1570,1280,837,886,850,763,646,1027,1167,1038,1085,953,1108,959,1015,789,885,783,750,856,849,979,981,877,984,1181,1143,643,721,788,660,923,929,685,829,1083,1231,1047,1015
bing_querylogs|config_id=4563,1078,985,776,818,809,816,1001,967,919,981,1117,1087,1294,1108,988,958,945,1105,1109,1138,1084,1054,1116,803,816,948,1007,1238,1136,1165,1209,1091,1096,876,879,1054,1149,1015,1017,919,896,929,988,1126,1107,822,944,1218,1186,861,821,952,969,1066,888,1158,17157,904,891,701,702,890,889,1153,1150,868,864,848,1022,913,1104,1060,1243,1245,1013,1159,1017,1000,1071,1070,892,861,883,890,1135,1160,938,889,1257,1148,796,825,816,811,928,925,1174,900,1300,1249,935,1078
bing_querylogs|config_id=4572,843,863,671,668,702,661,799,815,768,790,938,938,1059,1137,757,729,763,959,981,731,754,957,948,685,690,811,829,964,1029,976,1010,957,1023,806,800,947,984,647,762,768,758,744,748,936,984,711,701,909,899,681,681,878,660,738,739,876,877,878,875,592,636,784,767,969,1127,770,700,748,674,677,763,957,1091,1095,883,871,861,852,915,914,744,741,760,752,984,1075,831,784,989,996,632,664,640,719,754,800,646,651,988,989,783,897
bing_querylogs|config_id=4721,1473,1478,1230,1049,930,879,1117,1116,1304,1451,1477,1477,1760,1693,1430,1497,1418,1590,1364,1446,1311,1529,1611,1169,1178,1198,1232,1594,1588,1229,1116,1595,1620,1319,1236,1715,1675,1236,1345,1200,1140,1388,1439,1549,1569,1066,1008,1481,1467,910,910,1365,1315,1468,1436,1250,1219,1481,1570,909,862,1163,1112,1431,1577,1056,1055,1004,890,895,1354,1525,1735,1730,1436,1325,1272,1274,1511,1522,1000,970,1091,1098,1586,1640,1219,1233,1582,1379,933,1015,1025,989,1262,1303,1024,1045,1477,1587,1345,1342
bing_querylogs|config_id=4733,806,799,588,642,591,522,600,680,813,881,1103,1047,1063,1051,982,1056,1000,990,916,754,763,888,993,663,668,956,936,888,872,927,971,986,1102,927,944,1244,1162,616,668,742,765,796,806,902,949,571,569,1050,987,574,574,782,789,760,763,790,828,862,863,555,553,773,669,1052,1062,783,695,718,588,588,799,801,1192,993,771,770,749,749,911,985,691,744,682,682,1032,1014,838,834,983,972,636,582,603,654,748,719,676,696,964,1022,692,709
bing_querylogs|config_id=4748,1404,1446,703,724,757,726,1195,1027,1125,1060,1425,1480,1798,1944,1013,1098,1010,3937,3934,998,969,1078,1168,625,685,754,904,1461,1267,1102,1203,927,893,1154,1035,895,923,3121,3242,1008,1008,1000,1003,2085,2615,716,752,1716,1831,713,762,1002,954,1345,1334,1200,1250,819,804,656,601,731,679,1311,1406,686,714,676,1242,1314,1867,1675,1096,1255,2609,2669,977,1207,1024,952,716,663,969,802,1379,1206,763,748,1467,1472,665,664,574,533,947,1009,1290,1240,1987,1854,1326,1309
bing_querylogs|config_id=4754,963,821,672,671,809,698,748,756,867,868,1170,1156,1231,1102,989,979,952,1084,1071,765,764,987,1023,694,737,1054,1044,1070,1147,993,992,1132,1233,891,996,1050,1234,661,689,833,867,1083,1036,1198,1185,709,696,1142,1120,698,699,876,882,895,915,915,914,767,760,604,608,746,746,1135,1126,785,815,797,653,653,925,926,1383,1266,860,863,908,1014,1143,1080,774,774,820,815,1329,1218,995,857,1107,920,713,712,681,706,959,992,793,786,1223,1042,839,836
bing_querylogs|config_id=4766,1193,1147,616,616,633,635,1036,994,1074,1066,1378,1253,1697,1729,1050,1059,1030,3663,3664,899,893,1016,1052,651,660,780,798,1124,1126,918,915,904,910,922,919,828,871,2797,2812,916,920,978,1033,2077,2163,727,737,1600,1467,852,845,853,831,1107,1155,983,948,814,852,551,551,789,654,1382,1235,610,610,629,1357,1300,1446,1448,1094,1094,2372,2260,933,959,837,983,719,734,789,763,1206,1214,684,684,1666,1656,597,574,544,553,840,823,952,955,1591,1584,1224,1216
bing_querylogs|config_id=4778,749,749,608,613,613,615,660,660,993,972,1059,1082,1049,989,1036,1066,1062,1042,1033,701,710,986,984,730,736,814,916,1012,1006,1038,1034,1041,1088,893,1001,1196,1138,626,781,762,769,828,967,914,908,632,625,1072,1103,621,621,935,937,1849,826,858,930,831,834,608,584,775,775,1153,1140,761,749,743,640,640,646,649,1201,1277,871,880,786,787,996,986,657,707,748,742,1101,1101,840,806,924,1036,642,646,599,597,850,839,701,1111,1105,1118,729,732
bing_querylogs|config_id=4783,1288,1289,672,675,700,705,928,969,1062,975,1322,1217,1835,1809,1018,1016,1045,4019,4018,987,958,939,940,665,671,842,887,1266,1345,897,985,1062,1083,1019,1037,925,826,3544,3418,892,897,1068,1068,2266,2598,839,836,1510,1601,659,659,835,835,1140,1112,1034,982,918,908,625,603,761,761,1210,1209,659,653,669,1398,1379,1638,1641,1207,1226,2657,2622,969,969,942,857,624,624,841,834,1231,1221,733,766,1399,1317,652,614,556,580,938,988,1100,1078,1688,1673,1301,1304
bing_querylogs|config_id=4788,990,1058,752,783,728,731,905,947,1083,1142,1132,1243,1297,1282,1150,1138,1273,1192,1362,839,906,1220,1106,879,868,1124,1154,1158,1167,1197,1231,1169,1192,1085,981,1383,1359,894,1242,909,904,1120,1090,994,1098,770,849,1341,1250,820,791,1015,1060,1458,1386,1040,1022,982,920,719,717,873,873,1281,1269,955,922,876,886,843,1076,1094,1408,1372,1089,1186,997,978,1146,1112,890,901,917,904,1266,1275,1034,934,1270,1280,782,782,817,815,1010,965,812,970,1261,1613,864,867
bing_querylogs|config_id=4793,1139,1143,797,800,735,738,1064,951,1247,1175,1306,1293,1525,1584,1208,1192,1183,1316,1344,957,969,1282,1275,851,857,1123,1184,1257,1220,1151,1139,1173,1218,1139,1005,1464,1459,787,1045,995,992,1061,1073,1211,1181,810,790,1287,1334,786,786,1175,1033,1312,1268,1136,1190,1081,938,714,711,945,996,1593,1528,1026,1060,1011,972,939,894,912,1473,1462,1193,1048,1114,1209,1180,1143,916,958,1028,949,1178,1186,938,937,1208,1539,806,814,757,806,970,972,827,815,1413,1413,1026,1037
bing_querylogs|config_id=4802,1595,1618,849,854,836,840,1420,1273,1181,1251,1622,1622,1968,1947,1298,1255,1262,3937,4057,1242,1200,1322,1371,910,916,996,1127,1665,1596,1286,1330,1188,1230,1451,1191,1173,1161,3224,3477,1260,1233,1254,1296,2374,2378,1149,1115,1849,1787,933,933,1101,1339,2603,1567,1255,1345,1073,1073,819,817,936,932,1547,1470,849,942,1051,1447,1447,1782,1786,1551,1529,2851,2862,1193,1233,1152,1142,909,909,1130,1129,1586,1490,1087,1054,1722,1729,913,913,777,775,1263,1353,1455,1752,2118,2122,1552,1725
bing_querylogs|config_id=4803,929,933,823,795,688,640,907,927,804,776,1138,1093,1455,1373,878,940,880,1213,1284,1020,1028,1064,1142,662,657,782,801,1027,1036,960,949,992,989,868,878,981,973,670,670,815,810,804,816,1245,1214,748,747,1100,1103,652,684,814,815,1484,1481,867,882,894,902,542,539,844,787,1177,1138,745,732,710,693,691,950,948,1146,1161,935,957,932,930,984,997,728,708,759,757,1017,1013,844,839,1172,1172,641,679,702,687,957,892,705,715,1073,1063,887,925
bing_querylogs|config_id=4806,968,896,647,674,693,783,934,1018,820,866,1017,1073,1205,1215,870,907,894,1121,1204,1035,932,1119,1011,689,691,882,936,1042,1122,1079,1138,1025,1001,789,792,967,1014,700,989,868,952,945,911,994,1079,751,751,1121,1068,671,681,879,888,806,806,920,1173,868,895,579,614,823,777,1020,1072,744,819,766,820,722,2278,2244,1172,1171,869,919,961,887,901,897,681,721,804,786,1130,1072,817,818,1101,1144,712,703,749,732,825,795,863,1151,1050,1148,909,865
bing_querylogs|config_id=4808,924,932,689,700,776,774,817,812,819,808,999,998,1194,1133,805,832,827,1070,1140,718,732,985,1005,731,737,798,849,937,1057,1024,1026,1023,1039,800,815,926,944,650,646,805,775,849,801,975,988,726,734,960,959,704,698,818,784,798,823,814,944,897,923,602,596,808,815,1047,1140,773,775,769,651,650,805,811,1162,1162,883,884,902,884,944,945,778,757,810,739,1024,1047,878,798,1022,1027,655,662,758,627,815,821,662,670,1063,1072,840,830
bing_querylogs|config_id=4810,780,707,567,565,516,532,744,1234,718,800,781,800,5064,5255,715,780,693,1676,1352,1040,692,824,1055,694,608,802,821,793,708,844,950,815,836,670,676,820,846,528,959,702,824,934,678,1059,2028,597,569,994,1040,645,693,694,701,2423,849,881,2527,727,699,519,516,878,876,1016,1071,599,624,585,955,1249,1017,1107,1103,885,1304,1519,956,963,859,859,826,714,600,593,1019,896,693,663,1103,1035,566,592,580,590,697,673,591,3107,978,1073,770,748
bing_querylogs|config_id=4811,786,786,604,610,626,628,916,968,669,673,1044,1044,2066,2064,647,647,644,995,1023,865,741,1012,978,709,713,835,889,970,999,1032,954,1096,1057,757,758,960,957,584,1068,1080,1136,683,756,1864,1517,712,711,949,986,672,672,857,742,1301,1304,796,796,878,878,564,563,879,879,1031,1024,753,753,746,594,594,840,1480,1159,1207,830,845,968,1006,959,1067,1188,1188,669,671,1122,1122,915,948,1021,1018,647,654,624,621,733,742,1957,792,1056,1098,767,768
bing_querylogs|config_id=4812,1393,1365,869,896,877,851,1083,1111,1102,1102,1369,1328,1372,1432,1182,1354,1247,1461,1297,1164,1076,1305,1275,867,869,1209,1263,1225,1192,1362,1458,1322,1348,1220,1048,1261,1354,1019,988,1041,1221,1154,1118,1439,1439,1024,1006,1510,1316,882,849,1165,1103,1256,1063,1143,1143,1204,1213,779,777,991,984,1417,1426,935,946,1013,986,984,1174,1179,1307,1372,1404,1398,1078,1231,1205,1200,947,911,930,955,1249,1445,1082,1140,1420,1537,838,840,827,821,1259,1309,890,899,1518,1380,1157,1167
bing_querylogs|config_id=4816,1015,965,644,645,636,674,919,928,874,867,1254,1122,1282,1252,951,966,826,1186,1359,808,930,1123,1089,794,796,876,899,1003,970,1099,1044,926,1108,841,741,959,882,1102,1132,803,900,720,851,1003,996,677,805,1325,1394,712,736,728,911,746,725,989,990,829,818,673,595,790,781,1087,1132,672,698,693,861,760,880,775,1220,1205,792,855,931,896,910,976,861,760,822,789,1183,1227,750,840,976,924,635,684,750,807,861,931,829,806,1456,1287,917,960
bing_querylogs|config_id=4822,1009,1128,860,740,634,996,975,1069,1119,1130,1288,1313,2083,1987,1090,1141,1141,1601,1585,796,876,1221,1319,802,764,942,978,1170,1433,1426,1360,974,976,1014,995,1308,1246,1483,1061,839,921,946,1080,1550,1407,824,852,1636,1496,775,742,1042,969,1842,2520,1024,1103,1007,1070,687,634,853,846,1406,1218,888,880,815,883,1620,761,1039,1367,1213,1071,1167,1105,1119,1127,1098,715,755,969,814,1263,1237,935,1003,1390,2755,633,649,757,723,946,1012,937,941,1386,1271,865,910
bing_querylogs|config_id=4823,1453,1447,965,942,979,981,1218,1137,1078,1122,1475,1437,1523,1549,1339,1381,1437,1454,1552,1253,1203,1405,1350,882,885,1316,1384,1182,1247,1636,1481,1299,1320,1122,1331,1477,1613,1103,1070,1087,1087,1289,1289,1438,1437,1197,1197,1472,1428,933,933,1273,1318,1541,1454,1260,1281,1255,1286,914,914,1041,1077,1465,1509,1075,1069,1078,1130,1111,1276,1277,1364,1364,1674,1516,1267,1268,1268,1235,1002,985,1136,1129,1522,1538,1218,1191,1543,1546,921,944,908,907,1372,1368,1083,1015,1541,1512,1284,1284
bing_querylogs|config_id=4829,1339,1357,778,756,691,704,1037,999,1034,1121,1285,1300,1703,1681,1056,950,1080,4297,4734,1187,1095,992,993,791,781,864,893,1506,1456,962,1116,1152,1175,1114,1145,1020,1029,3315,3349,1018,1060,1114,1098,2763,2669,833,866,1677,1582,715,676,906,937,1293,1364,1160,1096,987,999,680,634,833,761,1264,1277,751,707,735,1513,1519,1989,1731,1390,1390,2753,2724,1003,997,925,936,951,1383,958,898,1205,1316,967,892,1372,1487,700,756,879,645,998,990,1143,1156,1833,1743,1262,1273
bing_querylogs|config_id=4832,1103,948,722,768,527,529,1367,1529,917,929,1187,1079,1578,1253,1072,1020,1195,3377,3572,909,1289,1024,1060,757,757,920,977,992,995,1226,1420,871,863,832,770,1088,1088,2629,11555,932,981,849,851,1657,2313,812,886,1547,1849,759,759,916,844,33715,37485,2463,878,933,887,570,630,793,745,1182,1197,813,782,845,4005,1184,1114,1057,1470,1171,45147,922,1807,1415,1128,1076,842,817,738,765,1081,1005,754,839,1226,1396,596,622,521,520,747,859,713,692,1387,1385,908,981
bing_querylogs|config_id=4835,1098,1080,733,831,786,651,873,788,979,66387,66674,1317,1495,1424,961,1064,1045,1331,1161,922,941,1130,1173,800,773,829,926,977,1257,1199,1179,1110,1180,907,906,1067,1098,1329,1243,810,794,890,907,1127,1184,1020,893,1510,1366,720,725,1000,1182,1048,1087,1183,1067,828,765,561,579,877,935,1291,1748,841,780,844,1040,955,2659,1792,1546,1314,1566,1284,1095,933,1186,1165,984,957,927,847,1406,1293,884,916,1787,1803,697,672,568,594,925,939,1147,1237,1272,1347,964,960
bing_querylogs|config_id=4836,756,874,650,647,611,653,916,765,821,909,1064,1093,1259,1078,837,810,732,1029,1175,855,896,979,962,720,807,868,1020,955,886,1072,1033,1089,1088,825,908,1062,931,644,733,838,739,732,789,857,949,702,694,1196,1341,707,644,781,771,846,791,836,862,824,854,573,670,747,741,984,1098,812,740,770,887,875,775,878,1108,1138,763,797,837,878,1027,969,807,713,807,746,1171,1178,714,810,1089,1133,722,705,814,732,833,812,705,710,1123,1134,945,897
bing_querylogs|config_id=4837,1310,1311,692,690,676,678,986,959,1026,1030,1300,1298,1858,1821,1017,1017,1014,3994,4083,965,973,1004,1004,703,707,871,925,1305,1308,971,959,1018,1030,1051,1058,903,891,3449,3405,921,920,1048,1060,2476,2478,822,803,1530,1530,656,656,806,806,1120,1125,1009,1009,852,862,619,618,737,737,1156,1155,672,672,666,1390,1385,1656,1657,1246,1241,2632,2637,935,935,981,983,615,615,916,893,1189,1189,765,753,1404,1363,640,643,581,581,951,949,1088,1093,1689,1689,1269,1270
bing_querylogs|config_id=4839,1037,975,740,838,829,650,1082,1099,996,972,1111,1159,1402,2284,1152,1158,1128,1650,1580,1305,789,1197,1333,654,700,918,1042,934,1236,1235,1282,964,1027,1078,1032,1218,1091,879,959,885,870,1054,1027,912,984,849,920,1114,1427,751,686,1033,998,1863,2341,881,856,966,985,629,624,857,787,1260,1178,926,889,898,1341,1358,980,1009,1277,1154,954,1155,1061,1191,1205,1214,743,685,988,877,1253,1203,806,1011,996,1363,622,655,699,826,983,786,1023,831,1539,1761,967,918
bing_querylogs|config_id=4841,1134,1358,942,999,1026,1026,1218,1013,1134,1136,1435,1466,1754,1634,1222,1078,1081,1714,1854,1051,1058,1510,1313,991,996,1120,1161,1350,1353,1380,1392,1233,1250,1097,1102,1592,1401,910,909,1010,1008,1100,1104,1401,1384,1000,1024,1370,1412,865,865,1139,1072,1059,1138,1149,1130,1171,1171,835,833,1349,1349,1511,1587,960,952,954,1116,1146,1203,1209,1404,1394,1020,1027,1173,1271,1207,1211,1007,974,958,958,1345,1352,1052,1103,1650,1650,985,985,1010,1010,1113,1149,1107,1251,1530,1530,1187,1189
bing_querylogs|config_id=4844,830,836,649,618,643,677,858,888,861,911,950,954,1288,1275,851,771,806,1100,1186,725,698,1149,1049,707,681,944,873,857,879,1075,884,967,972,734,693,1126,1152,697,694,850,780,867,905,884,1102,603,603,1095,868,697,670,723,759,2566,33417,1294,33446,850,879,569,576,769,759,1060,946,710,706,700,1224,1280,751,728,1069,1002,708,750,966,1092,952,988,698,718,727,749,1017,1015,779,795,1247,1244,641,624,624,635,751,695,880,879,985,948,916,934
bing_querylogs|config_id=4845,929,943,824,795,711,657,911,905,787,801,1097,1100,1334,1352,844,895,939,1225,1283,1021,1028,1062,1056,652,659,782,803,1029,1033,973,965,993,989,872,876,1014,1002,661,652,815,826,795,804,1215,1216,749,756,1124,1127,646,686,812,850,1478,1481,864,905,900,902,538,539,837,786,1138,1092,767,714,715,684,676,945,941,1168,1146,936,944,926,929,986,984,701,697,744,756,1014,1015,842,847,1172,1172,637,664,722,687,958,898,706,709,1084,1094,871,895
bing_querylogs|config_id=4846,906,986,673,692,706,701,787,913,897,864,1028,1087,1197,1166,947,1075,861,1112,1144,938,848,1048,1033,711,716,863,907,1080,1160,1021,1086,1079,898,853,847,997,991,914,978,955,886,1008,943,1157,1214,744,768,1353,1222,680,687,954,932,826,843,853,912,925,912,572,566,892,899,1099,1103,752,752,772,840,771,1679,1017,1227,1208,948,963,967,906,930,945,733,762,800,791,1120,1120,878,871,1299,1121,678,689,776,707,786,790,1038,761,1107,1238,938,982
bing_querylogs|config_id=4847,942,925,697,703,757,761,825,846,829,810,1006,1002,996,944,916,824,807,1074,1109,726,741,1020,1017,741,746,821,836,964,999,1026,1019,1033,1047,822,821,958,941,658,653,799,763,830,835,972,1010,744,730,948,978,712,701,783,802,775,782,947,980,927,926,609,604,808,820,1009,1133,785,775,721,660,661,881,819,1169,1163,882,891,907,926,952,959,792,765,789,784,1055,1048,837,891,1075,1100,667,666,623,632,855,850,670,695,1057,1073,867,880
bing_querylogs|config_id=4848,786,786,604,605,626,628,858,942,668,672,1019,1054,1193,1331,644,644,641,790,818,714,820,942,1053,690,694,844,889,998,1001,1019,1024,1006,1018,757,758,951,957,603,601,1094,1299,708,770,1517,1864,712,711,964,976,672,672,871,873,1301,1304,796,796,869,869,565,613,851,851,1033,1030,663,755,653,594,594,1417,830,1200,1189,855,855,991,1009,1162,960,971,1188,669,671,1122,1066,988,915,1052,1049,655,652,621,622,715,713,1393,1421,1115,1072,861,862
bing_querylogs|config_id=4849,1174,1157,655,658,632,654,912,917,885,941,1213,1213,1657,1730,888,925,901,3248,3291,926,933,968,1001,691,702,836,870,1212,1213,960,956,985,1005,935,942,857,878,2740,2736,858,854,937,932,1966,2070,725,729,1270,1376,625,631,770,772,1051,1086,959,934,832,823,587,584,725,723,1320,1159,645,660,639,1194,1277,1482,1489,1217,1154,2322,2267,868,890,916,921,614,611,810,814,1211,1218,733,729,1146,1143,637,637,569,560,894,906,982,998,1546,1564,1098,1108
bing_querylogs|config_id=4850,750,901,781,846,672,660,760,736,902,923,1215,1053,1160,1485,1031,1057,1122,1121,1258,807,812,983,1149,745,743,930,967,1372,1250,1068,1191,1176,1303,993,1065,1283,1296,723,676,888,815,1116,1067,1214,934,825,844,1187,1073,924,799,957,988,896,969,965,910,922,967,598,595,767,750,1266,1363,870,833,792,648,671,745,736,1357,1452,910,864,1069,1069,1199,1173,819,757,855,825,991,1102,948,951,1090,1228,721,738,779,740,1004,1072,744,871,1147,1054,821,829
bing_querylogs|config_id=4855,910,909,879,926,773,786,1478,1253,990,1010,1230,1222,4730,1305,1108,1122,1187,2010,10860,984,996,1204,1189,847,912,1081,1179,1028,1132,1126,1275,1092,1110,951,987,1152,1208,1097,1096,1096,1080,1144,1105,1702,2838,854,870,1614,2401,839,869,1150,1287,12807,8011,1092,1117,1079,1065,803,776,1012,1046,1601,1477,996,902,924,1290,6379,1031,1033,1455,1372,964,933,1176,1202,1162,1066,912,917,968,996,1229,1207,1053,1040,1846,4615,877,850,790,847,949,928,847,929,1322,1243,1086,1091
bing_querylogs|config_id=4861,1088,1094,734,783,732,712,885,880,973,1000,1065,1057,1213,1322,899,872,934,1322,1377,850,1018,1158,983,731,751,838,852,1191,1175,1116,1075,1047,1060,958,950,979,1000,1479,1106,803,767,880,920,1266,1254,913,951,1271,1272,744,774,1270,1203,1123,1159,1060,1126,823,851,625,605,802,936,1113,1276,860,833,864,988,956,1072,939,1214,1254,1331,1505,962,892,1148,1275,945,896,823,831,1139,1134,926,885,1179,1207,645,677,606,605,867,837,890,892,1111,1344,921,941
bing_querylogs|config_id=4862,670,670,518,518,534,491,649,707,834,878,936,935,1028,987,924,924,927,974,909,598,621,791,791,593,596,882,854,919,894,813,913,833,903,879,830,1149,1048,578,577,656,656,747,777,910,935,547,547,919,879,559,581,816,753,765,1006,772,749,705,694,555,525,684,688,981,956,659,657,634,623,619,542,542,977,1089,675,734,684,639,861,861,685,603,650,650,830,917,760,707,804,806,559,593,519,548,749,699,600,591,921,936,676,676
bing_querylogs|config_id=4863,1591,1588,798,795,807,742,1355,1389,1112,1033,1434,1466,2155,2218,958,1025,1151,4042,4099,1196,1179,1190,1255,885,936,1051,976,1359,1358,1127,1145,1173,956,1338,1202,866,886,3297,3377,1281,1188,1226,1229,2702,2599,887,906,1617,1894,923,924,1092,968,1602,1489,1164,1109,900,858,769,696,939,921,1189,1247,816,812,832,1851,1555,1943,1971,1345,1323,2791,2803,1103,1109,1036,1068,960,955,1030,1058,1323,1291,1083,1075,2195,1902,803,803,761,672,1166,1243,1281,1282,1669,1678,1362,1406
bing_querylogs|config_id=4865,926,944,725,702,784,784,828,828,884,890,1002,1000,1001,1005,872,812,815,1130,1126,726,740,1003,1030,725,747,808,855,995,987,1024,1026,1025,1050,820,820,946,936,659,656,766,801,833,809,1066,1024,732,754,977,975,712,712,801,813,778,777,927,970,919,959,605,599,806,818,1046,1156,740,739,782,659,665,867,876,1164,1164,880,922,934,927,954,957,769,786,794,779,1033,1029,808,807,1006,1046,670,670,763,618,853,855,681,679,1059,1069,866,838
bing_querylogs|config_id=4866,1243,1206,1003,963,975,998,1351,1583,854,857,1377,1237,1960,1956,998,1069,940,1184,1378,1278,1127,1199,1268,864,873,928,958,1502,1532,1415,1160,1214,1213,1212,1212,1171,1182,833,875,1988,1681,1057,1036,1883,2299,927,1004,1515,1414,949,959,1091,1180,1654,1652,1214,1164,1196,1232,731,738,1274,1270,1358,1501,848,1035,1080,902,878,901,1396,1767,1768,1071,1281,1483,1517,1390,1094,1448,1781,982,856,1221,1269,1444,1260,1524,1386,950,963,900,792,1070,1135,1715,1790,1518,1347,1202,1231
bing_querylogs|config_id=4868,1328,1380,836,840,817,814,1094,1016,1099,1035,1357,1349,1473,1398,1242,1334,1303,1278,1328,1109,1035,1311,1211,822,839,1220,1183,1163,1125,1362,1333,1288,1289,1131,1109,1213,1418,974,999,1014,1007,1050,1058,1411,1189,984,969,1280,1291,838,827,1086,1145,1181,1286,1183,1166,1199,1193,724,740,976,987,1402,1418,972,975,962,939,936,1136,1140,1142,1259,1381,1364,1149,1124,1127,1241,888,881,994,999,1263,1324,1045,1063,1418,1405,791,791,786,777,1248,1244,889,845,1395,1347,1139,1128
bing_querylogs|config_id=4870,969,1071,667,1008,781,871,940,1007,957,1046,1395,1410,2673,2028,1157,1068,1110,1965,1579,1123,933,1209,1407,792,735,898,942,1123,1150,1325,1077,963,978,1028,1049,1257,1172,1557,864,828,835,1028,910,1273,1419,880,904,1346,1040,783,730,1000,1008,1215,2539,1202,1495,1061,1123,654,553,859,872,1320,1398,816,798,766,2239,1565,748,950,1289,1256,832,941,1085,1205,1085,1148,722,717,909,935,1206,1174,998,912,1543,1499,644,692,981,843,1115,941,1164,952,1327,1497,945,990
bing_querylogs|config_id=4872,1030,1082,806,742,855,814,875,882,859,845,1100,1085,1340,1398,959,1011,1125,1097,1138,738,747,1145,1159,807,809,885,951,1105,1106,1109,1121,1064,1066,868,848,1036,932,743,726,786,842,860,889,1099,1215,757,833,1049,1006,709,725,890,948,953,1065,1110,13518,1028,962,625,633,829,800,1244,1194,865,802,823,733,759,770,776,1186,1203,1006,1005,965,994,1064,946,770,769,839,827,1138,1064,973,990,1199,1140,665,670,851,687,930,813,806,836,1122,1127,1108,909
bing_querylogs|config_id=4875,1385,1462,955,991,988,990,1158,1204,1090,1135,1482,1707,1433,1476,1494,1373,1512,1413,1640,1059,1205,1373,1315,882,885,1330,1415,1234,1235,1488,1482,1432,1342,1134,1131,1563,1582,1298,1116,1089,1161,1253,1110,1502,1448,1202,1198,1542,1450,933,933,1516,1323,1387,1497,1242,1403,1109,1380,914,856,1140,1044,1535,1462,1084,1091,1085,1106,1017,914,15996,1256,1353,1511,1489,1309,1125,1276,1234,1005,988,1227,1081,1426,1574,1091,1185,1311,1295,947,944,908,903,1399,1422,1050,1034,1569,1540,1286,1284
bing_querylogs|config_id=4876,1146,979,776,673,597,884,919,861,1097,981,1219,1206,1883,4073,898,1012,1042,1721,1725,1095,1067,1235,1151,693,757,1070,1021,1018,1120,1196,1358,1005,989,957,918,1145,1102,1256,1581,792,820,961,1035,1271,1303,762,814,1401,1566,683,693,1070,1125,2285,2384,972,948,1015,1009,703,587,1002,888,1270,1223,765,844,961,2013,960,969,691,1304,1322,1030,1092,1548,1153,1098,1259,685,688,761,807,1236,1209,895,895,1328,1113,630,664,720,742,932,989,722,816,1472,1389,985,941
bing_querylogs|config_id=4877,837,1041,704,709,653,660,758,741,913,955,1021,1106,1206,1132,978,1206,1114,1149,1320,794,804,1055,933,725,731,913,1074,1287,1298,1204,1303,1208,1166,1051,1180,1356,1280,715,702,748,876,1111,1056,1035,1012,764,770,1134,1044,936,866,996,933,1020,1137,968,985,872,884,579,556,734,734,1274,1219,770,811,790,640,701,736,739,1388,1384,912,930,1091,1091,1158,1205,785,757,780,773,1005,1098,822,822,1018,1069,712,712,679,622,991,981,745,766,1190,994,782,822
bing_querylogs|config_id=4884,745,741,685,688,653,672,6019,1055,828,852,1139,934,6266,1268,1048,1118,1001,2261,3868,768,807,1025,1085,695,703,945,976,881,1091,915,1031,1055,1080,804,832,1058,935,2745,918,942,987,1034,1031,2871,1685,678,670,3317,1368,713,782,1006,955,7968,13186,862,2000,932,931,675,601,926,857,1166,1298,731,791,827,3841,4683,874,880,1276,1465,1220,1211,986,1028,1020,908,770,770,844,801,1080,1080,879,896,1630,1653,696,692,635,642,788,893,692,904,1136,1080,947,1103
bing_querylogs|config_id=4902,1426,1480,712,714,746,730,1175,1236,1144,1203,1502,1413,3363,3355,1030,1063,1145,4801,4794,1086,1180,1282,1355,847,859,835,870,1349,1420,1002,999,1217,1081,1075,1183,1112,1103,3497,3728,1122,1096,1080,1074,2546,3163,907,786,1738,1613,664,660,1009,1004,1579,1620,1180,1148,1033,1038,616,613,933,914,1449,1309,831,792,800,1464,1541,1897,2242,1479,1469,2731,2796,1383,1150,1050,1109,809,824,879,869,1341,1288,925,836,1763,1774,689,690,839,663,1085,1084,1243,1249,1875,1867,1521,1388
bing_querylogs|config_id=4926,734,777,594,589,606,608,926,927,667,668,975,975,792,797,627,631,624,829,829,679,680,981,942,690,694,737,775,942,958,963,876,1000,1012,656,652,870,870,577,560,1084,959,689,688,855,827,721,720,908,931,700,700,823,824,616,619,696,696,798,819,543,536,860,826,17271,1097,667,667,670,668,672,612,613,1148,1073,752,758,864,860,923,926,691,667,648,678,946,946,672,672,1102,1102,627,627,586,586,696,721,731,749,1001,994,753,754
bing_querylogs|config_id=4934,1306,1304,692,697,631,632,947,932,1018,1040,1199,1198,1554,1552,949,951,945,3629,3613,976,985,980,981,665,720,779,817,1439,1341,872,974,1073,1091,1046,1101,909,909,2989,2942,849,903,1063,1065,2040,2040,902,895,1454,1361,656,611,810,809,1105,1080,1038,977,865,866,567,564,693,693,1238,1237,635,636,631,1266,1267,1663,1666,1246,1273,2620,2589,933,933,858,865,643,615,827,820,1138,1249,1057,764,1215,1214,649,649,573,553,928,923,1064,1075,1656,1718,1239,1243
bing_querylogs|config_id=4959,1530,1634,704,707,719,721,1149,1153,1189,1118,1417,1487,2814,2862,1257,1220,1191,4317,5088,993,1001,1204,1218,775,786,789,813,1392,1463,995,994,1203,1222,1142,1119,919,919,3271,3503,1101,1105,1116,1234,3014,2790,825,824,1734,1914,656,656,1069,1059,1559,1640,1222,1185,969,984,607,597,943,905,1346,1290,695,697,689,1456,1457,2001,1975,1407,1390,2715,2716,1151,1252,1061,1099,795,797,923,860,1343,1356,813,813,1724,1578,656,664,624,623,1088,1084,1089,1098,1878,1922,1364,1397
bing_querylogs|config_id=5013,1063,773,634,624,565,565,797,859,1015,1054,1135,1143,1330,2066,1083,1150,1077,1407,1494,887,876,1018,1094,751,756,840,821,970,1184,879,893,1030,1054,887,1014,1349,1211,972,786,809,759,1009,1120,1344,1243,628,612,1501,1168,627,626,909,986,1725,1145,983,865,792,890,543,543,920,886,1157,1219,689,718,684,672,678,806,791,1333,1210,1364,1404,882,846,1090,992,770,773,707,694,1158,1141,898,870,1412,1418,630,630,623,649,821,817,670,826,1125,1225,834,836
bing_querylogs|config_id=5018,745,745,609,612,578,614,717,714,925,901,1001,1001,985,984,1012,1012,1003,873,973,698,707,905,964,717,720,803,784,875,956,959,942,1031,1043,788,885,1039,1205,768,761,731,728,768,758,970,932,618,615,1050,984,665,660,823,851,883,889,849,818,760,754,548,548,742,742,1039,1174,725,718,712,685,674,630,633,1217,1158,920,905,757,757,1124,1131,733,787,724,720,1066,1160,775,775,1033,1080,637,637,602,587,854,918,708,675,979,1062,718,721
bing_querylogs|config_id=5040,675,687,590,593,544,550,650,671,885,932,976,930,944,966,909,1058,906,853,897,651,697,962,882,708,696,794,805,925,961,873,891,962,972,722,816,1048,1048,610,601,728,703,778,807,940,979,605,602,976,980,591,614,795,843,918,797,761,838,722,759,566,548,682,705,984,1010,677,678,687,578,578,630,643,1277,1218,796,824,687,687,998,1030,711,698,682,679,952,952,782,784,1015,1019,581,584,559,558,739,740,677,695,1006,988,658,661
bing_querylogs|config_id=5119,928,823,662,632,661,741,904,736,702,680,1139,1006,1061,1221,830,826,888,833,973,715,730,1001,1150,652,651,809,825,1023,1028,1164,1210,993,1026,760,744,1016,1046,590,606,724,736,757,827,1161,1008,634,598,1120,1016,744,802,779,782,638,900,821,843,809,775,555,569,716,683,1133,999,697,730,742,685,701,703,706,1439,1269,726,896,1123,1257,1043,1061,658,665,718,764,1148,1125,765,765,846,862,698,651,792,728,770,789,675,713,1138,1089,911,908
bing_querylogs|config_id=5332,1197,1152,916,951,991,899,1190,1132,1140,1125,1357,1280,1350,1406,1417,1358,1360,1389,1460,1237,1103,1204,1202,875,880,1019,1081,1315,1394,1371,1290,1223,1230,1452,1431,1411,1618,853,977,1235,1112,1068,1168,1461,1343,815,910,1304,1322,916,913,986,1185,1050,998,1202,1188,1169,1111,788,780,1083,1092,1312,1430,959,1083,1036,896,913,888,1023,1609,1597,1105,1170,1148,1176,1345,1092,1007,1023,1024,913,1204,1175,1225,1186,1404,1217,916,909,918,901,1068,1168,1120,1053,1416,1430,1156,1089
bing_querylogs|config_id=5500,771,798,697,696,607,614,731,742,869,921,983,1035,1058,1045,939,1043,971,1055,1052,729,770,989,959,732,703,933,999,1104,943,1018,1007,981,983,903,950,985,985,660,675,785,749,789,884,941,891,743,700,1026,994,829,713,800,824,809,896,832,846,774,801,635,646,762,827,998,1028,751,754,747,656,701,684,684,1150,1087,896,948,785,782,1058,1069,682,761,773,752,1022,1026,796,806,986,986,702,689,634,671,823,786,780,708,1020,1024,809,821
bing_querylogs|config_id=5526,1126,1144,811,825,770,779,1036,1009,1174,1180,1215,1282,1380,1369,1234,1362,1358,1442,1439,999,1080,1305,1233,971,991,990,1003,1182,1293,1115,1086,1179,1193,1174,1208,1442,1388,944,1277,1095,1067,1351,1323,1279,1331,934,927,1394,1374,789,810,1155,1236,1399,1731,1029,1096,989,975,749,736,1035,1045,1311,1287,848,889,941,868,857,944,1069,1520,1505,1188,1229,1158,1096,1162,1168,1012,978,959,925,1328,1277,1110,1060,1557,1636,804,779,821,800,1079,1098,933,1081,1394,1282,982,1038
bing_querylogs|config_id=5541,802,794,701,718,593,594,1986,1488,991,987,1043,1052,11335,11059,1127,965,930,2332,3772,849,858,1075,1134,820,820,802,792,920,954,1087,909,1051,1072,784,783,911,970,667,671,980,905,1002,888,2972,1409,772,635,4574,4703,663,662,961,965,11341,12703,1146,1131,926,842,624,569,948,914,1233,1382,720,729,716,3508,1851,885,877,1698,1312,1342,1324,960,1057,1159,1006,700,692,768,758,988,1121,966,852,1781,1796,636,642,611,598,813,800,672,1073,1143,1166,932,914
bing_querylogs|config_id=5549,752,1017,641,638,608,604,867,851,997,1063,1133,1048,2115,1556,1124,1151,1183,1115,1751,899,892,1034,1034,786,734,949,1021,1257,1190,927,1012,1063,959,958,981,1224,1234,863,873,811,813,1021,1184,2850,1087,649,609,1029,1078,658,655,979,1018,1344,1080,975,916,794,789,604,574,945,905,1239,1214,686,715,683,727,689,1001,977,1328,1301,1024,1014,886,839,1029,947,807,807,702,695,1157,1191,871,838,1343,1242,669,662,629,652,795,900,836,738,1266,1142,860,871
bing_querylogs|config_id=5554,837,780,617,631,568,573,765,907,957,971,1060,1029,1174,1120,1068,972,1016,1114,1141,681,690,1083,1070,699,707,842,941,992,1002,971,955,1000,1019,793,901,981,1221,891,709,759,761,842,841,901,904,637,627,1036,1057,625,634,850,931,859,865,868,879,753,815,574,543,770,770,1149,1131,716,720,750,637,636,630,633,1248,1260,782,791,901,899,953,959,766,788,730,723,1024,1068,910,816,971,987,638,640,588,586,811,801,702,709,1084,1195,771,778
bing_querylogs|config_id=5564,893,902,798,765,686,687,869,808,1022,1039,1183,1119,1118,1075,1054,1099,1045,1086,1148,881,897,1157,1103,819,827,896,925,1074,1077,1087,1152,1114,1135,1064,1067,1032,1070,785,728,896,829,961,961,1071,981,813,810,1219,1223,928,928,1012,968,935,938,1010,1015,868,870,705,701,922,921,1185,1219,829,825,822,722,779,799,801,1228,1228,924,1020,880,884,1199,1202,806,852,837,830,1313,1320,968,935,1088,1088,801,751,713,712,900,903,806,860,1265,1284,941,970
bing_querylogs|config_id=5598,911,1083,792,897,721,782,947,862,1079,1044,1196,1246,2784,2142,1092,1156,1175,2006,2359,944,1113,1216,1106,761,719,868,862,1107,1254,1116,1195,1002,1021,1027,1000,1263,1247,1326,1097,829,909,989,943,1590,1504,820,835,1377,1650,759,783,1020,983,1661,2358,877,1548,1066,986,634,667,811,951,1304,1409,871,841,855,2100,1369,859,731,1413,1437,1053,937,1187,1202,1121,1028,777,799,884,874,1068,1131,900,883,1584,1382,648,670,842,802,1081,1037,993,1100,1553,1322,885,885
bing_querylogs|config_id=5624,798,812,643,646,609,622,879,697,983,66351,66507,1110,1116,1100,1059,1070,1013,1056,1083,796,757,1028,1031,748,755,921,955,1053,1080,1060,1065,1075,1095,935,842,1202,1234,706,701,876,870,873,960,1023,912,693,705,1052,1046,729,727,966,916,915,961,937,933,929,863,642,643,853,850,1153,1461,783,783,777,740,655,789,743,1221,1362,947,855,816,787,1047,1047,768,858,789,784,1207,1198,951,838,1089,1067,682,706,640,638,899,890,790,756,1218,1210,810,815
bing_querylogs|config_id=5639,918,917,735,821,531,535,866,905,962,991,1380,1238,1809,1822,1264,1158,1168,1490,1510,745,746,1042,1061,716,734,957,1003,1097,1108,1056,1006,965,1065,947,767,1225,1271,1123,1181,728,722,982,879,2660,2981,790,778,1028,1048,729,736,959,929,1140,1784,910,925,800,778,549,547,786,786,1230,1116,718,717,816,683,645,771,761,1272,1223,946,1144,1048,1040,985,1107,741,738,800,805,1176,1063,884,886,1288,1294,619,619,552,547,857,823,770,773,1110,1044,816,880
bing_querylogs|config_id=5644,968,715,706,687,571,573,1133,780,795,842,926,1021,10310,2984,952,994,1031,5192,2050,894,932,1030,1173,697,703,800,791,965,984,909,1005,932,982,703,726,982,1035,1103,1080,869,979,1028,947,1178,1794,625,618,1536,1644,641,689,1020,1205,11724,13003,806,889,862,864,643,564,750,894,1243,1232,755,736,803,4245,1437,910,973,1192,1231,777,1116,1051,890,931,934,689,678,776,793,946,941,807,833,1690,1526,604,604,583,582,723,841,659,663,997,1026,828,883
bing_querylogs|config_id=5675,1309,1400,968,971,568,663,1549,1556,1123,1050,1459,1448,2279,2276,1260,1230,1126,2997,2991,1025,1110,1357,1232,738,729,981,1020,1265,1308,1154,1095,1064,1084,989,1062,1025,1117,1015,985,1011,934,1070,1116,2296,2273,1283,1342,1287,1534,783,744,1141,1141,1560,1464,995,1014,923,894,545,531,877,733,1391,1575,783,790,777,1543,1707,1253,1132,1389,1455,2609,2669,1137,1161,1374,1137,754,835,902,1029,1100,1379,801,838,1334,1315,733,733,733,772,1405,1266,1102,1111,1528,1575,983,967
bing_querylogs|config_id=5680,794,798,802,777,695,694,769,769,929,951,1325,1178,1085,1219,1014,1034,1175,1059,1059,793,798,1060,1052,729,735,920,954,1168,1264,1168,1060,1244,1281,838,1120,1020,1355,775,679,774,771,827,1111,1096,1267,694,691,1183,1142,862,892,1055,1100,1005,1029,1008,1014,914,912,633,599,786,725,1111,1288,834,909,856,659,676,726,729,1308,1361,1070,1090,1025,1043,1186,1192,761,731,787,858,1142,1082,902,931,1200,937,734,732,836,861,986,1042,777,788,1180,1229,842,833
bing_querylogs|config_id=5685,1035,969,821,708,728,707,3417,1247,903,862,1296,1168,2695,7263,974,1014,1041,3816,10060,1053,870,1249,1112,756,727,901,1028,1102,1044,1263,1199,1255,1275,851,845,1052,1026,2317,1914,962,836,955,998,1303,1334,742,745,1796,3758,792,794,1089,1046,7534,17090,940,1114,990,864,669,621,970,1105,1450,1594,932,1014,805,2607,2023,940,1151,1366,1382,1530,937,1168,1126,1236,1239,753,785,848,912,1290,1314,1012,1048,2482,1571,808,785,710,710,896,936,873,818,1301,1249,1159,963
bing_querylogs|config_id=5690,1078,1076,782,688,586,589,1013,892,963,902,1221,1301,1352,1330,925,957,1009,1010,1038,1230,1247,1175,1176,732,738,933,1038,1080,1078,1399,1257,1159,1121,868,826,956,979,1578,689,935,894,857,852,1189,1130,723,754,1624,1472,767,819,1016,930,1925,9593,933,1101,990,1032,585,565,752,705,1270,1121,804,831,810,1111,1011,1294,1249,1194,1351,1088,1009,1249,1189,1143,1223,802,845,825,818,1131,1277,803,908,1465,1315,734,787,721,769,1034,1074,796,785,1489,1412,1059,951
bing_querylogs|config_id=5695,1556,1640,1072,1124,1034,1207,1102,1106,1168,1202,1848,1808,1830,2005,1503,1488,1541,1498,1619,1289,1309,1560,1643,927,933,1415,1359,1399,1493,1620,1594,1645,1679,1140,1126,1460,1519,1412,1233,1104,1340,1350,1341,1654,1691,1108,1190,1969,1960,1019,939,1465,1299,1191,1520,1356,1390,1348,1379,909,828,1142,1185,1880,2175,1060,1102,1131,1275,1194,1050,1309,1697,1756,1786,1578,1974,1741,1542,1753,1237,1020,1076,1190,1509,1568,1132,1165,1509,1918,1048,965,1099,1161,1315,1448,1420,1422,1704,1910,1254,1406
bing_querylogs|config_id=5700,1088,1124,800,803,763,793,989,1136,1128,935,1326,1397,1495,1301,955,915,1144,1271,1155,1078,1079,1200,1297,763,769,931,901,1540,1346,1326,1229,1123,1095,886,936,1131,1131,806,916,912,895,1064,982,1123,1398,1045,991,1470,1580,761,774,1039,1161,843,1364,1188,1195,969,955,651,637,995,868,1189,1522,914,902,941,761,733,1313,1024,1332,1380,1032,1073,1075,1096,1181,1061,741,928,853,892,1159,1166,823,864,1344,1140,728,723,865,745,1012,994,1407,16539,1243,1408,996,1023
bing_querylogs|config_id=5705,1120,1060,803,749,839,709,1031,995,824,793,1363,1119,1280,1261,785,783,778,1147,916,798,829,1182,990,734,734,926,1007,973,1079,1246,1119,1222,1107,729,859,1078,946,892,807,974,910,863,839,1113,1229,926,994,1136,1058,723,787,1013,923,1094,931,1146,1242,931,953,628,686,884,771,1090,1511,893,762,758,753,802,731,1040,1466,1351,1181,944,1042,897,1356,1076,1110,848,728,811,1284,1272,694,1005,1421,1116,760,778,647,637,939,843,996,833,1385,1128,948,1235
bing_querylogs|config_id=5710,1016,858,647,686,675,660,991,963,909,889,1328,1149,1217,1821,1165,962,930,1110,1137,965,829,1180,1129,811,738,971,960,954,891,1179,1179,1213,1266,802,837,1141,1002,637,893,896,880,810,859,1006,1082,728,697,1705,1395,754,760,927,908,742,778,673,1060,1024,994,616,569,759,712,1129,1458,774,931,788,916,880,803,925,1598,1409,1219,788,987,1077,1131,1042,790,699,787,880,1143,1223,887,842,943,995,761,764,634,800,889,936,697,755,1178,1313,931,862
bing_querylogs|config_id=5715,970,1050,734,714,644,647,1103,1146,780,783,1532,1251,1078,1084,658,662,655,877,929,1246,1239,1148,1073,710,716,817,855,993,1158,1052,985,1170,1190,749,746,1133,1056,667,666,1595,1613,821,825,1046,1088,824,840,1257,1499,776,779,935,988,904,909,1152,946,939,924,632,617,942,852,1307,1481,909,906,915,744,744,1129,1032,1394,1366,952,1122,1046,918,999,1171,766,825,844,919,1187,1254,785,826,1079,1024,681,681,780,794,777,820,886,984,1133,1196,952,1058
bing_querylogs|config_id=5720,1139,1130,1468,1818,925,826,882,882,1149,1070,1579,1712,1678,1676,1604,1975,1629,1475,1459,1382,2304,1623,1586,860,1006,1125,1155,1229,1151,1656,1312,1701,1570,1003,935,1380,1309,1706,1424,1016,1120,1193,1204,1736,1778,951,881,1883,1881,739,739,1559,1756,1491,1658,1333,1374,1187,1169,701,687,903,881,1883,1925,1090,1054,1056,1766,5048,3235,1350,1530,1528,1920,1173,1529,1491,1329,1231,850,832,917,1103,1512,1550,1050,1214,1710,1425,954,810,909,993,1137,1097,1621,1921,1664,1739,1283,1178
bing_querylogs|config_id=5758,723,723,589,592,554,556,648,658,952,943,1005,1001,972,1147,873,873,953,1032,996,679,688,903,962,696,696,834,815,877,967,867,839,1018,1039,800,929,959,1155,585,632,721,718,801,798,795,808,603,600,974,1003,609,609,789,851,834,779,867,891,770,752,550,563,731,731,959,1054,716,720,715,576,576,632,635,1147,1264,815,815,730,730,1026,1014,640,643,723,729,969,1060,780,780,910,1072,612,612,576,560,786,800,658,655,1038,1171,716,719
bing_querylogs|config_id=5777,776,784,575,600,559,583,783,809,735,812,963,1001,1379,1055,947,859,1042,876,1031,816,862,1051,1041,685,682,796,803,754,874,862,849,975,1043,738,749,874,877,901,814,739,814,723,718,957,793,653,608,1178,1134,614,695,763,762,717,654,739,1057,783,852,574,578,723,756,908,1011,794,702,699,852,714,755,671,1217,1401,700,864,897,804,927,942,699,672,694,674,888,1050,784,753,893,898,613,603,571,555,785,809,840,771,954,1327,744,791
bing_querylogs|config_id=5807,938,946,714,728,628,790,771,771,952,976,1172,1173,1528,1125,1051,1106,1217,1181,1215,1096,969,1047,1029,749,755,913,961,1089,1347,1242,1032,1275,1215,812,856,1031,1385,708,707,823,777,999,1030,1176,1322,888,889,1223,1168,820,822,1080,1044,1052,1043,1050,1156,938,958,614,588,755,708,1164,1424,815,855,812,685,705,743,745,1469,1336,1084,1066,852,1045,1210,1251,787,774,853,842,1142,1132,863,932,986,1025,736,736,684,684,989,966,773,749,1248,1163,908,888
bing_querylogs|config_id=5812,1453,1534,1373,1051,1138,1167,1250,1067,1205,1386,1814,1801,2105,1933,1585,1587,1710,1537,1737,1120,1258,1610,1875,950,918,1273,1412,1345,1465,1830,1776,1672,1678,1144,1240,1672,1543,1084,1083,1434,1330,1371,1402,1841,1485,1120,1055,2012,1884,920,954,1456,1454,1041,1119,1316,1512,1381,1718,893,853,1250,1191,1900,1971,1065,1063,1050,1164,1136,1118,1396,1790,1781,1430,1402,1758,1888,1535,1467,1109,1071,1130,1109,1591,1521,1171,1242,2001,1488,1051,1009,1169,1021,1483,1599,1233,1286,1746,1815,1291,1458
bing_querylogs|config_id=5817,833,1085,811,871,637,613,826,830,932,963,1210,1284,1213,1083,1097,1028,1073,1055,1053,1038,825,1166,1041,749,755,944,947,1190,1257,1121,1035,1174,1198,1015,983,1250,1228,669,715,880,819,1045,986,1244,1008,713,712,1086,1194,785,832,936,1002,1038,971,947,988,914,918,625,611,777,728,1251,1307,861,839,893,677,697,879,1081,1305,1274,1080,1024,945,1000,1195,1286,787,721,833,818,1147,1323,835,950,958,1020,648,648,869,605,895,1033,830,762,1184,1307,822,864
bing_querylogs|config_id=5822,1067,1127,716,719,644,647,818,818,953,928,1197,1159,1173,1102,1054,1046,1024,1111,1183,1146,796,1086,1036,741,732,901,961,1027,1286,1236,1120,1176,1196,1032,1030,1047,1142,662,861,861,822,1056,966,964,1008,777,809,1292,1294,729,808,1167,953,948,1043,920,989,871,893,588,584,775,724,1231,1339,789,859,853,664,671,714,717,1381,1344,1044,1042,1151,1165,1128,1283,762,732,860,807,1339,1317,844,880,1093,1109,710,710,662,658,814,978,764,765,1017,1379,848,958
bing_querylogs|config_id=5827,1344,1513,972,975,637,583,1549,1563,1217,1218,1545,1391,2187,2106,1366,1288,1233,2888,2925,1339,1083,1354,1295,741,747,811,850,1410,1484,994,886,1221,1241,976,1038,997,1003,974,1047,1000,1036,1099,1077,2137,2244,1301,1363,1467,1722,702,712,1072,1178,1630,1460,955,917,889,915,599,585,783,747,1455,1654,725,931,719,1579,1602,1251,1256,1464,1453,2602,2605,1161,1020,950,1174,759,730,841,878,1339,1332,866,754,1597,1558,750,750,605,678,1351,1256,1276,1108,1534,1475,1005,996
bing_querylogs|config_id=5844,983,1036,828,910,857,820,902,895,878,827,1336,1375,1381,1304,1209,1022,1119,945,1000,982,987,1322,1297,769,775,897,912,1253,1341,1407,1565,1218,1301,982,920,1526,1235,673,672,961,930,1015,921,1244,1293,722,719,1463,1607,961,997,1094,1005,740,743,956,956,1036,1058,602,586,953,911,1455,1515,899,883,870,741,745,1002,952,1674,1578,1254,1147,1053,1066,1272,1317,852,705,896,956,1420,1501,970,915,1092,917,885,871,931,959,1115,1022,884,920,1384,1530,1126,1091
bing_querylogs|config_id=5849,1247,1251,1044,981,782,793,985,949,1267,1287,1501,1537,1493,1304,1255,1224,1194,1295,1291,1140,1256,1269,1160,940,946,1137,1092,1241,1319,1347,1219,1444,1464,1281,1279,1538,1485,825,824,988,985,1200,1197,1287,1413,929,926,1295,1366,840,942,1116,1329,1187,1289,1110,1155,1237,1024,788,719,900,909,1280,1478,1125,1045,1022,834,837,1132,1183,1413,1466,1138,1168,1176,1127,1418,1299,887,920,986,1041,1381,1340,1030,1082,1141,1070,903,903,843,805,1039,1167,938,950,1264,1425,1032,1114
bing_querylogs|config_id=5854,855,860,721,852,661,664,811,777,997,981,1281,1272,1267,1237,1016,997,1021,1026,975,815,815,1050,1050,764,770,985,1013,1134,1154,1186,1078,1290,1233,1010,1008,1219,1040,664,804,836,912,1094,921,1253,1226,786,783,1209,1162,699,723,1023,1023,910,948,892,1019,880,932,614,592,793,717,1047,1371,893,893,851,669,622,732,739,1281,1256,1017,1036,1103,996,1094,1177,777,771,830,797,1214,1090,833,1005,992,1159,715,724,719,714,880,938,808,796,1028,1091,903,869
bing_querylogs|config_id=5864,1265,1324,943,946,563,564,1542,1542,1020,1023,1390,1390,2097,2091,997,1002,994,3417,3453,979,983,1171,1171,831,837,743,772,1148,1222,965,857,1007,1030,938,937,889,889,778,779,913,910,1049,1054,1990,1990,1144,1141,1328,1338,604,604,941,941,1713,1716,869,869,858,861,529,516,726,677,1333,1443,659,659,653,1672,1677,1136,1139,1329,1329,2518,2527,972,972,1087,1095,717,687,785,818,1005,1005,700,690,1558,1558,625,625,573,573,1065,1108,997,1006,1370,1372,906,909
bing_querylogs|config_id=5869,1258,1301,933,934,565,567,1536,1536,1000,1001,1349,1349,2073,2079,973,977,970,3310,3338,962,963,1132,1132,808,812,750,788,1140,1188,942,870,970,983,933,929,869,869,783,782,906,866,1035,1039,1980,1980,1137,1136,1287,1294,607,607,912,912,1653,1656,836,836,817,820,532,521,709,677,1307,1372,657,657,651,1656,1660,1125,1126,1259,1259,2497,2502,943,943,1048,1051,714,690,786,816,977,977,695,722,1492,1492,624,624,575,575,1056,1084,988,993,1317,1318,894,895
bing_querylogs|config_id=5874,1285,1285,917,918,553,554,1522,1522,991,992,1336,1336,2065,2063,966,966,958,3294,3378,946,951,1086,1119,796,796,759,753,1121,1173,858,857,955,968,949,950,859,859,771,770,883,882,1023,1023,1967,1967,1121,1120,1281,1281,595,595,896,896,1641,1644,824,824,811,804,507,508,701,701,1295,1360,645,645,639,1644,1644,1109,1110,1246,1246,2485,2490,927,927,1049,1051,702,702,802,800,891,978,708,708,1000,1541,612,612,560,551,1074,1072,976,981,1231,1305,882,883
bing_querylogs|config_id=5910,1436,1434,951,954,1069,935,1032,1016,1115,1118,1536,1409,1350,1425,1413,1447,1377,1139,1287,1170,1172,1535,1544,893,893,1200,1171,1195,1257,1459,1456,1433,1454,1225,1079,1314,1313,1027,1000,1269,1059,996,1178,1446,1462,1029,944,1635,1495,883,883,1368,1177,973,989,1284,1294,1395,1296,753,782,1128,1077,1516,1633,1004,959,962,962,1036,910,1288,1589,1490,1209,1212,1448,1624,1398,1404,985,1083,999,989,1353,1508,1070,1115,1794,1611,993,881,829,814,1361,1307,1008,1262,1528,1473,1240,1184
bing_querylogs|config_id=5920,946,941,651,651,635,641,858,941,944,887,1184,1544,1198,1102,1066,931,1019,1172,1116,815,896,1147,1196,703,718,1012,890,891,1088,1152,925,1123,1144,841,853,1084,1051,788,530,790,858,859,916,1071,1071,719,972,1710,1051,825,824,887,878,1010,637,889,929,1020,1065,581,567,751,797,1193,1126,819,760,819,743,658,809,826,1504,1315,775,755,895,1026,1129,1038,853,864,813,779,1130,1156,874,818,1100,1143,688,685,806,783,875,937,658,785,1297,1298,828,838
bing_querylogs|config_id=5930,1138,1138,774,777,750,750,984,904,984,993,1274,1324,1260,1110,1086,869,941,1272,1234,983,1059,1124,1184,745,745,940,838,1138,1432,1165,1337,1260,1133,907,915,1149,1143,913,819,856,928,1062,1196,1086,1053,796,793,1445,1570,763,809,1068,968,819,806,2250,1182,1014,970,596,598,905,855,1216,1507,886,855,886,17145,994,15546,1486,1515,1317,982,1092,1093,1099,1196,1283,770,721,912,900,1024,1134,874,918,1140,1379,717,709,977,775,975,850,832,971,1398,1483,1062,1254
bing_querylogs|config_id=5935,1462,1399,916,918,875,854,1109,1137,1134,1012,1432,1449,1466,1474,1402,1149,1483,1343,1306,989,1180,1347,1385,905,920,1149,1113,1177,1391,1444,1468,1402,1465,1387,1192,1284,1293,1005,1005,1026,1257,1162,1207,1414,1253,949,937,1529,1546,882,880,1081,1163,1154,988,1178,1225,1395,1241,737,755,1132,1067,1558,1682,1017,975,952,963,1044,1006,910,1588,1580,1476,1246,1590,1596,1409,1458,954,959,962,952,1430,1521,1064,1099,1726,1728,961,904,958,819,1443,1320,1124,1116,1379,1531,1257,1176
bing_querylogs|config_id=5944,943,951,755,730,802,805,825,789,757,745,1255,1350,1030,982,991,1097,1082,805,976,820,846,1000,1059,725,725,825,815,1148,1223,1307,1097,1130,1137,860,844,1105,1198,668,668,837,834,972,959,1152,1158,697,694,1215,1316,929,911,860,860,709,713,871,982,961,905,573,586,800,857,1249,1354,846,827,898,727,825,781,822,1355,1418,1430,1240,1010,1054,1175,1137,730,730,758,754,1163,1281,768,854,1129,1078,742,742,944,718,863,831,794,802,1171,1267,995,1110
bing_querylogs|config_id=5949,1029,1012,872,846,792,821,805,812,813,794,1316,1292,1172,1062,1204,1025,1023,804,903,829,838,1238,1270,732,732,884,834,1207,1071,1101,1234,1177,1136,860,881,1188,1164,788,691,877,867,855,959,1266,1086,687,702,1402,1122,836,825,947,947,725,728,882,882,988,914,616,616,815,833,1218,1433,881,906,865,851,790,810,813,1474,1454,874,967,1436,1024,1193,1191,723,723,776,770,1226,1294,871,862,959,953,743,743,817,982,932,910,804,829,1053,1284,941,1217
bing_querylogs|config_id=5964,1497,1448,979,1015,983,1048,1094,1057,1262,1129,1519,1525,1378,1453,1328,1422,1413,1406,1282,1338,983,1415,1411,923,970,1173,1140,1300,1379,1451,1444,1570,1521,1241,1116,1483,1385,983,1114,1143,1299,1184,1309,1509,1339,913,1029,1627,1547,925,918,1464,1199,1410,994,1197,1290,1262,1458,788,780,1176,1165,1513,1650,967,1016,1071,1034,1058,1692,1248,1634,1636,1414,1738,1607,1644,1414,1422,950,944,993,974,1398,1509,1099,1120,2008,2116,858,858,984,993,1328,1346,907,900,1442,1535,1206,1163
bing_querylogs|config_id=5969,1633,1579,1012,884,1446,1181,1302,1137,1179,1289,1709,1558,1669,2106,1585,1581,1191,1399,1313,1473,1123,1648,1704,952,1064,1481,1291,1280,1641,1462,1564,1750,1770,1261,1262,1525,1681,1387,1465,1178,1199,1458,1247,1712,1454,1182,1186,1932,2064,897,930,1355,1327,1150,1227,1438,1383,1382,1502,889,961,1114,1178,2069,2050,1132,1180,1128,998,1240,1334,1205,1737,1821,1506,1399,1873,1331,1567,1462,1228,1287,1090,1106,1470,1566,1197,1170,2094,1760,1004,1002,1170,1223,1661,1443,1241,1205,1631,1739,1260,1744
bing_querylogs|config_id=5974,1262,1262,904,907,559,559,1501,1501,1025,1159,1271,1271,2093,2026,998,950,953,2522,2623,982,991,1158,1134,700,700,767,767,1118,1199,853,850,989,1010,927,945,881,881,755,755,927,922,1025,1025,1988,1988,1223,1220,1196,1196,594,594,928,928,1299,1680,819,819,858,848,506,506,714,714,1149,1257,654,654,648,1458,1458,1119,1122,1270,1254,2412,2428,884,884,932,939,708,708,803,797,910,1023,722,722,1130,1130,617,617,562,537,1102,1095,1002,1011,1180,1316,920,875
bing_querylogs|config_id=5979,1504,1541,922,950,1086,915,1128,1146,1220,1204,1578,1548,1504,1536,1521,1464,1372,1222,1355,1224,992,1569,1598,935,935,1222,1304,1338,1319,1491,1434,1492,1443,1154,1139,1480,1349,985,977,1272,1162,1210,1351,1368,1548,1014,1078,1498,1513,934,940,1447,1411,1020,1054,1285,1237,1457,1353,785,798,1151,1191,1501,1724,1001,1019,1062,994,998,987,1237,1569,1654,1273,1288,1612,1643,1501,1508,1050,1032,1053,1002,1481,1445,1141,1097,1756,1508,949,940,900,1033,1363,1339,1087,1141,1457,1626,1291,1277
bing_querylogs|config_id=5984,1457,1453,959,962,1247,1227,1202,1039,1085,1119,1448,1490,1308,1609,1375,1344,1428,1379,1653,947,956,1542,1594,953,955,1161,1161,1165,1386,1428,1469,1472,1466,1109,1371,1342,1377,985,1096,1081,1120,1069,1071,1561,1383,1025,1029,1478,1541,919,892,1151,1256,1007,1003,1064,1221,1417,1220,759,752,1112,1149,1538,1684,995,1056,998,903,979,1008,1261,1596,1604,1218,1287,1325,1457,1464,1410,997,971,991,985,1309,1377,1062,1042,1353,1581,918,918,853,816,1266,1352,1082,1143,1381,1536,1177,1222
bing_querylogs|config_id=5989,1205,1283,867,867,1112,1142,878,877,831,834,1356,1560,1124,1332,953,1081,1108,886,991,884,848,1105,1258,762,762,1012,892,1073,1305,1337,1404,1148,1314,1049,984,1152,1182,628,627,932,851,1047,883,1616,1332,721,719,1373,1465,857,905,991,1046,1075,730,877,878,940,930,668,620,845,849,1271,1263,855,874,882,867,869,906,1143,1604,1674,1070,1083,1297,1169,1153,1193,795,795,882,873,1208,1387,903,846,1378,1106,814,864,738,748,1153,1011,937,904,1330,1314,1094,1204
bing_querylogs|config_id=5994,1081,1053,778,781,730,773,1077,953,1052,905,1358,1328,1412,1346,1196,1004,933,1186,1394,1043,1071,1094,1197,765,749,797,860,1353,1427,1220,1319,1063,1206,886,922,1149,1232,812,808,942,869,1070,1137,1110,1066,859,949,1570,1661,734,718,1023,1074,912,1160,1160,1163,985,976,623,630,923,945,1381,1440,971,903,892,927,726,1040,2655,1476,1360,1052,1026,1004,1078,1181,1133,722,722,851,896,1051,1105,846,1005,1053,1457,713,713,929,733,1079,1019,965,930,1153,1299,882,1030
bing_querylogs|config_id=5999,1005,988,682,792,658,747,847,996,839,995,1148,1263,2239,1552,996,1017,1096,1369,2596,775,852,1124,1248,707,692,821,806,1079,1135,1213,1136,1057,1005,921,993,1051,1075,989,939,901,823,1066,963,1193,961,603,782,1383,1091,702,710,896,1011,2916,2231,987,1631,916,980,581,570,893,887,1179,1311,904,764,798,969,1283,882,817,1331,1191,885,919,1043,1021,1013,1044,823,702,842,784,979,1214,920,907,1476,1439,610,610,699,805,957,924,963,1404,1123,1829,982,805
bing_querylogs|config_id=6009,1141,1058,1135,2119,862,961,1127,1409,821,805,1192,66629,2334,1319,1072,909,950,884,1060,1043,915,1311,1381,754,766,901,862,1114,1221,1435,1560,1059,1181,824,66338,1125,1084,4041,741,64445,1457,905,998,1084,989,672,752,1400,1246,774,802,869,1082,1645,769,1015,883,1016,989,585,582,1121,807,1448,1371,820,862,801,832,1783,805,789,1330,1499,1771,1432,1034,1072,1118,1239,721,721,749,849,1274,1264,831,897,1246,1246,745,739,929,880,988,887,993,992,1353,1368,1059,1242
bing_querylogs|config_id=6019,1292,1297,948,951,570,571,1498,1498,1035,1038,1456,1456,2049,2036,1101,1106,1098,3607,3643,984,988,1233,1233,718,724,765,794,1155,1222,977,869,1011,1034,929,938,896,896,778,779,922,868,1062,1067,1990,1990,1148,1145,1313,1308,628,628,949,949,1432,1435,816,816,808,811,540,527,737,688,1385,1495,670,670,664,1526,1531,1153,1156,1314,1314,2575,2584,928,928,1103,1111,723,693,796,833,1028,1028,701,691,1615,1615,636,636,580,580,1070,1113,1016,1025,1284,1394,911,914
bing_querylogs|config_id=6024,1320,1325,944,947,564,565,1495,1495,1021,1024,1391,1391,2101,2095,1000,1005,997,3418,3454,980,984,1172,1172,832,838,744,773,1149,1216,966,858,1008,1031,939,937,890,890,779,780,936,882,1046,1055,1991,1991,1146,1143,1329,1339,605,605,942,942,1714,1717,875,870,801,804,530,517,729,680,1412,1522,660,626,654,1673,1678,1137,1140,1330,1330,2519,2528,973,973,942,948,718,688,786,819,1006,1006,701,691,1559,1559,630,630,578,574,1066,1109,998,1007,1263,1373,907,910
bing_querylogs|config_id=6034,1339,1326,946,949,570,571,1541,1585,1110,1113,1396,1363,2046,2033,1041,1009,1002,3509,3246,988,994,1156,1280,795,842,757,785,1150,1217,972,863,1017,1036,934,937,911,904,767,768,919,896,1015,1077,1981,2084,1154,1146,1360,1314,622,622,1073,963,1912,2153,835,812,869,870,538,532,734,682,1319,1429,667,664,659,1556,1679,1144,1149,1333,1329,2523,2589,1075,975,1105,1111,742,688,784,817,1010,1010,696,688,1749,1749,630,630,578,578,1082,1114,1002,1011,1392,1389,930,933
bing_querylogs|config_id=6039,1274,1300,951,954,575,576,1495,1495,1122,1125,1407,1407,2079,2063,1124,1124,1121,3303,3339,993,997,1228,1228,714,720,754,783,1152,1234,979,871,1017,1040,943,952,897,909,778,779,943,889,1080,1074,1993,1993,1151,1148,1228,1225,627,627,962,962,1556,1554,842,842,878,878,544,530,736,687,1200,1310,673,673,667,1642,1647,1151,1154,1314,1302,2542,2551,953,953,1176,1184,743,713,799,832,1017,1042,691,742,1206,1206,631,631,583,583,1066,1109,1017,1026,1373,1391,940,943
bing_querylogs|config_id=6059,1658,1593,1054,1122,1047,1041,1166,1188,1286,1286,1669,1609,1294,1380,1574,1568,1651,1368,1456,1131,1128,1658,1670,1099,1099,1332,1318,1357,1396,1589,1676,1599,1607,1303,1261,1486,1587,1193,1127,1386,1249,1437,1373,1672,1572,1197,1170,1662,1766,1042,1077,1350,1286,1169,1538,1443,1392,1430,1452,915,915,1238,1258,1660,1755,1152,1221,1136,1082,1267,1214,1077,1782,1779,1398,1375,1406,1706,1548,1555,1153,1107,1156,1148,1500,1571,1200,1256,1928,1422,1086,1054,1156,1162,1395,1491,1244,1276,1610,1671,1439,1443
bing_querylogs|config_id=6064,1631,1658,1218,1355,1364,1547,1205,1295,1630,1504,1909,1968,1756,2074,1809,1637,1714,1831,1715,1191,1200,1910,2049,1082,1085,1515,1403,1485,1745,1712,1671,1771,1898,1390,1350,1681,1697,1371,1418,1307,1261,1301,1412,1745,1664,1428,1443,2141,2010,1084,1083,1586,1638,1243,1360,1734,1371,1505,1415,961,978,1259,1303,2351,2281,1238,1218,1264,1328,1336,1173,1929,1974,1910,1461,1681,1837,1622,1526,1586,1268,1179,1263,1292,1703,1856,1369,1386,2246,2203,1236,1199,1292,1354,1628,1548,1166,1177,1766,1961,1399,1704
bing_querylogs|config_id=6069,1233,1121,990,1019,788,778,920,924,1160,1096,1364,1409,1332,1180,1216,1216,1207,1224,1348,1155,1164,1086,1145,927,927,1143,1128,1229,1277,1254,1335,1426,1431,1064,1086,1544,1583,1028,1050,924,920,1118,1211,1268,1408,935,1029,1343,1313,826,927,1101,1262,1200,1070,1173,1119,978,973,766,765,951,958,1328,1354,1005,1017,999,835,809,1142,1145,1606,1619,1167,1099,1233,1108,1211,1332,925,925,1020,1019,1253,1363,1029,1064,1164,1325,892,936,951,809,1096,1168,983,936,1342,1333,1056,1060
bing_querylogs|config_id=6094,1475,1441,892,874,919,990,1124,1144,1206,1231,1609,1476,1787,1480,1294,1449,1419,1908,1564,892,913,1460,1480,888,876,1091,1179,1102,1180,1543,1414,1323,1351,1096,1172,1403,1472,1177,1305,1105,1102,1287,1350,1538,1427,1194,1125,1715,1750,867,1116,1477,1245,1446,1214,1680,1412,1498,1433,727,729,1009,1020,1809,1802,1030,1076,1006,1096,1130,950,921,1567,1556,1072,1110,1525,1524,1360,1445,1110,1110,1048,1055,1259,1347,1018,1089,1987,1759,898,863,931,802,1178,1153,1177,1201,1370,1630,1293,1134
bing_querylogs|config_id=6119,766,761,614,617,577,599,675,675,923,924,1034,1019,977,1021,1017,1017,1014,965,1041,708,704,911,970,727,727,809,794,951,1041,969,961,1053,1074,993,800,1174,947,711,678,750,759,777,799,872,872,629,620,1020,998,661,667,830,874,874,842,844,847,777,776,554,567,744,744,1060,1176,729,724,729,639,640,642,656,1211,1210,886,908,758,758,1144,1086,666,674,735,726,940,1033,779,779,1069,1065,648,642,607,592,864,799,707,722,987,1079,717,720
bing_querylogs|config_id=6124,728,819,580,583,588,598,665,737,910,903,954,1039,1137,1138,1208,1083,1008,958,1094,669,723,964,1141,714,717,838,846,911,1083,923,931,992,1013,750,915,1245,996,776,766,729,730,852,849,953,959,600,600,975,1077,686,687,910,1159,1147,915,845,868,809,744,597,535,773,817,974,1110,726,738,704,671,694,642,638,1179,1167,965,905,734,806,1232,1037,769,666,704,711,1019,1130,756,756,1088,1083,616,616,582,620,789,783,714,647,1022,1135,740,745
bing_querylogs|config_id=6134,881,809,628,631,588,588,683,683,931,973,1063,1063,1023,1012,982,1025,979,950,1074,721,729,925,984,756,756,833,816,959,1056,933,930,1070,1091,999,823,1221,1191,682,755,765,762,788,797,934,934,643,640,1037,1006,644,645,835,924,889,887,876,819,810,801,594,573,770,770,1023,1099,745,738,732,658,653,639,660,1246,1253,939,943,774,774,1087,1088,733,710,744,738,1004,1059,797,797,1173,1056,654,654,618,604,865,868,690,766,1024,1138,745,748
bing_querylogs|config_id=6139,895,815,622,626,585,585,695,709,980,983,1036,1012,953,947,1037,1037,1030,843,1061,710,719,920,979,746,745,826,808,970,962,960,956,1045,1066,819,827,1179,1179,833,686,755,752,800,805,908,1010,653,651,998,996,670,670,859,865,965,979,853,824,784,784,578,573,758,759,1070,1119,729,729,723,648,645,657,659,1153,1200,926,855,762,762,1012,1136,693,891,735,732,1079,1084,798,836,1055,1059,642,642,609,584,895,789,716,695,967,1127,737,740
bing_querylogs|config_id=6149,797,797,653,656,624,624,729,741,1024,1000,1065,1087,998,902,1044,1042,1033,1040,1140,743,752,943,1002,769,769,870,841,1065,1106,979,959,1092,1113,1034,964,1010,1010,660,720,820,817,858,849,1060,1038,661,658,1079,1035,689,737,976,988,1331,1117,892,892,888,885,616,616,801,799,1144,1285,775,780,769,644,656,749,738,1254,1313,974,927,793,797,1043,1050,729,762,786,780,1084,1177,852,851,1030,1030,679,677,642,627,867,862,725,737,985,1169,757,760
bing_querylogs|config_id=6154,779,779,620,621,591,591,737,723,980,983,1028,1049,1083,995,1021,1041,1012,1004,1103,719,728,915,974,728,728,829,810,972,1002,895,948,1043,1064,895,887,955,955,771,759,754,752,779,767,900,899,627,624,1021,1030,668,667,860,860,953,865,850,850,782,772,559,559,754,754,1037,1195,727,727,724,752,751,651,654,1192,1149,945,938,775,775,1121,1149,730,787,735,732,956,1065,785,784,1057,1123,646,646,609,593,834,797,721,730,936,1057,741,744
bing_querylogs|config_id=6159,747,747,613,617,584,599,696,696,907,955,1043,1040,971,982,1066,989,1000,992,1030,695,719,913,969,743,725,821,806,931,1012,966,945,1028,1050,857,802,1189,946,713,770,759,746,792,790,989,866,623,619,1045,1045,660,666,972,842,973,900,856,852,780,765,557,570,743,742,1066,1167,726,728,717,629,639,647,685,1295,1208,904,967,757,757,1080,1155,722,673,729,726,1072,1165,779,779,1104,1073,641,641,606,591,803,800,711,724,978,1100,716,731
bing_querylogs|config_id=6169,746,746,615,618,581,581,716,885,972,914,1012,1012,967,1028,973,973,979,947,971,698,707,912,971,723,723,821,802,935,1016,977,976,1020,1041,787,922,961,946,733,733,734,731,762,774,882,977,631,628,1027,1014,666,666,816,870,898,982,827,845,790,752,558,558,740,740,992,1189,726,726,720,637,629,683,686,1198,1160,951,1021,759,760,1128,1066,861,870,733,723,937,1048,769,768,1066,1030,641,641,606,591,851,846,712,700,1039,1046,726,718
bing_querylogs|config_id=6174,784,854,580,583,555,555,764,722,875,910,968,968,1193,1199,1167,1158,1184,1065,1147,664,947,978,943,682,701,851,852,860,1073,863,860,982,1009,872,950,1158,1156,861,716,713,710,807,893,812,819,598,595,998,1126,691,735,896,847,1220,1173,809,812,838,778,522,535,717,717,1005,1192,714,712,735,683,703,616,653,1177,1176,928,941,819,854,986,997,791,780,721,705,1005,1190,752,754,1143,1020,610,610,583,568,759,783,641,652,1050,1183,737,742
bing_querylogs|config_id=6179,754,754,618,621,599,599,726,723,919,983,1053,1012,1011,1032,993,993,969,973,1026,706,715,915,974,728,728,829,807,938,1038,963,949,1054,1075,883,814,955,955,694,694,740,737,767,767,916,896,627,624,1000,1036,674,674,850,851,800,980,852,853,774,757,560,558,770,773,1082,1171,730,727,724,735,735,656,659,1180,1167,911,938,766,766,1090,1087,715,790,734,728,991,1169,774,784,1077,1078,646,647,611,596,863,787,721,730,992,1076,730,733
bing_querylogs|config_id=6189,803,760,619,617,581,586,691,686,974,977,999,1018,985,1196,1017,1017,965,951,1043,722,748,920,979,724,724,824,806,949,1033,949,976,1047,1068,1020,807,1187,1045,866,689,743,739,784,767,1013,880,647,620,991,1003,667,666,851,843,888,828,872,872,773,769,553,553,761,749,1000,1126,743,743,737,717,625,686,661,1178,1178,892,872,758,758,1094,1101,735,735,731,724,940,1147,777,766,1040,1042,642,642,613,591,794,831,698,680,1056,1098,741,733
bing_querylogs|config_id=6194,737,737,609,612,572,572,768,712,960,974,997,998,988,1012,1012,965,1003,928,1178,704,713,906,965,718,719,813,794,899,1039,942,973,1023,1044,871,878,1190,1048,642,700,750,727,785,806,974,885,649,661,990,987,669,661,827,822,970,1003,867,862,788,757,539,552,755,755,1061,1165,719,719,713,714,709,647,650,1194,1166,913,917,760,760,986,993,862,842,727,721,1036,1046,765,774,1105,1021,650,650,604,584,836,781,671,688,996,1110,718,721
bing_querylogs|config_id=6199,802,760,617,620,578,597,696,679,932,929,1033,1035,1002,983,991,1012,1003,882,1056,693,713,920,976,747,724,824,805,963,1025,963,960,1052,1073,920,885,1013,1013,690,694,740,730,789,781,981,999,633,630,997,963,632,666,865,865,812,932,850,843,836,811,542,542,742,753,1093,1118,727,730,719,642,606,665,694,1187,1207,816,830,759,774,1093,1131,847,709,735,729,973,1064,764,785,1052,1046,651,683,607,594,793,857,686,691,1014,1204,730,734
bing_querylogs|config_id=6204,1396,1307,1091,1097,825,834,1153,1159,1346,1352,1441,1431,1286,1442,1481,1389,1395,1618,1464,1330,1327,1486,1516,933,1041,1289,1267,1291,1550,1484,1297,1402,1420,1384,1415,1333,1333,1126,1314,1085,1062,1326,1323,1365,1445,997,950,1388,1401,1016,1086,1483,1708,1408,1548,1195,1199,1304,1278,840,827,1026,1124,1568,1486,1056,1008,1066,937,997,1187,1229,1753,1592,1349,1248,1504,1592,1716,1722,1004,939,1021,1070,1380,1427,1108,1109,1604,1643,996,966,848,842,1422,1274,1034,1061,1688,1485,1133,1241
bing_querylogs|config_id=6209,850,850,577,580,556,556,963,995,1070,1073,1056,1088,1480,1053,1098,1159,1125,1106,1150,791,814,1000,1116,676,676,865,842,1118,1023,863,842,994,1010,990,825,1050,1329,771,1201,814,811,948,811,1206,1026,623,618,1307,1202,612,612,1016,1054,1080,1024,968,934,973,941,523,522,710,715,1254,1436,812,798,792,779,794,728,713,1298,1331,965,1012,914,958,1036,1039,892,822,692,701,910,1018,761,834,1472,1523,604,604,596,565,772,749,649,658,1164,1164,897,856
bing_querylogs|config_id=6214,747,809,613,616,604,585,692,701,973,923,1025,1047,973,986,989,989,1042,950,1016,703,720,913,974,729,724,813,789,960,1035,954,960,1051,1072,866,893,1263,955,687,701,759,756,789,802,866,1002,645,619,1048,1112,660,660,880,868,1108,921,849,856,776,762,557,553,760,760,1076,1180,732,726,717,736,723,634,682,1230,1248,904,884,757,757,1121,1099,707,731,732,726,1061,1107,782,778,1068,1095,641,646,606,590,822,817,675,680,1005,1099,726,729
bing_querylogs|config_id=6219,983,975,712,689,708,865,867,763,841,928,1258,1258,980,1158,1137,1207,1198,1200,1108,807,827,1088,1206,736,736,937,939,1047,979,890,1045,1199,1303,924,1133,1026,1410,746,748,774,781,808,952,1012,1012,772,849,1176,1152,810,867,960,1049,1040,1099,1028,894,975,1062,565,608,806,784,1283,1351,813,921,831,705,722,842,968,1430,1319,1011,987,1142,1142,1217,1276,703,809,841,830,1095,1188,910,912,1163,1353,730,732,813,676,1002,1036,767,878,1278,1189,802,800
bing_querylogs|config_id=6263,1217,1200,900,871,530,537,1466,1465,1070,1073,1197,1238,1910,2076,926,925,927,2581,2682,964,973,1015,1016,636,642,748,769,1122,1129,851,830,882,896,871,876,820,820,777,777,879,866,955,961,1935,1925,1193,1145,1154,1154,563,597,879,896,1414,1417,751,751,787,787,503,501,719,670,1186,1182,611,612,609,1440,1440,1116,1119,1106,1104,2416,2423,895,889,814,819,681,681,779,774,891,891,674,674,1153,1152,581,580,534,533,1103,1046,965,975,1210,1168,838,883
bing_querylogs|config_id=6273,1241,1241,871,873,533,534,1479,1482,1086,1088,1263,1161,1967,2043,939,936,936,2620,2608,926,933,1074,1102,653,658,771,780,1149,1150,905,905,950,966,885,888,810,869,758,758,859,847,962,968,1944,1956,1205,1099,1189,1141,574,574,905,905,1381,1384,764,764,800,800,499,497,651,648,1190,1078,594,595,620,1437,1437,1090,1086,1155,1151,2377,2384,846,802,883,887,691,693,793,757,969,968,688,688,1112,1113,591,561,537,547,1056,1007,966,973,1223,1248,825,828
bing_querylogs|config_id=6283,1268,1269,914,917,587,588,1468,1498,1103,1103,1207,1207,1998,1977,1035,1034,1064,2864,2891,1014,984,1124,1117,691,697,829,783,1188,1267,1050,1047,1035,1056,984,1002,911,911,812,812,947,944,1040,1046,1922,1922,1156,1148,1206,1199,665,665,925,914,1402,1443,865,808,886,876,533,531,749,749,1411,1410,669,663,665,1589,1531,1103,1106,1355,1352,2648,2577,953,953,942,949,714,742,807,788,1051,1048,703,703,1191,1241,661,656,592,591,1161,1101,1015,993,1330,1247,961,964
bing_querylogs|config_id=6288,1699,1426,1284,1211,723,769,2248,1710,1307,1300,1564,1562,2357,2490,1282,1131,1320,2822,3009,1271,1180,1309,1596,879,887,983,1133,1461,1596,1274,1261,1184,1231,1085,1137,1088,1074,964,1097,1087,1312,1210,1205,2202,2138,1365,1357,1574,1429,769,813,1237,1285,1697,1762,1172,1156,1019,1018,771,705,886,1125,1485,1682,952,843,815,1721,1707,1435,1338,1423,1558,2860,2731,1094,1613,1241,1041,1105,943,990,984,1127,1223,1185,1092,1529,1641,786,911,776,825,1512,1506,1305,1387,1524,1606,1350,1057
bing_querylogs|config_id=6298,1475,1475,1274,1250,940,919,1659,1729,1295,1241,1687,1656,2252,2565,1379,1369,1393,3400,3112,1306,1427,1427,1491,902,910,975,970,1542,1478,1368,1461,1131,1214,1345,1383,1098,1084,1040,1024,1345,1307,1447,1234,2175,2116,1444,1344,1422,1448,918,858,1296,1396,1602,1643,1178,1038,1036,1030,722,719,907,1125,1573,1588,862,879,855,1911,1955,1431,1407,1510,1545,2953,2941,1387,1388,1430,1136,1275,1013,1044,1122,1374,1290,1215,1103,1455,1484,944,941,795,776,1313,1340,1242,1518,1505,1472,1119,1122
bing_querylogs|config_id=6303,1200,1200,851,853,512,510,1452,1455,1062,1061,1240,1158,2010,2006,916,919,913,2556,2632,903,910,971,964,630,638,797,837,1127,1127,878,785,917,936,858,882,830,830,735,734,860,858,955,940,1918,1928,1189,1187,1024,1024,554,554,885,868,1284,1287,744,741,777,777,480,478,662,662,1205,1071,603,603,597,1417,1417,1064,1066,1021,1001,2354,2362,884,830,764,769,667,667,770,769,823,843,664,737,1085,1086,571,575,516,511,1067,1029,946,953,1201,1228,792,883
bing_querylogs|config_id=6308,1239,1194,861,838,480,524,1493,1445,1100,1065,1127,1126,1975,2161,909,919,907,2607,2555,901,859,988,1015,563,623,758,785,1112,1168,811,918,836,800,864,849,810,869,755,754,802,850,943,984,1916,1918,1223,1222,995,1122,592,559,816,927,1244,1327,733,723,705,818,501,500,641,643,1097,1096,608,644,638,1440,1455,1066,1065,1064,1018,2343,2346,805,805,894,740,676,705,811,807,981,865,652,652,1036,1036,576,609,526,478,971,1003,908,954,1135,1113,863,866
bing_querylogs|config_id=6343,612,613,522,501,486,488,576,575,849,852,850,839,867,858,832,847,858,831,984,607,585,777,796,558,563,757,816,675,678,781,779,934,852,659,662,815,815,522,571,625,623,676,699,870,881,548,546,872,891,557,556,696,774,770,763,741,677,629,631,497,495,612,611,971,876,626,623,618,525,525,561,563,924,1057,753,700,615,618,782,784,644,577,627,622,894,887,709,668,762,766,529,532,500,499,808,654,596,575,984,958,618,621
bing_querylogs|config_id=6353,672,624,540,544,518,521,599,619,800,799,950,854,933,1067,875,875,872,896,943,621,628,791,810,624,632,861,918,883,895,883,772,953,967,811,851,957,886,584,582,682,680,722,726,758,943,555,557,895,890,570,572,795,795,748,792,819,816,677,624,524,522,665,665,1003,929,676,673,672,535,555,575,574,1048,1005,767,791,677,677,939,883,616,629,677,672,871,871,795,727,840,929,577,576,536,535,720,722,611,604,995,1035,672,674
bing_querylogs|config_id=6358,738,742,604,607,569,572,678,678,965,971,1038,1038,983,988,934,953,931,910,1082,694,705,970,970,701,707,822,860,916,983,956,848,1040,1060,853,869,954,954,586,585,753,693,788,788,815,1000,617,614,975,983,622,622,864,871,822,881,897,894,771,771,573,559,728,682,1017,1082,727,734,728,607,611,642,645,1162,1162,824,863,748,748,1018,1012,684,646,694,727,1044,1044,751,792,989,880,627,627,592,592,760,810,670,665,982,1056,731,734
bing_querylogs|config_id=6363,734,734,599,601,569,574,650,650,974,909,998,1030,986,980,951,951,927,952,986,692,701,979,979,699,707,820,854,963,957,951,948,1034,1053,780,854,952,952,582,632,738,735,780,753,990,818,613,610,978,1051,618,617,861,856,874,877,871,890,766,777,570,567,737,738,1138,1125,723,728,719,603,583,634,637,1158,1273,833,827,740,740,970,1019,680,667,730,736,1039,1084,798,798,958,1067,628,631,585,584,794,789,667,674,1086,1086,720,743
bing_querylogs|config_id=6373,666,672,589,560,536,538,631,608,917,917,920,884,909,919,888,888,886,880,981,679,694,861,862,630,636,792,826,877,884,856,835,912,925,718,797,1103,878,626,591,682,682,760,760,757,942,566,564,878,877,581,615,799,806,834,870,783,747,702,692,547,545,722,676,1008,984,673,678,682,578,578,627,630,1017,1024,839,835,688,682,888,845,676,632,691,673,920,947,733,732,906,906,582,581,553,552,799,896,629,639,965,1002,675,678
bing_querylogs|config_id=6378,710,645,528,530,530,496,600,596,862,903,833,871,787,709,878,871,882,888,883,624,626,794,925,604,562,859,842,878,826,846,866,814,834,821,771,843,1080,570,551,666,658,750,739,733,872,564,594,921,847,547,577,796,722,790,830,791,808,618,731,565,546,665,655,952,935,715,712,704,554,573,577,562,1140,931,814,770,615,650,863,1124,656,599,677,877,1005,1000,772,721,984,838,572,572,545,545,656,687,617,620,864,890,654,653
bing_querylogs|config_id=6383,719,719,578,527,505,557,637,582,944,946,924,943,964,967,913,915,872,892,967,667,619,794,795,612,617,827,869,804,891,892,873,880,877,749,826,931,1092,572,589,677,677,716,762,735,735,547,599,962,882,557,557,759,773,743,832,780,859,678,731,508,506,611,611,1024,899,661,664,702,540,540,562,562,1151,1054,812,765,617,675,826,765,606,647,657,670,997,970,718,763,829,758,566,561,572,520,656,653,596,602,880,900,669,620
bing_querylogs|config_id=6388,1265,1265,903,906,560,562,1481,1483,1026,1149,1272,1272,2053,2127,934,934,949,2543,2687,986,997,1153,1212,698,698,791,780,1124,1206,853,850,999,1018,938,927,888,888,757,756,937,934,1020,997,1983,1985,1187,1184,1144,1144,595,598,964,940,1493,1454,829,790,849,839,503,503,715,715,1152,1293,650,650,644,1461,1461,1120,1123,1258,1257,2412,2421,884,884,931,938,713,713,800,794,911,1024,728,732,1150,1151,633,633,561,546,1148,1143,993,1002,1171,1285,925,928
bing_querylogs|config_id=6398,734,734,596,599,564,566,650,672,961,946,987,1030,976,974,930,930,937,970,1129,681,695,965,965,693,699,821,854,912,976,951,955,1034,1053,869,913,952,1173,632,628,738,735,780,780,804,804,609,614,1051,1054,612,617,863,863,840,851,811,843,768,766,569,565,729,728,1008,1083,718,730,716,582,582,634,637,1152,1184,832,839,740,740,953,1019,642,667,738,718,1039,1039,786,786,1106,958,622,618,582,578,800,782,651,660,1086,1051,727,730
bing_querylogs|config_id=6399,1340,1043,839,916,675,682,3224,3268,887,893,1693,4798,2877,4094,1098,1037,957,6595,5233,958,1004,1284,1128,704,710,1031,1043,1226,1228,1304,1310,1000,1007,815,830,1221,1221,1076,1326,931,929,951,869,3028,2334,754,743,6239,2943,732,695,922,933,16820,12344,2755,2255,853,1056,547,529,801,876,3416,1685,684,686,688,3104,2221,1092,907,1553,1505,1416,1160,1523,1214,1254,1192,819,848,693,684,1244,1219,818,818,1671,2240,592,591,658,658,835,813,974,1053,1809,2094,1133,1179
bing_querylogs|config_id=6407,738,733,600,603,569,572,678,656,920,973,1038,1034,982,973,934,934,946,1107,1010,696,699,969,969,697,703,910,964,958,970,962,952,1041,1059,911,920,953,1094,637,584,749,745,784,784,996,811,613,610,983,976,622,621,867,825,812,815,815,813,770,757,573,570,729,729,1108,1106,723,727,721,607,607,638,641,1156,1161,822,832,744,744,1017,1011,671,671,742,740,1043,1043,794,794,917,958,627,631,588,588,792,786,656,678,1090,1095,731,734
bing_querylogs|config_id=6412,879,858,560,546,520,525,834,790,661,667,960,997,1253,1088,833,883,765,1023,1049,766,766,882,956,665,705,873,874,820,1058,1064,1007,878,884,787,815,1046,1040,688,717,860,874,827,831,972,1295,673,641,1036,1175,675,661,799,754,4639,7573,1394,1390,932,829,493,500,657,662,1085,1034,740,676,683,2113,1932,969,882,882,857,1070,32727,997,938,915,841,661,748,738,772,877,954,761,729,1122,1222,579,589,527,525,679,733,602,601,1188,1038,820,837
bing_querylogs|config_id=6418,902,944,727,728,976,996,825,825,750,834,1272,1250,1117,947,1007,1202,1050,902,930,815,825,1044,982,765,769,882,864,1014,1021,1159,1281,1149,1159,822,889,1078,1069,781,801,859,858,881,871,1276,1197,715,706,1315,1086,869,848,876,869,1613,720,1005,971,908,926,608,607,836,836,1345,1319,842,842,836,755,1050,1374,779,1447,1436,1046,1053,1069,1078,1134,1132,731,760,774,772,1266,1266,763,763,1106,1285,746,746,1013,686,954,928,827,959,1273,1192,1073,1072
bing_querylogs|config_id=6448,779,779,781,784,683,683,750,815,885,928,1098,1208,1217,1159,1030,1038,1259,985,1214,780,789,987,1017,716,716,948,897,1185,1026,1048,1066,1193,1269,869,949,1021,1378,785,777,770,738,1037,1029,1002,1002,678,675,1194,1192,804,897,909,1062,990,1121,988,994,897,887,584,584,768,768,1145,1402,850,853,836,659,659,713,716,1345,1331,1059,1059,1120,1117,1301,1283,752,781,785,843,1027,1120,925,894,1136,1342,719,719,855,840,959,1054,767,776,1162,1159,819,858
bing_querylogs|config_id=6458,704,705,575,578,551,555,675,849,797,832,938,954,1197,974,895,859,874,978,1107,657,661,848,920,666,670,811,787,871,919,853,857,974,996,795,819,1108,889,951,598,766,700,745,735,929,805,598,589,941,905,599,599,784,740,880,769,799,817,756,744,520,526,694,700,1074,1051,679,693,722,615,615,605,610,1117,1048,784,803,769,738,942,948,703,671,717,683,925,1025,735,732,960,895,596,602,575,561,760,793,647,652,874,1020,686,688
bing_querylogs|config_id=6463,670,729,604,607,567,568,652,652,977,928,1013,1013,974,968,936,930,951,870,909,686,690,973,973,703,709,818,847,898,954,955,916,1031,1054,780,833,972,972,634,635,744,741,770,778,803,938,616,613,1042,1052,617,617,851,837,787,814,814,810,775,778,551,538,727,678,987,1089,731,731,725,585,583,640,643,1227,1164,849,945,738,743,955,1059,662,613,704,730,1043,1070,744,791,891,997,620,620,603,597,866,834,669,678,975,1125,703,725
bing_querylogs|config_id=6468,1017,1017,807,810,766,751,938,911,838,811,1365,1328,1400,1339,1229,996,1042,936,1023,955,965,1173,1172,761,761,946,927,1347,1422,1225,1277,1254,1275,1025,1041,1415,1293,697,697,910,907,893,891,1263,1321,706,703,1540,1604,933,933,995,983,726,729,859,859,1101,1071,615,615,877,877,1488,1333,1035,1003,940,806,806,936,961,1593,1631,1212,1231,1051,1053,1168,1463,819,825,929,919,1355,1388,1030,943,1014,1328,860,860,1176,931,1028,1028,869,938,1246,1472,1264,1251
bing_querylogs|config_id=6473,728,716,583,605,555,557,665,713,843,831,951,967,1090,994,949,1013,949,1039,951,655,658,893,969,677,678,818,798,821,919,858,858,979,1002,754,845,916,946,598,687,717,717,736,821,800,910,606,601,932,935,618,608,776,774,757,743,838,804,771,749,541,554,716,724,977,1102,696,696,683,604,592,601,605,1141,1119,741,749,760,776,947,952,696,630,719,693,917,1003,755,766,896,889,634,602,605,621,775,758,641,658,877,1012,734,741
bing_querylogs|config_id=6478,1316,1335,1010,989,798,808,1184,1068,1361,1361,1432,1441,1525,1547,1505,1385,1467,1329,1633,1358,1358,1556,1515,961,893,1181,1240,1444,1525,1310,1446,1420,1439,1296,1270,1312,1538,1168,1245,1028,1108,1310,1317,1464,1456,1030,997,1405,1405,1040,1014,1566,1313,1490,1342,1135,1197,1190,1200,801,834,1106,1060,1347,1712,1001,1080,983,1025,960,1179,1182,1622,1574,1556,1555,1431,1508,1692,1565,1052,983,1053,1098,1409,1685,1176,1111,1436,1457,992,992,876,862,1346,1355,1059,981,1335,1477,1335,1251
bing_querylogs|config_id=6483,723,723,585,592,561,556,645,665,876,879,1028,1028,925,932,1011,926,1048,970,984,690,699,892,951,705,705,852,833,973,1054,886,869,1022,1043,906,917,1148,976,638,638,730,727,813,810,797,931,614,611,1049,980,618,618,780,831,1070,1343,862,862,763,749,522,535,719,719,1093,1088,724,724,718,572,572,620,623,1212,1166,808,1091,728,728,975,982,652,652,717,705,998,1081,802,801,1375,987,605,605,583,556,805,778,664,673,949,1054,692,695
bing_querylogs|config_id=6498,768,743,608,606,556,556,895,755,935,976,1023,1020,1205,1180,1052,1072,1064,1172,1084,670,681,1123,1053,691,693,853,834,883,988,863,882,980,1001,818,850,1050,1052,964,984,751,747,866,853,991,892,617,614,1032,1079,614,624,1006,926,871,859,837,836,822,812,525,525,744,814,1112,1110,707,708,700,680,660,611,614,1130,1130,901,917,805,806,964,967,747,783,698,717,939,1048,796,776,1029,1007,621,626,582,567,774,766,658,667,1009,1127,744,761
bing_querylogs|config_id=6503,1007,1053,943,897,1100,1045,882,888,847,957,1283,1252,1149,1266,1091,1206,1061,961,997,855,798,1427,1391,769,775,911,982,1146,1220,1491,1217,1372,1295,975,908,1184,1213,635,636,869,815,1088,1023,1515,1598,736,733,1512,1391,905,999,1034,1171,841,1301,1202,1075,1067,1118,689,633,941,792,1356,1648,941,930,939,865,873,939,975,1702,1620,1431,1375,1130,1154,1319,1242,823,775,828,903,1279,1406,898,941,971,1062,931,821,758,942,1261,1144,869,888,1481,1454,1160,1161
bing_querylogs|config_id=6508,1052,1050,609,612,569,569,953,896,1082,1020,1319,1364,1946,2473,1246,1153,1105,1532,1682,806,815,1295,1236,764,764,905,888,1109,1224,1134,1152,1065,1096,870,959,1202,1053,4283,5582,785,782,1070,1019,1222,1520,772,770,1384,1398,806,801,1134,1145,2170,3022,968,1098,948,932,560,565,899,893,1348,1444,820,831,813,688,688,853,857,1640,1517,1158,1244,1280,1263,1198,1309,814,806,724,720,1250,1486,904,955,1459,1475,640,640,662,658,856,840,783,793,1144,1236,1041,1070
bing_querylogs|config_id=6570,1273,1274,938,941,546,547,1512,1512,1041,1045,1306,1305,2046,2037,968,968,959,3477,3462,976,983,1090,1091,826,832,743,858,1214,1417,875,980,912,1028,935,942,830,892,762,777,909,905,1017,1017,1945,1945,1139,1136,1337,1265,617,579,936,936,1713,1688,869,824,856,866,517,514,684,684,1444,5347,627,628,623,1657,1658,1100,1134,1327,1327,2518,2487,922,922,998,1005,717,692,788,781,910,1021,697,735,1638,1574,625,625,548,547,1063,1058,973,984,1373,1277,866,870
bing_querylogs|config_id=6575,1481,1485,1108,1111,727,730,1708,1708,1179,1182,1553,1553,2258,2252,1153,1157,1150,3573,3609,1143,1148,1334,1334,993,999,909,947,1312,1386,1128,1020,1176,1196,1109,1107,1050,1041,946,945,1085,1025,1211,1215,2156,2156,1305,1302,1486,1497,769,769,1102,1102,1877,1880,1033,1033,1014,1017,693,679,885,889,1485,1595,823,823,817,1836,1840,1299,1302,1494,1494,2679,2688,1138,1138,1246,1253,882,852,948,981,1168,1168,863,904,1713,1713,790,790,738,738,1236,1279,1163,1172,1424,1533,1072,1075
bing_querylogs|config_id=6580,1327,1332,951,954,571,572,1550,1550,1028,1031,1398,1398,2105,2092,1005,1010,1002,3425,3461,987,991,1179,1179,839,845,751,780,1156,1223,973,865,1015,1038,946,944,897,897,786,787,921,867,1057,1062,1998,1998,1152,1149,1351,1346,612,612,949,949,1721,1724,877,877,866,869,537,524,734,739,1341,1451,667,667,661,1680,1685,1144,1147,1337,1337,2526,2535,980,980,1095,1103,725,695,793,826,1013,1013,698,749,1566,1566,633,633,581,581,1073,1113,1005,1014,1378,1380,914,917
bing_querylogs|config_id=6619,714,714,584,587,555,555,912,683,934,937,989,1100,1216,1071,1011,1116,964,984,1135,676,685,905,964,751,751,789,772,870,1034,870,867,1005,1026,780,788,917,917,1546,2900,720,717,807,807,1063,973,600,597,988,1074,606,606,818,818,1526,1529,848,848,761,751,522,535,720,721,1004,1109,711,711,705,678,668,619,622,1184,1123,874,883,723,723,1135,1129,844,761,719,713,966,1059,776,775,1138,1138,601,601,575,560,799,781,745,754,1003,1116,697,700
bing_querylogs|config_id=6624,753,773,581,591,640,595,881,826,700,661,933,957,787,779,628,630,624,725,792,650,681,876,925,671,665,750,768,853,933,849,860,977,997,666,672,866,874,549,575,1074,945,734,672,788,856,659,669,890,899,625,627,794,757,601,610,725,721,784,836,513,513,795,826,960,1087,629,626,630,592,576,894,790,1097,1170,731,738,817,865,973,945,659,655,682,641,861,994,794,759,922,936,631,628,567,552,704,696,863,774,895,966,778,790
bing_querylogs|config_id=6639,1427,1357,975,980,1190,1178,1385,1315,1111,1213,1396,1548,1675,1444,964,983,997,1378,1333,1384,1246,1442,1546,904,898,1168,1039,1533,1591,1498,1483,1313,1448,1335,1032,1252,1257,1177,1188,1308,1644,1243,1226,1539,1421,1341,1280,1523,1380,1010,1004,1393,1625,1417,1331,1512,1524,1465,1255,759,764,1280,1110,17217,17360,1010,1003,1033,1403,1268,17727,1609,1693,1619,1230,1285,1631,1500,1538,1471,1295,1282,1047,1110,1601,1659,1080,1048,1824,1654,979,1001,827,814,1113,1223,1457,1367,1429,1509,1554,1459
bing_querylogs|config_id=6644,814,811,629,647,680,679,915,914,661,664,1002,1000,876,858,650,650,641,794,893,678,687,918,977,712,712,744,720,963,1036,861,858,1022,1043,753,700,912,908,565,565,1147,1145,733,733,866,866,674,666,977,977,683,701,795,795,628,631,723,723,833,827,528,528,871,847,976,1084,646,646,640,594,594,612,628,1149,1164,1191,944,888,900,999,1052,677,677,722,663,886,997,718,716,1220,1022,642,642,575,561,724,719,876,1033,998,1132,817,858
bing_querylogs|config_id=6654,941,854,727,690,782,696,816,832,729,731,1067,1043,1080,1171,913,814,804,956,904,772,765,1029,1183,697,742,809,798,992,1100,1159,1204,1077,1151,780,859,1012,1175,608,613,768,793,819,849,1140,1036,661,663,1039,1210,799,762,823,903,672,703,1043,774,857,869,558,579,786,795,1348,1416,807,760,764,706,704,929,1201,1276,1287,1064,1013,971,958,1102,1107,677,667,804,773,1069,1143,791,784,888,886,713,713,769,784,830,808,697,756,1104,1109,1001,970
bing_querylogs|config_id=6659,929,929,635,638,662,701,937,768,792,866,1062,1054,1282,1382,872,852,848,824,1035,903,909,925,1017,683,691,812,798,938,1059,1007,972,1009,1030,763,822,945,1015,695,1027,817,793,785,780,977,944,760,733,1081,1185,653,665,916,941,735,750,925,959,804,792,579,580,825,791,962,1072,736,737,701,828,741,807,796,1152,1150,1040,851,902,853,1016,967,670,674,785,736,972,1084,747,763,1123,921,665,675,688,676,853,799,778,862,958,1050,882,827
bing_querylogs|config_id=6664,1197,1242,743,805,699,725,841,956,990,962,1186,1249,1919,1919,1109,1096,1097,1359,1310,926,928,1070,1143,706,716,1173,1024,1098,1017,1162,1012,1255,1275,960,813,1116,1067,940,1022,831,828,1054,933,1303,1289,1013,1035,1714,1432,757,720,1078,1204,993,1112,1023,1198,831,911,566,597,888,840,1210,1359,891,856,956,822,1103,1249,2109,1369,1384,1038,1341,1116,1021,1363,1392,1070,870,944,941,1301,1598,1014,1012,1279,1649,642,771,850,736,1039,887,1655,2123,1293,1320,1202,1011
bing_querylogs|config_id=6669,1022,1000,851,784,1090,788,893,862,871,858,1361,1342,1260,1303,971,1007,998,876,1036,923,941,1099,1155,760,760,871,854,1420,1537,1215,1170,1303,1217,1015,994,1333,1258,639,639,925,922,928,974,1292,1122,702,698,1627,1518,1089,1084,1103,1150,725,728,918,1036,1099,1106,613,628,872,825,1337,1404,810,863,908,754,703,966,928,1766,1679,1121,1228,1108,1124,1212,1348,749,747,900,895,1280,1374,822,816,1005,1524,836,856,1098,848,1111,1134,919,889,1364,1565,1314,1355
bing_querylogs|config_id=6674,1007,1048,681,684,707,714,818,869,936,898,1125,1098,1111,1149,958,932,963,941,1013,951,1042,1082,1071,717,717,779,783,1202,1182,1096,1110,1066,1138,803,807,1009,1029,871,757,790,793,880,839,964,1014,834,810,1180,1121,677,677,999,859,825,828,910,1728,894,870,656,656,816,821,1092,1187,743,743,816,707,672,883,817,1250,1392,1063,913,944,1019,1063,1055,704,704,801,806,1006,1169,824,812,1010,1351,707,704,742,687,856,875,810,16960,1079,1163,997,999
bing_querylogs|config_id=6679,928,830,746,726,715,669,868,946,967,852,1024,1004,1609,1214,915,844,835,1142,1082,1023,971,1035,1154,670,688,928,819,999,1003,1050,1020,931,949,890,867,924,922,878,732,691,802,892,910,1068,1087,833,660,1607,1088,638,641,859,831,2262,2690,786,763,862,834,554,549,852,816,1064,1160,771,815,842,2246,1632,929,930,1314,1199,847,1217,894,1043,984,923,663,677,807,846,975,1089,767,827,1070,1155,607,606,657,640,846,859,936,790,1026,1295,867,816
bing_querylogs|config_id=6684,1455,1451,832,930,1155,993,1063,961,1150,1275,1541,1533,1416,1360,1390,1309,1407,1267,1422,938,1213,1437,1562,902,902,1250,1202,1167,1282,1449,1481,1434,1459,1110,1377,1589,1458,1005,1004,1067,1064,1149,1165,1384,1282,1041,956,1504,1802,863,859,1269,1344,1256,1148,17575,1195,1345,1336,758,771,1067,1108,1531,1616,982,1002,944,1093,1188,1462,1234,1601,1719,1448,1220,1535,1638,1447,1454,993,940,1054,1011,1306,1432,1079,1177,1709,1485,870,878,878,863,1305,1330,964,1211,1400,1495,1236,1191
bing_querylogs|config_id=6689,1122,1064,953,829,843,834,908,1020,1034,1142,1546,1538,2454,2766,1258,1009,1090,2042,2336,992,730,1297,1218,723,679,878,957,996,1046,1191,1510,1194,1082,980,1122,1280,1142,1053,1783,902,878,1113,960,1247,1307,840,873,1368,1757,750,723,1053,1341,1562,2247,1189,1199,1136,984,519,693,829,922,1260,1370,835,947,1021,1597,1436,811,1109,1287,1590,1612,1359,1209,1219,1137,1160,795,799,964,973,1289,1348,998,865,1783,1489,640,718,978,788,1144,1177,1001,1026,1272,1315,1109,1137
bing_querylogs|config_id=6708,964,969,761,765,726,695,757,861,997,961,1180,1154,1150,1261,1103,1108,995,1029,1040,806,796,1057,1053,726,732,910,943,1172,1240,1174,1084,1157,1287,920,844,1277,1080,765,730,764,710,1039,1133,1177,1126,691,691,1100,1263,816,784,1070,1119,1105,1199,1001,1026,920,923,662,630,775,726,1219,1360,879,885,775,663,707,731,734,1330,1285,1023,1043,889,889,1226,1279,802,772,819,856,1140,1140,932,852,1044,923,732,732,867,844,940,1080,774,792,1274,1202,824,869
bing_querylogs|config_id=6713,937,946,792,795,752,752,866,890,1107,1110,1206,1206,1119,1113,1176,1222,1232,1133,1232,861,870,1079,1138,904,904,991,970,1043,1215,1133,1091,1210,1231,1099,1105,1373,1115,825,817,925,922,940,955,1091,1168,828,802,1147,1147,796,793,988,1045,1053,1034,1014,990,972,959,736,752,918,918,1183,1288,890,890,884,767,767,848,851,1319,1374,1024,1030,929,922,1175,1165,944,1020,898,892,1185,1292,947,949,1226,1229,812,812,779,770,953,1016,886,906,1136,1250,907,907
bing_querylogs|config_id=6718,924,880,693,934,583,614,789,790,915,888,1176,1161,1143,1265,1047,1047,1038,1093,1236,787,796,1011,1024,734,734,933,917,997,1310,1148,1116,1177,1253,939,1074,1419,1418,641,641,776,793,1021,993,1068,1145,762,937,1185,1132,779,801,1048,993,994,992,909,1016,840,951,565,589,795,773,1317,1429,843,782,830,657,657,905,1060,1353,1283,1032,1034,1081,958,1266,1146,740,698,850,857,1038,1252,865,841,1229,1253,703,703,586,570,909,1093,752,748,1087,1182,876,862
bing_querylogs|config_id=6723,778,753,628,645,594,594,716,712,942,946,1032,1049,965,959,1068,1018,1025,970,1029,865,795,954,984,749,767,838,820,979,1032,980,995,1098,1119,875,883,1271,1376,712,690,767,766,788,786,913,913,645,642,1032,1075,670,670,859,871,873,800,878,878,878,881,562,623,769,769,1017,1154,787,732,727,609,609,687,885,1274,1318,977,986,765,765,1048,1115,735,706,742,736,992,1095,839,789,1009,976,649,663,654,631,912,791,683,692,1011,1214,738,741
bing_querylogs|config_id=6728,797,797,653,656,624,650,782,729,973,981,1064,1130,998,995,1042,1042,1141,967,1066,743,752,943,1002,769,769,870,841,1025,1146,990,939,1084,1106,1079,980,1010,1386,667,667,820,802,863,860,1038,1038,667,664,1058,1084,694,743,968,973,878,880,892,892,895,861,616,616,826,826,1138,1246,775,775,769,644,644,749,752,1308,1254,935,926,793,793,1043,1061,915,765,786,780,1006,1115,852,851,1034,1034,677,686,642,649,867,889,713,719,1018,1123,757,772
bing_querylogs|config_id=6738,740,765,615,618,574,574,694,696,960,927,1014,1017,987,983,1020,1018,1015,939,1179,712,720,912,971,727,727,812,795,961,1032,961,938,1022,1043,788,796,1147,1034,645,645,735,732,775,764,883,883,624,621,1025,995,667,667,831,827,1002,1061,844,844,766,756,545,545,750,750,1109,1185,725,732,719,762,711,652,655,1158,1284,916,798,759,759,1120,1100,675,710,731,727,942,1053,784,784,1038,1107,643,643,595,587,856,851,715,686,955,1105,719,722
bing_querylogs|config_id=6743,871,871,619,622,577,577,694,694,921,909,1032,1044,998,959,979,960,970,947,1002,711,720,916,975,733,733,826,807,978,1059,997,979,1047,1068,875,915,1046,1168,821,821,732,729,777,777,998,982,635,632,1081,995,670,670,914,817,958,961,934,933,767,774,572,595,760,762,1019,1153,726,726,732,713,713,688,691,1219,1153,874,890,764,764,1102,1054,1070,1343,733,727,1030,1100,781,780,1048,1012,650,650,605,581,858,795,682,702,1079,1137,728,733
bing_querylogs|config_id=6748,737,737,606,609,572,572,679,679,971,963,998,998,959,1038,1012,1012,993,874,1027,704,713,906,965,718,718,804,785,959,1018,949,939,1023,1044,788,899,1190,1040,642,647,731,728,758,758,971,885,618,615,987,1058,668,669,823,828,1061,1068,838,838,765,755,539,539,741,741,1056,1116,719,719,713,709,759,634,637,1142,1166,942,792,760,760,1048,1055,846,842,725,719,974,1046,765,765,1017,1021,637,637,594,569,787,782,679,680,940,1099,718,721
bing_querylogs|config_id=6753,810,810,624,627,586,586,726,723,916,983,1046,1027,1024,1113,993,993,984,927,1033,728,737,926,983,728,728,832,804,950,1031,953,952,1058,1079,903,941,1126,1055,699,699,760,737,795,771,906,986,651,648,1006,1005,674,642,832,832,873,876,867,867,819,809,586,586,761,771,1041,1217,747,760,741,751,689,694,697,1218,1218,945,954,773,773,1008,1091,714,700,737,731,983,1081,790,784,1108,1104,659,659,616,602,792,830,704,701,1046,1163,730,733
bing_querylogs|config_id=6758,812,812,620,623,578,585,701,751,935,939,1011,1036,1054,1002,1022,1022,1026,902,1001,709,719,918,977,743,743,826,807,957,1060,941,965,1051,1068,907,915,1198,1173,686,809,731,728,789,766,906,894,635,632,1008,1008,670,670,859,880,956,996,933,932,773,770,576,589,761,761,1077,1178,728,728,722,662,712,664,670,1253,1253,909,897,763,763,1046,1111,737,741,732,728,1040,1145,789,772,1010,1092,649,649,607,592,855,853,676,690,1020,1154,728,737
bing_querylogs|config_id=6763,818,804,629,632,585,585,679,707,898,900,1113,1073,879,958,1060,1060,1051,981,1057,847,775,984,980,717,717,884,818,1007,1065,889,947,1129,1100,1020,1037,1343,1054,685,685,778,775,811,840,1002,960,623,630,1056,1034,619,619,879,882,860,866,872,900,911,866,576,623,745,773,1067,1175,730,745,704,632,632,858,657,1205,1203,828,969,790,798,1005,1012,710,692,734,728,1017,1101,842,842,971,974,644,644,650,635,803,798,702,724,967,1162,759,751
bing_querylogs|config_id=6777,1469,1469,1092,1095,715,717,1694,1694,1172,1175,1540,1540,2245,2239,1147,1147,1138,3559,3658,1127,1136,1262,1321,983,983,923,912,1289,1371,1027,1024,1162,1181,1133,1141,1040,1040,934,933,1062,1059,1199,1199,2143,2143,1289,1286,1484,1484,757,757,1086,1086,1865,1868,1021,1021,1011,1001,666,666,877,877,1475,1583,811,811,805,1824,1824,1283,1286,1481,1481,2667,2676,1122,1122,1250,1257,870,870,971,965,1062,1173,891,890,1783,1783,778,778,723,708,1275,1270,1151,1160,1406,1520,1060,1063
bing_querylogs|config_id=6782,1421,1438,1100,1103,706,713,1706,1706,1143,1182,1452,1452,2195,2226,1149,1155,1146,3574,3616,1098,1144,1329,1249,985,991,890,920,1352,1354,1048,1029,1100,1113,1097,1105,981,981,942,940,1045,1043,1207,1207,2112,2112,1297,1294,1406,1492,744,765,1094,1094,1873,1876,972,1033,983,1015,690,672,840,865,1483,1479,780,781,779,1832,1832,1291,1294,1489,1489,2675,2684,1081,1082,1242,1248,874,877,939,935,1051,1051,898,899,1790,1790,752,751,709,708,1218,1214,1160,1168,1462,1463,1023,1026
bing_querylogs|config_id=6787,1477,1477,1103,1105,727,730,1702,1702,1180,1183,1548,1548,2253,2247,1155,1155,1146,3630,3666,1135,1144,1343,1343,991,999,911,941,1376,1379,1123,1120,1170,1189,1153,1152,1048,1048,942,941,1070,1067,1207,1207,2159,2159,1301,1298,1492,1492,765,765,1094,1094,1873,1876,1029,1029,1009,1020,690,687,894,894,1593,1593,823,824,819,1832,1832,1291,1294,1489,1489,2675,2684,1130,1130,1244,1248,878,878,984,977,1163,1181,910,910,1791,1791,791,790,731,730,1283,1278,1161,1168,1528,1528,1080,1084
bing_querylogs|config_id=6792,1412,1367,1044,1046,676,676,1649,1649,1117,1119,1464,1379,2199,2195,1094,1094,1097,3577,3609,1067,1074,1155,1252,916,924,948,1005,1296,1298,964,962,1086,1103,1048,1082,922,979,893,891,1014,1012,1158,1149,2088,2096,1250,1248,1411,1408,719,719,1026,1026,1813,1813,958,958,936,936,644,642,821,821,1492,1397,768,768,762,1784,1784,1232,1231,1272,1252,2609,2616,1064,1064,1079,1172,827,827,926,919,995,976,907,839,1716,1716,735,735,680,681,1203,1199,1104,1111,1437,1440,1010,1015
bing_querylogs|config_id=6797,1354,1453,1029,1086,713,645,1605,1604,1105,1165,1449,1504,2237,2233,1134,1079,1129,3615,3647,1055,1062,1158,1159,904,909,985,1039,1334,1215,952,1038,1016,1139,1068,1082,1020,1022,881,860,1052,1009,1134,1187,2131,2036,1235,1233,1308,1396,679,704,990,1011,1798,1801,943,996,921,861,683,626,815,870,1426,1534,806,759,800,1769,1769,1186,1219,1367,1367,2594,2654,1065,1065,1211,1213,812,817,964,907,1131,1094,830,778,1699,1644,725,777,665,720,1244,1142,1089,1151,1425,1425,958,1013
bing_querylogs|config_id=6802,1283,1283,916,917,552,553,1521,1521,992,993,1339,1339,2063,2061,966,966,958,3289,3373,945,950,1093,1125,795,795,764,753,1120,1172,857,856,960,971,951,951,860,860,771,770,881,880,1020,1020,1967,1967,1118,1117,1285,1285,596,596,896,896,1617,1620,823,823,813,806,506,519,701,701,1299,1364,645,645,639,1643,1643,1108,1109,1247,1247,2482,2487,926,926,1046,1048,701,701,801,799,891,978,708,707,1531,1531,612,612,559,548,1076,1074,976,981,1235,1309,882,883
bing_querylogs|config_id=6807,1355,1356,1003,1005,644,646,1606,1605,1067,1076,1368,1354,2134,2124,1051,1051,1077,3509,3521,1056,1028,1141,1160,850,863,844,903,1208,1196,953,951,973,988,1032,1035,911,911,882,880,957,955,1103,1103,2037,2037,1236,1234,1383,1324,705,705,1005,1005,1799,1769,899,893,862,862,617,615,768,767,1460,1387,722,723,718,1754,1754,1218,1220,1261,1261,2590,2556,1005,1008,1157,1073,813,788,881,876,984,984,821,821,1639,1643,692,721,646,645,1146,1143,1090,1069,1426,1429,959,962
bing_querylogs|config_id=6812,1641,1641,1402,1347,887,935,1868,1933,1362,1365,1889,1889,2469,2578,1459,1313,1310,3930,3826,1425,1344,1493,1585,1166,1203,1089,1128,1635,1694,1287,1235,1373,1370,1495,1376,1240,1209,1121,1141,1317,1479,1406,1387,2301,2357,1476,1473,1657,1822,940,1031,1386,1592,2053,2093,1337,1348,1173,1168,853,850,1045,1045,1757,1771,983,983,977,2163,2145,1494,1493,1653,1668,3191,2972,1473,1294,1347,1371,1042,1042,1143,1137,1285,1281,1291,1063,1966,1966,950,950,939,926,1441,1435,1569,1476,1707,1692,1232,1235
bing_querylogs|config_id=6817,1434,1435,1103,1106,709,711,1675,1675,1199,1203,1469,1468,2207,2198,1123,1123,1149,3633,3618,1140,1147,1677,1254,988,994,913,943,1379,1382,1038,1143,1078,1194,1106,1113,993,1053,928,943,1101,1077,1210,1178,2111,2111,1300,1297,1495,1422,781,743,1097,1097,1876,1851,1032,987,1012,1022,680,677,845,845,1595,1594,790,791,786,1820,1821,1263,1297,1492,1492,2678,2648,1088,1088,1156,1163,884,856,951,944,1073,1184,860,901,1789,1728,789,789,732,711,1234,1229,1138,1149,1531,1438,1031,1035
bing_querylogs|config_id=6822,1254,1266,926,927,547,548,1535,1535,973,1002,1280,1281,2024,2054,970,975,967,3312,3340,937,960,1128,1073,801,805,732,761,1163,1165,878,863,906,916,923,927,817,817,780,778,872,872,1032,1032,1948,1948,1130,1129,1234,1290,584,604,905,905,1650,1653,801,837,804,825,516,515,678,692,1304,1303,622,622,619,1653,1653,1118,1119,1255,1255,2494,2499,902,902,1045,965,707,710,779,777,885,885,717,718,1549,1549,593,593,552,551,1045,1043,985,990,1276,1276,855,856
bing_querylogs|config_id=6827,1281,1282,946,949,554,555,1520,1520,1049,1053,1314,1314,2054,2045,976,976,1002,3485,3470,984,991,1098,1099,834,840,751,776,1222,1225,883,988,920,1036,943,998,900,900,770,785,935,913,1057,1057,1953,1953,1147,1144,1345,1273,613,587,944,944,1721,1696,877,832,864,874,525,522,692,692,1452,1451,635,636,631,1665,1666,1108,1111,1335,1335,2526,2494,930,930,1006,1013,725,700,796,789,918,1029,705,743,1646,1582,633,633,556,555,1071,1066,981,992,1378,1285,874,878
bing_querylogs|config_id=6832,1237,1195,895,927,533,534,1497,1497,1008,973,1191,1232,1968,2107,943,943,982,3352,3384,899,911,1056,1044,744,755,735,762,1124,1039,938,778,814,809,904,907,796,818,754,753,787,835,995,1020,1974,1974,1280,1080,1158,1212,570,601,858,920,1659,1662,779,779,713,776,526,524,659,650,1329,1389,652,651,605,1669,1648,1066,1117,1158,1263,2443,2447,947,886,1059,958,680,673,763,805,974,979,661,667,1523,1523,585,583,535,535,982,1026,953,957,1165,1171,894,791
bing_querylogs|config_id=6837,1316,1316,935,938,560,560,1537,1537,1022,1025,1385,1385,2092,2086,1000,1000,991,3411,3510,971,980,1107,1166,829,829,764,745,1133,1214,872,869,1002,1023,970,978,887,887,775,775,898,895,1046,1046,1988,1988,1136,1133,1334,1334,601,601,933,933,1710,1713,866,866,863,863,511,511,727,727,1332,1440,656,656,650,1669,1669,1128,1131,1324,1324,2515,2524,964,964,1100,1107,714,714,816,810,907,1000,735,735,1640,1640,622,622,566,541,1112,1107,994,1003,1253,1367,903,906
bing_querylogs|config_id=6842,1262,1262,884,889,514,522,1492,1492,967,969,1309,1224,2046,2042,944,944,941,3429,3461,911,918,1000,1019,762,720,699,814,1139,1139,897,807,926,945,920,964,767,829,734,733,850,848,996,996,1884,1941,1094,1095,1186,1186,563,563,873,873,1658,1661,803,800,785,735,489,487,671,671,1349,1254,613,618,604,1629,1629,1077,1079,1115,1115,2457,2464,909,909,929,1022,671,671,771,767,840,840,752,679,1573,1570,579,576,523,523,1043,1036,947,954,1287,1287,856,858
bing_querylogs|config_id=6847,1268,1285,943,946,551,557,1549,1549,993,1032,1297,1297,2042,2073,1002,1008,999,3426,3470,942,988,1174,1094,831,837,732,751,1196,1198,893,891,943,957,934,942,826,826,783,781,885,883,1054,1054,1954,1954,1144,1141,1342,1342,588,609,941,941,1718,1721,817,878,835,867,535,517,686,709,1340,1337,625,626,624,1677,1677,1136,1139,1332,1332,2523,2532,923,924,1092,1098,718,720,784,779,896,896,742,744,1646,1646,596,595,553,552,1054,1050,1003,1011,1312,1313,866,869
bing_querylogs|config_id=6852,1324,1324,947,948,572,573,1545,1545,1030,1033,1393,1393,2100,2094,1008,1008,999,3482,3518,979,988,1188,1188,837,845,755,776,1219,1222,968,965,1010,1031,991,990,895,895,783,783,906,903,1054,1054,2004,2004,1148,1145,1342,1342,609,609,941,941,1721,1721,874,874,861,873,535,532,744,735,1450,1451,668,669,664,1677,1677,1136,1139,1332,1332,2523,2532,972,972,1110,1098,722,722,829,822,1008,1026,756,756,1648,1648,635,634,574,573,1121,1115,1005,1011,1375,1375,923,927
bing_querylogs|config_id=6857,1260,1277,935,938,543,549,1541,1541,985,1024,1288,1289,2034,2065,994,1000,991,3418,3460,934,980,1166,1086,823,829,724,743,1188,1190,885,866,935,949,926,934,818,818,775,773,877,875,1046,1046,1946,1946,1136,1133,1334,1334,580,601,933,933,1710,1713,809,870,827,859,527,509,678,701,1332,1329,617,618,616,1669,1669,1128,1131,1324,1324,2515,2524,915,916,1084,1090,710,712,776,772,888,888,734,736,1638,1638,588,587,545,544,1046,1042,995,1003,1304,1305,858,861
bing_querylogs|config_id=6862,1438,1438,1064,1066,697,700,1676,1676,1144,1146,1484,1382,2156,2152,1117,1117,1114,3597,3629,1090,1097,1284,1285,939,944,904,924,1317,1319,1082,1081,1118,1132,1105,1108,963,1020,916,915,1007,994,1170,1170,2114,2114,1266,1230,1434,1435,739,739,1046,1046,1833,1836,978,978,956,907,663,661,813,810,1405,1404,756,757,782,1804,1804,1257,1254,1403,1403,2629,2636,1029,1039,1198,1202,851,852,946,910,1121,1121,858,858,1743,1743,755,725,703,712,1229,1180,1124,1131,1461,1460,1003,1006
bing_querylogs|config_id=6867,1390,1452,1059,1035,687,687,1650,1687,1158,1116,1347,1347,2164,2182,1097,1097,1094,3500,3649,1058,1069,1208,1198,849,909,1023,929,1281,1195,935,1091,1137,966,1067,1069,939,939,917,932,1210,990,1187,1187,2074,2028,1292,1248,1346,1361,757,724,1002,1010,1851,1854,939,894,861,1011,665,664,811,1017,1533,1461,806,764,762,1803,1803,1234,1233,1428,1420,2595,2601,1040,1040,1104,1108,831,835,918,960,1129,1129,822,822,1669,1669,735,773,693,699,1184,1244,1142,1114,1318,1332,1051,994
bing_querylogs|config_id=6872,1268,1285,943,946,551,557,1549,1549,993,1032,1297,1297,2042,2073,1002,1008,999,3426,3468,942,988,1174,1094,831,837,732,751,1196,1198,893,874,943,957,934,942,826,826,783,781,885,883,1054,1054,1954,1954,1144,1141,1342,1342,588,609,941,941,1718,1721,817,877,835,867,535,517,686,709,1340,1335,625,626,624,1677,1677,1136,1139,1332,1332,2523,2532,923,924,1092,1098,718,720,784,780,896,896,742,744,1646,1646,596,595,553,552,1054,1050,1003,1011,1312,1313,866,869
bing_querylogs|config_id=6877,1202,1203,846,848,489,490,1451,1450,917,918,1194,1199,1980,1971,904,904,930,3361,3373,900,872,986,1005,696,709,688,724,1037,1040,798,796,815,832,869,872,756,756,723,722,798,844,950,950,1879,1879,1083,1081,1233,1175,549,549,852,852,1644,1614,744,740,724,714,462,460,615,614,1317,1244,567,568,563,1599,1599,1063,1065,1104,1104,2438,2404,847,850,918,923,657,632,726,721,829,829,666,625,1493,1497,536,535,490,489,983,980,933,912,1273,1273,802,805
bing_querylogs|config_id=6882,1458,1458,1235,1170,726,859,1697,1697,1176,1178,1564,1517,2435,2363,1134,1150,1131,3557,3551,1293,1159,1320,1378,977,980,955,1052,1472,1409,1288,1101,1162,1143,1345,1270,1059,1029,962,994,1063,1259,1212,1229,2181,2134,1327,1293,1455,1455,822,801,1242,1215,1830,1942,1115,1073,993,986,693,692,870,870,1534,1548,818,818,812,2003,2000,1374,1460,1419,1466,2746,2801,1131,1147,1173,1174,894,931,975,973,1111,1115,1056,885,1894,1725,785,785,762,763,1243,1241,1376,1387,1495,1478,1055,1056
bing_querylogs|config_id=6887,1281,1272,919,922,575,571,1550,1550,1036,1034,1399,1294,2108,2034,976,976,1005,3423,3459,985,994,1080,1081,778,784,822,861,1225,1228,883,971,899,1039,977,995,900,838,786,786,919,916,1060,1060,1947,1947,1154,1151,1258,1258,615,615,947,947,1724,1696,880,828,877,867,542,539,737,737,1452,1451,635,629,631,1664,1664,1108,1111,1338,1228,2529,2496,978,978,1098,1104,728,728,796,789,1014,1014,746,705,1582,1565,641,640,555,555,1071,1066,1008,992,1381,1299,917,920
bing_querylogs|config_id=6892,1300,1193,892,874,532,531,1497,1497,965,1010,1234,1230,1968,2009,943,897,941,3397,3415,902,867,1045,1043,951,808,737,762,1124,1039,833,795,988,810,904,906,796,796,754,753,787,839,989,995,1870,1870,1091,1129,1200,1159,601,601,858,911,1659,1661,841,780,713,972,679,458,652,650,1529,1224,651,615,645,1667,1667,1115,1064,1081,1263,2445,2447,882,882,1059,905,680,709,809,807,979,979,667,661,1523,1523,583,617,535,541,1017,1013,953,957,1459,1179,836,841
bing_querylogs|config_id=6898,833,911,647,655,603,615,832,1047,855,883,1114,1114,1249,1192,902,808,799,1797,1218,781,769,1028,1061,694,697,903,958,861,957,1082,1035,1024,1037,840,780,1013,1048,754,867,785,784,879,836,1065,992,741,760,1401,1212,778,700,916,828,1651,2529,1505,35945,899,929,556,611,826,910,1194,1117,819,748,757,1248,1254,721,756,1294,1226,797,764,1251,1024,1180,1162,737,746,822,787,937,1060,869,869,1177,77291,725,714,734,596,782,942,770,729,1104,1066,998,991
bing_querylogs|config_id=6902,1414,1415,1093,1064,694,696,1661,1660,1128,1131,1445,1445,2186,2185,1107,1107,1105,3558,3659,1128,1137,1225,1226,922,928,883,913,1290,1297,1028,1007,1048,1061,1091,1095,974,974,935,934,1014,1014,1164,1164,2098,2098,1254,1252,1399,1398,728,762,1037,1037,1866,1869,965,965,943,943,667,665,878,833,1476,1473,773,774,771,1807,1807,1284,1287,1355,1355,2668,2677,1078,1072,1129,1134,841,841,932,927,1044,1044,845,844,1783,1783,745,744,699,698,1270,1219,1123,1133,1407,1407,1016,1019
bing_querylogs|config_id=6907,1481,1481,1104,1107,727,730,1708,1708,1179,1187,1552,1552,2257,2251,1153,1153,1150,3634,3670,1139,1148,1333,1333,989,995,997,1051,1380,1383,1127,1124,1177,1195,1148,1157,1049,1049,946,944,1081,1078,1211,1211,2152,2152,1301,1298,1497,1497,769,769,1098,1098,1877,1880,1033,1033,1013,1013,693,690,885,885,1597,1595,823,823,817,1836,1836,1295,1298,1493,1493,2679,2688,1134,1134,1246,1252,882,882,983,981,1167,1167,906,906,1794,1791,790,790,734,734,1281,1275,1163,1172,1532,1532,1072,1075
bing_querylogs|config_id=6913,1327,1332,951,954,571,572,1550,1550,1028,1031,1398,1398,2105,2102,1005,1010,1002,3425,3461,987,991,1179,1179,839,845,751,780,1156,1230,973,865,1015,1038,946,944,897,897,786,787,921,867,1057,1062,1998,1998,1152,1149,1336,1346,612,612,949,949,1721,1724,877,877,866,869,537,524,734,739,1341,1451,667,667,661,1680,1685,1144,1147,1337,1337,2526,2535,980,980,1095,1103,725,695,793,830,1013,1013,708,749,1566,1566,633,633,581,581,1073,1116,1005,1014,1270,1380,914,917
bing_querylogs|config_id=6914,948,1007,836,804,814,839,937,915,917,950,1289,1289,1192,1189,981,969,1075,1212,1231,951,1028,1164,1290,903,909,915,933,1204,1238,1260,1159,1154,1162,1175,952,1291,1118,725,729,988,917,914,919,1130,1134,862,832,1268,1220,819,789,957,986,917,902,994,1051,999,1000,683,670,1009,945,1128,1289,862,862,858,960,859,985,931,1296,1310,942,993,1072,1078,1092,1116,867,863,861,870,1238,1238,857,857,1379,1081,754,745,815,847,1031,1008,763,772,1340,1386,1082,1060
bing_querylogs|config_id=6922,966,973,922,716,971,831,931,850,780,1006,1144,1044,1341,1316,923,993,919,1069,955,808,774,1267,1143,711,716,852,863,1057,920,1310,1519,1161,1112,895,890,1108,1143,747,724,1137,988,872,890,1213,1072,644,608,1562,1165,772,840,860,931,1134,907,977,1066,912,925,611,572,744,752,1153,1550,784,785,772,779,746,777,750,1309,1331,1226,1251,1185,1041,1058,1062,692,694,734,738,1140,1171,862,780,1198,1296,728,698,901,777,842,820,818,895,1349,1380,1084,1058
bing_querylogs|config_id=6928,841,839,623,626,568,568,709,709,931,918,1021,1043,1105,1182,1138,1054,1127,1025,1070,677,692,1122,970,696,696,978,879,1054,1081,959,964,1018,1040,900,859,1062,1003,985,814,755,755,822,884,885,1007,630,618,1044,1134,640,630,965,935,1933,946,840,829,778,816,557,554,820,820,1120,1166,724,712,704,661,1076,637,636,1160,1163,807,831,813,888,966,971,811,757,730,727,1044,1048,792,778,1008,1159,635,634,591,589,783,779,646,968,1056,1162,762,757
bing_querylogs|config_id=6930,1262,1262,884,886,517,514,1492,1492,967,969,1309,1204,2043,2042,944,944,944,3429,3458,911,918,1018,1019,762,770,774,814,1139,1139,897,807,926,942,917,919,829,829,734,733,850,848,996,996,1933,1933,1090,1088,1186,1258,563,563,873,870,1655,1658,800,800,788,785,489,487,668,668,1349,1348,610,618,613,1610,1629,1074,1079,1095,1095,2457,2464,906,909,1018,934,671,671,768,771,840,933,680,676,1573,1570,576,576,520,524,1040,1036,947,954,1284,1284,853,858
bing_querylogs|config_id=6937,1028,1072,834,841,1143,1177,965,936,902,1001,1286,1082,1576,1394,1151,1157,1255,1212,1149,1000,996,1518,1484,655,660,961,1016,1032,1024,1703,1645,1020,1043,889,874,1246,1304,1167,1148,968,959,1079,975,1198,1740,797,752,1437,1452,962,957,1086,1047,1286,1123,1043,986,1033,1042,668,607,823,821,1269,1307,1081,901,831,784,838,1318,1342,1369,1356,937,1067,1411,1279,1215,1202,738,715,778,778,1346,1448,851,777,1197,1184,791,877,1066,1062,1015,1013,805,828,1544,1294,1769,1619
bing_querylogs|config_id=6943,987,1015,761,768,912,827,944,962,903,903,1147,22930,1198,1374,1046,961,1007,955,976,992,778,1222,1300,732,735,976,939,1084,1255,1433,1396,1109,1101,845,54947,1149,1241,882,868,21915,839,846,870,1206,1240,677,676,1189,1167,926,844,917,902,736,746,812,858,916,929,616,614,872,872,1153,1219,844,889,840,809,813,927,901,1283,1280,1007,930,1111,1093,1098,1034,786,785,855,853,1167,1121,885,891,1342,1370,742,740,882,883,846,858,825,829,1326,1249,1151,1065
bing_querylogs|config_id=6944,1330,1330,951,922,575,576,1550,1550,1036,1034,1399,1294,2055,2034,976,1014,1005,3431,3459,985,955,1080,1081,778,784,822,857,1225,1228,974,971,1018,1039,977,995,900,900,786,786,919,890,1060,1060,1947,1947,1154,1114,1345,1348,615,587,947,947,1724,1691,880,880,877,867,528,539,737,737,1452,1451,635,629,631,1683,1683,1108,1111,1338,1338,2529,2495,978,978,1098,1013,728,728,835,828,1014,1014,746,746,1643,1582,641,640,587,580,1126,1121,1008,1017,1381,1299,917,920
bing_querylogs|config_id=6952,1259,1302,934,935,566,568,1537,1537,1001,1002,1350,1350,2082,2077,974,978,971,3311,3339,963,964,1133,1133,809,813,751,789,1141,1189,943,857,971,984,928,930,870,870,784,783,907,906,1036,1040,1981,1981,1138,1137,1288,1295,608,608,913,913,1654,1657,837,837,818,818,533,522,710,678,1308,1373,658,658,652,1657,1661,1126,1127,1260,1260,2498,2503,944,944,1049,1052,715,691,787,817,978,978,696,690,1493,1493,625,625,576,576,1052,1082,989,994,1246,1319,895,896
bing_querylogs|config_id=6958,626,626,540,540,498,500,742,738,874,952,962,946,1289,1630,878,996,905,1225,1436,731,752,912,904,651,634,807,837,910,973,809,861,830,839,890,679,822,926,1121,1074,699,707,721,721,1034,3288,555,558,1048,1238,575,574,849,916,1326,1475,784,737,626,648,499,500,729,666,1149,1119,623,618,610,625,623,861,836,1297,1005,997,893,789,740,851,841,704,670,616,735,954,968,719,754,1232,1355,543,582,565,577,650,771,670,661,1029,1064,706,655
bing_querylogs|config_id=6961,1202,1203,846,848,489,490,1451,1450,917,918,1213,1199,1981,1971,904,904,930,3361,3373,900,872,986,1005,696,709,686,724,1052,1040,798,810,815,832,869,872,756,756,723,722,798,796,950,950,1879,1879,1086,1081,1233,1175,549,549,852,852,1644,1614,744,740,714,714,462,460,615,614,1317,1244,567,568,563,1599,1599,1063,1065,1104,1104,2438,2404,847,850,921,923,657,632,726,721,829,829,666,625,1493,1490,536,569,490,489,983,980,933,912,1273,1273,802,805
bing_querylogs|config_id=6967,996,1096,979,894,652,665,884,932,1214,1268,1346,1285,1512,1315,1216,1263,1156,1598,1633,853,869,1344,1342,842,806,1025,966,1243,1432,1165,1147,1253,1185,1093,1079,1166,1166,1380,17839,914,936,1084,1083,1523,1430,830,838,1212,1278,794,795,1416,1314,1450,1380,1016,1167,893,963,673,630,962,961,1344,1347,912,879,883,740,767,1037,973,1679,1748,1217,1120,1502,1423,1377,1130,1007,1190,889,885,1328,1390,942,942,1267,1347,744,700,684,683,916,910,838,933,1452,1490,979,1141
bing_querylogs|config_id=6973,1259,1260,887,884,515,518,1489,1487,965,969,1224,1224,2043,2039,942,942,941,3426,3458,911,918,1000,1001,768,775,775,729,1136,1139,790,789,926,942,916,922,757,826,734,731,847,845,961,961,1933,1884,1092,1092,1258,1172,560,560,870,870,1656,1656,800,800,795,735,489,484,669,666,1239,1254,611,579,610,1617,1626,1074,1076,1095,1095,2452,2459,904,904,1018,1022,668,668,773,768,840,840,677,685,1572,1572,579,581,523,520,1044,1036,944,952,1191,1284,853,856
bing_querylogs|config_id=6975,800,733,624,643,654,652,762,757,902,821,893,905,998,1022,957,976,1002,988,1053,849,799,1061,1039,685,743,913,1039,960,927,1049,1054,933,881,772,936,948,990,741,748,714,805,833,834,910,897,667,671,1050,960,721,701,916,868,839,869,858,794,681,778,583,588,720,748,1089,1040,744,779,773,653,651,787,804,1090,1056,860,912,707,732,1051,933,737,752,736,736,1022,960,775,786,1049,982,621,621,663,662,711,944,754,810,944,1003,811,818
bing_querylogs|config_id=6982,1172,1295,880,940,898,799,1033,1168,1142,1339,1308,1383,2976,3823,1200,1293,1298,2546,2366,891,1028,1429,1479,755,764,856,1038,1198,1232,1407,1308,973,983,1127,1124,1275,1381,1104,1408,965,1019,1173,1240,2730,4832,978,834,1846,1713,706,843,1107,1083,3147,2671,1410,1307,1034,1114,689,584,1134,1153,1604,1452,1011,856,986,1772,1519,984,1061,1234,1330,1092,1072,1202,1328,1097,1164,978,940,1055,1208,1276,1341,1014,988,1456,1886,762,645,759,934,1001,1210,1941,1082,1354,1494,1082,965
bing_querylogs|config_id=6987,1477,1477,1100,1103,722,724,1702,1702,1175,1170,1548,1548,2242,2247,1149,1149,1141,3630,3666,1130,1144,1329,1329,985,991,908,941,1308,1379,1123,1120,1170,1189,1141,1150,1048,1048,941,937,1070,1067,1207,1207,2145,2145,1305,1302,1492,1492,765,765,1094,1094,1872,1875,1029,1029,1009,1009,689,685,885,885,1483,1591,818,819,812,1831,1831,1291,1294,1489,1489,2674,2675,1130,1130,1242,1248,878,878,979,972,1163,1163,898,898,1791,1791,781,786,728,724,1277,1271,1158,1167,1528,1528,1068,1071
bing_querylogs|config_id=6993,1241,1343,1001,979,770,836,1281,2137,1231,1153,1275,1402,1465,10465,1183,1360,1352,4410,2666,1098,1368,1377,1490,1036,814,1155,1151,1375,1338,1503,1433,1219,1261,1186,969,1268,1157,1203,1167,1151,1182,1368,1353,3123,1546,973,989,1747,1685,810,1020,1325,1196,9550,10518,1119,1049,1221,1216,734,732,1155,1177,1690,1657,1026,1097,1096,5694,3239,1298,1296,1287,1784,1147,1714,1533,1360,1359,1311,933,1024,961,995,1540,1593,1209,1079,1977,1800,758,788,778,787,1237,1133,849,1056,1548,1473,1359,1412
bing_querylogs|config_id=6995,1328,1328,947,950,572,573,1551,1551,1029,1037,1397,1397,2104,2098,1006,1006,1003,3486,3522,983,992,1178,1178,835,841,824,860,1223,1226,972,969,1017,1037,985,994,896,896,787,786,917,914,1058,1058,1997,1997,1148,1145,1347,1347,613,613,945,945,1722,1725,878,878,865,865,538,535,735,735,1454,1452,668,668,662,1681,1681,1140,1143,1336,1336,2527,2536,976,976,1096,1102,726,726,828,826,1012,1012,751,751,1651,1648,634,634,577,577,1118,1112,1006,1015,1379,1379,915,918
bing_querylogs|config_id=7000,1294,1294,926,927,561,562,1531,1531,997,992,1345,1345,2067,2072,970,970,964,3359,3387,955,960,1128,1128,801,805,750,783,1137,1182,938,937,964,977,958,959,868,868,779,778,892,891,1032,1032,1971,1971,1131,1137,1290,1290,604,604,905,905,1649,1652,833,833,813,813,529,527,710,710,1304,1372,653,654,647,1652,1652,1118,1119,1255,1255,2493,2494,936,936,1045,1047,711,711,811,808,973,973,717,717,1550,1550,616,616,566,563,1079,1077,984,989,1314,1314,891,892
bing_querylogs|config_id=7005,1324,1324,946,948,572,573,1545,1545,1030,1033,1393,1393,2100,2094,1008,1008,999,3482,3518,979,988,1174,1188,837,845,755,776,1219,1222,968,965,1010,1031,991,990,895,895,783,783,906,903,1054,1054,2004,2004,1148,1145,1342,1342,609,613,941,941,1718,1721,874,874,861,873,535,532,744,744,1450,1451,668,669,664,1677,1677,1136,1139,1332,1332,2523,2532,972,972,1092,992,722,722,829,822,1008,1026,756,756,1648,1648,635,634,574,573,1121,1115,1005,1011,1375,1375,923,927
bing_querylogs|config_id=7012,1324,1324,943,946,566,566,1545,1545,1025,1020,1393,1393,2089,2085,1002,1002,994,3482,3518,974,988,1174,1174,831,837,751,775,1152,1222,968,965,1010,1031,978,987,895,895,781,778,906,903,1054,1054,1989,1989,1148,1145,1342,1342,609,609,941,941,1716,1719,874,874,861,861,534,529,735,735,1340,1451,662,664,656,1675,1675,1136,1139,1332,1332,2521,2522,972,972,1092,1098,722,722,824,816,1008,1008,742,742,1648,1648,625,625,570,566,1114,1108,1000,1009,1375,1375,911,914
bing_querylogs|config_id=7016,908,982,803,827,641,963,967,958,955,986,1214,1039,1490,1455,987,978,1047,1401,1462,975,950,1283,1436,730,795,1109,955,1129,1250,1282,1295,941,1057,858,829,1153,1100,1507,1202,1044,1196,899,871,1187,1114,843,971,1316,989,759,709,1021,1123,1129,1235,1242,900,993,1031,632,638,946,930,1359,1143,860,808,770,1381,852,789,822,1331,1377,1268,1107,1382,1454,1232,1276,1012,1055,781,838,1414,1631,858,926,985,1186,716,745,644,658,847,974,905,991,1357,1169,1251,1055
bing_querylogs|config_id=7023,1666,1688,1190,1194,1152,1445,1342,1433,1454,1274,1725,1786,1844,1722,1380,1387,1539,1718,1722,1621,1240,1749,1824,1134,1279,1525,1499,1366,1353,1737,1704,1476,1492,1312,1307,1466,1480,1302,1363,1605,1504,1587,1635,1659,1859,1279,1204,1881,2018,1252,1250,1544,1680,1512,1454,1487,1454,1517,1436,1028,895,1439,1359,1885,1624,1261,1236,1195,1588,1414,1211,1225,1841,1757,2000,1986,1992,1952,1558,1595,1331,1385,1302,1311,1547,1592,1497,1507,2340,1965,1210,1167,1183,1018,1752,1719,1363,1280,1550,1564,1619,1674
bing_querylogs|config_id=7026,1310,1247,872,874,558,558,1450,1530,1008,1010,1309,1350,1980,2080,932,988,929,3470,3395,899,906,1003,1151,695,755,813,773,1124,1127,797,883,814,831,916,919,814,814,775,774,888,844,981,981,1921,1921,1135,1080,1246,1246,548,548,914,858,1643,1646,788,788,837,773,526,527,614,712,1390,1262,602,603,562,1614,1614,1064,1064,1210,1210,2495,2449,907,909,1006,922,661,709,756,752,939,939,675,675,1499,1578,569,564,563,561,1081,979,932,939,1328,1272,853,804
bing_querylogs|config_id=7033,1378,1378,1157,1097,1032,1047,1441,1083,1295,1253,1454,1459,1511,1578,1096,1077,1217,1534,1754,1292,1392,1345,1401,941,926,1014,1209,1447,1559,1434,1297,1394,1359,1335,1196,1271,1226,1311,1458,1072,1281,1145,1117,1567,1502,1055,1111,1454,1455,1145,974,1292,1348,1707,1487,1943,1462,1007,1090,798,795,1306,1211,1367,1660,1045,1099,1020,1477,1292,2847,2212,1686,1456,1424,1977,1523,1184,1449,1293,1128,1173,1118,1223,1324,1304,1293,1343,2012,2036,863,976,828,851,1077,1073,1434,1272,1734,1411,1137,1388
bing_querylogs|config_id=7037,1488,1488,1401,1301,892,754,1858,1711,1209,1239,1674,1614,2532,2510,1379,1326,1163,3761,3645,1220,1189,1591,1393,1011,1017,932,1006,1468,1434,1277,1090,1193,1197,1210,1338,1088,1087,1016,1055,1273,1198,1234,1527,2204,2208,1342,1339,1507,1603,966,807,1131,1317,1944,2166,1215,1196,1027,1028,698,712,911,895,1651,1873,828,846,822,2034,1995,1395,1350,1496,1730,2804,2838,1153,1136,1199,1448,907,993,1098,982,1143,1108,1194,1119,1984,1824,920,794,785,782,1278,1272,1411,1287,1692,1539,1075,1078
bing_querylogs|config_id=7043,1406,1389,1176,1232,891,783,1797,1696,1321,1225,1617,1555,2470,2336,1277,1268,1279,3087,3041,1186,1294,1384,1474,934,952,1033,1174,1321,1438,1249,1212,1104,1151,1247,1219,1268,1070,1040,1213,1316,1209,1396,1223,2219,2218,1368,1422,1639,1527,1037,977,1311,1355,1637,1627,1119,1092,1055,1050,703,722,893,1199,1475,1681,838,846,841,1825,1874,1285,1263,1541,1458,2646,2501,1177,1086,1264,1527,926,884,959,970,1559,1325,1168,861,1705,1717,909,815,767,765,1146,1185,1318,1391,1695,1591,1335,1300
bing_querylogs|config_id=7047,1281,1272,919,952,571,576,1550,1550,1036,1034,1399,1294,2103,2049,976,976,1005,3431,3459,985,994,1080,1081,778,784,822,861,1225,1228,883,971,903,917,977,998,900,838,786,786,919,916,1060,1060,1947,1947,1154,1151,1258,1348,615,615,947,947,1724,1691,880,828,877,867,541,520,737,737,1452,1451,670,629,631,1683,1664,1108,1111,1208,1205,2529,2496,978,978,1098,1013,728,728,796,789,1014,918,705,705,1588,1582,599,640,555,582,1071,1066,1008,986,1381,1303,917,920
bing_querylogs|config_id=7053,1298,1298,930,931,566,568,1537,1537,1001,1005,1349,1349,2078,2076,974,974,971,3363,3391,959,964,1132,1132,805,809,838,892,1183,1186,942,941,971,983,965,966,869,869,784,782,903,902,1036,1036,1977,1977,1134,1133,1295,1295,608,608,909,909,1654,1657,837,837,817,817,533,532,710,710,1374,1373,658,658,652,1657,1657,1122,1123,1259,1259,2498,2503,940,940,1049,1051,715,715,815,813,977,977,725,725,1553,1553,625,625,572,572,1083,1081,989,994,1318,1318,895,896
bing_querylogs|config_id=7056,794,838,665,740,648,643,934,970,843,900,1349,1135,1286,1210,845,763,908,1160,1027,884,797,1132,1122,749,743,875,863,888,958,1088,1188,1066,1067,801,781,938,960,944,875,885,808,779,813,925,1050,764,760,1330,1381,741,709,863,859,1175,729,1137,980,964,902,674,625,822,795,961,1297,781,742,779,820,714,830,833,1334,1285,916,763,962,953,1031,1012,756,799,793,743,1053,1064,796,816,995,1047,719,719,635,631,863,830,751,735,866,1423,911,852
bing_querylogs|config_id=7063,797,797,585,534,743,674,1034,1034,613,668,1031,1031,977,947,646,590,587,1170,1117,791,891,886,887,634,639,826,855,885,1014,881,967,849,1017,693,650,896,896,513,565,1685,1074,653,653,1067,915,704,755,1021,857,659,608,897,897,798,801,797,853,767,767,558,556,842,891,1762,1652,654,570,559,649,649,698,694,997,1134,897,802,910,970,1059,1026,720,773,639,630,985,876,776,820,1031,1042,700,595,579,580,714,612,990,939,986,986,886,889
bing_querylogs|config_id=7065,1324,1324,943,946,566,566,1545,1545,1025,1020,1393,1393,2089,2085,1002,1002,994,3482,3518,974,988,1174,1174,831,837,751,775,1152,1222,968,965,1010,1031,978,987,895,895,781,778,906,903,1054,1054,1989,1989,1148,1145,1342,1342,609,609,941,941,1716,1721,874,874,861,861,534,529,735,735,1340,1451,662,664,656,1675,1675,1136,1139,1332,1332,2521,2522,972,972,1092,1098,722,722,824,816,1008,1008,742,742,1648,1648,625,625,570,566,1114,1108,1000,1009,1375,1375,911,914
bing_querylogs|config_id=7071,890,831,558,566,564,568,675,788,695,695,917,916,1444,1317,782,786,779,835,1530,628,634,1013,1064,672,673,768,810,761,873,932,880,923,941,702,699,834,885,562,554,751,702,742,753,4131,1524,631,631,1035,1079,608,611,708,709,617,598,781,774,713,711,524,520,699,814,878,939,757,758,748,580,591,639,644,1043,1085,645,582,736,786,897,890,626,590,627,661,984,980,666,704,767,829,595,593,562,562,748,777,636,643,934,1026,973,955
bing_querylogs|config_id=7078,1327,1332,951,954,571,572,1550,1550,1028,1031,1398,1398,2105,2099,1005,1010,1002,3425,3461,987,991,1179,1179,839,845,751,780,1156,1223,973,882,1015,1036,946,944,897,888,786,787,921,867,1057,1062,1998,1998,1152,1149,1351,1346,612,612,949,949,1721,1724,877,877,866,869,537,524,734,685,1341,1451,667,633,661,1680,1685,1144,1147,1337,1337,2526,2535,980,980,1095,1103,725,695,793,826,1013,1011,708,749,1566,1566,633,633,581,581,1065,1116,1005,1014,1270,1380,914,917
bing_querylogs|config_id=7079,960,1038,720,792,1127,915,755,977,895,1168,1157,1212,2047,2848,1123,1187,1139,1875,2310,1231,746,1226,1355,693,737,810,944,1040,1246,1328,1354,971,976,1025,992,1188,1230,2544,1717,804,777,1060,972,1157,1129,812,715,1348,1703,722,697,843,952,1334,1594,1447,989,963,1057,617,661,782,776,1335,1347,1013,807,896,851,822,967,972,1238,1297,2228,859,1051,1206,1117,1015,701,809,814,904,1198,1337,922,927,1584,1375,615,629,881,955,980,955,1332,1128,1664,1567,966,1027
bing_querylogs|config_id=7086,1488,1488,1286,1247,732,754,2113,1711,1209,1213,1606,1704,2472,2533,1313,1166,1163,3646,3645,1380,1189,1391,1455,1011,997,929,962,1429,1458,1317,1129,1193,1197,1381,1286,1087,1056,963,962,1313,1300,1262,1235,2141,2208,1342,1305,1539,1523,793,807,1130,1164,1899,2053,1196,1196,1026,1019,714,715,895,895,1614,1690,828,849,822,2017,1974,1346,1412,1496,1542,2834,2935,1136,1136,1198,1225,886,886,988,982,1235,1231,1146,1002,1998,1825,812,794,781,769,1278,1272,1304,1472,1583,1539,1075,1078
bing_querylogs|config_id=7093,681,817,623,648,567,569,701,735,996,908,946,1017,1262,1323,989,1178,1051,1034,1014,665,666,927,930,680,694,842,892,830,926,993,910,946,977,920,913,969,1081,702,741,727,686,831,872,916,992,613,612,1059,1064,693,694,861,938,1411,1028,794,771,797,793,568,557,709,707,1031,1083,738,714,782,672,717,619,648,1073,1080,848,880,863,802,981,967,740,686,700,737,1087,1023,721,717,1128,1056,622,622,645,589,716,754,754,658,1074,1267,726,762
bing_querylogs|config_id=7095,1324,1324,947,948,572,573,1545,1545,1030,1033,1393,1393,2100,2094,1008,1008,999,3482,3518,979,988,1188,1188,837,845,755,776,1219,1222,968,965,1010,1031,991,990,895,895,783,783,906,903,1054,1054,2004,2004,1148,1145,1342,1342,609,609,941,941,1721,1721,874,877,861,873,535,532,745,744,1450,1451,668,669,664,1677,1677,1136,1139,1332,1332,2523,2532,972,972,1110,1098,722,722,829,822,1008,1026,756,756,1648,1648,635,634,574,573,1121,1115,1005,1011,1375,1375,923,927
bing_querylogs|config_id=7101,978,1022,907,955,822,823,894,909,903,960,1190,1362,1348,1339,963,963,960,1300,1516,1157,997,1176,1167,802,858,1144,1167,1362,1258,1142,1153,1191,1089,964,1011,1256,1136,759,836,877,966,937,1021,1097,1083,993,899,1179,1294,857,801,1052,1010,896,924,1082,948,1025,1025,682,663,904,951,1539,1670,928,874,874,991,991,929,869,1203,1334,954,959,1030,1141,1180,1060,870,886,833,831,1431,1243,851,847,1413,1169,910,758,1026,958,926,1240,728,857,1364,1364,1116,1063
bing_querylogs|config_id=7108,1308,1308,927,930,552,552,1529,1529,1014,1017,1377,1377,2084,2078,992,992,983,3403,3502,963,972,1099,1158,821,821,756,737,1125,1206,864,861,994,1015,962,970,879,879,767,767,890,887,1038,1038,1980,1980,1128,1125,1326,1326,593,593,925,925,1702,1705,858,858,855,845,503,503,719,719,1324,1432,648,648,642,1661,1661,1120,1123,1316,1316,2507,2516,956,956,1092,1099,706,706,808,802,899,1010,727,727,1632,1632,614,614,558,543,1104,1099,986,995,1245,1359,895,898
bing_querylogs|config_id=7113,1078,965,1000,782,779,795,1129,946,1087,960,1361,1485,2029,1825,1126,1167,1260,2500,2074,1146,1178,1166,1342,717,716,874,851,1034,1231,1147,1152,1010,1046,931,943,1225,1181,1290,1193,914,899,1139,1001,1869,1536,870,616,1713,1585,751,731,992,1049,1779,1902,2769,1694,1105,1086,619,593,859,988,1358,1275,955,813,840,1330,1274,956,857,1327,1265,1666,1519,1330,1290,1072,1009,871,707,805,872,1241,1267,894,878,1242,1420,694,634,926,937,910,1109,913,1194,1339,1737,1122,977
bing_querylogs|config_id=7115,1281,1282,946,949,554,555,1520,1520,1049,1053,1314,1313,2054,2045,976,976,1002,3485,3470,984,991,1098,1099,834,840,751,776,1222,1225,883,985,920,1036,943,950,838,900,770,785,935,913,1057,1025,1953,1953,1147,1144,1345,1273,625,587,944,944,1721,1696,877,832,864,874,525,522,692,692,1452,1451,635,636,631,1665,1666,1108,1111,1335,1335,2526,2496,930,930,1006,1013,728,700,796,789,918,1029,705,743,1582,1582,633,633,556,555,1146,1066,981,992,1378,1285,874,878
bing_querylogs|config_id=7123,1328,1328,947,950,572,573,1551,1551,1029,1037,1397,1397,2104,2098,1006,1006,1003,3486,3522,983,992,1178,1178,835,841,824,860,1223,1226,972,969,1017,1037,985,994,896,896,787,786,917,914,1058,1058,1997,1997,1148,1145,1347,1347,613,613,945,945,1722,1725,878,878,865,865,538,535,735,735,1454,1452,668,668,662,1681,1681,1140,1143,1336,1336,2527,2536,976,976,1096,1102,726,726,828,826,1012,1012,751,751,1651,1648,634,634,577,577,1118,1112,1006,1015,1379,1379,915,918
bing_querylogs|config_id=7124,942,889,628,591,578,580,825,880,1013,1026,996,1072,1412,2526,1063,1093,1121,1771,1636,921,847,1033,949,721,687,914,888,1071,1094,832,1027,901,1027,907,982,1256,1220,1533,976,800,782,1081,903,2872,1025,574,570,1103,1084,585,586,974,853,2050,1041,838,803,732,672,512,573,783,775,1045,1121,616,669,670,862,667,801,882,1192,1284,1204,1979,1018,831,1015,1124,720,772,814,657,1139,1072,831,810,1234,1327,594,593,634,659,873,869,714,802,1001,997,850,800
bing_querylogs|config_id=7133,1235,1193,891,903,533,533,1490,1490,965,966,1192,1191,2011,2058,945,943,996,3352,3386,909,867,1065,1044,695,701,735,762,1085,1039,814,1156,845,1110,904,906,784,785,754,753,834,835,1034,989,1918,1974,1048,1129,1214,1449,571,601,807,861,1659,1661,845,739,755,755,526,524,650,654,1227,1336,651,609,646,1648,1667,1077,1121,1263,1112,2443,2449,884,882,954,905,675,709,809,805,801,801,667,756,1524,1537,579,611,494,535,1019,1013,954,957,1195,1461,838,841
bing_querylogs|config_id=7138,1480,1480,1265,1269,724,770,1703,1724,1197,1231,1734,1752,2304,2572,1315,1158,1172,3804,3671,1372,1181,1361,1423,981,1011,922,1012,1557,1451,1424,1144,1205,1189,1328,1188,1080,1048,955,976,1069,1302,1252,1227,2193,2200,1334,1327,1499,1697,908,817,1253,1380,2106,2126,1195,1095,1012,1075,690,687,887,887,1606,1883,820,820,814,2007,1972,1409,1342,1488,1537,2986,2957,1160,1128,1190,1196,939,939,980,974,1324,1223,1174,1101,1999,1817,786,918,776,777,1270,1264,1458,1311,1531,1531,1067,1070
bing_querylogs|config_id=7142,1170,1173,782,786,876,927,1055,1344,1084,908,1077,1188,1395,1349,877,872,1053,1296,1469,924,934,1197,1173,739,975,997,881,1079,1265,1219,1128,1199,1210,877,882,843,964,668,745,1130,1002,993,954,1234,1229,902,891,996,1355,894,894,1111,970,1000,952,17249,1100,888,888,798,612,1022,1020,1237,1143,924,878,904,997,841,1035,1116,1289,1437,1127,1083,1045,1054,931,1005,1012,994,967,989,1108,1092,1141,1152,1602,1606,802,769,868,766,946,1030,828,839,949,952,997,1000
bing_querylogs|config_id=7147,1281,1282,946,949,554,555,1520,1520,1049,1053,1314,5160,2056,2045,976,976,1002,3485,3470,984,991,1098,1099,785,840,751,776,1222,1225,883,988,920,1036,943,998,838,900,770,785,917,932,1025,1025,1953,1953,1147,1144,1345,1273,625,587,955,944,1721,1696,877,832,864,874,525,522,692,692,1452,1451,635,636,631,1665,1666,1108,1142,1335,1335,2526,2494,930,930,1006,1013,725,700,796,789,1149,1029,705,743,1646,1582,633,633,556,555,1146,1066,981,992,1381,1285,874,878
bing_querylogs|config_id=7152,1007,1085,839,850,993,894,1066,1044,908,1014,1224,1304,1225,1355,1081,1146,1097,1009,1049,805,814,1264,1152,759,749,875,880,1031,974,1071,1056,1096,1174,929,853,1058,1058,940,741,904,916,843,896,1459,1380,683,680,1406,1491,815,807,997,965,821,824,1022,930,954,944,578,591,876,855,1338,1420,837,818,795,767,767,1180,797,1372,1385,979,961,1183,1155,1075,1132,713,713,813,774,1029,1184,899,942,1141,1078,737,737,901,886,865,867,816,823,1237,1298,1157,1176
bing_querylogs|config_id=7158,1192,1209,920,922,839,852,1142,1147,912,951,1422,1412,1535,1579,1058,1115,1055,1584,1665,1082,1128,1426,1300,888,924,886,923,1532,1399,1385,1364,1258,1295,1059,1058,1349,1346,822,873,1121,1109,1181,1182,1350,1313,1015,1012,1508,1517,823,844,1027,1061,1957,1892,1246,1273,1045,1083,666,619,970,1015,1402,1413,846,847,832,926,973,1183,1217,1550,1535,1213,1213,1265,1258,1259,1265,954,950,862,889,1211,1144,1052,1039,1520,1532,758,757,924,923,1051,1068,928,947,1454,1455,1259,1168
bing_querylogs|config_id=7163,1236,1100,821,1274,922,941,889,889,1167,1174,1353,1467,1664,1490,1412,1385,1465,1292,1388,2047,2056,1203,1411,836,845,1194,1213,965,1047,1245,1167,1359,1429,969,1003,1302,1373,1035,1020,1008,997,1651,1098,1500,1452,897,851,1632,1500,720,720,1725,1664,1411,1215,1224,1085,1081,1194,595,626,880,913,1553,1527,886,939,894,1417,1554,16671,1773,1386,1365,1206,1247,1316,1372,1124,1132,771,830,940,942,1152,1401,999,997,1282,1483,812,749,762,752,1027,1088,1496,1489,1371,1541,1172,1100
bing_querylogs|config_id=7173,1196,1041,896,949,1108,1184,1038,927,993,1012,1369,1292,1319,1247,1047,1253,1086,1405,1235,1002,954,1304,1357,861,827,1132,1107,1114,1134,1416,1262,1202,1223,947,1016,1230,1147,822,786,966,978,1032,1052,1417,1150,853,798,1370,1350,1007,985,1008,1068,949,891,1130,1103,1055,1091,805,737,844,893,1267,1343,918,977,876,987,897,1184,1444,1309,1288,1417,1509,1141,1167,1258,1278,860,856,867,893,1358,1375,975,1014,1390,1331,885,878,998,922,1020,1079,1041,1018,1637,1355,1231,1134
bing_querylogs|config_id=7174,811,770,700,704,567,567,1018,2209,951,959,1010,1054,1345,7843,880,952,981,5595,17449,832,841,1061,1052,768,759,797,786,845,919,980,1021,1026,1042,825,798,938,872,792,3431,859,871,933,849,4192,2768,611,795,6653,1982,775,714,993,986,17390,13422,4502,929,910,1017,541,541,891,806,1222,1331,707,763,679,2817,2274,859,1197,1279,1285,889,1431,1026,1036,963,970,684,749,703,780,1094,1158,860,824,1591,1617,616,609,585,568,775,787,675,679,1005,1103,873,867
bing_querylogs|config_id=7180,713,713,592,594,578,580,661,661,823,814,1004,999,1012,1120,994,994,986,961,1115,667,676,950,954,748,753,806,836,935,909,963,947,983,987,898,789,1143,1143,1135,994,723,733,790,790,2663,843,618,617,1003,969,634,771,806,969,834,64913,843,843,743,745,560,556,720,728,1071,1085,731,735,725,707,642,628,629,1068,1156,758,847,716,716,953,1084,752,807,743,741,1167,1181,779,779,1155,1127,623,621,592,591,750,748,652,663,1077,1114,706,712
bing_querylogs|config_id=7185,957,1149,734,796,828,886,942,763,989,872,1090,1168,1497,1518,1159,1037,1079,973,877,763,708,1131,1257,646,721,855,910,1112,1037,1281,1177,962,953,787,1064,1145,1070,989,887,763,899,837,1008,1041,1205,670,668,1389,1221,895,1003,1098,974,831,805,1100,1738,854,950,646,646,795,783,1110,1185,867,928,941,900,904,791,943,1269,1313,961,954,1040,986,1078,1134,661,700,772,766,1310,1267,800,799,890,989,730,766,871,932,735,833,822,835,1065,1052,1481,1208
bing_querylogs|config_id=7198,1321,1325,948,951,567,570,1548,1548,1019,1022,1393,1393,2101,2095,993,997,990,3413,3449,983,988,1174,1174,833,839,749,787,1152,1219,968,860,1016,1036,938,947,890,890,786,785,925,922,1051,1055,1996,1996,1145,1142,1326,1337,609,609,942,942,1717,1720,873,873,854,854,533,518,725,678,1325,1435,663,663,657,1676,1680,1139,1142,1334,1334,2519,2528,978,978,1086,1093,722,692,788,821,1008,1008,693,744,1553,1553,630,630,578,578,1076,1119,1003,1012,1264,1373,912,915
bing_querylogs|config_id=7203,1295,1299,932,933,564,566,1535,1535,1001,1002,1352,1352,2076,2074,973,977,970,3305,3333,961,962,1138,1138,807,811,750,788,1139,1182,941,855,974,986,929,932,870,870,783,782,904,864,1032,1036,1980,1980,1134,1133,1291,1298,608,608,912,912,1629,1632,835,835,819,822,531,520,709,677,1311,1376,657,657,651,1655,1659,1124,1125,1260,1260,2494,2499,942,942,1045,1048,713,689,785,815,977,977,688,721,1482,1482,624,624,572,572,1058,1086,988,993,1321,1322,894,895
bing_querylogs|config_id=7208,1286,1291,922,925,567,568,1541,1541,1023,1026,1372,1372,2001,1995,977,982,974,3518,3554,981,985,1161,1161,810,816,749,778,1151,1218,969,861,1005,1028,938,936,890,890,767,768,916,862,1050,1055,1989,1989,1142,1139,1356,1366,622,622,953,953,1391,1394,811,811,863,866,534,521,724,729,1256,1366,667,667,661,1556,1561,1142,1145,1332,1332,2545,2554,946,946,1102,1110,717,687,781,818,1008,1008,697,738,1661,1661,625,625,580,580,1065,1105,1011,1020,1331,1333,964,967
bing_querylogs|config_id=7213,1275,1334,953,956,579,580,1547,1547,1031,1034,1369,1369,2021,2005,1080,1085,1077,3497,3533,996,1000,1235,1235,883,889,761,790,1158,1225,975,867,1017,1040,962,960,899,902,780,781,923,869,1085,1090,1999,1999,1171,1168,1267,1277,631,631,963,963,1477,1480,815,815,868,868,539,526,744,695,1335,1445,669,669,663,1737,1742,1153,1156,1296,1296,2565,2574,1084,1084,1110,1118,727,697,786,819,1015,1015,692,743,1757,1757,635,635,583,583,1066,1106,1012,1021,1366,1368,918,921
bing_querylogs|config_id=7218,1295,1299,932,933,564,566,1535,1535,1001,1002,1352,1352,2076,2069,973,977,970,3305,3333,961,962,1138,1138,807,811,750,788,1139,1187,941,855,974,985,935,931,870,873,783,782,904,864,1032,1036,1980,1980,1134,1133,1291,1298,608,608,912,912,1629,1632,835,835,819,822,531,520,709,677,1311,1376,657,657,651,1655,1659,1124,1125,1260,1260,2494,2499,942,942,1046,1048,713,689,785,815,977,977,688,721,1482,1482,624,624,572,572,1058,1086,988,993,1321,1322,894,895
bing_querylogs|config_id=7223,1266,1325,948,951,564,565,1496,1496,1021,1024,1391,1391,2101,2092,998,1003,995,3418,3454,980,984,1172,1172,832,838,744,773,1149,1223,966,858,1008,1031,939,937,890,881,779,780,914,911,1050,1055,1991,1991,1145,1142,1329,1339,605,605,942,942,1714,1717,870,870,859,862,530,516,725,676,1334,1444,660,660,654,1673,1678,1130,1133,1330,1330,2519,2528,973,973,1088,1096,718,688,786,819,1006,1006,691,742,1559,1559,626,626,576,576,1066,1109,998,1007,1397,1399,907,910
bing_querylogs|config_id=7228,1242,1300,930,933,576,578,1548,1548,1026,1029,1377,1377,2010,2004,979,983,976,3515,3551,990,995,1166,1166,816,822,759,796,1157,1231,977,869,1018,1039,944,942,897,897,775,774,935,875,1057,1061,1999,1999,1148,1145,1358,1369,630,630,957,957,1397,1400,820,820,859,862,543,529,727,680,1264,1375,675,675,669,1560,1564,1150,1153,1339,1339,2547,2556,953,953,1107,1114,726,696,788,821,1016,1016,705,746,1656,1656,634,634,591,591,1073,1116,1019,1028,1228,1337,974,977
bing_querylogs|config_id=7233,1518,1632,1032,982,1124,1076,1274,1308,1246,1246,1593,1773,1446,1995,1606,1605,1468,1687,1334,1022,1476,1448,1452,896,910,1319,1440,1353,1584,1774,1600,1612,1633,1290,1342,1343,1667,1168,1188,1432,1144,1195,1358,1750,1616,1006,1199,2190,1772,971,904,1356,1611,1344,1012,1394,1316,1338,1281,798,876,1157,1226,1617,2094,1079,1075,1038,1182,921,1145,1082,1760,1658,1550,1561,1661,1889,1555,1493,1115,982,1093,1089,1787,1512,1069,1214,1811,1643,1044,944,1002,955,1645,1578,1317,1236,1988,1819,1388,1473
bing_querylogs|config_id=7238,975,1261,978,925,831,784,887,906,950,964,1317,1283,1464,1494,990,1024,1014,1322,1218,1019,1104,1260,1355,927,959,1116,976,1391,1330,1148,1328,1253,1274,1044,993,1409,1322,745,761,869,866,964,964,1301,1220,922,901,1343,1286,814,740,1099,942,917,961,1082,1169,1161,1151,636,783,1014,949,1224,1499,872,939,866,1023,1019,1039,891,1378,1400,897,996,1196,1093,1214,1233,910,910,878,893,1125,1616,907,920,1438,1442,728,717,867,804,1033,1134,719,733,1202,1364,1105,1097
bing_querylogs|config_id=7258,1653,1589,981,1073,1159,970,1235,1284,1184,1164,1546,1682,2872,9546,3519,1617,1585,2080,2178,942,951,1618,2125,960,968,1430,1232,1398,1384,1571,1398,1472,1501,1079,1086,1474,1407,2311,2087,1151,1145,1445,1324,2520,2963,1077,1095,1681,1906,868,871,1077,1705,1453,1508,1530,1434,1623,1233,770,839,1266,1211,1665,1902,982,1054,1040,1032,983,926,970,1695,1762,1462,1502,1771,2211,1301,1409,1087,1071,1048,1043,1390,1766,1163,1212,2298,2476,1004,921,1066,1015,1546,1245,1106,1299,1559,1824,1234,1249
bing_querylogs|config_id=7271,1274,1275,939,1860,547,548,1513,1513,1042,1046,1307,1306,2049,2038,969,969,960,3478,3463,977,984,1091,1092,827,833,744,769,1215,1218,876,978,913,1029,936,943,831,893,2042,778,910,925,1018,1018,1946,1946,1140,1137,1338,1266,618,644,937,937,1714,1689,870,825,857,867,518,515,685,685,1445,1444,628,629,624,1658,1659,1101,1135,2542,1328,2519,2488,1920,1693,999,1006,718,693,789,782,911,1022,698,736,1639,1575,626,626,549,548,1064,1059,974,985,1374,1278,867,871
bing_querylogs|config_id=7286,786,784,648,603,623,603,730,796,751,756,981,945,955,965,759,703,747,891,892,761,654,897,905,674,676,900,950,816,802,1043,957,949,958,745,731,828,871,743,610,736,748,731,713,906,869,657,643,880,880,688,651,735,744,643,728,787,875,737,742,583,580,739,736,967,1014,678,688,668,701,800,771,686,1061,983,700,664,873,926,930,928,627,646,673,700,1035,980,734,726,865,877,656,642,676,626,737,758,594,711,1019,953,827,813
bing_querylogs|config_id=7289,1252,1197,880,884,510,511,1482,1482,965,967,1217,1217,2036,2032,938,938,934,3419,3451,904,912,993,994,761,768,692,722,1129,1058,783,888,919,935,910,918,750,819,727,726,840,838,986,986,1926,1877,1087,1085,1251,1251,553,556,863,863,1646,1651,793,791,788,778,479,477,661,661,1342,1341,607,611,603,1622,1619,1067,1069,1088,1088,2447,2455,899,900,922,1015,669,669,764,725,833,833,670,678,1565,1565,569,569,515,514,1037,1029,938,942,1277,1277,844,849
bing_querylogs|config_id=7293,1005,997,690,690,660,661,926,1096,764,897,1119,980,1360,1380,871,891,905,1126,1359,885,932,1047,1007,709,650,851,877,1132,1035,1080,1074,1029,1068,748,745,1014,1011,832,786,825,816,932,961,1130,1120,848,772,1285,1328,664,657,1156,1045,884,17228,1346,952,898,859,622,612,756,753,1138,1111,803,750,720,701,704,1292,17515,1164,1144,943,968,924,926,936,925,649,649,779,785,981,986,785,822,1280,1293,664,649,764,781,884,811,1055,800,1073,1025,952,864
bing_querylogs|config_id=7305,1553,1621,1074,1075,1154,1301,1441,1619,1341,1375,1616,1593,1737,1721,1563,1428,1586,1493,1568,1086,1077,1710,1561,1043,1068,1396,1474,1534,1552,1721,1681,1527,1530,1610,1569,1699,1644,1173,1472,1279,1205,1485,1444,1674,1750,1126,1167,1656,1675,1084,1093,1590,1508,2056,1169,1324,1370,1591,1458,920,888,1252,1255,1799,1795,1119,1134,1127,1176,1586,1644,1143,1697,1682,1649,1350,1527,1628,1491,1557,1171,1110,1155,1151,1648,1586,1309,1176,1717,1599,1129,991,1163,1162,1463,1354,1461,1469,1726,1673,1505,1411
bing_querylogs|config_id=7315,996,980,744,764,607,720,1056,864,1064,1146,1242,1279,1411,2236,1125,1128,1125,1280,1773,835,859,1172,1208,722,703,874,907,1316,1030,1092,1357,920,1150,983,937,1310,1305,1068,1343,856,940,1011,978,2458,1126,1003,916,1481,1445,709,713,988,1103,3013,3088,1001,936,1170,1310,637,586,828,827,1517,1531,761,841,847,1562,1911,876,1104,1533,1416,1418,1108,1213,1113,1107,1174,725,880,962,753,1178,1200,946,872,1470,1132,753,644,704,667,893,896,883,1028,1963,1428,974,972
bing_querylogs|config_id=7326,1019,1019,762,765,658,664,926,921,906,909,1439,66839,1405,1405,839,839,829,1989,2025,912,923,1385,1374,819,831,839,866,1333,1258,1240,1237,1134,1155,941,66430,1251,1274,661,661,64069,970,1015,1023,1164,1164,811,808,1274,1274,671,668,911,921,1623,1630,1069,1068,924,1000,534,531,858,858,1284,1285,797,798,793,781,779,966,969,1367,1364,1072,1084,1334,1348,1156,1148,746,746,829,823,1097,1079,917,917,1256,1256,665,659,672,672,986,980,759,768,1275,1272,1051,1068
bing_querylogs|config_id=7330,896,956,619,619,675,676,792,765,824,798,908,899,1073,1054,852,899,879,1048,1164,594,646,988,928,570,609,865,831,898,958,823,923,878,814,720,717,911,923,588,712,743,706,695,701,1215,1124,673,723,846,831,657,621,719,714,721,724,1000,961,867,839,553,572,755,675,1111,1015,675,646,668,615,612,703,733,987,966,904,831,940,924,841,743,798,761,741,737,941,829,800,823,1082,1088,569,586,907,544,729,674,578,571,921,922,838,846
bing_querylogs|config_id=7340,1028,1028,768,771,665,665,927,927,909,904,1427,1427,1400,1405,841,841,833,1996,2032,913,927,1380,1380,825,831,792,816,1176,1246,1231,1228,1143,1164,950,959,1254,1254,665,662,979,976,1022,1022,1166,1166,819,816,1280,1280,672,672,918,918,1628,1633,1075,1075,933,933,540,535,867,867,1180,1291,799,801,793,785,785,972,975,1373,1373,1074,1083,1343,1343,1148,1154,749,749,832,824,1088,1088,921,921,1265,1265,663,668,676,672,992,986,761,770,1281,1281,1060,1063
bing_querylogs|config_id=7346,1478,1552,962,981,1037,1059,1497,1503,1089,1157,1459,1475,3066,2325,1239,3171,1375,2415,2079,1088,899,1763,1642,888,929,1386,1328,1404,1481,1558,1401,1435,1432,1019,1249,1370,1406,1865,2476,1129,1414,1125,1403,2180,2513,968,1080,1442,1782,838,842,1558,1475,1633,1351,1335,1224,1299,1482,770,755,1113,1209,1904,1703,1044,1039,1096,1109,1213,1363,1379,1449,1456,1468,1286,1591,1660,1443,1293,1099,1057,1064,978,1362,1334,1168,1021,1869,2059,819,822,1068,1136,1265,1415,1289,1395,1567,1542,1306,1235
bing_querylogs|config_id=7354,1501,1430,978,868,922,1065,1064,1216,1142,1318,1663,1597,1632,2297,1368,1406,1437,1494,1631,1172,1173,1463,1510,970,976,1172,1169,1196,1265,1539,1497,1415,1446,1214,1319,1411,1333,959,1278,1132,1240,1139,1111,1989,1910,1049,1062,1520,1550,883,882,1563,1173,1403,1713,1278,1233,1329,1258,763,757,1113,1076,1578,1735,947,947,944,1140,981,1381,947,1585,1602,1135,1259,1590,1479,1399,1288,944,938,961,979,1400,1488,1132,1076,2965,2107,851,856,854,806,1257,1384,1235,1209,1549,1518,1131,1335
bing_querylogs|config_id=7357,967,957,1149,1130,750,752,1470,1943,1338,979,1286,1322,14178,6958,1502,1420,1398,11175,12116,1281,1557,1529,1618,910,924,1123,1261,1332,1369,1476,1492,1262,1241,1181,1019,1102,1430,989,1658,1442,1445,1241,1152,3276,2663,931,934,4694,7040,939,869,1398,1529,7659,11413,1220,1440,1197,1088,734,771,1324,1402,1842,1742,950,960,990,4220,2405,1225,1454,1568,1835,1889,1754,1229,1273,1372,1526,891,1029,889,888,1270,1328,1506,1269,2031,2154,801,794,840,895,1183,1156,1538,1458,1449,1439,1113,1219
bing_querylogs|config_id=7382,912,913,767,770,733,733,843,1062,1093,1080,1213,1213,1350,1481,1237,1237,1161,1153,1230,844,858,1143,1143,861,867,952,976,1064,1129,1140,1137,1181,1202,1062,1078,1274,1274,2637,2634,898,895,1024,957,1169,1169,777,781,1164,1163,797,799,1113,1042,1426,1431,1022,1022,941,931,718,713,907,905,1235,1289,905,894,888,804,801,806,809,1324,1332,943,944,902,902,1142,1148,865,868,902,892,1246,1246,954,954,1209,1267,778,778,752,748,962,951,821,830,1252,1252,872,875
bing_querylogs|config_id=7386,735,735,610,612,577,577,703,703,957,943,1026,1064,934,972,1000,1000,992,1129,1165,736,853,978,1003,720,726,796,820,905,975,979,976,1130,1104,894,823,1204,1016,1164,714,766,761,796,760,855,954,620,624,1001,1001,642,642,1067,1127,903,847,855,870,833,837,608,556,766,749,1040,1105,690,783,779,676,676,877,886,1291,1269,871,874,778,778,1000,1081,803,737,758,738,1057,1057,817,798,1081,1030,620,620,625,623,876,798,655,727,1273,1110,715,718
bing_querylogs|config_id=7388,1400,1592,1173,1159,879,909,1535,2157,1287,1359,1427,1480,1521,2021,1213,1146,1393,2471,2332,1962,1267,1459,1458,911,1102,1190,1084,1157,1255,1392,1377,1319,1046,1184,1085,1039,1444,3230,2919,1450,1357,1158,1295,1653,1682,1106,1108,1720,1480,1072,1072,1298,1118,20480,4205,1151,1581,1181,1268,945,799,1226,1157,1399,1569,1139,1187,1208,1587,2247,1439,1876,1332,1387,1582,1189,1547,1490,1218,1248,1176,1274,1052,1119,1277,1249,1158,1235,2365,1968,932,937,934,845,1155,1373,1140,965,1408,1238,1153,1203
bing_querylogs|config_id=7420,1190,1203,1022,1043,846,1070,974,1248,1195,1264,1518,1467,2558,3683,1341,1126,1331,1944,1719,944,1308,1358,1400,898,865,1007,1067,1317,1549,1737,1378,1452,1285,1308,1273,1365,1324,1132,2369,1145,1015,1120,1282,1460,1536,936,979,1932,1513,935,934,1153,1210,2279,2371,1632,1508,1280,1178,762,794,1230,1047,1518,1499,1050,1016,973,2040,1796,1173,1073,1448,1606,1230,1400,1139,1352,1294,1162,915,913,1026,995,1324,1277,1307,1042,2257,1894,780,830,974,908,1210,1269,1349,1405,1557,2506,1199,1148
bing_querylogs|config_id=7433,723,729,601,602,569,569,679,665,915,830,1076,1027,1107,1112,986,982,1010,1030,1312,680,694,973,973,764,719,791,818,900,940,985,968,1020,1046,796,917,928,932,1833,947,737,730,885,832,984,843,621,617,1011,1013,637,636,946,836,2097,1402,870,832,882,776,555,549,738,741,1019,1130,727,729,721,727,703,639,642,1137,1187,1152,943,746,738,1120,983,697,836,748,739,1072,1214,784,792,1209,1015,616,612,590,586,775,783,732,679,1275,1023,707,712
bing_querylogs|config_id=7439,778,964,593,588,590,594,859,783,778,864,1016,1004,1200,1302,764,1125,812,1273,1619,704,726,1153,1193,725,817,910,908,820,1062,1097,1124,998,1002,764,796,1049,1048,713,877,733,733,818,822,986,1163,622,619,1084,1057,694,712,752,761,1553,5358,1130,1673,909,949,619,571,769,767,1139,1310,726,765,757,1786,1282,677,692,1177,1415,705,726,981,875,1100,1125,669,702,694,709,1149,1209,838,869,1691,1737,689,646,640,588,760,746,808,706,1125,1131,926,906
bing_querylogs|config_id=7440,718,718,608,602,579,580,671,697,936,893,997,1053,960,975,972,972,991,1037,1069,830,727,966,973,700,704,806,839,896,972,976,975,1082,1064,880,1013,1250,1019,649,1677,752,752,748,787,928,842,628,627,964,1017,640,640,938,891,829,833,842,842,789,800,609,560,730,730,1024,1092,782,783,776,622,669,634,849,1197,1140,844,878,748,754,975,1048,780,779,704,734,1028,1163,790,790,982,1397,623,618,614,623,781,800,678,674,1062,1151,707,708
bing_querylogs|config_id=7445,722,722,592,595,561,561,691,920,937,887,1108,1108,1074,1251,975,975,1005,1094,1827,679,693,972,972,753,759,778,800,880,931,966,977,1013,1034,881,797,1089,1089,1552,1549,725,725,815,784,927,1378,612,609,996,999,779,687,826,826,2031,919,856,862,759,759,545,540,729,729,1012,1123,717,719,711,684,674,627,630,1257,1249,880,1186,731,731,1127,1120,769,852,731,719,1067,1067,782,782,1572,1572,604,604,579,575,788,782,660,669,1125,1124,705,708
bing_querylogs|config_id=7446,729,729,598,601,568,568,844,844,941,913,1047,1041,1247,1144,1100,991,983,934,1017,688,705,980,980,766,772,792,808,892,966,1002,974,1014,1039,857,901,1162,1162,675,2392,735,729,773,773,1018,1018,622,619,969,969,632,628,834,834,1217,1220,868,873,771,773,559,551,743,743,1016,1126,730,732,731,716,693,642,645,1141,1190,755,889,740,736,1142,1137,695,695,752,738,1052,1052,790,790,1077,1125,614,614,588,584,888,882,667,664,1271,1271,714,717
bing_querylogs|config_id=7461,741,741,614,617,577,576,684,684,967,930,1080,1080,1213,978,996,1103,950,1061,1097,698,706,1005,1005,804,810,800,826,913,983,985,982,1035,1072,906,915,956,1180,1245,1067,762,757,829,829,988,988,623,627,978,1111,649,649,872,959,856,1128,852,873,776,774,565,560,754,754,984,1137,738,742,732,668,668,641,644,1233,1199,776,848,754,754,981,987,680,700,746,738,1085,1053,801,801,1061,982,621,621,597,593,805,799,678,687,1165,1125,726,729
bing_querylogs|config_id=7470,729,729,602,605,567,567,653,677,942,922,1036,1019,1214,1253,982,1065,1057,961,997,705,719,972,972,715,721,789,813,896,962,977,988,1017,1038,792,894,1061,936,2393,1255,733,730,791,854,849,849,622,613,1052,1052,633,636,834,834,866,1223,874,874,769,769,556,553,744,744,1004,1127,728,730,722,694,694,640,643,1192,1192,1076,785,736,736,1142,1148,761,642,738,730,1053,1053,790,790,1293,1144,615,620,585,581,836,787,666,668,1273,1273,721,724
bing_querylogs|config_id=7495,731,731,628,631,570,570,918,865,834,984,1036,1036,1202,1483,1028,1289,1020,1342,1250,693,707,977,977,814,820,788,812,870,988,985,982,1021,1042,890,757,935,1143,1544,731,744,741,789,824,1120,862,614,618,969,1012,741,741,835,996,1353,1256,882,845,878,855,558,553,744,744,1018,1200,730,730,724,705,718,629,632,1195,1287,860,861,786,786,1002,1008,807,753,738,733,1156,1060,791,791,1376,1620,613,618,588,584,849,803,669,783,1070,1242,722,725
bing_querylogs|config_id=7517,720,720,598,601,564,563,1030,1030,938,814,1001,1012,1133,1138,1011,1011,1017,1102,1064,677,691,966,966,755,761,789,805,864,962,969,966,1011,1032,880,898,926,926,1251,2676,733,725,784,740,1027,815,616,613,993,1005,681,681,1062,899,2083,2088,870,870,762,762,546,541,730,730,1029,1134,725,727,719,668,668,634,637,1206,1157,1047,1045,731,731,1118,1124,827,827,738,730,1212,1212,765,765,1538,1538,609,614,585,581,812,806,670,678,1197,1333,702,705
bing_querylogs|config_id=7522,713,713,617,618,570,571,891,891,835,813,976,976,1178,1183,991,1230,985,1179,1220,675,683,944,944,790,794,799,832,906,943,1107,959,985,996,739,879,915,1171,723,719,730,731,777,781,926,972,610,609,956,944,734,734,1024,808,1271,829,846,846,846,737,558,556,724,724,1057,1070,734,725,718,691,691,616,617,1115,1121,835,849,767,767,974,976,786,667,732,726,1125,1125,768,768,1302,1302,609,614,586,583,768,766,661,666,1220,1192,714,715
bing_querylogs|config_id=7536,947,975,645,646,694,741,928,868,824,851,1052,1080,1061,1323,839,904,825,1072,1110,895,888,1004,1011,734,724,914,965,1092,1116,1099,1103,1073,1094,805,815,977,973,746,698,891,847,839,849,1028,949,784,784,1191,1135,699,699,874,898,750,749,1317,1623,885,879,621,618,802,803,1143,1162,792,799,792,968,884,797,802,1171,1179,1413,1562,990,1019,990,982,706,708,785,783,1095,1100,799,799,998,1033,717,695,760,747,851,851,1099,812,1104,1147,950,913
bing_querylogs|config_id=7556,1051,1157,699,681,758,737,1134,1135,1070,969,1301,1326,1812,1708,989,1091,1004,1318,1261,1193,1147,1139,1134,829,832,964,1029,1286,1356,1320,1231,1274,1259,833,846,1075,1076,7659,2067,1084,1075,996,996,1513,2117,929,788,1818,1868,705,708,1183,1045,1536,1464,7892,2730,986,963,632,652,954,958,1285,1329,838,875,825,988,940,1262,938,1364,1368,2366,2142,1170,1034,1096,1117,879,890,863,864,1270,1169,953,953,1887,2137,836,842,799,851,953,960,1072,991,1394,1357,1199,1095
bing_querylogs|config_id=7563,951,989,649,661,728,702,889,854,808,835,1078,1061,1194,1116,829,803,836,1035,1111,945,953,1010,1000,702,707,911,966,1071,1111,1098,1108,1006,1021,791,793,935,934,751,735,911,834,842,831,919,966,766,680,1105,1066,687,687,837,771,727,1207,872,852,841,808,610,609,787,788,1071,1070,761,763,725,686,732,792,1063,1123,1117,868,868,929,871,998,1001,697,699,800,763,1059,1061,759,758,1023,1186,699,692,770,732,815,817,782,733,1088,1066,920,877
bing_querylogs|config_id=7572,906,903,592,601,624,680,1202,914,763,769,1018,993,906,946,833,810,803,896,905,860,803,981,857,638,642,848,924,1066,963,932,1040,949,991,742,735,884,879,641,716,828,817,830,821,852,912,702,622,1014,1030,645,624,811,811,678,675,799,798,761,740,550,548,736,731,990,996,698,637,678,633,652,677,4056,958,1056,759,827,856,901,932,943,669,641,761,711,992,1002,726,709,924,1254,645,643,673,664,771,782,726,681,873,1014,856,879
bing_querylogs|config_id=7582,867,916,572,596,642,652,875,851,749,767,983,938,1082,986,780,793,749,904,909,786,816,909,947,634,644,833,862,1068,998,1023,1011,958,962,732,739,880,886,681,668,803,755,778,735,891,901,721,614,1015,1087,627,620,796,824,836,672,796,834,767,755,550,548,741,750,990,1043,718,679,718,739,657,746,729,1055,1109,780,889,873,804,928,941,634,629,736,755,993,1009,726,724,922,910,630,633,676,642,755,771,655,1145,984,1045,829,832
bing_querylogs|config_id=7592,1164,1209,729,734,819,744,1255,1344,1078,880,1273,1194,1374,1414,969,896,961,1257,1372,1088,1096,1233,1212,859,978,1013,948,1109,1256,1233,1170,1208,1203,1091,883,897,1009,16430,805,1149,1147,1039,979,1097,1142,817,814,1180,1514,887,869,1131,961,976,918,1066,1089,825,851,809,650,999,1002,1122,1045,914,912,880,1127,890,1198,14691,1192,1351,1115,15633,1148,1136,1000,1087,933,894,936,866,1111,1080,1038,1035,1722,1616,820,820,880,830,1145,1084,924,860,952,965,1059,1000
bing_querylogs|config_id=7598,944,875,703,666,699,628,822,944,870,863,1077,1134,2569,2076,917,890,916,2041,1815,1083,1044,1061,995,649,653,903,940,1000,988,1071,1182,899,905,790,791,1115,1094,1393,1198,778,783,860,838,873,923,755,705,1055,1185,653,668,861,838,1516,1546,1847,1085,898,890,575,581,822,808,1191,1185,835,766,785,1071,1313,954,824,1007,1104,885,1181,1108,995,999,1010,697,667,860,731,979,960,809,827,2821,1644,589,623,791,698,822,915,832,795,1213,1069,900,897
bing_querylogs|config_id=7607,966,859,567,621,577,592,700,803,906,956,1148,1024,1654,1663,1173,1010,1081,1863,1276,1022,709,1177,1050,596,654,825,860,902,1162,1028,1060,855,1019,885,814,1088,1029,885,1616,767,729,920,924,1330,1728,783,790,1598,1468,647,626,818,742,2313,2136,1143,1969,772,828,533,569,785,789,1233,1249,864,705,776,1609,1727,609,585,1049,1136,1298,3190,1035,1079,942,1032,699,656,812,801,972,1127,836,784,2403,3147,540,545,782,663,900,801,870,1018,1529,1149,840,902
bing_querylogs|config_id=7612,747,731,586,616,602,604,746,759,713,752,860,873,1022,1075,701,666,717,915,918,799,629,907,898,583,607,831,858,773,763,948,849,833,780,644,682,861,871,580,717,714,814,653,709,866,771,629,732,803,942,620,614,781,780,808,592,748,629,732,742,554,702,750,689,726,774,684,658,634,691,704,966,816,1113,845,733,778,892,844,812,853,652,691,632,673,982,919,679,736,740,836,608,597,542,557,844,643,660,723,822,874,853,770
bing_querylogs|config_id=7617,926,928,923,797,689,779,869,978,931,934,1170,1184,1848,2192,944,929,1040,1468,1324,881,1096,1121,1167,729,728,860,932,1045,1060,1209,1230,959,986,941,898,1059,1117,1025,932,822,819,898,856,1359,1381,798,629,1319,1241,726,703,917,954,2090,2180,1884,1142,961,875,619,627,910,837,1149,1306,824,826,804,1656,944,732,955,1122,1429,979,784,1104,1004,1005,1107,736,725,788,789,1168,1130,819,783,1408,1401,694,654,762,744,967,839,1137,1130,1205,1244,944,813
bing_querylogs|config_id=7626,872,835,757,743,705,702,836,887,796,798,1049,1028,1138,1128,828,858,843,1065,1167,913,907,977,1005,743,738,889,917,1014,931,1066,1068,921,933,834,825,1035,944,714,714,766,771,799,793,927,960,737,730,1069,1018,701,737,838,811,805,820,911,900,837,856,629,626,848,801,1056,1072,735,735,731,889,881,834,850,1044,1047,860,862,938,901,936,927,753,751,753,729,1036,1076,779,801,1164,1117,683,668,744,783,875,843,895,701,1078,1070,939,931
bing_querylogs|config_id=7631,844,839,662,694,652,673,800,788,790,778,1003,1057,1190,1144,857,847,797,1137,1103,827,827,988,896,660,717,916,953,987,964,1085,1076,932,831,794,800,991,1011,649,640,758,744,735,740,919,943,695,696,1010,1039,669,676,769,767,782,788,776,880,791,822,582,582,777,779,1033,994,763,744,708,768,758,733,738,1092,1018,779,766,868,876,939,950,747,749,715,687,1062,1069,754,739,1109,1039,637,638,706,693,769,786,645,782,1094,1107,901,888
bing_querylogs|config_id=7636,690,708,565,530,533,531,690,755,669,745,838,814,940,1124,653,628,626,794,810,635,679,798,819,600,599,854,897,718,712,938,901,833,827,669,650,778,751,606,641,654,654,710,606,815,816,588,587,767,765,615,588,625,626,685,668,639,689,668,667,516,511,669,654,847,819,612,600,599,667,588,601,622,866,931,583,602,741,815,825,828,557,579,618,667,859,896,656,643,754,760,589,566,555,555,648,660,521,546,879,872,729,728
bing_querylogs|config_id=7668,809,815,540,528,507,508,622,752,666,679,860,863,1210,1224,765,783,760,864,900,557,607,946,946,603,610,832,883,726,729,876,873,833,842,694,681,768,754,506,508,608,606,701,686,1519,4061,539,550,988,970,570,559,624,632,3180,3185,719,707,641,650,494,493,650,819,912,912,705,703,703,540,549,560,557,921,940,586,592,689,690,843,838,565,559,603,605,900,907,652,657,846,782,553,553,506,500,707,701,576,579,955,922,804,947
bing_querylogs|config_id=7680,713,713,594,595,571,572,676,676,927,909,968,998,1193,1132,958,958,952,974,986,689,689,936,936,696,700,803,834,884,933,967,953,978,991,888,889,1041,914,1197,1193,726,725,836,781,837,837,617,623,1010,1010,632,632,858,858,1171,1175,842,842,734,738,559,557,726,726,1002,1070,728,728,721,682,701,628,629,1160,1160,803,1036,720,720,1104,1106,637,661,732,741,1027,1044,769,769,1051,1222,614,619,587,584,766,764,667,665,1204,1204,714,715
bing_querylogs|config_id=7691,724,729,597,631,565,565,666,656,895,816,1005,1031,1198,1203,980,1123,972,1125,1161,697,720,973,973,772,778,780,806,885,964,989,969,1016,1037,883,891,926,923,1253,1250,734,728,820,785,927,2855,610,614,1016,1090,780,780,830,1064,916,2038,869,867,770,807,553,548,739,738,965,1126,726,728,725,694,694,636,639,1137,1239,812,813,732,732,1145,1160,647,647,736,724,1214,1072,783,783,1383,1558,609,614,583,579,845,785,678,686,1092,1397,703,706
bing_querylogs|config_id=7697,946,892,688,759,727,749,840,838,892,869,1197,988,2215,2577,906,962,929,1251,1250,1013,676,1041,1208,710,662,867,862,999,994,1171,1009,872,914,871,860,948,1080,1585,1057,770,725,887,839,1150,1244,694,662,1233,1149,696,699,836,884,3004,1783,1537,857,874,807,600,613,840,770,1112,1061,759,767,840,1225,1066,728,797,1024,1133,793,808,1106,967,950,1042,698,713,816,746,980,1063,827,844,1283,2536,680,586,735,904,869,836,973,1293,1477,1129,936,849
bing_querylogs|config_id=7700,1082,1080,901,955,642,642,832,965,1106,1153,1338,1230,1452,1677,1142,1187,1122,1259,1526,1307,1118,1235,1340,823,829,1149,1058,1199,1312,1047,1227,1270,1151,1075,1057,1491,1656,1423,1086,971,994,1243,1268,1330,1287,827,806,1293,1345,787,737,1231,1252,1618,1613,1028,1054,959,949,612,607,906,877,1471,1560,943,950,975,735,676,1389,1260,1430,1509,1126,1384,1373,1378,1155,1160,768,763,895,845,1388,1381,933,919,1237,1459,734,739,692,709,1048,940,831,856,1145,1447,1286,1010
bing_querylogs|config_id=7710,942,946,634,678,589,641,788,762,966,971,1060,1043,1163,992,1117,962,1110,1001,1138,751,748,1078,1051,717,723,852,880,828,944,1023,1016,1059,1080,959,964,1331,1336,1039,928,781,778,887,887,1028,967,643,634,1103,1102,633,633,993,870,869,938,834,830,893,881,613,608,868,799,1139,1235,740,759,763,640,689,661,658,1150,1159,820,821,935,1287,979,1002,767,767,748,753,1080,1080,877,869,1067,1071,640,654,623,619,1013,860,751,694,1092,1157,914,892
bing_querylogs|config_id=7716,732,727,591,594,560,560,668,668,959,917,1026,1026,1007,966,930,943,922,945,1014,683,698,963,963,691,697,814,838,893,972,949,953,1026,1047,765,898,1168,1093,628,576,725,722,778,778,976,977,610,607,1062,1056,615,613,855,846,875,850,884,805,764,762,566,561,732,732,995,1058,715,721,709,576,597,631,634,1158,1158,831,832,736,736,1001,1007,666,711,723,715,1074,1037,781,781,959,1077,611,616,577,573,793,796,658,667,1080,1089,723,726
bing_querylogs|config_id=7731,754,754,618,621,585,585,672,725,905,939,1010,1008,987,981,1015,972,979,1010,981,702,716,973,973,723,729,791,815,978,1047,1040,1037,1031,1052,795,806,1058,1058,767,728,740,737,787,767,888,983,631,628,998,1019,667,669,845,860,893,952,852,862,763,763,572,569,758,751,1064,1172,725,727,719,692,741,639,642,1235,1238,927,922,766,766,1117,1121,715,742,735,725,1168,1168,773,773,1050,1097,641,641,607,603,786,788,673,728,1102,1102,727,730
bing_querylogs|config_id=7735,1227,1227,880,880,533,534,1442,1442,994,988,1223,1223,1969,1972,909,913,892,2654,2860,928,931,1112,1111,660,663,807,861,1116,1119,920,920,916,926,927,924,840,840,805,803,884,884,968,968,1907,1907,1097,1091,1099,1109,597,597,808,808,1279,1290,729,729,757,757,499,499,672,672,1173,1173,630,630,624,1404,1404,1058,1058,1173,1173,2555,2568,869,869,932,932,709,709,785,785,956,956,708,694,1235,1189,599,599,534,534,1024,1019,949,952,1185,1185,890,887
bing_querylogs|config_id=7744,728,728,601,604,566,566,678,658,905,1026,1046,1046,976,841,979,936,928,970,1028,677,691,974,974,702,708,821,849,902,972,967,995,1034,1055,868,900,979,1157,644,591,733,730,792,812,797,950,613,617,977,988,617,642,853,836,844,877,816,914,772,770,581,583,743,743,1012,1120,727,739,721,583,583,639,642,1218,1153,844,851,741,741,1034,980,671,670,737,739,1053,1053,789,789,953,953,623,628,584,580,786,824,662,671,1091,1048,730,733
bing_querylogs|config_id=7752,787,787,651,654,601,601,735,725,947,875,1058,1058,963,848,1071,1002,1013,1002,1025,863,765,1008,1020,753,776,823,846,971,1099,1095,1074,1090,1111,1070,1076,1283,1067,686,703,777,774,801,818,988,1005,658,655,1082,1046,674,674,918,895,839,809,887,880,880,877,623,581,779,778,1024,1163,783,794,736,616,616,892,886,1270,1282,962,933,774,774,1017,1120,744,715,752,744,1086,1116,860,846,1023,1024,653,685,652,648,854,793,679,688,1257,1224,747,749
bing_querylogs|config_id=7756,808,804,653,644,569,666,851,721,710,753,994,885,1189,1181,734,752,736,1046,1047,715,765,1041,1019,664,659,890,825,856,916,1127,1000,908,921,780,724,852,823,767,725,916,725,748,733,964,937,796,787,959,887,663,701,715,779,1604,636,560,799,786,749,604,614,733,749,903,956,647,678,679,699,1123,709,713,1031,1080,828,718,816,817,1056,1005,757,700,733,703,1006,1024,563,733,861,836,666,668,592,567,755,770,725,823,946,919,811,789
bing_querylogs|config_id=7764,926,926,706,709,687,687,738,788,855,929,1223,1113,1096,1194,1069,1093,1118,1152,1249,797,806,1051,1033,730,736,967,879,1014,1338,1194,1161,1263,1181,865,1165,1370,1187,723,720,780,777,1031,1024,988,995,766,770,1134,1124,780,775,1029,991,1068,962,926,917,857,954,598,593,893,748,1226,1387,839,795,833,667,656,967,722,1375,1304,1017,1013,1132,981,1286,1308,697,788,890,782,1135,1131,887,902,1129,1084,718,723,744,739,1072,924,752,811,1165,1358,855,858
bing_querylogs|config_id=7770,918,814,755,674,639,821,896,882,831,790,1073,1116,1256,1306,802,807,856,1280,1022,1013,998,908,1006,711,763,1071,1065,902,956,1108,981,1002,912,798,770,882,1050,851,730,861,834,831,776,968,1070,813,777,961,1034,807,748,788,846,897,832,825,879,762,784,673,711,909,834,1061,1033,761,723,737,745,783,836,985,1086,1152,873,763,881,1034,1049,1025,928,814,840,753,1056,1035,766,804,1366,1236,721,703,697,654,802,815,847,854,1125,967,900,897
bing_querylogs|config_id=7773,734,729,595,598,569,569,676,658,829,962,998,1017,1038,837,936,952,933,997,993,696,693,971,978,696,702,819,843,907,974,995,1005,1031,1052,999,903,1239,973,591,588,743,725,814,776,952,989,606,612,988,981,615,635,893,859,793,981,898,817,766,770,575,572,737,737,1016,1100,714,707,728,599,599,636,645,1191,1276,852,799,736,736,960,1059,753,666,728,718,1050,1068,784,783,981,952,613,621,580,579,786,857,664,672,1092,1116,728,713
bing_querylogs|config_id=7780,1110,1135,853,865,781,784,2834,2179,923,926,1447,1586,3488,3737,1068,1001,1025,6018,11224,1073,1078,1185,1246,772,776,995,952,1259,1413,1276,1362,1134,1113,888,889,1177,1069,1582,1055,990,972,1048,1169,2800,1803,742,747,2241,1721,789,758,923,979,11172,9737,4306,17924,984,980,583,605,960,969,1874,2991,777,785,770,6423,5220,976,974,3773,3180,1401,1502,1326,1319,1253,1260,879,878,747,745,1500,1493,919,891,7586,1964,703,703,778,748,986,1085,1121,1253,3233,3649,1039,1082
bing_querylogs|config_id=7784,734,734,595,599,564,564,654,654,959,859,1014,1003,1012,949,935,950,927,911,1020,685,699,1013,968,700,706,818,842,903,987,957,950,1033,1054,816,884,1065,943,632,629,738,728,805,783,975,960,615,612,1073,1006,616,616,824,837,879,854,869,812,775,772,572,567,731,738,967,1109,723,736,708,582,579,651,637,1153,1146,871,872,737,737,1047,963,668,650,741,728,1068,1042,782,782,1040,925,616,621,581,577,796,778,663,675,1117,1180,721,724
bing_querylogs|config_id=7790,936,951,556,591,576,573,673,881,819,759,940,935,1414,1456,1091,1209,1125,1962,1054,718,647,1227,1012,760,749,931,903,908,912,1250,1168,942,1017,748,769,855,860,705,772,726,724,876,884,4305,4329,709,713,1148,1140,654,669,827,787,1912,1025,846,783,787,854,616,541,902,901,1025,1018,814,816,749,695,1197,1360,871,1170,1224,1096,1067,826,1015,982,1059,671,776,687,673,1147,1086,745,713,1438,1331,706,658,636,624,940,913,653,815,1291,1335,943,892
bing_querylogs|config_id=7793,730,724,597,600,562,562,654,654,955,937,1020,1024,973,956,937,875,867,999,981,687,696,970,970,698,704,821,845,896,975,986,1007,1026,1047,875,963,974,1163,592,588,729,725,786,806,816,796,608,612,990,998,617,617,859,849,774,815,874,899,768,768,573,568,739,739,992,1107,722,729,716,582,579,640,643,1220,1155,822,821,738,738,1051,1060,650,651,743,722,1070,1070,787,787,983,918,615,620,580,575,788,932,664,673,1120,1205,724,727
bing_querylogs|config_id=7800,1247,1268,936,935,885,886,2655,2298,1070,988,1433,1466,3991,3043,1083,1098,1198,4347,4553,1019,1179,1265,1228,791,890,997,1011,1273,1274,1498,1391,1182,1195,992,995,1191,1250,1675,1566,1090,1037,1113,1417,2825,2583,871,836,3731,2014,816,859,1024,973,13428,14211,5502,1089,1101,1061,670,668,981,1042,2022,2937,878,879,904,4680,4252,1066,1118,3088,3015,1607,1504,1316,1319,1412,1449,1034,929,815,779,1378,1599,1029,1029,2111,2212,787,743,887,897,1131,912,1396,1188,1766,1936,1036,1222
bing_querylogs|config_id=7803,903,894,629,631,584,584,710,712,913,934,1053,1029,1185,952,963,963,1059,1019,1056,713,715,984,984,736,742,814,839,977,978,1094,1085,1056,1077,885,877,1197,963,817,694,741,738,786,799,1000,893,641,639,1004,1096,688,669,876,826,964,972,942,880,817,773,596,564,769,769,1041,1152,733,735,727,670,693,667,705,1264,1162,888,889,773,773,1024,1038,670,1563,742,734,1158,1067,788,788,1020,1105,654,631,611,607,861,797,700,709,1174,1079,739,742
bing_querylogs|config_id=7811,788,788,756,793,690,704,759,759,841,944,1291,1153,1284,1317,1142,1057,1085,1107,1241,789,798,1058,1023,719,725,921,937,1020,1058,1166,1206,1262,1281,952,985,1339,1030,795,666,750,747,1151,968,1026,1051,691,688,1146,1254,826,813,1059,1033,989,993,1014,1012,896,896,608,603,777,777,1265,1204,892,854,779,663,694,722,985,1367,1254,967,1032,1072,1126,1218,1291,761,790,809,850,1072,1072,944,931,1242,1302,723,728,856,834,995,906,766,773,1080,1253,828,855
bing_querylogs|config_id=7818,722,722,597,600,563,563,671,671,966,965,997,995,956,961,929,934,915,928,967,679,688,969,969,696,702,819,843,882,954,951,982,1027,1048,953,937,971,971,591,588,730,727,730,730,795,795,613,610,1049,976,615,615,820,830,807,823,808,808,771,759,549,544,729,729,971,1106,727,730,721,581,581,633,636,1145,1145,932,846,736,736,1016,959,660,660,729,721,1066,1066,785,785,920,920,613,612,593,589,799,902,669,678,1121,1081,720,723
bing_querylogs|config_id=7828,905,1080,712,715,712,711,729,716,937,982,1236,1318,1147,1165,1063,1056,1102,1086,1044,1042,831,1105,1098,747,762,967,1005,1182,1263,1278,1323,1210,1290,932,1061,1055,1042,663,660,878,814,1038,1149,1206,1222,714,729,1093,1090,697,692,949,910,946,1038,924,895,899,899,599,606,770,770,1277,1187,801,894,825,610,610,978,963,1286,1314,996,1116,970,1118,1198,1104,800,745,827,873,1333,1364,970,965,1178,1179,711,716,820,702,922,938,781,772,1132,1132,861,903
bing_querylogs|config_id=7834,1099,1146,829,789,848,804,1223,1102,1312,1098,1478,1412,3725,4534,1333,1284,1133,2281,2340,1075,1155,1510,1189,781,809,972,908,1227,1302,1444,1378,1022,1044,1071,956,1356,1346,1788,1249,957,940,1082,1111,1988,2757,741,870,3099,2563,753,745,1109,1041,3413,2489,1575,2059,1141,1173,620,618,1157,1018,1391,1418,857,881,906,1820,1524,982,978,1466,1331,941,1035,1332,1663,1181,1141,851,894,896,958,1211,1260,962,989,2110,1292,660,644,858,974,1095,1140,1348,1511,1715,1956,1172,1244
bing_querylogs|config_id=7838,788,788,627,632,598,598,741,732,984,981,1020,1020,1068,1073,1024,981,1016,1076,1049,723,737,983,983,731,737,814,842,932,1002,992,989,1052,1073,912,815,1209,1194,766,699,764,761,788,788,988,988,640,637,1004,1054,677,677,869,846,917,900,859,859,781,781,583,580,763,763,1096,1174,739,747,728,702,763,660,663,1169,1158,897,886,784,784,1013,979,724,862,744,737,1056,1056,782,782,1039,1066,650,655,616,612,934,799,728,691,1137,1120,750,753
bing_querylogs|config_id=7861,897,890,637,643,595,593,692,692,905,912,1033,1066,1020,1025,972,990,992,1031,1050,725,739,993,993,759,765,823,847,995,1049,1021,1027,1079,1100,1016,1017,977,1230,689,686,774,771,797,802,931,924,656,653,1019,1019,653,654,905,902,844,847,953,828,809,810,597,595,779,779,1069,1180,752,747,739,660,660,666,651,1258,1197,943,947,783,783,1077,1082,742,742,758,745,1068,1107,805,805,1065,1061,655,663,626,622,907,812,697,773,1149,1149,754,757
bing_querylogs|config_id=7867,730,729,599,602,571,571,659,685,912,957,999,998,962,952,936,929,920,931,1020,679,693,975,975,703,707,824,847,938,979,988,950,1033,1056,902,822,1183,1095,601,668,735,734,737,816,791,797,611,616,1073,1051,665,616,856,830,838,820,820,820,774,774,594,575,738,738,1006,1093,732,742,722,589,589,651,639,1155,1150,908,864,735,743,1007,961,668,675,735,725,1047,1070,773,773,1035,946,620,627,589,584,798,783,670,666,1092,1117,718,709
bing_querylogs|config_id=7878,765,765,633,636,616,684,688,705,953,982,1095,1059,1110,1015,1010,1010,1034,1002,1018,710,724,1001,1001,780,786,845,869,955,1046,1038,1040,1078,1099,1027,1025,1248,1242,725,722,794,792,871,855,880,880,667,671,1084,1084,675,670,880,962,885,891,856,856,826,841,604,599,809,805,1069,1181,777,779,787,610,610,705,708,1215,1276,834,860,798,782,1008,1040,696,698,785,777,1114,1114,859,859,1105,1053,664,657,649,636,870,841,700,706,1064,1129,754,784
bing_querylogs|config_id=7886,730,730,595,598,573,573,655,655,908,918,1020,1013,1067,1032,916,962,954,1046,1122,682,696,1017,973,701,707,823,846,782,974,970,980,1011,1054,895,923,1158,1175,644,641,758,755,809,790,959,904,619,616,986,984,624,624,870,829,830,862,862,828,769,817,557,552,740,740,983,1091,718,720,724,610,613,632,635,1159,1167,894,830,745,745,969,970,684,671,742,732,1050,1050,790,790,1098,982,624,625,586,582,795,810,668,677,1190,1069,717,720
bing_querylogs|config_id=7891,934,931,742,715,673,675,929,893,777,776,1105,1117,1348,1391,869,854,882,1177,1276,848,840,1032,1045,628,647,780,804,1016,1023,1129,1095,948,961,841,851,1004,1004,657,655,838,864,864,833,1116,1121,764,733,1082,1141,650,684,847,812,1423,1426,965,942,887,880,542,545,796,749,1119,1111,780,716,732,753,751,963,952,1188,1178,936,942,1010,957,998,997,697,723,768,764,969,966,832,835,1177,1177,632,635,649,678,897,869,712,722,1086,1084,947,935
bing_querylogs|config_id=7892,921,952,649,657,817,863,858,988,926,901,1103,1135,1069,1192,1006,1051,1003,1112,1164,1035,976,1049,1041,705,709,869,895,993,999,1066,1162,1036,1008,859,819,1064,1058,1532,1055,923,877,917,866,1143,1038,731,745,1211,1236,676,689,944,1004,847,893,909,1535,941,927,577,575,835,900,1089,1103,752,747,765,724,854,1139,1288,1227,1174,939,1013,904,903,981,984,708,716,795,819,1080,1143,875,867,1339,1114,693,675,725,729,812,787,743,1051,1160,1244,936,903
bing_querylogs|config_id=7893,906,938,694,697,781,747,820,869,822,830,1003,987,1026,1039,849,877,821,1116,1108,727,735,988,1016,733,734,820,857,961,1072,1020,1030,1023,1050,784,826,925,928,672,651,817,806,824,797,981,1003,698,733,990,956,701,701,799,779,779,778,13746,973,910,925,603,600,784,805,1128,1155,806,777,724,655,660,864,881,1166,1158,880,890,946,902,950,955,787,784,777,778,1034,1033,804,806,996,1012,677,664,765,732,828,808,786,681,1065,1098,844,866
bing_querylogs|config_id=7894,765,765,633,636,616,615,705,685,957,952,1099,1111,1010,1006,1163,1022,1002,1026,1031,710,724,1001,1001,780,786,831,869,1012,1119,1033,1035,1072,1099,1027,991,1248,1203,725,608,796,792,855,855,880,980,674,671,1084,1020,675,675,892,882,885,893,933,856,881,845,618,599,809,809,1067,1178,777,779,771,610,610,696,708,1222,1207,877,835,798,798,1007,1013,725,725,788,787,1112,1112,859,859,1105,1061,652,664,617,613,851,845,683,713,1064,1130,739,757
bing_querylogs|config_id=7902,800,784,628,629,584,588,708,704,978,925,1019,1028,999,1054,1025,1021,954,1017,990,707,722,988,988,747,746,812,836,929,1137,1030,1061,1061,1082,936,1042,1205,963,697,694,752,746,792,801,931,1001,646,637,1035,972,685,679,856,880,832,835,859,883,826,767,577,561,766,845,1018,1169,737,739,737,628,650,668,656,1238,1220,899,863,768,767,1080,1123,856,718,746,728,1085,1042,779,807,1001,1042,655,655,604,614,806,800,689,699,1165,1056,739,742
bing_querylogs|config_id=7910,770,770,624,629,584,626,684,684,925,926,1028,1010,1210,975,1019,1020,1032,1004,1040,699,713,979,979,730,736,797,825,971,1059,1055,1062,1062,1083,862,939,1212,1065,886,682,759,756,801,786,1008,874,636,633,1017,1017,676,679,839,839,845,849,872,853,775,775,578,573,753,753,1077,1207,731,736,730,658,642,662,665,1220,1220,904,925,767,767,1123,1076,683,815,739,731,1042,1043,790,787,1083,1083,652,657,612,608,929,844,686,695,1120,1091,733,729
bing_querylogs|config_id=7920,828,900,636,701,680,625,748,855,882,974,1059,1052,1168,964,1024,983,1039,1160,1227,727,734,1105,1120,728,766,865,867,1141,1111,955,960,1004,1027,967,984,1196,1069,2060,1065,729,727,956,861,1024,966,741,614,1184,1175,673,657,955,1002,1005,1775,877,858,827,757,601,636,771,869,1057,1192,705,764,794,657,725,672,806,1251,1152,988,1001,1055,855,1031,1079,836,848,727,875,1199,1192,781,785,1172,1254,622,634,662,621,853,792,665,661,1358,1318,865,845
bing_querylogs|config_id=7932,901,1148,699,788,644,727,1390,1345,911,983,1048,1211,3388,9713,870,1063,1209,9419,9067,754,836,1356,1143,836,885,899,971,901,1078,1179,1177,1025,1029,911,798,808,1054,1068,1050,1041,987,1076,1093,1633,1548,699,854,1599,2841,902,934,1216,995,12410,10542,1040,983,937,854,721,593,940,866,1259,1291,894,865,795,2742,1864,1016,1763,1731,1265,963,1343,1055,1222,996,1005,809,804,812,888,1102,1120,970,1004,2354,1823,635,696,621,606,843,877,952,757,931,980,999,977
bing_querylogs|config_id=7939,734,734,607,628,602,602,701,682,861,857,1086,1033,986,957,909,973,906,966,1023,753,738,980,980,708,753,830,854,978,1048,1010,1000,1131,1140,917,1007,1065,1060,627,627,764,761,789,789,899,1002,623,620,1106,1106,666,666,891,903,884,771,901,928,880,866,648,610,757,773,1003,1191,737,739,731,594,591,651,728,1312,1226,902,902,751,751,997,1003,676,676,755,741,1058,1058,819,847,988,955,623,655,653,647,844,788,685,683,1130,1115,720,739
bing_querylogs|config_id=7944,738,738,598,602,570,571,651,651,941,897,1052,1052,975,977,874,963,920,985,1042,696,710,969,969,700,706,820,844,919,974,954,1020,1036,1057,852,904,945,945,644,634,744,741,815,803,805,933,615,605,982,982,616,616,813,863,798,884,816,816,767,770,572,567,740,740,999,1076,715,717,730,696,579,633,636,1273,1188,843,881,737,737,1007,1015,649,660,742,715,1069,1069,785,785,920,953,628,619,585,584,797,791,665,672,1210,1077,722,725
bing_querylogs|config_id=7954,879,879,627,630,593,593,710,709,939,905,1045,1021,995,958,1038,1025,1017,1088,1029,717,731,986,986,746,752,814,837,999,1069,1065,1035,1060,1081,907,906,1118,957,660,651,748,737,789,789,1009,906,648,645,1007,1108,687,678,868,868,1000,962,879,942,779,779,597,598,768,770,1037,1186,735,737,729,638,692,673,676,1160,1262,837,912,771,771,1023,1037,750,910,746,735,1157,1066,805,805,1082,1109,653,658,614,608,802,886,683,704,1103,1143,743,746
bing_querylogs|config_id=7959,755,755,624,627,588,588,848,725,976,907,1022,1042,981,1006,976,991,1011,1064,988,702,716,980,980,726,732,806,832,939,1029,1073,1059,1029,1050,923,889,1158,1202,799,738,743,740,771,783,890,994,637,641,1016,1016,674,675,883,837,891,940,848,836,761,801,582,577,749,749,1055,1166,730,735,724,644,636,692,695,1206,1161,957,906,769,769,1107,1113,870,833,738,734,1040,1140,776,776,1054,1073,645,650,611,607,854,830,696,694,1163,1071,724,727
bing_querylogs|config_id=7965,902,906,766,769,732,732,821,842,1132,1153,1221,1223,1257,1184,1095,1095,1101,1141,1183,842,856,1137,1137,865,871,988,1012,1110,1173,1168,1167,1194,1219,1094,1118,1352,1352,804,801,917,914,969,1033,994,994,775,797,1238,1213,824,814,1010,1014,1040,1045,1087,1062,945,945,764,761,934,934,1237,1309,896,894,886,751,751,820,804,1312,1386,1020,1018,907,907,1146,1138,848,848,903,900,1237,1237,940,940,1135,1135,785,786,751,747,1037,945,831,828,1254,1254,881,884
bing_querylogs|config_id=7970,748,723,590,608,554,578,669,682,799,806,951,987,1032,1003,878,898,950,925,969,660,674,955,982,681,690,798,838,874,892,949,955,981,1006,853,834,1101,1161,603,640,718,719,744,800,901,899,626,629,905,960,621,622,803,790,761,764,825,844,750,782,556,558,732,710,958,1089,690,681,687,609,614,609,616,1093,1125,743,749,782,768,943,950,648,636,739,739,1009,1002,754,761,906,891,609,622,578,571,767,802,643,643,1067,1023,747,765
bing_querylogs|config_id=7978,772,773,613,616,620,601,687,667,874,918,1055,1055,949,945,976,956,942,928,1033,697,710,983,983,754,760,834,858,929,992,968,1003,1048,1069,923,931,1209,994,663,660,758,756,803,772,824,983,619,617,994,998,672,672,868,901,1013,802,826,854,812,812,561,556,754,754,1027,1096,731,744,725,595,598,651,653,1221,1180,847,848,762,762,1035,1041,773,680,747,735,1083,1083,800,800,966,1051,625,630,598,594,850,801,676,685,1055,1108,732,739
bing_querylogs|config_id=7989,954,939,628,630,593,593,700,700,962,944,1045,1021,951,947,1040,1042,1039,992,951,714,728,982,988,751,754,814,838,981,1060,1089,1079,1052,1086,1028,837,1075,1075,698,826,764,760,815,810,1010,1010,646,633,1059,1007,687,679,876,890,901,961,839,880,833,783,597,597,757,757,1020,1158,736,738,730,655,655,696,686,1162,1209,853,951,771,771,1100,1013,682,879,744,739,1093,1057,797,780,1077,1042,646,680,614,610,797,824,724,715,1136,1091,746,749
bing_querylogs|config_id=7997,788,796,639,642,618,624,780,781,905,915,1089,1084,996,1142,999,999,1017,1050,1220,787,802,1007,1020,734,740,872,901,981,1024,1096,1080,1075,1096,818,862,1002,1252,1002,801,789,782,819,823,870,1015,703,703,1070,1038,723,724,963,908,1089,977,883,954,823,831,614,601,791,776,1085,1123,771,763,754,657,633,726,738,1252,1258,919,956,795,796,1100,1096,703,784,770,752,1138,1070,815,842,1026,1042,666,670,629,625,841,837,715,712,1230,1274,748,758
bing_querylogs|config_id=8021,742,771,569,562,553,553,818,793,717,701,914,826,1025,1194,785,833,706,949,969,619,625,946,921,683,635,835,877,819,950,944,851,954,970,690,720,963,935,937,907,690,708,711,683,945,975,608,606,1047,1044,652,655,744,737,1935,1883,50496,1565,894,865,544,555,722,736,996,901,722,829,789,1183,2188,647,670,1019,1076,716,721,750,935,948,997,787,895,664,700,895,902,853,798,1041,1409,623,623,567,563,707,720,845,730,980,977,859,899
bing_querylogs|config_id=8044,1195,1196,839,841,482,483,1444,1443,910,911,1186,1192,1976,1964,897,897,918,3354,3389,889,865,979,998,689,694,679,717,1030,1033,791,789,903,825,862,865,749,808,716,713,791,789,943,943,1872,1872,1076,1067,1227,1168,542,542,845,845,1637,1607,737,737,718,707,455,453,608,607,1313,1237,560,561,556,1608,1592,1056,1058,1097,1097,2436,2397,840,843,914,916,650,625,719,714,822,822,659,618,1486,1490,529,558,483,482,976,973,926,905,1266,1266,795,798
bing_querylogs|config_id=8051,1261,1278,936,939,544,554,1542,1542,986,1025,1289,1290,2035,2066,995,1001,992,3419,3463,935,981,1167,1087,824,830,725,744,1189,1191,886,867,936,950,927,935,819,819,776,774,878,876,1047,1047,1947,1947,1137,1134,1249,1335,581,602,934,934,1711,1714,810,871,828,860,528,510,677,704,1333,1328,618,619,617,1670,1670,1129,1132,1325,1325,2516,2525,917,917,1085,985,711,713,777,772,889,889,735,737,1639,1639,589,588,546,545,1047,1043,996,1004,1305,1306,859,862
bing_querylogs|config_id=8061,1317,1317,939,941,565,566,1538,1538,1023,1026,1386,1386,2093,2087,1001,1001,992,3475,3511,972,981,1181,1181,830,838,748,769,1212,1215,961,958,1003,1024,984,983,888,888,776,776,899,896,1047,1047,1997,1997,1141,1138,1335,1335,602,602,934,934,1711,1714,867,867,854,866,528,525,738,737,1443,1444,661,662,657,1670,1670,1129,1132,1325,1325,2516,2525,965,965,1085,985,715,715,822,815,1001,1019,749,749,1641,1641,628,627,567,566,1114,1108,998,1004,1368,1368,916,920
bing_querylogs|config_id=8077,985,786,668,657,697,643,783,808,906,942,1058,1016,1280,1547,1014,948,988,1236,1609,697,948,993,1153,601,644,857,835,902,1145,980,927,793,809,791,912,1024,985,1499,1118,751,744,856,901,1430,1003,697,742,1135,1532,666,667,766,834,1864,1739,910,1005,823,925,603,608,772,731,1217,1004,777,860,923,1274,961,811,848,918,1134,726,953,1096,938,923,869,685,695,841,844,912,1125,810,832,1205,1454,592,632,737,696,789,837,1023,1005,1421,932,865,803
bing_querylogs|config_id=8092,682,677,584,534,553,551,662,671,718,701,830,792,894,912,676,719,609,728,773,728,633,874,797,583,578,840,900,708,706,879,881,824,830,643,637,787,769,573,604,614,648,634,618,746,797,613,576,775,831,568,568,656,633,657,643,661,751,673,666,517,517,700,658,794,852,605,615,584,587,634,612,624,851,843,570,584,709,765,822,827,544,558,625,602,863,863,639,636,733,776,556,557,585,565,643,652,536,584,833,805,774,737
bing_querylogs|config_id=8128,1246,1179,896,897,574,576,1480,1437,1089,1104,1308,1423,2053,1918,1104,1096,1119,2639,2691,938,946,1292,1307,831,768,813,856,1193,1144,1009,1009,983,1005,980,1026,897,902,756,782,916,910,1015,1059,1956,2006,1246,1198,1347,1169,673,672,919,931,1367,1322,894,908,876,916,545,544,731,730,1371,1365,669,670,690,1560,1533,1097,1061,1255,1277,2342,2353,955,941,1021,1205,716,713,847,850,1070,1096,756,786,1339,1206,695,653,586,585,1013,1007,939,945,1348,1346,959,954
bing_querylogs|config_id=8136,710,684,624,594,567,569,748,829,759,756,864,1026,1043,1121,945,830,820,1078,1075,732,786,839,983,605,624,787,832,790,758,890,904,902,944,782,761,930,922,742,1003,744,772,764,757,1008,904,659,721,1235,967,728,685,797,863,478,609,719,1505,850,835,645,612,701,714,983,981,708,714,688,843,690,1052,861,1157,1036,829,1526,821,808,922,930,738,861,695,691,989,970,715,700,816,833,634,602,658,596,725,727,1171,683,1134,1117,757,794
bing_querylogs|config_id=8148,1178,1006,739,762,728,611,1302,1255,1023,834,1057,1358,1523,2082,753,745,935,1964,2153,868,1520,1381,1332,876,906,1007,1018,1074,1387,1247,1771,1122,1135,1136,955,898,991,723,860,1266,1269,1059,1116,1330,1238,830,773,1072,1418,1041,909,1162,1129,1137,1438,1141,1345,871,924,772,667,1421,1025,1171,1211,827,781,890,1230,1085,1189,1203,1297,1403,1123,1143,1326,1336,1145,1142,1086,1131,831,910,1154,1072,1118,1142,1524,2197,687,778,724,667,909,982,1022,929,982,1022,989,1072
bing_querylogs|config_id=8162,1150,1188,881,879,576,578,1446,1431,1144,1090,1365,1284,2003,2018,1085,1093,1113,2666,2719,954,956,1230,1197,754,752,829,844,1107,1156,984,1041,944,957,957,955,877,882,769,758,897,875,1044,1052,1977,1987,1175,1125,1143,1212,761,721,903,913,1306,1417,852,809,863,855,549,593,712,708,1291,1263,671,666,669,1538,1517,1127,1098,1197,1205,2308,2366,885,869,973,897,709,709,799,835,1059,1026,743,761,1246,1198,695,689,575,576,974,975,928,932,1346,1315,867,874
bing_querylogs|config_id=8168,1353,1244,856,910,1014,1073,1516,1816,1357,1173,1344,1378,5470,2578,1080,1340,1375,1869,1870,919,1340,1484,1443,1053,1085,1079,983,1057,1043,1305,1350,1266,1415,1010,1033,1124,1209,2445,2382,1417,1239,1183,1223,3145,2160,949,908,1573,1504,1072,1081,1320,1092,1582,1327,1291,1208,1039,982,685,673,1205,1006,1398,1364,1131,993,994,1429,1400,1602,1429,1756,1635,1056,1240,1199,1282,1128,1175,1175,1110,1017,1106,1232,1423,1207,1201,1732,1788,943,916,935,720,1012,1293,1167,963,1091,1240,1132,1208
bing_querylogs|config_id=8173,1245,1174,908,881,565,566,1482,1491,1104,1096,1359,1305,2071,2036,1133,1113,1111,2678,2906,925,934,1131,1223,710,714,776,846,1186,1241,998,994,976,999,956,944,894,891,745,799,885,854,1020,1014,1982,1960,1151,1183,1296,1415,680,681,927,894,1382,1381,817,788,857,905,530,527,711,721,1452,1524,657,676,653,1517,1560,1077,1166,1241,1250,2370,2316,898,967,976,992,717,717,812,805,1042,1085,740,727,1400,1411,630,655,568,567,1020,1002,936,941,1376,1400,927,965
bing_querylogs|config_id=8180,1138,969,1069,830,903,897,934,1100,1073,1040,1170,1213,1398,1627,1115,1066,1130,1928,2390,964,1202,1312,1290,791,815,930,1016,1063,1284,1182,1335,1143,1022,1075,1049,1127,1184,1079,791,925,928,834,963,1702,1109,938,921,1598,1608,776,760,1081,991,3006,2586,1036,1047,1007,1082,667,680,995,836,1468,1279,945,888,854,2390,1830,1137,1282,1248,1166,1084,1224,1210,1178,1104,1158,855,832,974,940,1082,1295,847,873,1769,2227,662,686,946,936,1004,975,788,1094,1297,1588,1026,912
bing_querylogs|config_id=8193,1262,1262,911,912,563,570,1508,1505,1130,1125,1341,1327,2144,1971,977,977,968,2653,2645,971,980,1133,1133,705,713,778,799,1207,1210,946,943,1001,1022,934,950,896,896,784,784,929,913,1004,998,1999,1989,1170,1191,1178,1180,600,600,953,945,1350,1424,815,818,853,865,526,523,735,735,1267,1304,661,662,657,1465,1465,1123,1126,1238,1238,2421,2432,893,893,930,933,718,718,831,824,1010,1028,741,741,1161,1160,627,626,565,564,1109,1098,1004,1010,1316,1316,948,952
bing_querylogs|config_id=8200,1264,1337,937,939,571,572,1541,1542,1141,1146,1333,1333,2262,2281,1133,1133,1124,3253,3321,980,989,1217,1217,735,743,775,790,1213,1216,969,966,1014,1035,979,978,913,913,771,774,921,918,1055,1055,2174,2266,1226,1195,1323,1323,601,601,918,918,1399,1399,875,875,900,919,540,537,767,767,1380,1382,686,687,682,1748,1830,1125,1128,1257,1257,2709,2673,956,956,928,931,722,722,843,823,1006,1024,741,741,1320,1320,638,637,573,572,1161,1155,1012,1018,1294,1294,971,975
bing_querylogs|config_id=8207,1265,1288,915,918,562,563,1513,1510,1120,1123,1332,1332,2149,2066,971,979,971,2552,2588,979,983,1124,1150,707,713,774,803,1144,1218,951,843,1006,1029,895,904,898,898,787,788,945,890,1007,1012,1983,1983,1244,1241,1189,1184,603,603,953,944,1424,1353,821,821,861,861,528,515,725,676,1194,1158,660,660,654,1468,1473,1131,1134,1243,1264,2424,2433,955,901,930,938,721,691,795,832,1015,1016,693,734,1078,1078,625,625,572,572,1063,1106,1004,1013,1184,1294,893,942
bing_querylogs|config_id=8208,955,967,732,861,681,699,936,1029,886,962,1277,1228,1982,2101,1226,975,1015,1993,1864,1053,1149,1104,989,663,681,882,869,981,1049,1253,1233,920,1142,855,924,1182,1120,1663,1460,848,890,904,1055,1516,1311,834,804,1302,1526,655,701,1015,1048,2436,1879,1027,999,1022,1037,619,558,1051,899,1355,1230,813,873,780,1464,1407,762,993,1164,1231,841,905,1179,1109,905,1050,675,660,865,851,987,1199,956,886,2543,2223,595,650,863,821,854,906,1004,994,1299,2344,788,970
bing_querylogs|config_id=8214,1284,1266,911,914,563,570,1511,1511,1121,1129,1304,1331,2148,2149,971,975,972,2613,2649,975,984,1123,1149,703,709,847,883,1211,1214,950,947,1008,1028,945,954,897,897,788,787,941,924,1008,1002,1982,1992,1240,1237,1185,1252,604,604,940,957,1351,1428,819,819,857,857,529,526,726,726,1271,1305,661,661,655,1469,1469,1127,1130,1242,1242,2425,2434,951,946,931,937,722,722,830,828,1015,1014,736,736,1161,1160,626,626,568,568,1107,1102,1005,1014,1293,1293,940,943
bing_querylogs|config_id=8221,1361,1408,989,1054,616,612,1585,1593,1096,1122,1389,1407,2273,2211,1071,1000,1021,2884,3128,1041,1050,1222,1222,746,754,822,843,1259,1273,1032,1026,1059,1083,1005,1004,955,955,822,813,958,968,1079,1079,2183,2138,1216,1219,1499,1517,731,735,966,985,1482,1522,870,863,895,907,582,566,796,793,1436,1442,696,698,692,1626,1871,1183,1186,1331,1324,2628,2605,990,964,999,880,758,758,875,854,1082,1111,832,849,1242,1264,683,684,625,611,1176,1202,1043,1072,1406,1380,966,971
bing_querylogs|config_id=8230,1268,1220,883,886,566,567,1504,1513,1128,1126,1230,1201,2072,2093,945,945,970,2686,2714,977,947,1051,1026,646,652,845,884,1132,1216,861,949,889,1030,920,938,901,901,787,787,929,939,1010,1004,1932,1944,1246,1243,1163,1253,606,606,951,959,1427,1320,824,776,869,859,520,517,728,728,1269,1268,628,622,624,1471,1452,1095,1098,1244,1135,2429,2393,899,953,841,848,724,724,798,830,1016,1016,730,731,1086,1078,628,628,543,543,1061,1055,1007,991,1295,1239,942,945
bing_querylogs|config_id=8236,1341,1353,938,940,571,572,1548,1547,1146,1147,1337,1337,2263,2256,1112,1112,1128,3287,3288,984,993,1207,1207,733,739,845,880,1217,1220,973,970,1021,1041,973,979,914,914,778,783,932,929,1059,1059,2311,2314,1226,1199,1328,1327,605,605,922,922,1401,1379,879,879,924,892,543,540,758,758,1385,1382,686,686,680,1773,1967,1128,1132,1259,1259,2703,2706,958,958,929,935,726,726,829,827,1010,1010,736,736,1325,1364,637,637,576,576,1171,1165,1013,1022,1307,1307,963,966
bing_querylogs|config_id=8241,1122,1306,802,781,485,486,1356,1364,1065,1031,1296,1256,2177,1983,1209,819,1072,2727,2671,849,821,1110,1096,615,675,701,739,1064,949,881,843,772,767,878,854,929,962,683,682,850,801,916,981,1964,1958,1239,1238,1286,1295,985,889,822,817,1540,1208,782,805,803,782,453,451,764,763,1268,1330,563,564,559,1563,1492,1006,1008,1444,1222,2508,2347,911,799,797,934,653,607,696,691,802,819,657,616,1192,1482,529,558,484,481,860,857,856,835,1456,1348,872,915
bing_querylogs|config_id=8244,1176,1047,744,903,621,857,1071,1106,1056,1072,1380,1523,2626,2386,1111,1132,1103,1734,2035,952,1334,1231,1237,781,748,919,892,1255,1282,1471,1323,1198,1263,1029,1126,1315,1330,1436,1351,932,949,991,993,1730,1296,858,877,2127,1560,713,712,1208,1092,4122,1674,2099,1261,1103,1230,662,715,1024,1119,1424,1393,874,813,898,1732,1281,858,1344,1348,1397,968,1018,1164,1232,1266,1259,927,927,884,896,1409,1255,995,1119,1529,2634,680,656,745,815,1207,1019,1097,1933,1811,1303,1038,966
bing_querylogs|config_id=8248,1280,1262,907,910,557,557,1505,1505,1117,1112,1327,1327,2140,2049,967,971,963,2653,2773,966,980,1145,1145,699,705,774,798,1140,1210,946,943,1001,1022,938,930,896,896,782,779,916,927,1004,998,1974,1974,1240,1237,1180,1197,600,600,953,945,1345,1424,818,815,853,853,526,520,726,726,1193,1268,655,657,649,1463,1463,1123,1126,1238,1238,2419,2420,947,942,927,933,718,718,826,818,1011,1010,727,727,1161,1161,617,622,561,557,1104,1098,999,1008,1316,1316,936,939
bing_querylogs|config_id=8262,1254,1254,899,902,557,551,1500,1497,1114,1117,1321,1319,2056,2130,966,966,960,2666,2637,963,972,1078,1111,697,697,787,768,1121,1202,850,847,993,1014,930,938,888,888,776,776,908,905,996,990,1985,1973,1182,1155,1172,1239,592,592,928,928,1339,1342,807,807,855,845,502,502,718,718,1149,1293,649,649,643,1457,1457,1115,1118,1230,1230,2415,2422,939,885,935,942,710,710,818,812,909,1020,721,720,1152,1152,614,614,559,532,1102,1097,993,1002,1167,1308,928,885
bing_querylogs|config_id=8272,1311,1311,938,941,578,578,1493,1511,1092,1087,1306,1306,2040,2037,1060,1061,1053,2904,2948,1008,1017,1210,1210,744,750,758,782,1191,1261,1044,1041,1027,1048,985,994,906,906,821,807,934,931,1040,1040,1964,1964,1149,1146,1288,1288,659,659,919,908,1463,1569,854,854,870,870,539,534,747,747,1299,1410,696,698,690,1620,1581,1131,1134,1346,1346,2623,2620,947,946,1033,1039,736,736,846,822,1045,1080,740,740,1306,1307,645,650,581,577,1149,1143,1007,1016,1308,1324,955,958
bing_querylogs|config_id=8277,1200,1200,851,853,518,519,1455,1452,1063,1064,1254,1257,1923,2006,916,913,906,2597,2588,906,913,1045,990,630,638,798,837,1124,1127,878,785,920,936,863,885,831,830,735,734,860,858,940,946,1926,1936,1189,1138,1091,1009,554,554,885,877,1287,1290,744,744,780,780,480,478,662,662,1201,1071,606,606,597,1417,1417,1064,1066,1021,1021,2355,2364,884,827,764,857,667,667,778,773,842,842,687,661,1086,1086,576,575,516,511,1067,1026,946,953,1225,1228,835,883
bing_querylogs|config_id=8285,1268,1269,914,917,587,588,1498,1498,1038,1101,1227,1207,2049,1996,1035,1034,1064,2850,2870,1014,1023,1124,1125,693,697,829,864,1183,1267,1050,1075,920,1056,990,1005,911,849,826,812,947,944,1046,1040,1922,1922,1153,1148,1204,1298,637,665,857,925,1425,1373,864,812,886,876,533,544,749,749,1411,1410,669,663,665,1635,1609,1103,1106,1352,1222,2648,2614,952,953,1030,939,742,742,802,839,1051,1051,744,744,1246,1240,619,660,563,563,1093,1090,1015,993,1314,1247,961,964
bing_querylogs|config_id=8289,1055,1258,797,814,948,858,1099,1006,1039,968,1539,1331,3668,3307,1114,1448,1247,2538,2123,843,799,1292,1187,724,735,861,974,1122,1181,1343,1370,1219,946,1031,929,1319,1261,631,1367,870,877,1200,1002,2549,2755,716,902,1347,2222,695,679,971,861,2073,2358,2299,2412,1116,1106,618,597,923,972,1445,1240,887,779,888,791,786,1099,1162,1311,1194,1306,926,1244,1111,1082,1078,805,823,903,871,1087,1065,875,880,1455,3672,609,600,821,779,1070,1047,960,1333,1637,1461,1030,896
bing_querylogs|config_id=8291,1246,1201,879,883,529,529,1435,1437,1039,1036,1219,1123,2003,1951,1008,1000,997,2813,2933,943,948,1044,1037,683,690,782,736,1178,1176,973,969,943,959,924,929,837,837,775,757,875,873,979,947,1859,1916,1094,1093,1204,1204,608,610,848,846,1354,1400,778,778,807,735,491,489,680,681,1308,1307,644,649,638,1571,1532,1069,1071,1129,1109,2546,2541,879,879,948,952,690,685,799,794,877,983,675,673,1175,1230,599,596,533,531,1079,1071,951,959,1124,1233,897,899
bing_querylogs|config_id=8300,1265,1238,910,913,545,546,1510,1482,1141,1131,1221,1247,2019,2096,974,977,971,2656,2692,974,983,1069,1070,702,708,774,799,1210,1213,861,963,911,1027,903,958,839,902,771,786,901,936,1001,975,1948,1951,1169,1190,1250,1178,604,578,956,939,1424,1325,818,773,856,856,516,513,683,683,1269,1304,628,629,624,1453,1454,1126,1129,1241,1241,2428,2393,950,905,841,848,724,696,798,791,920,1031,737,728,1159,1095,625,625,566,567,1113,1056,980,991,1295,1226,899,903
bing_querylogs|config_id=8310,1443,1443,852,855,567,551,1452,1457,1187,1213,1339,1351,2196,2053,1202,931,920,2774,2980,934,904,1165,1175,664,667,837,881,1232,1137,1020,1014,976,997,899,1017,1126,1126,746,746,966,963,1124,1019,2076,2032,1210,1267,1245,1485,754,799,920,920,1620,1553,918,876,932,956,519,530,886,879,1452,1569,631,625,627,1590,1598,1051,1054,1355,1286,2415,2507,1035,1018,973,930,746,724,766,808,1004,1004,696,737,1446,1281,634,629,574,574,1003,943,931,909,1530,1366,991,995
bing_querylogs|config_id=8316,1303,1303,930,933,572,572,1485,1485,1089,1092,1298,1298,2035,2029,1059,1058,1049,2872,2919,1000,1009,1143,1202,742,742,769,752,1172,1253,948,945,1019,1040,977,985,898,898,815,801,926,923,1032,1032,1963,1963,1137,1134,1280,1280,651,651,911,911,1387,1460,846,846,872,862,516,516,739,739,1291,1399,690,690,684,1575,1614,1123,1126,1338,1338,2593,2602,939,939,1041,1048,728,728,822,816,944,1055,734,733,1298,1298,642,642,576,562,1147,1142,1001,1010,1202,1300,958,950
bing_querylogs|config_id=8329,1207,1189,840,842,500,506,1441,1441,1051,1053,1232,1232,2079,2082,901,905,902,2589,2577,895,902,1057,1057,622,627,784,820,1116,1119,867,865,904,921,869,858,819,819,727,726,849,860,929,935,1907,1907,1174,1172,1155,1088,543,543,874,874,1350,1279,736,733,769,769,468,466,651,651,1158,1192,595,595,589,1406,1406,1053,1055,1122,1120,2346,2351,819,819,845,849,656,656,762,758,927,927,653,654,1078,1078,560,560,503,503,1022,1055,935,942,1190,1217,870,868
bing_querylogs|config_id=8346,1340,1252,935,938,562,558,1530,1498,1018,1043,1304,1208,2095,2036,1004,974,1021,2856,2877,972,978,1052,1056,677,684,773,802,1185,1181,851,853,971,991,937,935,808,869,771,762,912,908,974,987,2090,2013,1161,1155,1346,1325,673,672,915,895,1456,1428,789,795,887,819,526,524,712,720,1334,1330,599,601,638,1695,1670,1123,1115,1124,1109,2537,2555,919,876,818,801,711,703,816,801,899,899,793,754,1326,1383,633,635,559,558,1102,1092,984,992,1170,1273,901,901
bing_querylogs|config_id=8355,1376,1104,819,819,513,519,1461,1472,1143,1082,1284,1336,2113,2004,1150,1149,1185,2891,2709,860,865,1133,1092,625,681,714,748,1045,1048,841,858,883,899,900,960,988,1052,683,693,867,892,1061,1184,2015,1983,1250,1247,1188,1285,743,925,830,851,1555,1530,850,856,820,827,477,475,808,812,1416,1466,567,611,606,1598,1497,1017,1019,1298,1228,2374,2308,856,962,804,741,664,805,753,738,811,794,668,668,1293,1316,569,571,514,513,922,918,867,875,1357,1343,936,951
bing_querylogs|config_id=8361,1223,1223,871,873,533,540,1479,1482,1090,1092,1263,1161,2047,1963,939,939,933,2620,2652,926,933,1100,1102,653,658,771,780,1149,1150,905,905,950,966,885,888,809,869,758,758,859,847,968,962,1944,1957,1159,1123,1189,1124,574,574,905,905,1307,1384,766,767,800,751,499,497,651,648,1190,1078,594,595,620,1437,1437,1090,1086,1153,1153,2377,2382,846,802,883,887,691,693,793,757,968,968,688,688,1113,1112,591,561,537,547,1056,1007,966,973,1250,1248,867,870
bing_querylogs|config_id=8367,1141,1142,848,850,513,512,1449,1449,1059,1066,1117,1242,2029,2090,907,919,916,2597,2585,903,911,945,946,636,579,722,752,1122,1127,768,767,917,933,859,882,758,827,735,732,857,855,911,946,1879,1869,1114,1139,1096,1077,551,551,880,882,1358,1359,745,741,787,718,470,475,660,659,1199,1201,564,572,567,1414,1414,1061,1065,1001,1001,2356,2357,879,879,764,750,672,669,775,770,823,823,662,662,1085,1085,568,570,511,512,1036,1026,943,951,1225,1246,878,832
bing_querylogs|config_id=8388,1199,1154,846,867,564,571,1367,1359,908,962,1260,1228,1877,1891,895,884,878,2578,2447,927,935,1081,1072,687,698,765,795,1259,1129,939,934,966,987,877,886,892,891,739,719,853,845,925,915,1878,1886,1081,1035,1146,1094,667,604,912,942,1305,1198,867,857,819,788,524,547,716,721,1190,1206,660,690,642,1370,1487,1036,1040,1172,1174,2236,2225,861,836,928,911,685,697,835,800,1003,1008,715,716,1110,1115,625,629,566,565,993,991,923,927,1179,1190,839,842
bing_querylogs|config_id=8395,1590,1534,1186,1298,744,745,1881,1970,1208,1304,1594,1428,2385,2221,1296,1269,1268,3192,3218,1208,1296,1351,1410,901,912,952,963,1468,1474,1404,1237,1211,1214,1362,1231,1131,1084,1017,1000,1325,1349,1248,1236,2459,2290,1432,1374,1589,1626,937,944,1249,1122,1647,1703,1198,1260,1021,1030,710,711,1117,1125,1590,1713,862,884,976,1902,1849,1332,1360,1510,1510,2926,2760,1427,1404,1376,1450,1039,1135,1092,1023,1470,1143,1216,940,1664,1593,814,936,808,825,1531,1339,1408,1337,1743,1548,1375,1154
bing_querylogs|config_id=8403,1263,1149,842,845,561,561,1367,1361,904,986,1252,1228,1841,1891,883,881,870,2468,2484,927,933,1084,1095,681,688,774,791,1050,1129,953,941,966,987,864,874,865,861,739,729,846,845,923,921,1818,1875,1034,1031,1088,1292,596,596,857,832,1297,1198,831,811,872,841,529,544,707,710,1081,1188,656,639,633,1446,1434,1036,1040,1187,1171,2227,2210,896,897,902,910,685,700,826,784,1001,989,697,696,1109,1340,620,630,562,558,1000,982,918,920,1184,1182,826,827
bing_querylogs|config_id=8415,1272,1272,902,904,554,555,1467,1467,1023,1063,1242,1140,1970,1942,1029,1029,1025,2932,2911,963,970,1173,1167,698,705,755,764,1200,1201,1003,1003,976,992,949,952,819,878,783,783,877,865,1001,1004,1934,1934,1114,1078,1230,1232,633,633,860,871,1379,1383,815,807,817,768,513,512,672,669,1332,1220,635,636,661,1555,1555,1098,1094,1261,1261,2570,2577,846,856,989,987,709,711,813,777,1003,1003,701,701,1203,1259,619,589,557,567,1101,1052,974,981,1258,1258,890,893
bing_querylogs|config_id=8426,1526,1526,951,954,633,620,1506,1507,1154,1216,1431,1424,2152,2157,1260,1259,1251,2870,2844,1302,1316,1260,1250,710,716,849,873,1257,1327,1252,1246,1241,1275,1173,1182,1034,1034,962,901,1000,994,1146,1088,2284,2252,1259,1251,1428,1428,826,853,1056,1025,1801,1579,1001,1010,941,941,576,571,820,807,1396,1526,777,780,771,1551,1548,1121,1124,1352,1509,2531,2532,1070,1070,1103,1105,755,755,855,847,1311,1295,841,841,1447,1516,723,728,608,604,1368,1346,1087,1096,1788,1590,980,983
bing_querylogs|config_id=8433,1016,1079,765,773,552,544,1349,1297,917,895,1125,1183,1983,1901,808,863,855,2329,2553,898,905,928,913,591,611,840,808,946,1085,955,916,814,931,896,818,924,841,726,721,791,785,903,908,1847,1757,967,1041,1161,958,549,537,819,837,1120,1166,728,780,719,734,476,475,693,586,1035,1030,648,635,572,1354,1437,963,933,1049,1055,2129,2149,854,787,818,871,681,688,721,759,909,827,675,677,966,1034,609,559,502,493,958,988,850,850,1028,1088,762,777
bing_querylogs|config_id=8438,1142,1131,872,848,544,547,1365,1340,948,945,1169,1147,1852,1883,881,887,890,2458,2528,930,937,1019,1049,687,690,829,801,1125,1131,861,958,877,992,829,883,900,870,751,727,843,856,928,889,1784,1815,1031,1024,1110,1067,639,593,904,837,1275,1173,881,813,785,838,515,521,671,666,1213,1216,607,612,608,1392,1366,1039,1042,1190,1192,2218,2191,858,853,821,824,687,679,762,742,907,1028,711,702,1123,1043,634,628,567,547,994,949,899,904,1288,1138,801,813
bing_querylogs|config_id=8444,1194,1185,863,866,571,551,1434,1464,1121,1070,1402,1233,2397,2171,1191,1079,1106,3080,2794,968,974,1119,1105,679,744,792,905,1179,1182,967,964,864,999,948,971,943,897,750,749,930,916,1005,1013,1939,1947,1151,1143,1278,1196,655,627,991,983,1302,1270,808,792,938,928,547,558,738,738,1416,1293,688,643,646,1513,1463,1014,1018,1127,1103,2466,2409,952,953,917,832,702,730,789,779,908,906,744,744,1278,1253,608,648,577,576,1032,1027,931,909,1278,1275,928,929
bing_querylogs|config_id=8448,1094,1036,886,874,898,757,1005,1009,992,1035,1361,1284,2438,1660,1156,1130,1179,3011,2100,1211,1037,1372,1217,757,754,930,989,1257,1178,1307,1238,1156,983,940,952,1221,1268,1841,1251,927,837,1028,959,1173,1260,926,883,1486,1549,776,875,890,1012,2380,2074,1063,1118,1055,980,687,654,933,950,1309,1420,874,890,903,853,1087,944,1174,1349,1397,954,963,1136,1106,1087,1091,860,864,1059,919,1239,1201,867,925,1605,1697,670,699,810,936,1056,1012,1346,1843,1345,1369,1039,986
bing_querylogs|config_id=8452,1164,1164,882,879,562,562,1506,1505,1088,1051,1376,1396,2169,2324,1132,1180,1105,2818,2888,962,942,1222,1223,808,849,844,791,1063,1210,1075,950,978,999,939,967,879,879,813,743,890,868,1015,1097,2134,2088,1230,1230,1290,1455,859,879,1008,922,1501,1523,894,869,846,831,534,531,836,752,1230,1417,651,653,662,1589,1578,1140,1073,1282,1312,2401,2558,1097,982,1022,1002,714,707,815,886,1000,1040,733,734,1407,1340,626,637,564,560,1047,1005,921,931,1373,1454,957,1000
bing_querylogs|config_id=8459,1461,1430,927,930,623,628,1544,1589,1234,1121,1410,1476,2118,2245,1210,1274,1213,2748,2971,1080,1101,1270,1145,663,669,870,909,1330,1333,1167,1233,1202,1143,1057,1052,1040,978,909,954,1025,1005,1149,1146,2217,2201,1210,1173,1219,1275,753,753,1050,1128,1436,1466,1052,1019,901,895,598,568,813,813,1588,1517,785,744,785,1501,1525,1092,1096,1313,1446,2590,2883,1082,1091,1064,979,765,765,865,896,1325,1309,738,779,1347,1340,696,732,581,581,1279,1236,1095,1293,1675,1784,953,964
bing_querylogs|config_id=8469,1650,1708,1179,1212,788,769,1883,1701,1328,1339,1605,1546,2512,2242,1301,1161,1278,2809,2850,1171,1398,1377,1341,855,866,962,979,1499,1418,1404,1236,1226,1231,1155,1182,1074,1115,1084,1116,1308,1170,1417,1203,2243,2243,1460,1399,1357,1594,939,844,1308,1286,1634,1562,1057,1135,1019,1020,708,697,1078,960,1454,1818,856,821,934,1793,1750,1323,1324,1404,1661,2602,2650,1327,1057,1061,1350,1017,1027,1040,984,1435,1112,1167,1097,1445,1337,786,804,758,757,1305,1262,1373,1317,1717,1480,1304,1057
bing_querylogs|config_id=8475,1165,1169,858,873,560,554,1372,1372,954,950,1224,1253,1826,1901,989,985,965,2471,2499,928,940,1090,1086,681,682,766,787,1090,1119,947,948,959,981,870,900,898,875,734,724,861,857,946,963,1817,1821,1059,1066,1158,1161,609,614,849,869,1203,1200,760,762,815,817,544,541,747,750,1142,1237,686,641,636,1372,1372,1032,1041,1222,1215,2181,2188,894,872,904,918,724,705,793,788,973,980,711,727,1112,1119,626,630,564,554,1024,992,915,924,1201,1200,868,875
bing_querylogs|config_id=8494,1217,1244,880,881,568,569,1439,1431,1146,1216,1458,1437,2093,2072,1249,1123,1111,2897,2842,928,936,1315,1276,694,728,775,795,1128,1131,1052,1008,967,988,1012,999,1089,1065,743,743,930,912,1016,1080,2038,2085,1291,1301,1341,1344,860,892,1024,906,1583,1583,953,902,950,952,526,523,889,893,1580,1517,664,665,660,1619,1576,1076,1082,1500,1386,2439,2562,987,988,936,922,727,718,799,792,998,999,747,747,1351,1464,628,627,566,567,1002,986,928,934,1590,1426,1033,1002
bing_querylogs|config_id=8498,1140,1215,861,903,802,874,1023,958,1046,1028,1369,1413,1328,1399,1061,1070,999,1279,1276,1076,1074,991,1124,757,775,1111,1139,1179,1078,1131,1148,1168,1152,925,969,1084,1147,1112,965,896,955,926,848,1062,1160,865,1026,1380,1207,779,782,1853,1016,1156,1153,1168,1213,800,785,601,597,1044,947,1328,1412,844,877,967,975,846,1100,1590,1179,1133,1013,973,1148,1167,1118,1198,1050,1009,925,911,1057,1176,982,952,1621,1227,731,743,677,702,921,948,1610,1312,1157,1290,1031,1012
bing_querylogs|config_id=8502,1241,1158,836,891,549,549,1490,1493,1100,1102,1254,1284,2048,2047,957,954,948,2531,2670,944,951,1080,1122,618,623,836,872,1024,1047,880,914,953,866,811,862,871,815,776,775,855,853,987,984,1863,1906,1174,1172,1151,1096,539,539,870,853,1272,1331,782,788,765,818,465,463,709,604,1062,1206,644,591,549,1402,1402,1105,1104,1118,1009,2344,2349,883,882,841,757,652,705,814,754,941,941,656,706,1093,1117,612,560,555,500,1108,969,984,938,1287,1103,780,936
bing_querylogs|config_id=8507,1157,1166,854,857,553,553,1376,1364,980,958,1252,1253,1850,1824,968,986,979,2400,2498,914,923,1047,1087,676,676,773,758,1033,1117,848,853,954,973,880,878,851,858,732,731,861,857,936,947,1808,1873,1053,1049,1140,1178,595,603,855,843,1191,1194,798,806,842,820,521,521,744,739,1105,1190,636,680,630,1372,1366,1024,1027,1224,1218,2173,2182,875,893,906,929,695,696,784,763,869,997,715,703,1098,1096,622,618,556,543,1023,1015,909,918,1108,1194,915,855
bing_querylogs|config_id=8516,1100,1126,806,808,532,533,1335,1347,900,874,1275,1075,1814,1814,845,926,941,2552,2460,883,883,1058,1060,626,631,765,779,1061,1058,910,902,915,931,827,831,780,846,693,715,795,779,890,889,1792,1844,997,970,1091,1098,617,594,808,809,1235,1162,783,782,731,672,497,521,636,653,1114,1047,594,579,604,1344,1390,1003,999,1092,1089,2172,2181,748,758,864,866,662,662,761,720,960,938,664,656,1178,1060,594,564,538,542,926,893,885,892,1107,1141,781,799
bing_querylogs|config_id=8521,1575,1593,1377,1296,1056,1055,2809,2288,1350,1362,2177,2253,3623,5601,1467,1437,1439,8894,9880,1633,1351,1606,1487,951,965,1327,1268,1841,1984,1772,1799,1534,1538,1488,1434,1596,1557,1418,1580,1308,1339,1571,1616,2394,2135,957,1122,2205,2540,905,889,1210,1336,9950,18148,2008,2162,1425,1496,783,780,1217,1202,3754,3181,1099,1054,1060,4722,5257,1233,1181,4811,4711,1745,1711,2011,2008,1654,1687,1027,1026,1104,1066,1800,2015,1169,1215,2073,12965,967,924,1004,1117,1185,1577,1423,1612,3240,4117,1525,1527
bing_querylogs|config_id=8524,1889,1899,1390,1427,843,844,2013,1750,1521,1522,1883,1829,2357,2283,1574,1574,1570,3081,3265,1617,1640,1589,1718,919,909,1154,1169,1739,2077,1528,1495,1374,1394,1410,1409,1350,1405,1168,1168,1164,1167,1453,1457,2552,2438,1723,1802,1684,1928,1014,1002,1420,1461,1916,1630,1145,1183,1137,1135,898,745,966,972,1829,1798,959,962,1098,1909,1849,1371,1413,1740,1704,2964,3091,1700,1506,1512,1478,1018,1018,1185,1178,1616,1720,1157,1158,1658,1888,945,941,767,762,1614,1652,1255,1282,1821,1798,1411,1453
bing_querylogs|config_id=8531,1317,1269,941,944,566,567,1468,1467,1118,1106,1309,1226,2001,1988,1066,1068,1060,2928,2917,1011,1020,1134,1135,747,764,829,796,1261,1264,959,1061,937,1053,950,1005,849,911,807,811,906,941,1043,1011,1928,1928,1148,1146,1291,1219,662,637,922,935,1398,1443,857,820,873,883,530,527,704,704,1412,1411,669,670,665,1571,1611,1134,1137,1349,1349,2604,2573,950,904,947,948,742,714,818,811,955,1066,750,741,1297,1240,653,653,586,587,1158,1101,988,999,1314,1234,918,922
bing_querylogs|config_id=8544,1168,1142,861,873,548,547,1353,1355,975,995,1179,1162,1894,1952,984,1022,986,2475,2509,931,940,1025,1037,681,697,754,789,1126,1120,859,965,870,986,848,925,806,864,723,737,840,877,963,932,1769,1797,1069,1088,1163,1091,625,590,865,886,1199,1180,823,773,827,851,537,574,702,696,1220,1217,620,615,608,1365,1363,1041,1038,1230,1217,2204,2150,888,832,829,832,707,680,767,758,889,1006,733,728,1107,1052,629,633,571,569,999,966,896,907,1213,1116,823,837
bing_querylogs|config_id=8565,722,722,595,598,569,575,928,923,898,946,1053,66453,1415,1210,1125,1125,972,1148,1228,702,713,982,971,808,820,835,862,1028,981,998,981,1014,1035,877,66380,932,962,2187,66101,63827,728,782,790,974,2860,613,610,1025,1025,787,784,989,838,804,887,865,864,819,880,549,546,741,741,1138,1139,726,727,722,717,715,634,637,1166,1163,1282,899,731,745,1133,1125,858,858,740,727,1073,1067,787,787,1402,1367,615,609,584,584,791,871,667,676,1133,1233,711,728
bing_querylogs|config_id=8572,801,960,658,642,593,553,896,776,770,721,1133,1294,1168,1309,679,689,695,1226,1177,836,752,1211,1114,731,752,837,752,969,1103,907,1053,958,1001,730,742,854,875,970,625,846,792,771,712,927,933,703,771,988,1037,706,772,727,890,827,1101,1096,869,907,841,559,525,825,887,1016,1229,696,678,712,908,780,730,766,1277,1289,1167,937,840,828,1047,1084,650,797,723,693,1063,1101,905,796,1702,1372,642,640,562,578,749,771,843,871,858,1032,765,813
bing_querylogs|config_id=8581,863,816,659,654,579,638,754,726,805,741,951,1006,1126,1200,699,987,677,1031,1159,799,784,965,911,676,687,830,753,881,1076,985,1079,949,983,697,753,921,883,800,661,705,799,792,686,985,846,723,727,962,916,691,728,825,793,759,514,949,1176,811,802,563,526,866,896,916,973,834,729,704,736,616,791,703,1372,1095,704,1145,915,947,1103,1152,762,726,671,689,971,1109,755,753,1232,1214,638,659,557,544,746,797,806,639,886,962,759,746
bing_querylogs|config_id=8591,842,824,698,703,696,583,738,882,819,717,969,1103,1402,1991,677,968,673,1764,1339,707,1184,1032,913,734,734,809,798,849,960,981,1063,930,935,750,658,831,841,1014,1194,785,785,854,681,800,887,799,784,930,988,693,769,943,736,1041,973,803,1184,735,834,555,546,847,842,938,1201,679,680,737,1087,842,735,688,1206,1112,874,790,881,792,1053,1023,751,831,693,686,1074,1109,844,744,1011,1038,626,634,587,547,689,704,889,997,856,1068,865,931
bing_querylogs|config_id=8604,1069,1033,825,714,659,645,1005,956,757,895,1251,1171,1258,1322,929,912,760,851,1402,914,915,1131,997,720,689,1128,1002,970,1088,1217,1182,1198,1112,851,814,1080,912,885,773,930,826,930,885,968,1073,803,754,1206,1157,801,824,982,915,1112,1004,879,1296,986,1020,619,578,906,800,1293,1343,805,786,811,803,798,752,945,1292,1394,931,825,933,1063,1456,1223,812,859,847,766,1322,1228,928,863,1278,989,755,687,636,828,913,902,877,811,1116,1062,1047,833
bing_querylogs|config_id=8620,1016,1073,758,704,670,655,962,966,792,787,1109,1241,1198,1166,883,866,882,990,1370,1280,904,1103,1284,696,749,1177,908,1020,1080,1074,1288,1176,1224,802,867,1029,1055,887,787,1041,852,803,862,1051,1094,902,1018,1124,1287,814,853,848,1094,1119,1002,1084,1311,996,969,622,554,916,795,1092,1295,718,752,813,684,719,881,838,1318,1302,968,835,1091,1251,1337,1239,830,1011,795,858,1047,1257,825,988,1066,1121,650,720,664,995,983,963,1069,580,1147,1042,967,937
bing_querylogs|config_id=8625,917,916,677,626,933,646,780,779,843,837,1093,1160,1039,1261,855,799,761,1006,951,820,892,966,1106,749,736,922,873,901,1002,1024,1103,1015,1060,792,818,909,918,729,780,906,919,785,724,1148,988,824,824,1033,1015,749,760,862,865,1084,1130,794,1019,943,889,616,599,866,782,1152,1222,756,721,742,742,762,770,791,1162,1266,1039,983,1013,1031,1133,1138,762,815,790,738,1056,1071,971,967,1316,1102,695,708,617,601,815,811,701,893,926,1288,862,1019
bing_querylogs|config_id=8631,868,903,672,743,616,641,1018,1097,822,761,1248,1280,2117,2835,931,842,891,1855,1879,803,939,1198,1161,764,779,915,900,1001,968,1018,1000,970,1030,768,780,911,968,852,1396,925,899,877,882,1306,4067,793,702,1230,1079,705,678,964,1001,1202,1252,1388,1359,909,847,577,604,899,762,1052,1335,820,675,745,741,1066,701,1133,1420,1448,942,976,858,823,1028,1082,826,753,906,816,947,1121,878,871,1259,2144,653,653,574,579,813,825,888,803,919,1093,849,831
bing_querylogs|config_id=8636,845,964,623,609,680,620,705,1041,824,756,1105,1035,1438,1065,709,804,683,959,1141,864,790,1111,1115,660,667,919,859,901,903,961,959,922,951,784,768,917,935,1158,1002,894,783,811,762,982,1146,733,787,1099,1163,624,690,848,837,709,827,711,1011,845,814,576,562,742,855,1317,1009,780,690,776,728,818,785,761,1219,1082,973,916,882,845,1026,1085,736,811,800,819,1018,1102,804,782,906,963,666,644,557,544,918,768,826,865,1060,1044,831,786
bing_querylogs|config_id=8642,806,804,675,637,733,605,798,836,765,751,1154,1028,983,1042,708,720,690,956,968,768,758,1005,1054,689,674,864,795,977,1094,1006,1006,959,974,758,823,868,938,668,632,814,914,701,694,1114,920,742,728,967,923,662,698,746,768,692,947,1019,961,833,832,546,584,731,876,1018,1195,730,695,669,1073,836,677,758,1087,1097,924,883,836,751,1073,1101,758,742,852,690,914,1043,760,759,1811,853,693,647,566,538,793,852,975,747,989,1181,1052,874
bing_querylogs|config_id=8660,904,966,742,724,577,751,1008,741,827,786,1014,989,1184,1222,727,705,717,980,1046,864,763,987,981,676,710,852,849,934,1076,1029,1173,986,1034,718,710,945,893,964,917,902,803,743,821,888,933,738,713,937,1152,768,654,845,930,950,852,850,1186,834,957,592,594,884,904,987,1131,736,742,732,637,688,772,724,1381,1132,847,928,1022,915,1097,1137,836,674,823,842,985,1203,995,817,1431,1010,683,645,609,545,770,741,872,909,1056,1005,910,872
bing_querylogs|config_id=8669,789,779,609,632,613,565,714,794,726,755,942,918,1057,1222,744,798,760,944,1129,721,751,1049,893,661,645,899,820,816,947,912,947,927,933,776,730,826,912,725,667,819,676,742,724,916,875,669,657,912,1066,671,603,748,840,668,752,707,737,804,796,631,590,841,814,954,1016,676,707,716,706,674,714,808,1074,1047,761,772,847,947,1003,938,803,697,741,671,899,1057,827,751,811,817,630,661,628,588,783,785,645,705,836,942,768,799
bing_querylogs|config_id=8674,859,873,742,670,609,755,1009,924,824,796,996,1222,1041,1206,805,762,762,1440,1229,919,885,972,1208,737,736,897,888,910,1145,1070,990,1014,1039,801,819,1014,1033,828,946,1056,941,801,764,1103,1112,807,794,1164,1098,713,735,870,942,899,881,830,821,875,893,594,629,778,841,1074,1246,762,755,756,789,768,1068,791,1355,1200,980,919,993,882,1173,1174,949,793,759,780,1018,1297,855,927,931,1305,682,707,624,611,921,803,836,848,918,1043,915,932
bing_querylogs|config_id=8682,763,791,620,617,585,610,816,708,722,740,953,929,1097,1355,720,715,794,883,991,878,683,890,905,650,692,818,831,889,850,1008,939,882,885,682,757,851,809,752,674,687,846,683,762,881,863,691,676,862,1002,620,675,832,719,493,605,669,753,773,756,595,546,688,755,881,914,699,691,703,681,702,708,734,1063,990,919,770,769,865,991,1025,732,827,725,721,872,1049,756,737,888,797,651,668,585,593,708,667,634,621,881,967,762,824
bing_querylogs|config_id=8687,786,943,717,633,676,640,857,791,699,726,1145,962,1178,2204,825,868,870,1230,1190,785,760,1156,1122,773,701,956,919,815,965,1116,983,943,1029,711,697,1004,849,792,742,906,735,741,860,989,1090,786,766,1109,1081,704,672,954,790,1087,819,825,794,811,802,558,590,861,904,910,1050,760,762,822,820,849,762,753,1172,1133,866,1161,1052,974,1124,1013,922,934,838,670,1056,1153,880,804,1512,1038,636,628,589,580,741,734,802,632,933,1104,891,922
bing_querylogs|config_id=8692,964,838,674,633,708,706,716,948,737,707,968,1113,1078,1238,699,765,694,1063,808,953,975,880,939,675,678,830,778,1039,950,1013,1016,955,983,707,743,925,831,824,632,793,842,699,772,972,861,753,741,969,939,616,762,852,740,809,870,999,861,784,814,522,550,807,824,925,1099,707,690,663,729,648,822,704,1181,1428,1085,793,854,950,1031,1037,764,787,713,759,1057,1136,770,756,830,865,637,636,553,540,747,776,1092,879,1054,1017,856,756
bing_querylogs|config_id=8696,888,914,641,642,643,594,751,728,764,737,960,1059,1184,1030,730,704,716,885,1205,804,962,918,1107,677,700,785,794,871,948,985,990,967,983,752,757,859,880,742,776,825,906,776,739,960,855,807,750,1106,946,714,688,739,889,704,1306,800,765,840,783,560,552,841,809,1043,1051,737,700,733,645,663,712,852,1205,1219,705,771,952,796,1041,1160,815,720,741,712,1149,1178,761,764,938,864,734,654,592,548,795,740,768,857,1032,1045,923,725
bing_querylogs|config_id=8703,809,805,634,653,612,604,735,806,788,792,962,1155,1167,1350,692,742,730,1011,1047,804,745,924,979,694,700,923,795,1080,959,1047,1029,959,980,733,774,864,838,622,738,804,859,715,793,1000,859,777,687,930,929,670,711,850,857,858,761,795,884,863,852,543,563,735,740,989,1112,706,694,657,664,667,734,801,1151,1129,558,906,778,937,1108,1157,766,743,693,705,943,1078,789,755,808,1345,654,661,565,550,764,786,777,714,868,1022,750,788
bing_querylogs|config_id=8708,780,798,658,635,635,610,753,976,781,772,1104,995,1059,1044,775,719,685,1004,1074,740,813,940,965,677,693,804,790,875,1036,1065,1032,958,977,669,763,894,834,615,641,806,866,688,761,894,831,698,694,1006,1050,735,716,873,806,844,770,1003,1212,863,830,537,539,868,869,927,1111,739,661,717,669,679,735,750,1202,1343,789,995,829,836,1111,1131,807,736,711,744,988,1126,906,778,1272,887,648,655,560,568,779,787,874,910,853,976,720,775
bing_querylogs|config_id=8713,804,842,672,641,679,581,822,800,799,718,1016,1138,1285,1246,697,833,703,1119,1185,787,865,1063,1007,689,687,871,758,887,943,1124,1015,961,987,778,750,915,844,613,664,881,931,688,771,1012,888,724,745,979,1133,711,658,805,788,810,615,959,809,947,895,543,550,890,898,998,1042,685,721,724,726,620,694,695,1195,1317,801,938,773,815,1118,1103,650,661,784,757,1089,1155,834,828,1032,803,607,638,565,571,737,814,915,739,905,1076,827,738
bing_querylogs|config_id=8718,856,948,667,627,592,610,801,850,912,747,1025,977,1296,1150,753,753,734,889,1170,818,779,945,1036,698,695,835,794,1063,991,995,1104,968,1031,752,730,955,850,775,642,809,857,755,811,980,886,829,696,944,919,704,723,883,749,722,802,813,712,846,864,535,593,790,790,947,992,668,716,745,793,734,818,754,1243,1131,1049,1035,921,1080,1131,1151,754,804,713,705,1013,1120,986,771,1088,910,657,685,601,549,760,721,1104,764,950,998,719,762
bing_querylogs|config_id=8725,756,743,607,632,728,619,812,922,736,751,1024,923,1252,985,761,699,683,700,965,674,706,915,901,650,652,813,796,773,891,905,872,927,946,708,678,907,813,802,776,785,656,675,689,866,900,787,659,894,891,605,676,730,756,897,837,1186,790,816,782,553,581,785,780,870,983,714,707,685,819,659,641,630,1008,1064,763,904,814,796,1035,1066,730,969,668,670,905,1036,776,753,1096,823,626,617,553,540,694,757,742,638,884,999,781,826
bing_querylogs|config_id=8738,818,805,650,678,635,609,933,743,840,792,1057,1075,1059,1052,705,729,684,1078,886,766,954,968,1041,688,690,882,799,875,951,999,1051,984,987,776,765,874,867,691,836,838,867,688,714,980,897,788,663,1024,1060,633,754,800,875,794,704,808,1006,834,851,555,556,848,928,1126,1010,681,731,699,804,731,724,771,1149,1225,1017,1102,811,805,1111,1168,979,766,741,676,904,1152,766,799,672,849,653,647,569,591,725,743,711,772,922,1067,857,887
bing_querylogs|config_id=8743,856,1065,692,691,833,682,938,798,846,835,1093,1170,1520,1457,772,746,750,1045,1115,837,779,1058,1118,742,735,943,831,939,1047,1079,1116,1023,1070,789,735,942,952,859,847,852,999,723,833,974,986,826,778,1120,1137,763,740,827,906,1208,913,985,1266,929,907,594,642,938,892,1091,1095,752,739,717,963,812,858,763,1250,1275,790,1093,927,891,1141,1169,892,751,762,754,1034,1063,933,797,1437,1566,694,704,625,613,765,783,850,758,1009,1141,939,1069
bing_querylogs|config_id=8748,812,906,585,644,608,696,803,757,842,775,983,953,1149,1009,738,706,698,806,1089,734,755,892,1056,681,684,823,801,847,966,994,1095,963,982,734,770,840,859,925,634,795,921,753,704,950,888,794,665,887,983,806,805,851,911,651,846,829,934,814,859,548,575,802,852,968,993,736,755,683,671,616,725,782,1229,1079,887,793,935,934,1126,1063,753,730,717,738,967,1099,851,830,1395,1089,650,637,591,550,751,833,667,736,925,990,878,779
bing_querylogs|config_id=8753,906,973,823,843,787,917,1170,1053,916,939,1094,1135,1292,1189,1000,899,857,1150,1397,956,962,1159,1121,847,855,980,986,1038,1221,1201,1153,1128,1163,986,937,1045,1023,957,1018,1104,1124,872,942,1096,1120,917,938,1127,1088,817,874,962,998,886,1010,919,1114,998,952,733,717,930,998,1170,1286,881,864,861,814,847,1100,1025,1286,1480,1148,934,1185,1056,1224,1304,896,924,866,962,1134,1180,935,1013,1508,1249,816,822,746,715,891,889,893,813,1081,1213,1107,1026
bing_querylogs|config_id=8758,791,796,631,653,798,664,785,786,751,704,1255,938,1321,964,709,705,684,1064,877,781,838,1006,925,691,672,753,786,859,928,1057,1024,967,981,753,677,855,882,779,697,912,816,684,750,1092,976,681,687,983,953,629,635,924,837,695,645,1383,838,845,814,547,553,823,843,931,1023,712,694,717,691,829,683,859,1160,1134,718,870,837,860,1116,1077,699,801,754,725,910,1091,1009,779,825,1119,635,655,584,542,774,741,653,765,943,1010,874,769
bing_querylogs|config_id=8763,934,976,727,691,638,660,914,876,863,809,1004,1231,1163,1475,791,796,766,1048,1295,838,865,966,1030,728,755,884,888,933,1037,1066,1033,1001,1051,818,807,1022,912,706,849,973,839,768,869,1109,1012,855,754,1072,1157,719,773,814,838,829,784,927,992,984,888,602,618,999,818,975,1152,739,784,747,772,630,859,795,1350,1242,977,926,1022,1082,1104,1140,779,939,827,735,1076,1157,843,863,948,1080,703,712,624,595,903,915,1025,1026,963,1249,858,868
bing_querylogs|config_id=8769,759,801,607,638,624,595,874,739,743,723,913,980,988,1019,721,724,692,931,821,726,731,981,884,659,659,843,813,854,971,884,964,920,963,717,738,924,847,602,706,804,761,703,705,935,944,683,673,842,860,611,679,920,746,929,770,1112,827,810,740,554,566,711,786,983,1140,719,708,641,699,662,703,491,1020,1085,822,774,817,772,1057,1045,727,765,734,725,891,992,730,702,810,1087,647,619,587,542,714,776,702,724,817,1035,839,765
bing_querylogs|config_id=8774,790,758,661,590,684,584,820,800,761,702,1046,1068,1075,804,704,723,998,887,1009,825,832,864,1038,679,682,848,783,983,1143,942,1101,959,977,750,759,912,853,632,597,806,799,697,706,890,847,693,774,1106,931,716,695,899,851,784,826,709,937,843,772,584,560,824,778,857,1133,749,707,633,674,792,691,724,1181,1290,701,789,758,916,1164,1063,767,1097,669,738,1144,1041,810,844,1087,1045,652,663,597,542,760,736,727,785,897,986,797,986
bing_querylogs|config_id=8781,911,875,657,645,747,611,775,761,767,749,963,993,1079,1217,671,698,684,971,992,729,880,830,1004,657,658,868,806,884,998,965,958,929,951,732,745,831,913,769,765,819,849,701,696,945,963,728,694,911,906,654,678,755,777,508,676,951,857,791,803,572,599,826,910,870,969,673,681,706,872,683,690,698,1162,1137,864,712,728,783,1058,1055,688,827,742,748,867,995,763,893,1564,954,644,639,607,555,727,782,685,693,815,955,735,816
bing_querylogs|config_id=8786,780,865,602,629,687,595,723,732,748,759,1003,933,1055,1318,704,708,667,1026,1010,549,785,824,965,658,661,861,815,813,970,893,888,928,940,716,735,905,825,790,625,704,806,698,732,875,830,676,846,937,905,685,613,856,753,788,992,767,957,819,763,564,573,724,734,873,1031,691,674,682,791,710,684,680,1204,984,703,714,770,792,947,1026,697,737,727,717,1022,988,800,717,877,901,632,655,567,550,721,739,758,732,808,944,804,741
bing_querylogs|config_id=8791,763,736,634,634,623,571,783,1030,717,758,970,968,1240,1035,722,653,646,776,992,730,701,877,1079,643,638,838,798,922,938,982,967,901,904,681,692,832,851,766,823,792,755,721,684,791,868,692,666,970,902,612,685,744,733,732,866,882,960,762,751,569,582,730,789,891,958,707,691,705,742,646,663,677,959,999,678,879,822,825,994,993,658,660,709,686,857,1065,716,750,1136,838,633,634,569,591,745,698,771,756,818,964,779,788
bing_querylogs|config_id=8797,792,851,653,616,554,582,760,884,734,698,931,886,1047,1012,701,748,702,899,948,713,826,883,1000,666,665,800,786,848,936,887,945,926,937,670,722,813,862,765,952,849,763,715,708,817,894,711,697,1025,909,693,667,845,765,685,714,973,920,757,757,615,566,692,751,934,1060,715,679,651,645,670,709,583,1036,1054,865,869,886,808,1024,984,643,678,701,730,961,1038,566,725,870,1281,628,622,558,541,742,789,857,711,931,970,749,890
bing_querylogs|config_id=8804,768,911,626,629,551,557,770,769,719,746,892,900,977,1145,702,698,683,936,1048,789,755,1070,954,663,673,839,834,788,873,944,1015,941,955,701,707,900,816,720,962,706,748,752,711,854,888,671,654,1072,892,645,603,737,733,757,642,762,1218,794,820,557,551,794,736,1089,952,702,722,676,780,780,717,687,1023,1012,850,756,833,955,1027,997,914,639,679,722,981,1032,702,741,1080,869,634,631,552,580,745,776,729,684,888,979,862,859
bing_querylogs|config_id=8810,866,871,596,613,648,587,784,756,777,783,927,1014,1076,1031,912,670,685,825,1008,713,736,903,992,658,660,830,921,852,952,860,946,931,951,726,707,814,868,752,666,776,749,695,729,973,894,671,705,911,904,671,692,852,761,607,867,823,793,810,755,542,574,728,770,915,990,710,673,687,679,686,711,719,1068,1030,734,696,882,818,1027,1052,726,949,664,663,876,937,710,755,807,828,638,628,589,578,759,738,692,604,832,926,739,836
bing_querylogs|config_id=8820,810,795,614,611,762,663,725,1026,737,1015,1092,1083,1564,1643,889,693,770,1122,1537,709,707,944,1162,659,665,828,832,839,917,916,1072,950,947,720,713,1056,948,732,921,853,861,865,701,1146,1115,730,692,1133,1288,662,742,943,816,812,1040,869,910,906,905,651,556,843,878,1117,1322,700,723,671,908,838,761,749,1006,1119,842,1035,965,1042,1141,1071,859,689,802,712,1013,1196,819,781,1504,1656,625,637,610,581,785,725,1143,837,1105,1106,928,930
bing_querylogs|config_id=8825,834,864,654,633,612,599,716,732,806,742,1091,948,1062,1343,730,714,689,1085,1155,866,813,1078,1012,683,691,821,775,906,949,1035,1101,960,973,777,758,832,834,663,895,883,928,750,782,1008,1031,844,713,1057,902,716,684,783,902,519,1008,1051,962,802,841,583,568,766,859,941,956,715,671,708,682,648,798,751,1133,1101,852,766,837,837,994,1057,762,704,742,750,1040,1191,793,960,689,1313,717,649,566,550,849,807,1068,900,962,1165,820,966
bing_querylogs|config_id=8830,763,777,647,608,591,582,671,788,735,761,911,1096,1157,1125,721,708,766,926,1013,833,1000,913,976,677,660,834,826,789,869,1004,989,925,962,744,724,877,918,973,701,784,759,769,729,809,887,658,688,898,1062,604,674,861,791,727,748,745,861,805,787,542,576,789,762,862,992,720,716,650,892,675,677,696,1067,1027,716,769,761,864,1023,1043,698,659,711,713,875,1031,748,726,846,821,627,661,553,569,775,726,691,774,878,1059,753,761
bing_querylogs|config_id=8836,848,877,653,643,599,573,1024,853,995,933,1030,1004,1383,1329,791,841,799,1136,1291,754,776,1067,1053,755,737,982,926,780,958,955,1029,939,961,739,787,1106,964,791,877,816,804,869,804,1710,1041,705,686,1235,1112,702,738,745,700,947,964,982,839,910,817,574,574,773,998,1025,1206,699,716,769,854,756,752,856,1139,1184,1324,1026,841,1013,1041,1095,675,835,795,726,1048,1094,751,810,1233,1097,639,639,616,642,815,784,792,831,991,1278,1144,1002
bing_querylogs|config_id=8843,894,788,616,618,589,587,790,794,715,797,940,894,1176,1141,696,667,734,1162,1129,763,717,887,929,653,653,816,809,779,914,1010,872,920,947,698,713,846,812,699,712,772,760,721,733,983,896,739,718,904,989,646,614,796,805,861,630,903,1048,758,717,594,565,804,763,841,998,700,714,690,652,710,685,729,1048,1071,791,747,768,857,1046,973,759,741,721,678,931,995,743,730,841,861,637,625,560,535,734,729,694,688,956,960,755,849
bing_querylogs|config_id=8854,816,746,631,639,608,553,837,730,731,733,953,1012,1040,1115,699,736,709,1086,907,715,793,865,947,659,657,817,823,837,962,918,907,921,950,734,751,879,803,778,644,761,824,693,716,849,873,707,663,815,922,615,668,720,817,742,902,836,1069,797,809,548,566,827,751,882,954,754,678,665,716,628,713,653,1155,981,766,801,859,792,1027,1024,789,852,778,714,946,1114,710,770,664,1327,640,636,585,545,752,725,674,840,833,1011,743,844
bing_querylogs|config_id=8861,831,809,709,733,960,632,893,849,811,788,1066,1031,1226,1235,849,875,801,996,1166,779,817,901,1187,719,726,891,859,1004,1015,1056,1056,1005,1031,808,834,994,1015,637,1001,902,935,775,804,983,864,738,829,1104,1040,667,677,892,910,821,813,894,1035,961,906,613,591,867,899,1050,1144,759,763,757,944,720,940,780,1244,1219,941,857,867,1042,1026,1102,756,787,789,813,1079,1053,842,842,1189,1256,697,700,606,622,827,818,769,727,1046,1341,1051,777
bing_querylogs|config_id=8867,856,902,697,711,640,639,787,967,790,788,1127,1241,1399,1248,960,891,808,1114,1238,794,927,956,988,741,730,921,899,1068,985,1130,1037,1044,1061,733,834,1001,1001,931,833,926,975,903,781,1127,1056,848,833,989,1104,751,779,956,901,897,741,1000,1155,945,904,634,608,861,821,1011,1104,726,732,742,682,840,831,758,1415,1183,963,881,880,1154,1124,1158,812,783,831,757,1182,1084,1157,864,1256,1375,711,714,646,641,801,863,705,931,1014,1101,886,909
bing_querylogs|config_id=8881,927,866,679,659,601,601,746,840,721,771,1237,958,1151,1067,850,719,688,1069,1175,798,994,852,1078,691,679,913,778,887,1016,965,1027,962,1116,733,746,858,894,723,775,825,815,737,821,1039,830,730,820,905,1019,673,668,858,888,716,764,945,869,883,902,547,577,807,836,947,1006,700,758,671,735,650,775,697,1187,1104,796,865,1002,745,1109,1083,796,779,696,698,967,1232,770,831,681,848,644,650,569,547,838,733,773,717,928,987,927,811
bing_querylogs|config_id=8886,1148,977,721,723,647,702,966,859,884,813,1518,1120,1255,1320,803,1053,813,1218,1210,862,807,937,795,735,749,885,875,1227,1134,1291,1163,1123,1202,841,850,1102,1013,947,752,1036,819,853,838,1065,1052,787,897,1368,1240,730,748,1136,1034,915,1115,930,1007,952,916,590,617,985,771,1145,1405,802,864,797,780,703,796,864,1387,1301,878,950,1073,1165,1110,1308,883,855,814,807,1195,1184,840,875,944,1016,700,674,672,591,875,995,1182,934,1117,1352,925,887
bing_querylogs|config_id=8891,787,776,644,652,596,700,719,787,720,753,1082,1006,1163,1085,678,692,789,1045,810,784,1034,961,922,684,689,859,853,889,950,925,894,935,950,715,736,834,848,657,637,786,789,673,716,803,933,682,700,1037,903,703,668,793,749,774,815,775,826,753,783,557,631,793,749,932,1021,650,669,662,662,630,672,726,1025,1129,863,804,954,789,1026,1081,715,983,731,653,911,1098,782,792,1236,979,633,636,573,555,718,750,787,914,1048,980,706,803
bing_querylogs|config_id=8896,769,758,616,636,588,548,716,643,772,687,900,927,1171,1067,684,708,763,1054,1059,805,805,911,973,656,648,754,804,897,962,1009,983,917,936,724,736,954,884,867,804,738,828,673,672,815,848,654,631,876,920,676,676,845,835,840,1008,1024,896,786,729,569,562,711,886,1129,992,661,698,666,758,736,695,654,1173,985,747,738,871,826,1037,1006,740,718,734,713,970,988,729,709,869,956,631,636,556,540,714,704,705,743,824,916,809,803
bing_querylogs|config_id=8901,871,818,627,675,594,661,926,890,965,976,1160,1200,1372,1491,745,936,723,961,1353,879,807,1182,1053,678,717,847,854,804,1048,1060,1015,951,990,688,703,1316,1077,786,753,926,834,816,789,1010,1171,680,693,1147,1381,818,811,905,949,752,862,1136,987,945,890,558,562,750,853,1173,1446,740,682,703,803,757,706,814,1278,1100,1121,903,1021,991,1153,1065,1163,1298,694,741,928,1047,826,801,1413,1069,635,637,566,548,757,739,1079,866,944,1205,1041,1040
bing_querylogs|config_id=8906,766,763,644,604,600,606,710,760,714,718,934,1024,975,941,691,669,696,999,1123,782,726,969,946,660,657,816,833,787,912,1014,983,917,945,735,720,805,896,686,635,744,772,723,695,796,876,805,708,961,920,674,688,779,729,649,749,778,891,799,752,545,559,789,759,950,991,743,740,704,509,695,819,676,1035,991,883,807,819,876,1059,1065,785,699,694,675,947,989,718,840,1056,944,624,641,571,541,732,715,636,666,1101,1049,954,785
bing_querylogs|config_id=8914,774,800,652,623,841,616,825,740,746,750,933,1291,1171,998,709,678,684,879,1023,877,835,855,1197,684,667,836,768,841,964,961,985,977,995,712,806,942,978,751,703,821,781,704,727,900,826,679,715,1002,959,699,686,813,762,688,936,893,858,933,903,631,575,760,787,837,996,739,713,696,802,741,918,1032,1016,1071,891,792,878,854,1075,1063,642,823,682,740,918,1055,756,743,957,939,623,625,611,579,758,729,822,729,822,1118,852,746
bing_querylogs|config_id=8919,705,779,616,633,557,610,842,818,711,727,966,1014,1173,1062,708,654,643,839,1016,716,721,917,1053,647,664,854,792,777,930,862,946,915,956,701,727,831,925,684,901,679,691,709,716,895,863,680,727,1012,1019,673,687,759,887,849,786,718,768,788,794,553,527,795,762,827,1024,707,664,703,727,751,746,682,1143,1148,678,780,781,882,984,940,849,716,688,689,851,1070,730,710,1298,1099,631,637,552,534,731,738,761,751,824,944,740,740
bing_querylogs|config_id=8928,885,907,643,687,624,690,831,846,800,753,1193,1028,1095,1018,725,731,714,915,1180,852,793,913,1028,740,695,824,825,984,1137,1017,1059,977,1050,764,745,900,886,736,666,900,977,737,782,942,1004,782,879,912,985,697,723,970,919,771,814,848,956,843,869,569,575,874,935,1029,1176,684,808,714,736,671,773,808,1200,1172,844,747,971,803,1153,1089,765,687,713,702,948,1167,792,864,1013,908,657,655,622,556,802,762,783,806,900,998,756,761
bing_querylogs|config_id=8943,809,813,667,677,737,639,798,896,807,780,1040,990,1070,1165,710,686,734,938,1224,819,812,1060,969,697,779,824,816,771,980,1005,995,1059,1113,800,786,911,914,919,704,599,825,709,695,921,1110,937,744,1037,953,710,862,875,823,795,673,864,945,850,943,565,687,778,820,1098,1238,688,804,732,770,714,991,940,1258,1323,801,1063,1127,1025,1127,1108,717,858,748,806,1010,1174,844,825,888,935,693,629,605,580,892,842,673,714,959,1016,837,810
bing_querylogs|config_id=8948,863,827,617,614,599,633,764,839,750,764,963,981,916,931,703,735,727,833,1008,739,770,815,1032,660,658,826,849,783,933,1006,934,921,969,732,681,860,803,588,844,790,835,704,673,795,893,653,682,888,910,639,691,766,779,714,639,836,737,783,815,582,589,837,774,872,1033,712,681,706,678,657,702,702,1032,1086,763,811,822,778,984,978,739,737,723,679,942,1008,720,785,911,1139,630,642,553,542,706,726,732,741,846,976,739,751
bing_querylogs|config_id=8953,922,867,780,806,781,833,887,1177,905,1000,1161,1104,1414,1245,912,835,838,1135,1305,890,928,1133,1108,825,821,1054,1010,942,1122,1129,1046,1144,1104,877,920,1038,1048,863,813,1006,989,884,870,1112,1061,855,864,1158,1045,845,842,846,916,982,1047,1336,1022,964,1027,725,727,850,940,1048,1223,843,887,833,953,904,869,862,1169,1231,1055,1074,1014,1068,1213,1197,891,990,844,818,1035,1211,917,880,1043,994,799,765,730,740,925,870,1148,1159,983,1122,985,977
bing_querylogs|config_id=8958,817,765,643,639,596,641,756,731,705,752,931,1011,1125,1039,692,671,681,792,1068,783,841,887,924,672,667,807,792,820,1008,940,868,918,950,711,736,817,817,650,639,746,733,709,750,874,882,677,677,897,1068,637,608,759,791,667,966,728,688,844,779,546,568,814,722,864,1043,680,699,647,681,718,761,730,1011,1097,765,805,894,870,1033,994,707,766,700,740,880,998,707,775,850,1234,613,640,556,578,726,726,714,673,847,950,769,818
bing_querylogs|config_id=8964,935,942,794,819,792,771,890,846,942,899,1092,1104,1304,1272,1053,847,833,1005,1224,882,884,1074,1242,842,826,1018,977,950,1039,1127,1089,1092,1111,831,880,1109,1038,636,1042,926,942,908,890,1063,1043,912,824,989,1076,868,779,935,936,942,966,954,893,1045,953,727,738,942,970,1065,1139,837,873,881,871,880,893,872,1250,1226,910,963,981,966,1190,1231,1025,856,902,891,1110,1187,879,904,1032,1046,801,800,729,738,911,887,914,971,1045,1097,1032,966
bing_querylogs|config_id=8976,1042,1029,703,666,556,562,2238,2031,860,733,1081,844,10137,4643,1115,873,1022,10981,5233,773,785,1180,1330,659,669,830,870,866,883,1077,957,933,958,726,729,890,990,652,1027,891,859,996,946,3400,1378,589,553,1188,1638,655,649,1070,896,7930,11732,2500,882,794,900,566,564,721,807,1092,1156,813,753,668,2968,2407,851,851,1180,1122,1166,640,1070,922,891,964,653,651,818,806,979,1019,853,908,1632,1635,598,574,575,586,754,703,623,630,1171,1230,903,996
bing_querylogs|config_id=8978,1188,1213,904,878,847,935,858,942,1082,1001,1406,1397,1614,1258,1191,1167,1158,1279,1245,950,900,1315,1239,978,1028,1076,973,1382,1303,1328,1353,1407,1341,1299,1165,1231,1292,769,799,1099,933,979,986,1085,1111,1099,1096,1383,1336,1000,948,1178,1165,2033,1071,1072,1138,1022,1057,651,736,1044,1119,1497,1488,1111,992,958,772,1182,1071,917,1550,1386,1077,999,1251,1327,1322,1324,814,827,1000,1175,1355,1526,1112,1021,1361,1198,824,848,1140,1023,1211,1249,912,1149,1323,1279,1278,1110
bing_querylogs|config_id=9008,809,771,660,636,608,603,779,772,713,744,914,898,1324,1084,678,689,728,1127,1130,714,740,964,1003,685,676,800,864,816,912,1074,973,943,972,732,698,870,819,695,860,832,725,731,753,835,933,709,689,907,924,772,632,764,781,514,852,922,988,802,816,605,593,714,680,875,989,683,690,728,698,801,708,753,1020,998,754,866,886,897,978,1017,830,620,674,713,1002,1008,702,782,1060,1134,645,643,575,601,731,732,676,684,847,961,804,826
bing_querylogs|config_id=9025,697,640,581,529,511,527,744,860,708,611,862,851,945,1057,650,570,618,851,816,651,748,746,843,536,550,788,776,748,792,869,904,844,742,573,609,732,744,658,888,729,798,633,657,796,743,613,637,887,725,624,623,729,784,602,733,871,791,656,681,510,513,591,626,861,848,589,567,654,652,601,732,671,864,845,695,423,782,842,815,845,696,664,580,612,824,897,632,675,711,688,544,578,482,514,575,625,673,769,889,911,790,682
bing_querylogs|config_id=9035,782,793,665,630,1018,612,841,711,764,734,1035,921,1093,1182,684,704,699,809,833,812,788,1054,1026,665,690,831,814,857,976,1112,1060,959,965,652,700,863,877,637,697,792,782,696,805,901,994,677,710,898,1034,682,677,807,808,639,918,1000,784,845,811,620,614,742,756,962,1003,705,716,685,640,662,848,780,1179,1105,751,756,795,923,978,1073,791,664,688,839,962,996,713,731,1254,899,653,660,610,585,773,753,928,775,854,959,827,854
bing_querylogs|config_id=9057,704,754,521,514,559,965,840,622,671,653,742,804,1137,901,621,642,639,930,1065,606,622,773,765,523,539,741,787,701,709,826,817,736,747,553,607,786,802,815,656,680,733,554,648,723,829,661,627,917,756,637,604,671,599,857,593,752,685,614,681,502,488,679,634,765,770,607,573,598,666,646,604,600,810,830,987,622,667,744,816,782,708,679,598,622,775,825,646,628,1003,699,535,571,478,502,573,629,659,596,862,819,640,650
bing_querylogs|config_id=9071,712,792,645,657,556,589,784,802,700,789,874,1026,1024,1182,678,806,745,883,1018,850,702,978,1017,671,678,862,916,913,867,1025,958,931,952,695,659,943,819,947,755,810,824,718,683,816,905,665,679,920,929,660,618,748,880,761,881,983,806,785,829,599,581,753,666,900,1108,681,692,700,683,775,785,789,1043,1125,788,881,862,892,977,1005,713,669,733,740,1059,953,670,840,1580,592,631,632,599,570,679,747,733,747,869,1033,700,772
bing_querylogs|config_id=9076,648,824,515,556,494,527,683,698,644,608,925,787,1034,1133,638,586,660,830,947,713,632,770,961,528,538,723,790,737,726,803,803,741,726,571,592,779,694,599,611,595,766,601,623,750,731,671,703,872,823,679,575,734,664,804,787,705,882,648,653,483,501,580,647,908,745,618,633,565,652,652,619,666,908,882,683,698,767,649,838,846,611,622,630,666,840,911,716,691,744,996,552,579,487,479,573,606,661,656,949,834,744,673
bing_querylogs|config_id=9083,673,727,575,575,615,568,700,637,685,706,775,705,901,1325,805,711,605,811,986,766,632,808,896,532,560,740,766,754,719,921,820,741,739,605,630,722,709,638,639,681,748,640,634,738,700,668,662,976,802,636,617,664,732,667,781,754,687,637,615,522,537,737,703,859,918,646,583,585,784,600,755,619,867,862,653,676,731,856,783,855,657,658,626,608,888,843,695,610,673,1119,550,580,489,518,662,619,644,796,872,916,721,683
bing_querylogs|config_id=9090,934,1092,760,797,832,736,844,940,910,903,1086,1116,1391,1169,907,896,945,994,1203,963,890,1122,1139,844,848,994,1024,984,1040,1202,1105,1092,1119,808,855,1030,1027,1050,954,944,839,889,891,1027,1005,835,932,1089,1061,819,830,984,926,920,902,1166,1153,961,940,753,800,925,841,1027,1169,821,854,861,970,851,889,887,1261,1250,984,1013,1023,965,1219,1072,1035,908,820,911,1267,1191,854,913,762,1074,824,800,737,740,906,917,931,856,1026,1133,1004,1117
bing_querylogs|config_id=9096,773,709,615,625,645,603,729,746,711,721,979,841,1075,997,683,697,725,1062,755,708,717,908,925,622,613,789,865,807,891,974,1098,831,957,688,795,864,807,803,530,762,768,751,726,955,935,727,689,883,917,661,667,744,811,680,690,708,992,796,777,599,588,764,775,1063,910,709,644,638,770,753,670,654,1065,1008,671,765,844,804,1048,860,728,707,712,736,1013,1097,783,783,787,1093,594,618,547,575,720,658,769,623,997,891,756,785
bing_querylogs|config_id=9110,892,789,650,654,678,633,800,795,719,754,995,940,1047,1287,745,694,726,1003,927,763,786,977,972,680,677,849,875,848,1020,1158,944,938,969,756,685,832,856,692,666,806,873,706,738,909,925,713,736,899,925,620,666,790,871,789,653,807,932,801,831,602,571,791,690,902,939,710,700,662,740,801,691,750,1001,1071,759,702,828,911,1059,1013,746,882,718,732,1031,1050,732,732,838,1276,633,651,546,606,690,737,687,827,850,994,757,776
bing_querylogs|config_id=9117,783,828,668,664,608,606,786,893,721,768,939,945,1126,1094,749,748,734,1084,941,751,751,987,971,683,691,817,858,854,924,1083,923,947,964,748,674,850,959,885,791,882,859,773,787,946,888,726,715,889,907,641,683,800,771,774,736,835,840,814,857,596,599,768,773,889,1213,685,683,673,744,775,726,900,1056,1085,865,916,873,864,1047,1070,745,733,690,721,1057,1033,915,756,913,890,621,643,587,587,675,736,736,833,974,996,865,836
bing_querylogs|config_id=9126,779,728,661,603,729,610,769,787,757,725,932,961,822,1063,667,680,679,936,965,818,762,888,979,684,678,822,860,805,982,1062,942,932,973,664,675,809,893,606,846,774,726,689,750,876,912,687,725,889,918,676,689,793,787,847,685,930,948,803,929,608,577,796,737,835,1023,689,722,719,855,666,730,696,1056,1147,763,746,910,756,1000,1021,699,707,698,732,1151,956,681,788,1255,597,642,644,573,576,704,730,766,643,837,942,807,809
bing_querylogs|config_id=9138,752,652,552,539,557,634,686,980,585,685,765,909,965,938,604,620,621,1005,747,803,647,782,884,543,542,747,832,710,703,905,901,744,761,623,609,687,698,698,777,779,741,691,625,779,709,662,672,843,946,600,622,708,703,665,768,833,944,666,652,533,529,688,584,865,746,596,626,593,787,582,649,605,891,774,631,666,739,769,857,838,591,629,686,588,962,840,669,667,677,948,549,586,482,506,582,586,688,616,837,967,600,738
bing_querylogs|config_id=9142,989,989,583,586,603,603,826,823,770,786,1039,1033,1497,1339,946,934,1087,949,1034,901,684,1139,1042,720,720,767,752,816,886,909,900,1001,1078,801,818,917,893,560,561,749,746,868,867,5138,1849,614,613,1364,1358,610,610,769,769,4263,4624,872,853,859,849,580,580,977,977,965,1128,816,774,768,712,712,678,1037,1226,1226,719,716,817,817,989,996,643,630,688,682,978,1071,759,757,917,917,608,623,628,604,928,923,692,701,1062,1236,943,938
bing_querylogs|config_id=9153,805,808,647,648,608,595,852,851,743,761,1135,1094,1160,1064,717,716,700,903,975,919,750,1065,1049,681,678,806,880,899,917,1063,952,941,961,692,683,842,844,947,811,837,748,689,702,965,810,723,708,972,876,797,682,783,815,952,911,899,893,804,742,601,578,717,709,842,1159,749,666,660,712,745,738,724,1043,1044,712,867,865,907,979,1020,654,731,673,699,1029,970,726,674,1016,1255,650,610,594,593,738,729,702,779,1023,960,730,815
bing_querylogs|config_id=9162,848,818,733,734,854,665,970,800,792,827,937,874,1173,1238,732,814,852,1106,1143,866,773,1014,872,702,705,903,935,982,966,1046,1002,894,893,801,737,868,970,986,1050,892,833,758,803,1020,922,801,743,1066,961,757,756,913,812,928,798,840,1076,853,810,671,668,834,839,1040,1007,751,782,787,763,795,752,814,1017,978,781,992,905,869,1075,1042,840,982,804,793,974,1029,927,813,1253,1007,708,744,670,644,799,774,808,816,1005,1106,869,834
bing_querylogs|config_id=9173,651,643,567,559,540,529,661,737,697,656,791,783,945,1196,612,565,634,1044,960,706,648,742,772,542,529,770,900,826,694,799,868,725,746,589,589,688,831,707,625,729,636,609,625,768,739,637,646,771,756,584,559,703,783,666,818,837,916,701,628,516,528,656,672,1057,819,586,606,652,764,643,591,651,835,821,626,782,727,714,838,881,633,596,617,577,864,785,639,625,936,695,554,542,479,503,569,619,819,668,839,841,668,650
bing_querylogs|config_id=9181,857,776,690,656,737,902,755,863,902,920,1122,1047,1257,1323,808,917,905,1370,1244,1015,1040,1031,1131,688,688,874,886,1195,1170,1050,1167,891,1066,953,858,975,959,885,1442,750,800,903,929,1084,1012,788,753,2448,1261,707,651,857,892,2206,2321,1069,889,956,972,601,574,814,741,1180,1200,739,789,819,1086,1295,1010,939,1328,1320,801,1151,884,872,863,875,695,725,775,818,1018,1145,841,816,1189,1261,624,628,730,730,860,799,925,1209,1240,1079,792,768
bing_querylogs|config_id=9186,990,814,732,761,614,777,872,848,934,878,994,1090,2810,1330,1049,838,999,1367,1724,887,850,1107,1166,740,741,930,882,1039,1041,1088,1195,1062,1094,857,900,923,1025,961,916,769,833,878,892,914,994,783,837,981,1028,693,650,859,826,2923,2618,869,1068,926,960,641,645,715,730,1230,1239,795,749,764,982,1243,936,1180,1228,1174,1306,736,927,895,1018,886,741,667,752,717,1036,1157,820,936,1186,1901,634,647,756,757,920,872,827,915,1336,1038,747,793
bing_querylogs|config_id=9194,868,929,591,641,699,627,815,811,900,818,1098,1264,1178,1323,968,920,936,1164,2174,932,1031,1063,979,684,711,844,823,1087,1173,1072,1000,952,972,829,808,932,906,857,1032,799,798,899,910,973,970,750,818,1050,1175,659,654,923,809,2427,2501,926,1045,922,916,594,602,835,828,1085,1146,857,701,815,678,1149,957,856,1139,1114,1245,1190,967,1069,952,1072,680,647,800,826,947,1079,784,811,1131,1133,619,617,713,751,827,825,953,991,1479,1224,885,825
bing_querylogs|config_id=9200,838,906,703,656,687,700,929,857,939,843,1116,984,1312,2031,973,945,829,1944,1976,771,1106,946,1052,706,689,1010,869,984,1069,1199,1115,1029,1014,813,954,881,961,1495,881,741,779,885,769,847,1006,812,852,1089,914,698,661,833,861,2579,2679,890,777,849,1009,585,608,712,700,1278,1163,812,795,763,1093,788,933,997,1369,1217,784,1105,917,900,942,917,719,719,756,889,1006,1142,939,874,3482,1146,634,637,785,754,920,805,1170,1010,1232,1018,900,900
bing_querylogs|config_id=9213,959,846,730,749,882,650,800,781,940,869,1144,1081,1347,1414,888,850,902,1277,1247,834,1009,1184,1207,686,710,832,867,1093,969,1150,1077,967,987,854,919,955,974,709,1413,836,800,848,919,1503,996,785,856,1584,1392,666,664,813,773,2227,2515,901,826,872,870,595,583,793,847,1068,1216,841,777,835,1667,700,1015,875,1380,1301,826,1065,963,1034,990,1143,674,701,762,786,1114,1190,808,780,1155,1136,614,624,724,809,887,902,957,1080,1327,1098,795,837
bing_querylogs|config_id=9218,1273,1080,871,825,1080,755,1064,1230,1299,1087,1469,1416,1415,2035,1246,1212,1270,2284,1847,1182,1174,1328,1572,838,821,1065,1037,1359,1536,1357,1392,1077,1101,1084,1019,1324,1317,1208,1387,1100,1015,1071,1029,1076,1274,1160,1119,1172,2093,769,736,999,1119,2784,3416,1045,1275,1068,1269,672,714,988,862,1437,1617,993,1025,1047,2124,2332,898,978,1608,1634,988,1432,1183,1210,1346,1180,904,778,938,1027,1427,1306,1090,960,3546,1620,808,796,851,956,1207,1118,895,1220,1661,1747,1148,1082
bing_querylogs|config_id=9228,917,900,660,762,755,688,851,909,867,938,1202,1215,2789,1985,961,962,893,1671,1295,744,742,1115,1226,732,715,842,835,1117,1284,1106,1100,997,1089,940,947,980,1093,1141,1018,828,815,993,910,930,1163,870,897,1074,1550,728,718,910,930,2144,3500,856,912,976,928,600,606,786,761,1015,1243,875,860,888,755,1875,787,1074,1290,1329,902,803,1022,1065,977,1104,772,727,808,863,992,1178,792,880,1812,1396,642,660,737,814,959,939,930,972,1846,1536,825,790
bing_querylogs|config_id=9237,792,853,741,717,647,725,1021,764,944,754,1031,901,2566,1242,961,976,952,1540,2142,1092,1021,1120,1021,668,680,836,848,1190,1039,1078,1251,866,982,795,855,913,992,907,1606,774,812,912,932,941,897,890,796,965,1177,680,626,827,879,2150,2614,1627,1321,862,871,588,580,688,725,1172,1186,721,698,718,1544,852,704,954,1176,1309,1134,797,909,817,849,895,684,660,685,763,1113,1156,807,862,1510,1337,619,656,677,728,851,769,954,1585,1384,1701,803,774
bing_querylogs|config_id=9243,909,928,678,758,697,838,931,802,933,954,1086,1114,1627,2593,848,1003,891,1198,2996,910,809,1080,992,706,733,875,865,958,969,1207,1003,982,1007,813,806,1037,1042,1309,1422,826,804,863,836,838,1030,720,951,1224,1441,677,681,807,858,2101,1725,965,855,989,992,608,591,755,697,1061,1239,735,787,794,680,1252,867,1015,1359,1221,1073,1130,1011,974,929,1014,701,683,835,807,1078,1155,754,807,1044,1063,627,657,834,730,824,848,990,912,1131,1274,869,852
bing_querylogs|config_id=9248,866,856,729,591,659,543,1005,825,724,899,1017,954,2330,1364,851,952,758,1264,1562,801,953,838,888,639,647,853,818,979,1045,1041,1055,896,903,813,769,881,996,880,700,727,668,728,807,1182,1291,806,696,1233,1319,629,621,828,752,2289,1984,836,820,795,790,574,547,667,828,1035,1058,729,735,785,581,1300,674,887,1137,1106,1103,1008,937,827,900,884,634,635,734,729,868,1085,707,745,1357,1050,570,598,696,631,748,921,837,808,1019,1159,744,739
bing_querylogs|config_id=9253,956,909,706,704,685,828,859,849,955,934,1149,1098,1901,1330,1057,886,911,1203,2371,707,721,1048,1148,714,713,878,928,946,1025,1224,1140,960,1004,862,874,988,1028,825,1627,717,855,833,909,1109,1090,887,768,1480,1336,666,679,802,864,2731,2508,988,880,861,830,609,601,735,756,1207,1139,788,793,742,1121,1188,963,668,1237,1233,819,749,843,855,1049,1049,697,721,815,829,1064,1248,820,779,3056,1199,623,622,619,697,866,881,948,1267,1145,1132,820,834
bing_querylogs|config_id=9258,1255,1304,1056,1250,1000,1018,1287,1342,1140,1168,1524,1368,3432,1742,1250,1204,1208,1499,1461,1112,1337,1548,1449,913,877,1024,1087,1377,1442,1516,1563,1211,1175,1278,1174,1132,1207,1274,1399,1239,1262,1056,1141,1504,1217,1037,944,1515,1383,926,924,1288,1208,2474,3046,1197,1272,1047,1122,873,827,1163,1171,1391,1790,987,973,1053,1708,1265,1215,1343,1664,1510,1128,1271,1378,1404,1424,1379,1018,1048,1127,1029,1443,1152,1156,1177,2135,1700,920,906,930,1008,1249,1026,1325,1501,1551,1591,1273,1323
bing_querylogs|config_id=9266,848,716,661,572,622,643,688,871,826,821,1103,1048,1084,1829,831,934,945,1105,1209,831,890,1086,1011,623,630,866,932,942,1044,1031,1115,873,880,802,810,905,848,714,787,714,724,755,752,941,857,878,891,1021,941,618,596,740,788,2352,2059,1018,1309,795,854,543,555,734,769,1121,1230,727,724,690,897,1579,818,626,1133,1069,1054,1112,751,816,898,845,645,636,744,754,1019,995,728,782,2202,1663,563,557,682,650,892,774,862,839,1565,1407,884,855
bing_querylogs|config_id=9271,978,796,726,750,702,715,814,829,939,936,1134,1056,1840,1435,913,840,935,1612,1388,1084,967,934,1014,673,694,868,892,1145,1072,1064,1093,869,1010,864,1001,916,982,1319,842,750,774,878,817,986,878,824,833,1969,919,668,626,777,833,2323,2562,1246,942,886,903,608,600,730,705,1144,1163,834,784,706,1485,1435,882,1032,1361,1254,865,832,865,978,855,914,679,691,779,788,1139,1238,783,863,3421,1081,618,647,689,737,838,792,825,969,1360,1042,792,902
bing_querylogs|config_id=9276,692,848,705,674,619,630,742,871,856,869,1037,1130,1678,1985,812,830,759,945,1127,588,838,1029,929,617,606,876,878,1108,951,1062,1026,890,923,835,780,948,962,813,918,759,760,829,842,917,907,806,776,956,935,596,587,693,782,2014,2392,971,958,811,889,547,602,722,619,1031,1060,873,746,685,934,1044,670,845,1259,1181,1223,796,964,736,885,896,688,668,776,771,1130,1065,721,782,1242,2056,651,606,610,736,838,852,939,800,958,1376,742,789
bing_querylogs|config_id=9286,868,868,684,671,706,703,819,819,780,788,955,943,1020,998,742,787,771,995,989,738,738,953,971,689,707,872,942,1045,997,970,972,962,1036,808,821,968,950,723,678,769,775,747,743,1000,920,708,704,908,909,686,684,822,813,740,772,879,877,882,887,595,641,748,744,1102,1041,742,698,870,689,678,941,1037,1112,1116,907,921,871,889,911,915,751,743,755,759,988,1010,813,793,959,1062,666,648,640,636,761,779,649,775,990,994,771,797
bing_querylogs|config_id=9291,801,806,603,596,623,673,752,749,765,686,841,872,1101,1034,737,726,727,914,983,709,758,915,888,607,586,855,899,912,860,918,858,847,903,714,773,865,901,744,669,699,706,670,702,893,943,645,628,801,759,621,619,711,746,663,691,821,920,804,791,560,532,676,704,972,958,710,644,751,667,607,727,724,946,994,773,810,783,782,854,880,707,743,731,660,882,846,746,706,958,824,619,608,573,608,707,681,580,694,884,849,722,729
bing_querylogs|config_id=9296,835,845,662,663,697,708,795,783,757,756,910,915,965,1166,731,743,767,941,1008,687,686,932,920,677,684,785,830,958,969,972,1002,963,978,742,741,883,881,711,748,738,752,730,726,927,995,701,666,877,875,673,672,723,763,828,764,1128,863,863,823,577,587,734,776,1081,1058,702,752,685,685,664,745,856,1059,1069,825,878,834,993,896,900,748,741,743,707,995,975,752,760,1354,1110,642,640,675,679,772,741,637,643,972,965,771,814
bing_querylogs|config_id=9301,733,858,589,586,608,604,908,888,656,695,944,939,787,786,632,634,659,765,815,755,682,928,944,668,670,767,809,885,997,938,949,1010,987,675,685,920,911,584,596,863,1054,702,706,788,839,661,678,930,1017,648,645,823,847,611,612,698,723,810,812,621,595,810,807,1716,12054,640,649,638,584,587,658,659,1074,1107,770,765,817,821,1005,961,873,741,643,647,984,971,770,714,921,918,623,643,613,613,689,689,707,717,969,952,741,740
bing_querylogs|config_id=9310,849,859,682,668,700,700,799,782,772,763,925,944,1109,994,760,756,740,1017,1020,694,701,932,957,686,693,782,825,889,1005,965,988,969,972,769,734,889,892,655,649,758,760,753,750,911,961,700,708,886,884,674,676,758,770,818,742,876,13732,848,830,596,589,755,741,950,1013,789,756,684,666,680,844,747,1058,1054,830,892,846,894,907,906,738,735,754,761,981,987,750,755,973,1035,642,654,683,602,755,765,767,642,965,972,799,795
bing_querylogs|config_id=9311,760,759,623,641,592,607,680,775,730,678,897,985,1219,1262,698,676,679,1036,980,839,734,907,863,646,654,820,881,810,959,1066,1079,979,987,759,717,955,966,679,676,786,771,660,657,820,837,717,700,868,855,700,676,788,730,853,981,694,802,824,841,565,627,719,741,880,912,689,687,814,791,826,787,878,1158,1038,728,768,821,876,1008,1016,790,729,743,722,963,1001,737,746,879,907,638,640,609,609,705,745,587,701,1009,934,783,844
bing_querylogs|config_id=9313,964,978,698,691,719,720,921,868,904,835,1091,1079,1373,1592,920,748,736,1399,1473,823,796,1098,1198,726,706,816,854,1055,1114,991,990,1040,1047,858,831,1140,1150,862,767,814,933,836,1013,1100,1172,746,735,1062,942,731,745,1068,883,985,984,1131,1153,1028,1053,577,574,812,894,1370,1301,941,870,852,733,781,927,1411,1166,1176,1023,950,1046,1008,925,927,823,823,903,868,1143,1047,920,924,1343,1369,668,651,740,641,778,785,769,841,1154,1374,948,947
bing_querylogs|config_id=9318,849,841,657,658,721,723,777,785,770,740,906,918,996,1154,730,765,771,1045,1083,686,689,935,902,677,681,775,805,951,1007,956,975,951,970,713,739,882,883,679,711,733,750,716,728,958,971,702,642,867,866,669,669,791,739,722,726,864,868,819,817,578,577,729,733,985,1050,740,679,676,723,664,747,739,1047,1034,854,846,863,872,891,883,740,733,780,775,1002,988,750,750,1211,1053,633,641,707,673,786,762,624,629,965,981,791,768
bing_querylogs|config_id=9324,999,999,682,671,591,589,820,785,934,859,988,972,1296,1149,860,805,792,952,985,962,947,977,1036,681,691,887,828,1020,905,1091,1028,1056,1094,870,828,992,1058,1240,1023,785,762,793,774,1055,1086,821,722,1134,993,694,694,966,1107,871,882,1054,962,790,779,558,562,846,783,999,1003,867,781,788,712,886,1095,1291,1142,1114,842,793,879,832,1051,1075,823,835,807,823,1075,1114,798,814,1300,1266,639,647,588,593,838,835,1251,1442,1042,1121,870,866
bing_querylogs|config_id=9336,708,703,585,583,565,566,701,675,794,786,960,957,953,918,879,836,844,906,1025,765,773,920,906,682,680,841,857,913,896,935,933,1028,1047,863,806,973,948,609,666,730,729,784,720,767,779,605,611,954,927,618,620,837,843,780,938,835,793,781,770,557,612,741,751,991,981,688,703,681,695,667,807,854,1124,1050,755,737,741,747,926,928,652,661,685,696,996,996,747,749,875,914,601,621,615,607,766,755,652,655,1049,1039,697,701
bing_querylogs|config_id=9341,1130,1130,844,869,568,569,1381,1384,899,890,1220,1226,1847,1854,962,881,920,2398,2417,944,956,1108,1075,677,691,779,812,1054,1115,934,929,1012,949,915,864,922,913,752,747,867,885,925,929,1814,1831,1035,1041,1145,1113,619,648,885,856,1225,1193,808,759,816,815,541,538,743,701,1090,1162,693,658,678,1388,1489,1241,1251,1152,1167,2183,2206,837,838,901,904,699,695,779,774,1003,962,704,719,1093,1105,618,641,595,600,979,966,914,926,1144,1147,805,817
bing_querylogs|config_id=9349,962,968,692,713,751,765,863,882,812,824,958,1051,1114,1052,963,969,862,1135,1139,762,939,1091,1077,703,708,854,851,974,1097,1104,1065,1096,1110,836,836,1059,1059,752,782,793,774,860,854,1190,1115,782,777,997,969,712,743,895,900,872,894,1081,987,942,950,684,669,767,769,1141,1169,761,829,878,717,726,1040,1140,1185,1148,990,982,918,1015,986,987,751,745,822,821,1058,1046,916,927,1269,1178,654,697,644,723,810,807,686,935,1158,1116,860,862
bing_querylogs|config_id=9359,995,878,722,657,680,681,785,781,754,732,1095,1153,1171,1104,878,855,808,928,969,782,869,1077,1112,710,714,864,870,1114,1138,1180,1200,1043,1055,857,826,1058,1221,688,658,816,894,875,878,964,1229,695,674,978,1133,862,794,799,840,689,680,784,1052,879,877,595,648,823,748,1017,1194,866,736,853,692,697,970,776,1245,1312,1101,962,1250,966,1085,1102,692,700,737,780,1076,1155,814,799,887,883,745,729,832,840,872,828,741,713,1086,1247,884,971
bing_querylogs|config_id=9364,884,854,567,575,569,569,682,762,745,724,944,942,1256,1211,776,916,779,1572,918,668,748,1039,1034,691,682,793,832,773,817,937,938,945,1001,828,805,909,887,579,587,755,762,765,755,4129,4130,612,613,1115,1152,615,612,749,728,600,618,784,815,773,786,536,535,863,903,999,972,709,742,699,590,612,929,924,1199,1079,684,680,786,734,924,931,644,623,673,667,1041,993,735,742,839,839,594,651,589,597,857,830,648,653,1094,1041,990,985
bing_querylogs|config_id=9370,1017,1005,830,832,857,870,951,953,934,930,1074,1082,1458,1115,934,924,965,1182,1138,845,855,1136,1099,845,846,962,975,1233,1149,1125,1138,1138,1133,924,916,1054,1150,1037,969,868,903,901,898,1127,1137,867,838,1048,1047,839,854,990,914,893,983,13895,1031,992,1027,750,725,897,943,1111,1264,871,866,948,862,822,911,921,1219,1222,1063,1014,1005,1041,1062,1066,913,906,924,958,1146,1156,915,920,1418,1151,799,808,769,843,937,956,798,807,1135,1173,951,928
bing_querylogs|config_id=9389,857,834,665,691,697,689,796,805,774,806,930,936,1174,1142,805,789,747,865,1026,749,726,930,952,695,695,820,794,950,921,895,886,1012,1037,748,759,955,954,656,684,760,752,733,730,960,987,694,694,895,897,696,674,733,730,1007,732,948,861,899,874,613,611,738,737,1040,1024,798,833,824,689,659,972,1034,1075,1072,850,882,841,843,928,910,735,734,749,753,916,984,780,776,945,1099,640,638,716,716,787,759,631,643,904,976,763,798
bing_querylogs|config_id=9397,864,838,666,610,569,573,885,1125,745,741,1018,991,930,1048,821,789,748,935,921,945,900,1021,973,658,678,766,824,797,833,1178,1040,1007,982,779,787,919,893,1951,2220,814,810,733,732,845,876,630,763,1181,1262,695,698,761,775,33453,9159,1752,33498,865,844,552,624,694,726,953,1022,668,686,682,1066,1012,868,1024,1038,1109,737,757,873,886,933,935,733,724,689,731,1043,963,722,749,1155,1198,630,628,591,581,806,703,630,632,1086,1035,850,867
bing_querylogs|config_id=9406,993,1009,1076,1011,805,916,904,904,992,1035,1217,1217,1491,1412,1066,967,911,1300,1211,1185,1312,1174,1143,781,761,1038,1062,1164,1096,1261,1255,1353,1300,952,975,1192,1265,1216,1093,952,886,1042,1044,1199,1176,944,908,1441,1703,693,693,1237,1187,1415,1732,1046,1063,994,1021,654,636,826,801,1299,1349,882,882,861,1708,1796,1129,17189,1306,1249,1369,1097,1188,1169,1084,1079,795,777,917,845,1247,1219,984,982,1108,1293,751,730,766,763,1041,940,1361,1313,1320,1268,977,1107
bing_querylogs|config_id=9414,859,867,683,683,698,700,804,813,773,798,938,942,1120,1030,800,759,730,1132,983,754,739,1000,981,690,697,820,819,920,932,974,966,997,1005,759,728,969,967,630,775,758,758,745,740,992,924,706,708,881,910,682,683,782,810,739,772,914,878,880,908,635,643,751,752,1097,1175,756,758,770,685,658,966,1029,1157,1100,881,934,859,851,911,911,742,744,705,701,974,987,782,778,1049,1031,657,648,714,716,786,772,647,766,988,991,804,797
bing_querylogs|config_id=9419,932,851,698,699,738,798,822,819,809,838,958,966,1250,1386,810,863,832,1175,1098,716,724,965,971,719,723,811,861,1019,996,998,1011,1009,1016,841,839,951,994,684,675,794,790,790,785,1009,1006,754,750,916,925,728,724,783,765,780,784,905,992,887,879,604,610,811,775,1003,1076,796,796,786,676,659,901,809,1109,1087,869,866,881,884,926,940,765,794,795,835,1018,1053,819,816,1175,1009,675,685,743,757,813,831,670,703,1079,1081,804,832
bing_querylogs|config_id=9424,837,841,666,666,689,720,798,801,778,779,905,920,1210,1019,746,739,762,1067,983,684,693,931,949,681,686,802,815,886,928,977,1004,978,982,717,760,889,886,622,851,752,747,746,747,964,954,704,703,872,892,674,672,787,777,734,736,884,874,848,835,592,568,745,738,976,1111,753,757,750,648,665,836,765,1098,1052,868,872,841,844,890,902,740,751,790,814,982,993,800,758,981,1003,636,648,607,605,762,754,635,638,999,984,787,780
bing_querylogs|config_id=9437,864,879,683,685,676,704,816,827,814,788,978,953,970,1164,796,852,814,1094,1005,743,778,960,1016,719,713,796,834,923,1073,1018,989,1013,1015,821,787,995,988,637,715,904,737,755,758,984,1019,734,710,944,950,679,674,809,854,788,809,921,985,943,925,641,587,771,769,972,1095,839,709,807,672,679,970,1042,1206,1180,875,897,872,874,936,948,782,747,766,755,1025,1040,782,788,1003,1011,653,650,641,628,806,772,653,779,1049,1037,806,797
bing_querylogs|config_id=9468,700,704,577,577,558,564,714,685,802,811,942,945,1018,912,845,854,798,816,880,692,696,869,903,678,669,813,839,898,887,885,853,986,1021,846,819,935,955,591,610,724,721,720,734,854,770,603,600,902,998,608,610,792,794,793,811,806,773,771,773,571,537,693,691,900,1036,684,692,730,623,604,629,658,1086,1045,732,855,744,753,930,932,759,666,676,689,924,985,750,725,877,870,624,618,606,586,719,730,637,643,911,1003,695,690
bing_querylogs|config_id=9479,1258,1007,943,930,866,1011,979,1010,981,997,1279,1205,1492,1330,1028,1072,1037,1458,1377,1085,1169,1165,1145,874,869,1034,1093,1219,1274,1293,1362,1270,1171,1135,1086,1289,1146,934,1040,1118,1083,1068,931,1193,1171,984,911,1080,1102,893,930,1048,1077,1042,928,1183,1119,1092,1059,820,774,1070,930,1346,1216,940,976,1034,1109,1009,1211,1267,1427,1320,1284,1129,1232,1257,1375,1247,908,1043,984,1018,1232,1223,1097,1040,1282,1168,971,855,838,902,1109,978,1020,882,1173,1197,962,1258
bing_querylogs|config_id=9505,709,713,568,571,560,563,651,654,765,866,930,922,1135,974,940,868,852,789,873,644,649,865,899,663,670,833,812,803,868,859,869,952,960,762,816,881,1019,633,625,716,714,728,766,799,796,596,603,872,864,606,606,820,748,778,793,762,762,731,719,555,556,688,690,882,944,683,724,686,574,630,602,609,1022,1055,730,720,694,693,923,923,693,618,696,691,921,1010,755,729,872,944,604,617,577,567,735,739,639,636,887,950,699,692
bing_querylogs|config_id=9507,733,706,607,641,617,589,780,839,753,730,927,884,1156,1149,696,735,688,937,1022,731,877,874,999,650,637,823,798,796,851,985,979,958,984,769,704,912,858,958,732,827,764,702,675,964,815,657,641,966,861,673,811,745,878,770,666,975,967,845,775,636,598,735,756,816,917,709,696,650,794,712,858,698,1038,1037,806,473,826,822,1017,1074,690,785,761,673,978,1132,770,714,1097,885,610,673,628,583,681,746,632,610,820,1052,722,774
bing_querylogs|config_id=9513,867,956,742,743,727,729,876,877,949,951,1095,1094,1039,1162,975,1030,969,1121,1236,814,811,1066,1119,828,837,992,1015,1050,961,1109,1108,1117,1125,977,964,1308,1052,767,874,884,868,900,901,1006,1051,773,769,1140,1079,779,777,989,926,1102,917,975,978,887,883,721,709,858,915,1165,1120,852,851,866,782,808,777,778,1204,1261,928,876,909,939,1089,1080,812,810,856,864,1177,1164,925,880,1052,1152,776,776,748,745,903,904,795,802,1139,1131,858,926
bing_querylogs|config_id=9520,712,728,601,583,570,575,773,675,825,808,962,949,910,1146,887,874,861,1111,923,772,799,923,932,678,690,914,974,878,956,938,938,960,987,800,822,1110,1185,659,637,739,792,762,737,870,844,610,611,1029,1072,624,624,778,814,835,866,838,835,777,783,576,617,712,700,977,977,739,694,740,635,663,809,828,1127,1086,781,768,749,751,931,937,649,653,696,703,1016,1002,768,790,904,875,618,610,623,625,740,771,700,655,1027,1025,700,701
bing_querylogs|config_id=9525,695,692,568,569,553,556,719,691,791,763,921,937,1212,816,817,878,817,866,873,638,654,889,882,662,657,799,828,850,935,931,910,928,957,811,752,1045,1066,578,624,699,694,714,717,890,845,597,591,884,949,609,609,770,802,870,845,821,763,711,732,540,561,684,683,977,963,680,725,671,612,611,608,596,1000,1076,748,739,755,713,894,899,690,673,691,711,992,976,718,712,888,1057,606,607,573,570,727,708,676,634,973,973,693,689
bing_querylogs|config_id=9530,688,792,568,562,552,554,659,672,807,822,907,908,1030,1077,951,893,848,889,867,638,654,835,883,657,657,851,819,823,906,854,850,945,945,814,819,1052,1000,586,612,693,704,738,732,813,852,594,590,897,890,603,604,801,791,731,843,748,785,716,714,527,537,742,698,871,946,718,675,669,635,662,594,594,991,1023,700,722,704,704,906,915,808,629,694,712,920,1008,712,720,868,858,603,603,573,562,730,729,631,628,874,996,679,674
bing_querylogs|config_id=9535,916,844,619,581,570,572,875,871,1135,1011,1071,1067,1613,1227,1114,1019,1009,1077,1152,778,821,1075,998,668,672,981,1020,1214,1021,942,954,992,998,806,759,1346,1073,797,977,799,798,822,902,1020,988,629,628,1027,1204,625,625,947,1095,1047,1150,966,966,814,814,552,551,761,761,1297,1339,826,844,803,802,712,720,704,1183,1370,931,942,845,811,983,947,757,753,890,761,987,987,766,753,1297,1203,656,618,588,591,747,736,639,709,1269,1092,858,865
bing_querylogs|config_id=9548,897,943,668,679,685,694,775,788,725,763,1243,1089,1102,1471,824,881,818,922,1041,807,775,1188,1130,698,711,910,974,1072,1150,1194,1198,1105,1031,852,848,1273,1165,658,657,902,876,779,767,960,982,681,680,1228,1205,797,879,877,937,678,685,1002,855,1061,883,600,650,779,791,1294,1124,854,859,820,722,709,789,738,1400,1297,915,916,910,902,1151,1093,695,743,821,781,1144,1185,835,825,882,877,755,760,840,817,805,808,717,721,1155,1290,870,1019
bing_querylogs|config_id=9553,951,909,734,735,715,722,860,803,942,993,1074,1084,1195,1404,1110,979,983,1057,1075,798,805,1034,1056,824,824,1006,996,1034,1046,1016,1013,1106,1119,984,972,1038,1221,741,757,875,876,894,918,1016,936,758,762,1030,1031,771,766,965,979,905,922,938,1008,895,891,692,701,854,869,1102,1145,845,846,844,795,793,764,767,1219,1179,885,913,909,943,1082,1074,788,940,846,843,1079,1183,892,875,1047,1040,770,770,733,729,953,896,793,805,1077,1167,845,878
bing_querylogs|config_id=9558,692,708,571,572,554,556,674,651,812,826,915,920,1096,914,887,878,930,934,869,650,655,861,884,660,658,833,823,846,795,851,849,943,956,811,803,876,874,662,942,694,699,726,719,907,778,596,595,886,886,607,607,799,763,726,782,770,777,738,717,530,531,685,708,891,944,725,686,679,602,682,611,606,1043,1012,729,906,713,714,922,916,621,629,741,688,952,1008,712,730,876,1006,609,609,575,555,786,785,626,643,902,947,680,687
bing_querylogs|config_id=9569,706,788,576,575,568,559,777,734,747,812,937,936,1120,1031,869,871,871,835,975,668,672,876,904,659,661,841,848,877,913,848,859,955,965,752,799,1077,991,592,591,695,697,725,727,779,779,605,610,870,895,610,610,747,764,941,839,803,768,727,718,558,559,694,695,898,984,699,722,687,637,707,640,615,1015,1049,743,763,739,763,923,923,695,656,720,682,927,962,736,718,896,879,619,619,583,575,810,745,650,656,885,1003,692,685
bing_querylogs|config_id=9578,824,810,663,642,669,681,777,780,743,744,866,868,1006,924,708,745,742,875,953,727,727,880,890,642,650,779,791,944,953,898,874,954,959,725,787,900,889,642,760,722,720,713,687,938,952,669,664,840,843,645,677,721,763,730,757,837,847,843,840,575,618,737,707,964,1001,772,719,712,648,737,771,1033,998,1003,906,858,912,798,820,822,713,713,751,762,879,918,746,764,971,968,614,619,699,617,757,744,615,628,920,949,735,721
bing_querylogs|config_id=9583,686,690,561,567,551,551,761,635,786,752,933,904,1050,1002,871,855,793,810,865,634,639,835,869,642,650,838,814,734,798,832,841,940,949,799,803,1060,1063,688,639,707,687,728,719,765,780,598,597,855,870,602,594,794,773,773,771,777,776,729,723,543,544,686,695,875,944,727,704,710,621,617,597,599,1014,1054,740,736,712,728,911,920,619,719,727,670,911,998,718,711,945,886,606,598,569,560,744,725,633,630,874,995,679,682
bing_querylogs|config_id=9590,686,689,565,566,552,559,714,736,816,771,914,922,906,1115,895,880,909,928,959,640,643,859,877,649,654,807,797,730,913,845,843,936,945,805,772,1022,1159,620,701,710,694,773,716,887,862,589,594,892,931,613,601,848,743,985,874,768,761,716,707,532,550,683,683,912,997,683,685,702,632,709,593,599,1030,1058,760,713,735,752,908,906,660,681,675,691,906,1018,726,733,952,936,603,603,575,562,798,719,628,638,871,977,686,697
bing_querylogs|config_id=9614,929,844,607,569,559,559,858,931,938,1005,1095,1044,1240,1169,1097,1012,1097,1184,1147,754,752,1109,1063,660,660,837,884,932,982,872,864,964,982,956,950,1280,1345,836,805,780,779,844,878,1157,1005,629,622,1052,1128,613,613,1154,974,958,915,944,938,772,754,527,528,753,753,1242,1336,859,787,808,681,681,680,775,1092,1175,923,893,901,867,956,925,741,745,823,743,902,986,737,737,1206,1159,647,644,577,571,730,757,639,709,1006,1099,886,844
bing_querylogs|config_id=9622,726,711,584,578,574,576,689,657,774,781,942,947,893,992,833,900,888,875,1023,692,695,905,909,667,666,804,865,760,953,938,926,960,971,827,814,1021,1078,785,631,703,707,741,740,906,783,612,618,892,875,618,618,777,806,1120,896,790,767,712,729,579,560,703,720,908,969,688,682,686,658,646,631,640,1019,1020,745,759,743,712,911,902,659,663,733,752,1015,1021,737,724,899,945,611,617,589,586,736,741,657,662,1019,978,698,697
bing_querylogs|config_id=9627,696,696,573,574,562,561,664,650,842,799,943,942,1169,1008,809,902,847,899,877,647,668,897,895,656,668,815,848,971,900,928,952,943,959,736,800,881,1079,585,616,699,739,735,760,847,808,601,610,884,995,610,610,754,776,983,786,762,785,716,716,568,562,700,706,969,1025,684,678,682,645,665,609,607,1013,1040,759,710,790,716,923,917,636,630,686,723,1006,999,713,729,871,893,604,611,577,574,739,723,630,635,985,987,686,682
bing_querylogs|config_id=9658,1056,1053,746,748,791,757,1016,1010,895,827,1241,1243,1534,2202,883,1004,1050,1420,1391,860,863,1226,1234,711,844,974,999,1154,1141,1277,1291,1053,1070,986,939,1228,1192,707,681,926,922,942,949,1197,1178,889,878,1233,1296,688,701,859,863,1562,1563,1011,1017,1007,1041,613,558,857,855,1216,1282,824,837,836,910,895,929,930,1328,1303,924,929,1099,1146,1150,1144,747,747,827,844,1163,1168,919,933,1193,1182,716,702,745,811,944,983,745,743,1347,1237,1146,1110
bing_querylogs|config_id=9668,762,745,629,625,563,558,687,699,814,822,963,974,987,1129,959,949,915,939,976,667,671,990,924,693,692,868,832,838,950,971,958,1007,1027,805,859,971,966,642,634,729,728,761,805,942,920,623,646,972,938,625,631,793,804,1848,766,836,839,768,781,575,567,734,728,1055,1118,698,732,701,616,1021,622,620,1172,1130,749,772,783,782,955,962,643,650,699,695,1028,1028,774,782,965,897,619,620,617,584,758,784,656,871,1011,1038,755,755
bing_querylogs|config_id=9865,730,726,502,512,526,540,687,669,733,704,839,836,1185,1039,638,686,705,786,1036,669,606,847,799,644,597,873,834,726,767,927,861,871,868,650,649,795,763,649,691,749,682,664,705,847,838,577,604,822,760,656,631,638,680,628,570,749,634,694,646,509,509,691,643,850,888,594,606,650,640,631,589,605,904,904,606,596,779,778,887,887,658,595,567,572,988,926,655,685,722,755,540,617,572,553,711,701,729,729,931,868,758,793
bing_querylogs|config_id=9923,833,800,669,647,629,673,753,763,787,737,1011,1007,1116,1146,752,758,806,1086,1082,851,799,942,994,704,741,966,938,938,890,980,1033,814,925,784,819,965,952,673,681,727,765,717,769,869,868,711,709,972,1005,665,667,785,740,787,714,808,803,778,759,569,617,744,786,1026,1027,769,749,670,750,825,723,705,956,957,748,774,869,883,911,860,773,751,678,709,1080,1094,784,742,1070,1122,668,624,675,700,811,818,836,633,1036,1094,843,913
bing_querylogs|config_id=10127,1216,1136,965,968,895,940,1156,1151,940,935,1400,1411,1627,1594,987,1008,979,1547,1581,1037,1164,1410,1393,929,934,942,975,1334,1405,1383,1384,1225,1244,987,996,1373,1384,825,821,1014,1011,1194,1144,1364,1364,992,997,1522,1486,794,858,1077,1054,1821,1806,1197,1197,1126,1131,628,614,979,966,1347,1476,935,944,937,940,932,1210,1391,1588,1520,1198,1228,1239,1239,1286,1292,837,837,946,939,1354,1355,1051,1052,1355,1355,796,801,966,949,1126,1134,1031,1038,1422,1422,1273,1194
bing_querylogs|config_id=10128,1181,1148,948,969,908,910,1111,1111,904,937,1408,1406,1621,1570,1071,1071,1063,1552,1583,1117,1140,1420,1420,873,911,924,957,1253,1324,1376,1373,1227,1246,1150,1159,1389,1389,885,881,1149,1146,1101,1101,1369,1369,939,936,1511,1353,835,835,1077,1077,1774,1808,1203,1203,1027,1048,660,629,972,972,1432,1543,947,948,941,947,947,1167,1170,1584,1584,1208,1209,1181,1181,1235,1314,944,944,951,944,1316,1300,1064,1064,1374,1374,831,831,970,966,1118,1112,1023,1051,1586,1586,1183,1209
bing_querylogs|config_id=10129,1436,1290,916,963,817,819,1203,1167,1105,1031,1629,1596,3950,4149,1212,1294,1287,2417,2458,1156,1059,1424,1415,848,885,953,998,1366,1484,1533,1972,1250,1400,1057,1063,1469,1410,757,753,1172,1200,1069,1089,2311,2090,937,914,1557,1557,824,824,1070,1070,1962,1966,1439,1460,1141,1076,565,561,1161,1294,1310,1382,861,862,855,958,958,1179,1212,1783,1777,1167,1180,1977,4747,1192,1260,909,941,945,876,1423,1433,984,984,1344,1342,805,833,808,757,1075,1031,913,926,1545,1609,1592,1560
bing_querylogs|config_id=10130,842,942,746,720,854,682,1211,1039,909,947,1060,1335,3013,2594,1309,1019,876,1540,1445,1023,895,1210,1314,789,826,895,948,1058,1111,1250,1211,1042,994,877,847,1081,1165,840,3506,763,930,867,893,1865,1312,808,993,1253,1148,1251,813,1231,1078,1195,1147,922,1204,924,969,666,591,1037,868,1280,1231,835,759,791,783,988,970,954,1386,1430,1154,1225,982,1129,1242,1253,1156,918,1241,815,1188,1180,807,1230,1431,1961,683,755,652,657,956,723,1005,1040,1160,1339,1056,1032
bing_querylogs|config_id=10131,836,847,753,781,703,665,1097,980,904,850,1022,1299,10281,1291,1438,1271,957,1661,1797,916,978,1337,1826,805,769,833,922,1011,1180,1310,1443,982,999,797,850,1099,912,6467,1161,899,881,923,901,2255,1168,844,949,2955,1240,831,871,1091,911,990,967,1584,1626,970,917,691,649,952,852,1083,1282,821,853,854,829,870,904,890,1446,1466,1402,1197,1195,1215,1163,1221,865,838,804,918,1260,1285,929,859,1695,2966,733,720,705,662,824,831,984,987,1282,1011,901,890
bing_querylogs|config_id=10132,977,887,759,759,700,1021,1190,1115,963,868,1406,1064,7170,1484,986,946,1070,1799,1527,893,871,1290,1153,805,813,880,901,987,1126,1434,1195,1053,1042,836,826,903,960,5760,7033,877,966,937,912,1661,2015,1472,853,1102,1326,840,843,1011,1030,1057,3893,1276,1827,901,951,609,663,909,1805,1265,1315,814,764,795,947,802,912,890,1412,1364,1136,1046,1125,1112,1184,1190,911,1085,870,843,1217,1182,937,978,1913,1592,752,656,580,575,825,897,1105,900,1096,1069,1087,983
bing_querylogs|config_id=10139,764,746,549,558,523,523,652,781,818,894,830,816,1329,1203,682,682,609,782,954,580,792,855,849,695,685,760,917,717,759,981,893,890,865,654,648,773,775,946,1022,644,697,689,779,804,798,578,583,781,923,679,684,654,748,974,798,767,820,672,669,492,533,692,645,858,845,627,647,682,681,820,677,796,925,921,635,1000,835,747,900,902,724,637,594,660,1063,1034,723,684,995,876,585,575,613,526,709,649,525,754,873,816,833,892
bing_querylogs|config_id=10322,1376,1391,933,936,565,565,1541,1545,1141,1130,1333,1333,2208,2273,1098,1110,1108,3303,3375,980,989,1203,1203,729,735,772,789,1146,1216,969,966,1014,1035,966,975,915,915,772,769,921,918,1055,1055,2236,2331,1202,1199,1323,1323,601,601,918,918,1370,1400,875,875,907,900,539,534,758,758,1384,1381,680,682,674,1886,1678,1125,1128,1257,1257,2668,2697,956,956,925,931,722,722,838,817,1006,1006,727,727,1320,1322,628,633,569,565,1154,1148,1007,1016,1303,1301,959,962
bing_querylogs|config_id=10323,1319,1310,923,924,565,566,1532,1532,1103,1104,1292,1292,2326,2331,1074,1085,1077,3231,3304,957,965,1162,1162,707,711,777,810,1136,1181,944,943,978,989,955,952,896,895,775,771,910,909,1036,1036,2199,2249,1204,1185,1274,1274,604,601,910,894,1377,1353,843,843,865,865,538,536,732,732,1247,1315,676,677,670,1668,2069,1112,1113,1188,1188,2622,2632,921,921,898,900,716,716,817,814,977,977,707,707,1270,1196,625,630,568,565,1125,1117,997,1002,1250,1250,938,939
bing_querylogs|config_id=10324,1166,1166,911,879,559,558,1464,1497,1127,1085,1364,1284,2027,2467,1119,1187,1130,2639,2755,920,942,1217,1236,784,737,839,827,1063,1133,1029,997,977,997,936,951,891,894,749,749,857,855,998,1075,1937,2033,1099,1198,1286,1272,680,648,892,952,1333,1371,815,841,868,831,534,531,702,702,1316,1436,651,653,645,1536,1540,1044,1038,1265,1273,2342,2299,956,959,954,975,702,706,851,828,1090,1138,714,726,1233,1439,638,662,564,560,1009,991,921,930,1383,1380,906,873
bing_querylogs|config_id=10476,1213,1166,813,809,544,512,1375,1372,1135,1110,1251,1284,2134,2100,1144,1027,993,2972,3057,953,869,1065,1108,693,685,843,914,1041,1044,910,823,864,888,870,858,788,887,672,719,893,866,966,950,1875,1903,1065,1087,1185,1225,594,594,834,836,1235,1200,736,718,767,767,524,484,628,611,1198,1182,639,599,566,1416,1428,949,950,1049,1111,2320,2210,817,823,734,811,685,682,720,790,932,922,683,683,1078,1340,576,577,496,495,977,946,847,891,1299,1245,888,930
bing_querylogs|config_id=10491,1375,1251,839,858,523,536,1447,1510,1127,1129,1348,1363,2173,2060,1137,1166,1168,2742,2872,1045,943,1135,1136,687,663,751,856,1099,1062,974,867,1060,1001,1006,1031,1073,900,707,726,875,953,1070,1097,1918,1991,1122,1101,1339,1252,642,644,956,1016,1256,1300,739,759,895,893,504,581,742,668,1196,1263,620,641,646,1446,1468,1080,1154,1201,1203,2427,2442,888,867,842,938,661,719,956,730,1006,921,777,786,1276,1218,598,606,536,535,1095,1101,878,935,1296,1390,873,940
bing_querylogs|config_id=10504,1312,1329,862,857,851,850,1040,1458,1022,981,1407,1260,1701,1382,1478,1372,1249,1321,1958,858,841,1468,1375,818,836,1230,1291,1178,1134,1399,1443,1326,1330,1158,1078,1207,1224,970,1310,1057,1038,1012,1085,1513,1697,909,919,1505,1550,846,847,1300,1438,936,989,1128,1130,1222,1031,736,736,977,1038,1532,1468,930,940,973,1036,963,906,1186,1316,1351,1455,1342,1258,1348,1251,1255,968,1055,971,957,1310,1274,954,956,1517,1298,820,832,812,1059,1092,1119,926,939,1428,1492,1114,1154
bing_querylogs|config_id=10517,1310,1282,856,877,1099,951,1193,1016,988,979,1287,1295,1286,1240,1379,1376,1255,1297,1275,1068,1160,1353,1307,842,843,1196,1218,1105,1114,1437,1392,1193,1271,1014,1009,1288,1296,981,981,1241,996,1040,1005,1328,1252,928,885,1328,1330,858,860,1039,1117,900,916,1105,1167,1080,1044,764,761,952,959,1349,1311,920,927,927,1022,896,861,861,1333,1293,1321,1337,1078,1226,1253,1234,926,937,954,910,1292,1289,993,976,1526,1453,922,822,1008,811,1163,1249,1023,1112,1309,1269,1108,1052
bing_querylogs|config_id=10544,1118,1155,912,963,954,955,1726,1104,1181,1179,1570,1334,1536,1531,1259,1170,1254,1322,1238,1273,1422,1327,1353,941,987,995,1185,1346,1450,1603,1375,1278,1268,1133,1202,1237,1191,1220,1378,1138,1221,1248,1198,1335,1201,992,1021,1392,1511,887,913,1890,1338,1248,1302,1317,10344,1143,1033,810,810,951,1083,1373,1371,967,932,958,16300,1606,1874,1336,1418,1425,1510,1796,1273,1230,1314,1186,920,1043,991,947,1316,1369,1102,938,2028,1851,857,856,926,919,1039,1035,1149,2369,1446,1385,1133,1152
bing_querylogs|config_id=10546,987,942,681,651,619,590,1091,859,1328,996,1276,1039,2179,2896,954,1008,1009,2381,2224,805,818,1151,1065,589,611,899,950,1014,1052,1297,1008,827,912,929,879,1020,1081,1363,818,761,697,944,872,1188,1123,814,685,1384,1456,689,636,787,833,2504,1485,1939,1630,953,915,581,507,792,720,1310,1082,741,812,767,930,1223,770,893,975,911,1088,1167,949,941,955,1003,742,671,845,788,1062,892,785,906,1535,1155,600,574,614,705,810,948,902,1111,1887,1167,1041,821
bing_querylogs|config_id=10554,1357,1307,889,886,868,884,1180,1145,1131,1083,1396,1404,1927,1275,1590,1745,1981,1436,1457,876,922,1407,1427,895,879,1239,1245,1111,1181,1433,1340,1314,1329,1057,1140,1328,1299,1037,1039,1077,1041,1042,1194,1757,1906,1004,959,1607,1633,866,865,1137,1289,1020,1031,1215,1207,1224,1246,741,754,1029,1013,1590,1506,950,959,993,1063,990,880,879,1394,1424,1162,1178,1339,1429,1298,1305,910,995,1005,1011,1271,1472,1037,1039,1769,1950,856,839,822,832,1234,1141,1216,1218,1360,1622,1113,1145
bing_querylogs|config_id=10555,1095,1165,980,890,811,928,1049,1159,1080,1101,1311,1439,1517,1498,1093,1067,1255,1196,1182,1174,1246,1298,1282,963,999,1011,1043,1315,1376,1630,1347,1240,1173,1155,1110,1291,1142,1095,1406,1059,1125,1181,1281,1297,1185,1017,982,1384,1404,955,901,1235,1314,1588,1283,1298,13368,1044,1019,734,743,932,948,1474,1315,966,914,955,1390,1147,2048,1336,1326,1364,1306,1625,1130,1139,1141,1156,866,890,920,912,1467,1330,1046,1040,1792,1293,851,851,919,933,1033,994,1194,1246,1370,1467,1100,996
bing_querylogs|config_id=10564,1406,1311,885,797,888,1009,1075,1266,1187,1133,1488,1450,2183,1841,1534,1660,1456,1412,1401,1088,1093,1395,1447,886,874,1138,1222,1121,1201,1408,1475,1306,1337,1066,1180,1496,1382,994,1123,1081,1077,1130,1073,1667,1553,914,986,1414,1686,865,861,1155,1146,1285,965,1179,1471,1204,1180,740,800,1010,1038,1473,1583,981,980,991,993,1031,880,869,1424,1431,1365,1496,1309,1325,1299,1314,1026,1026,971,990,1329,1347,1036,960,2059,1962,940,892,992,813,1148,1214,1091,1010,1360,1431,1125,1109
bing_querylogs|config_id=10569,1393,1450,856,868,974,1081,983,1125,1110,1166,1336,1364,1373,1942,1517,1451,1502,1452,1424,1188,1197,1301,1317,856,861,1240,1294,1179,1150,1421,1366,1283,1181,1018,1145,1286,1181,1284,1324,964,1038,1119,1054,1459,1526,884,898,1586,1421,837,867,1275,1107,1014,1019,1171,1230,1044,1124,744,784,1037,1034,1634,1542,929,936,927,1020,993,880,1163,1390,1341,1208,1223,1388,1346,1161,1183,929,968,983,966,1263,1242,1057,1004,1220,1496,850,833,814,967,1267,1196,1082,1205,1378,1374,1173,1096
bing_querylogs|config_id=10571,1121,1121,950,943,879,895,1242,1231,1033,1081,1242,1358,1450,1264,1113,1144,1149,1281,1160,1227,1356,1208,1365,920,912,1017,1147,1308,1259,1390,1312,1190,1193,1192,1162,1153,1203,1569,1062,1008,1222,1093,1181,1188,1253,960,924,1464,1343,864,891,1239,1259,1278,1153,1355,13712,1040,1075,786,773,929,929,1298,1341,924,922,934,1123,1308,1035,1532,1377,1323,1366,1454,1128,1105,1136,1068,846,902,984,963,1296,1296,1063,904,1522,1492,851,851,950,963,1027,1014,1147,1179,1316,1352,1012,1062
bing_querylogs|config_id=10575,1063,1134,1014,868,919,938,1143,1039,1091,1136,1400,1418,1305,1566,1076,1220,1254,1191,1150,1249,1376,1294,1309,986,926,1010,1167,1404,1245,1549,1394,1367,1239,1168,1144,1216,1218,1254,1298,1025,1233,1187,1234,1294,1383,838,894,1616,1333,926,988,1162,1311,1431,1292,1312,1285,1193,1038,827,828,1034,933,1309,1336,1100,977,922,1130,1074,1059,1096,1465,1391,1462,1377,1177,1259,1174,1154,859,916,995,1002,1278,1307,1059,1031,1729,1304,849,848,920,1005,1031,1024,1799,1248,1383,1336,1150,1165
bing_querylogs|config_id=10576,1650,1699,1071,1113,1110,1029,1465,1440,1292,1315,1591,1572,2200,3528,2266,1629,1976,1882,2003,975,990,1606,1734,933,974,1310,1280,1408,1324,1932,1888,1392,1412,1139,1254,1663,1490,8813,1842,1097,1100,1682,1362,2096,2786,1140,986,1775,1914,927,931,1283,1411,1287,1291,1406,1430,1280,1231,802,894,1097,1076,1843,1637,1011,1020,1042,1166,1242,1045,1393,1832,1670,1492,1728,2010,2055,1408,1450,1089,1078,1036,1008,1409,1554,1075,1186,2570,2431,955,822,1007,959,1407,1284,1313,1340,1688,1745,1291,1460
bing_querylogs|config_id=10580,1119,1123,1072,987,938,938,1166,1224,1050,1077,1429,1467,1514,1654,1478,1291,1248,1419,1277,1351,1475,1431,1537,979,972,1033,1206,1449,1422,1651,1385,1233,1307,1121,1424,1327,1360,1105,1053,1274,1342,1228,1162,1267,1280,1166,855,1488,1538,874,922,1391,1518,1415,1221,1339,1439,1155,1090,756,823,952,953,1383,1447,927,934,986,1298,1238,1929,2009,1482,1359,2318,1490,1453,1171,1204,1384,860,912,990,1001,1457,1286,1161,963,2056,1455,856,871,882,903,1097,1045,2752,2143,1665,1503,1080,1058
bing_querylogs|config_id=10602,1025,929,713,694,661,696,1071,837,944,935,1272,1151,2445,2109,946,836,1014,1584,1562,1035,1068,1125,1093,656,646,860,859,983,1064,1215,1080,909,921,829,856,951,1024,759,1297,746,742,848,841,1114,1127,728,716,1467,1191,688,679,893,864,1675,1664,838,962,925,842,553,589,802,823,1156,1175,770,694,824,961,1729,808,936,1063,1209,927,1107,885,911,1004,949,688,686,927,717,1098,1155,843,814,3535,1517,634,626,687,686,897,843,882,940,1108,1453,793,880
bing_querylogs|config_id=10607,1136,1033,783,744,701,733,1036,943,986,1024,1365,1354,3237,3904,1141,1002,1039,1692,3313,1043,1269,1258,1214,664,669,829,904,948,1127,1156,1389,927,923,949,944,1103,1166,875,1424,812,826,1033,928,1436,1387,812,785,1350,1493,649,699,844,950,1851,1907,2493,977,1005,1005,598,562,851,893,1575,1455,845,744,810,1995,1388,885,982,1212,1208,879,974,1288,1156,1005,1197,664,659,816,832,1185,1097,824,738,1285,1613,591,567,803,806,904,954,1017,2532,1643,1297,925,889
bing_querylogs|config_id=10616,1469,1378,896,897,1095,972,998,1015,1084,1098,1510,1367,1337,1150,1312,1123,1374,1313,1202,1155,1149,1477,1424,901,870,1215,1249,1170,1209,1527,1483,1396,1409,1072,1022,1227,1394,968,1054,1022,1046,1165,1221,1387,1480,1082,987,1446,1377,863,866,1491,1090,920,963,1128,1125,1127,1175,753,751,1032,988,1578,1492,905,972,936,1038,1009,931,938,1497,1546,1482,1116,1598,1559,1299,1341,972,1126,970,932,1309,1318,1001,1058,1344,1336,904,858,928,1042,1244,1241,1187,1024,1372,1466,1185,1163
bing_querylogs|config_id=10621,1404,1319,870,872,812,984,1166,1354,1101,1027,1411,1401,1763,1630,1431,1568,1708,1481,1831,1092,917,1507,1473,868,861,1272,1254,1192,1545,1559,1520,1272,1337,1205,1103,1368,1378,948,1117,1037,1006,1120,1089,1489,1787,907,904,1543,1712,852,853,1533,1342,1114,1036,1175,1174,1169,1165,736,734,997,1054,1540,1425,953,913,971,1009,1033,864,1039,1321,1403,1220,1198,1993,1601,1247,1227,966,1034,1004,952,1305,1354,1095,1024,1201,1893,893,811,815,845,1209,1147,942,998,1446,1444,1069,1071
bing_querylogs|config_id=10632,1333,1308,789,878,847,986,1222,1335,1138,1099,1457,1343,1429,1370,1458,1321,1474,1518,1415,1090,905,1452,1456,863,870,1279,1333,1123,1215,1599,1572,1384,1384,1068,1160,1316,1487,1411,1200,1045,997,1215,1226,1646,1451,919,871,1527,1519,860,861,1048,1078,1039,954,1174,1175,1161,1154,797,761,1099,1037,1507,1490,963,893,1012,1088,969,871,867,1433,1494,1292,1283,1511,1393,1203,1249,1030,901,1005,963,1425,1353,1038,1044,1904,1724,869,800,820,830,1150,1157,1132,1243,1478,1500,1184,1209
bing_querylogs|config_id=10639,1344,1329,903,785,887,843,1116,1127,1029,1120,1435,1409,1674,1566,1411,1381,1643,1531,1594,942,913,1453,1419,860,849,1274,1289,1299,1125,1395,1348,1274,1316,1095,1190,1446,1283,1319,956,975,998,1069,1195,1389,1889,901,986,1644,1654,843,875,1182,1368,1076,1050,1230,1121,1190,1159,751,763,1076,980,1544,1524,945,960,942,1012,996,1088,907,1394,1394,1260,1285,1509,1379,1244,1162,974,974,987,971,1218,1271,1024,1020,2000,2036,932,851,959,974,1181,1365,926,952,1606,1409,1166,1085
bing_querylogs|config_id=10645,1469,1528,911,913,895,883,1025,1098,1093,1132,1564,1549,1600,1769,1450,1440,1477,1405,1322,915,924,1616,1477,910,900,1293,1294,1218,1181,1541,1496,1413,1444,1246,1078,1371,1261,967,966,1175,1043,1186,1257,1767,1788,1053,977,1621,1675,883,880,1514,1412,1081,1080,1033,1353,1223,1254,798,790,1051,1069,1699,1662,1035,988,1004,1035,1015,1188,915,1573,1542,1577,1436,1449,2009,1339,1341,1063,931,1034,1037,1388,1333,1073,1029,1910,1983,862,923,865,965,1201,1195,1129,1240,1544,1556,1222,1229
bing_querylogs|config_id=10650,1215,1204,836,787,862,792,873,966,1105,988,1327,1277,1871,1801,1312,1496,1431,1698,1138,879,802,1256,1393,772,771,1170,1201,1030,1107,1308,1288,1287,1123,1041,1082,1292,1298,1310,962,967,980,1004,967,1334,1588,884,874,1470,1450,816,817,1122,1031,1014,1325,953,1060,1180,1133,746,715,939,965,1508,1548,881,952,913,929,945,1092,1093,1167,1200,1306,1310,1316,1434,1118,1204,991,844,917,923,1155,1211,988,903,1800,1761,766,832,906,977,1215,1199,887,881,1397,1463,1028,1164
bing_querylogs|config_id=10666,1072,1139,746,781,799,942,1264,1080,1001,972,1243,1261,1401,1489,995,1038,1189,1163,1159,1005,1178,1213,1168,822,829,904,933,1232,1383,1258,1253,1193,1234,968,972,1151,1175,822,1052,992,965,1076,1009,1169,1127,908,937,1385,1393,828,827,1003,1117,926,897,1089,1018,1050,1037,699,692,925,911,1153,1307,915,927,909,936,964,1049,1571,1416,1431,1092,1050,1046,1104,1170,1116,837,827,902,892,1225,1256,975,975,1217,1591,810,811,863,853,987,982,877,1198,1330,1285,886,965
bing_querylogs|config_id=10678,760,947,738,672,567,544,852,972,713,746,939,953,1836,1417,761,813,887,1677,1888,812,864,1642,1049,657,672,936,972,905,956,1019,1095,848,815,722,679,873,972,684,759,811,861,831,792,1520,1185,750,760,1033,847,739,874,960,937,716,443,1055,1239,739,776,539,570,768,635,901,959,653,702,648,1108,803,854,876,1078,1182,1071,1332,1062,869,983,950,826,987,719,657,1059,814,904,977,1030,1165,620,598,590,610,757,648,765,755,1069,1097,822,781
bing_querylogs|config_id=10679,979,917,591,641,734,688,1116,1036,687,714,1149,1117,1112,921,643,774,641,1057,1025,834,841,1029,1037,691,693,849,803,1087,1072,1008,1044,1065,1076,695,742,1127,1059,600,632,1303,1527,841,891,984,984,765,765,1184,1354,712,778,833,937,1661,619,1131,973,993,1016,665,614,868,946,1337,1440,737,692,661,656,1161,1001,682,1214,1120,981,923,1221,1027,1052,1049,1016,1234,695,693,1001,1109,723,809,1081,1337,665,644,617,627,743,734,1119,1251,1244,1293,1025,970
bing_querylogs|config_id=10749,873,905,710,655,636,679,719,760,824,851,915,1098,1584,2260,859,822,887,1310,1551,1004,702,863,909,655,677,907,982,988,875,1030,1051,831,859,878,753,871,955,1031,1085,792,800,832,832,1019,983,807,706,976,1374,648,667,827,855,2885,2051,843,864,798,744,585,589,695,701,1041,1153,825,694,726,1290,1258,846,676,1048,1057,1225,1093,957,880,867,769,673,687,826,806,959,1055,747,802,1301,1374,600,560,704,691,814,771,1133,810,1419,1080,875,800
bing_querylogs|config_id=10758,836,832,642,765,670,694,935,821,932,932,1105,948,1353,1752,880,907,861,1520,1247,969,652,1022,1015,693,699,920,918,1103,1133,1170,1039,943,946,944,848,952,981,1054,901,777,764,821,867,916,943,756,677,1352,1352,689,682,891,795,2698,2865,1055,880,817,832,604,615,874,641,1079,1055,750,798,673,1521,774,876,749,1098,1161,1357,895,928,913,867,811,716,632,736,818,1078,1025,778,808,1294,2580,536,564,731,645,961,926,782,846,1200,1523,916,847
bing_querylogs|config_id=10760,1015,1119,746,816,911,794,1045,1069,1138,937,1341,1229,2734,1195,971,1041,1070,1696,1242,1143,1208,1174,1148,831,835,955,1018,1351,1254,1258,1368,1197,1161,813,840,1060,1202,6943,2720,1080,1081,1017,1497,1181,2235,930,761,1482,1314,707,707,1070,1181,1515,1558,2233,7763,975,969,634,620,954,926,1412,1275,830,830,839,832,943,1986,2178,1347,1247,1374,2482,1094,1133,1049,1072,865,880,850,850,1234,1323,858,960,1655,1344,730,725,799,776,968,1028,1404,1679,1518,1278,1056,1097
bing_querylogs|config_id=10764,819,1293,1113,891,559,928,924,1166,1073,1162,1115,1031,3169,5207,1289,1194,1194,3278,1416,923,932,1277,1550,793,692,954,828,1148,1139,1082,1206,966,933,1073,1013,1142,1099,1203,1110,894,872,1185,987,1381,2312,962,867,1717,4402,664,692,1004,985,3256,3508,1016,1059,1144,1014,598,665,1050,1181,1432,1279,871,888,816,1920,1832,1030,1057,1225,1464,1297,1288,974,977,1174,1155,860,829,872,848,1250,1163,1031,892,1293,1405,607,606,786,931,1122,1022,722,1479,2028,1135,932,1161
bing_querylogs|config_id=10768,1125,1060,736,688,832,764,1151,1361,1011,1037,1334,1249,2011,1848,998,999,961,1463,1461,1165,1163,1157,1351,841,847,1003,1047,1228,1263,1326,1297,1214,1166,848,873,1098,1135,1185,1889,1092,1091,1229,1419,1261,1359,853,942,1352,1410,721,724,1052,1113,1623,1568,1976,7787,942,950,658,639,958,965,1518,1291,870,869,914,932,840,2016,1067,1422,1339,2821,1669,1195,1238,1188,1117,794,869,874,873,1266,1301,960,894,1772,1457,813,848,797,770,950,955,1680,1754,1305,1323,1096,1192
bing_querylogs|config_id=10772,1082,1111,755,749,755,860,1158,1120,1054,946,1217,1238,1727,1824,1012,999,988,1374,1504,1140,1347,1444,1209,826,831,911,1067,1243,1251,1152,1200,1149,1210,837,841,1080,1095,6790,12001,1088,1077,1663,1090,3538,1118,922,913,1521,1360,704,704,1122,1249,1246,1300,7720,1922,920,988,617,618,944,940,1396,1307,846,772,849,927,921,1168,1718,1390,1419,3235,2492,1265,1316,1137,1222,888,855,873,872,1274,1204,859,953,2238,1638,803,803,786,785,1010,1011,1291,1734,1317,1490,1063,1076
bing_querylogs|config_id=10773,1034,1183,636,663,548,586,1199,1126,747,1035,1173,852,2526,2335,763,811,847,2088,1877,932,954,2282,1281,671,741,850,863,891,1063,1124,1001,868,878,778,729,886,926,1210,1102,845,879,813,983,1366,1255,623,738,867,1020,669,714,828,801,1092,1380,1072,1340,899,796,652,609,833,770,1129,1138,643,694,810,765,823,845,1016,1037,1375,1656,2212,964,1120,988,985,1968,1445,879,754,1119,1046,1126,774,1403,1325,638,617,569,582,787,792,962,805,1168,1048,760,855
bing_querylogs|config_id=10780,1119,1098,725,730,824,777,1209,1138,1053,1119,1241,1262,1395,1397,1100,1041,979,1602,1597,1101,1111,1123,1274,844,826,934,987,1275,1339,1280,1232,1188,1241,947,881,1096,1100,2865,9646,1123,1154,1126,984,1328,2163,908,839,1713,1315,710,712,1096,997,1445,990,3010,1687,1019,958,712,668,1143,964,1254,1231,880,801,869,915,926,1136,1291,1394,1390,1150,1065,1241,1111,1150,1025,883,924,906,883,1326,1205,949,971,1619,1603,722,742,766,787,1037,973,1733,1489,1400,1408,1109,1009
bing_querylogs|config_id=10782,1103,1346,774,779,835,911,1133,1222,1008,1089,1268,1270,1753,2228,1157,1309,1205,2056,1640,1402,1099,1231,1268,866,839,997,1047,1318,1501,1232,1310,1226,1246,933,892,1181,1193,1450,1289,1072,1043,1083,2796,1265,1230,1001,933,1428,1624,760,754,1048,1086,1519,1041,8423,1241,1042,1064,736,725,947,965,1296,1290,919,908,922,947,801,1276,1347,1432,1474,1316,1112,1308,1004,1084,1114,908,956,941,957,1247,1339,1015,1026,1577,2121,882,791,840,885,1074,1074,986,1922,1413,1284,986,997
bing_querylogs|config_id=10784,1097,1008,879,852,1052,780,1090,1233,1146,1251,1158,1200,2567,2745,1033,1146,1273,1626,2154,1082,874,1375,1247,768,706,878,1006,1197,1239,1172,1181,936,901,984,1048,1009,1009,849,1225,831,822,1055,1132,1583,2368,900,833,1495,1514,693,731,999,994,3078,3198,991,956,992,1184,595,571,929,944,1330,1293,834,971,940,1258,1749,1132,1060,1238,1610,1220,1239,1623,1251,1094,944,845,873,939,950,1109,1256,868,984,1306,1346,606,605,974,1222,1017,1012,781,1148,2128,1202,984,1213
bing_querylogs|config_id=10786,1078,1081,707,719,754,762,935,930,933,952,1180,1180,1320,1085,974,974,995,1078,1112,1052,1059,1127,1151,784,807,940,994,1193,1303,1199,1170,1140,1148,881,894,1051,1008,988,858,882,886,928,899,1047,1060,842,832,1271,1131,761,727,894,954,1005,845,984,1984,936,936,621,620,841,837,1243,1235,800,799,819,803,803,956,1036,1293,1328,1778,1013,1117,1071,1105,1089,756,756,873,854,1132,1189,855,846,1101,1033,768,768,747,755,977,896,996,843,1276,1185,907,839
bing_querylogs|config_id=10788,1157,1130,807,823,955,776,1156,1217,947,1023,1254,1275,2454,1872,1079,1117,1070,1139,1629,1243,1252,1253,1174,832,837,934,975,1365,1453,1308,1212,1225,1174,870,910,1092,1093,1346,8066,1072,1079,1054,1028,1413,1547,908,946,1405,1276,717,709,1169,1049,1136,1898,3487,7865,966,961,722,662,949,948,1247,1458,899,859,944,884,889,3565,1351,1309,1326,4487,6103,1299,1199,1088,1139,881,884,854,875,1228,1262,955,971,1745,1729,809,809,800,760,947,951,1139,1184,1387,1265,1228,892
bing_querylogs|config_id=10791,911,892,831,808,650,736,868,1003,796,889,1153,1125,2751,2546,873,929,1147,1261,1461,877,868,1335,1064,715,756,1003,923,994,1118,1128,1212,983,1011,771,786,907,1069,1397,1951,888,778,915,852,1283,1356,772,695,1126,1151,1005,691,856,974,1224,879,1581,1208,965,933,589,649,806,800,1119,1344,729,819,850,832,792,947,929,1161,1087,959,2873,1137,934,1110,1179,947,933,884,784,1669,1097,1055,919,1602,1403,668,653,608,688,968,890,2450,868,1190,1196,997,831
bing_querylogs|config_id=10805,1054,876,730,745,883,776,898,1164,996,1103,1090,1092,2272,2633,1248,1243,1187,2252,2267,1167,1069,1195,1321,704,700,922,934,1326,1289,1217,1206,936,1044,951,840,1115,1102,3359,954,866,880,1055,1055,1579,2840,788,872,1690,1372,640,680,1005,1013,2717,2780,910,1272,1094,976,577,575,1017,967,1382,1327,867,878,922,1111,1168,773,801,1176,1374,891,1468,1470,995,1125,865,897,837,999,965,976,1152,889,976,1987,1324,710,589,803,944,958,1028,869,1195,1485,1459,940,806
bing_querylogs|config_id=10814,867,853,591,687,661,669,1022,1045,776,781,1107,993,1625,1484,771,801,853,1523,1493,807,1103,1091,1263,728,751,892,921,895,965,1124,1152,945,968,846,723,921,1016,1107,636,977,1108,851,824,2031,1080,803,834,1067,1063,685,720,1103,978,1175,1094,944,1162,891,873,655,619,967,898,964,1176,713,742,715,1080,749,806,715,1357,1126,910,885,940,973,983,991,1323,1040,888,799,1074,1117,855,800,1002,1254,654,650,659,608,755,783,729,867,1110,1111,1008,891
bing_querylogs|config_id=10816,1204,1186,859,812,895,904,1089,1089,1002,1035,1289,1286,1260,1233,976,976,953,1240,1276,1221,1241,1321,1321,822,856,1141,1193,1381,1250,1256,1253,1310,1434,1068,1077,1221,1293,985,912,1069,1066,1148,1040,1127,1127,966,957,1300,1315,842,808,1298,1141,1101,1104,1204,1704,1107,1116,852,756,1051,997,1345,1344,992,925,954,1067,1098,1285,1062,1395,1395,1789,1637,1106,1106,1149,1155,923,935,938,932,1362,1524,1072,1058,1215,1212,925,888,960,919,1088,1031,971,1069,1434,1467,1162,1092
bing_querylogs|config_id=10821,1129,1290,689,692,791,857,1199,1115,1071,1082,1286,1254,1634,1846,928,1093,1113,1683,1747,1054,1134,1138,1141,833,844,975,985,1374,1284,1180,1315,1215,1251,839,848,1126,1123,2345,11112,1104,1046,1145,1076,1294,1461,930,787,1529,1261,717,717,1119,1091,1758,1795,5564,2254,993,1007,647,688,967,963,1283,1243,850,864,884,836,874,1322,2454,1364,1379,2539,1428,1154,1223,1123,1117,864,888,863,872,1302,1206,971,887,1492,1656,811,740,802,807,1008,1011,1784,1611,1349,1389,905,1018
bing_querylogs|config_id=10827,987,1044,650,692,760,814,1027,888,903,1025,1202,1147,1066,1407,954,1208,1175,1030,1243,1006,965,1111,1074,796,769,920,1005,1081,1085,1228,1262,1119,1124,879,899,1061,1073,792,809,879,876,1039,951,1020,1094,806,790,1207,1307,691,739,1158,996,954,1119,2136,1011,934,928,662,656,830,804,1238,1236,823,788,810,787,800,940,1560,1216,1225,1247,978,1186,961,1050,1038,714,736,823,850,1174,1188,807,783,1219,1251,706,721,769,782,841,905,888,1043,1327,1315,906,903
bing_querylogs|config_id=10832,976,1043,725,824,662,902,1080,1225,926,882,1484,1054,1864,1441,988,1090,1292,1447,1598,1028,971,1222,1397,753,783,887,936,1094,1090,1218,1180,1101,1161,829,862,1126,1156,1138,982,1220,819,871,1074,1250,1357,933,907,1167,991,838,856,806,825,909,677,1005,2326,943,1069,635,667,917,922,1007,1372,750,897,872,722,814,945,914,1143,1127,986,1742,896,1257,1133,1118,895,904,922,835,1176,1124,882,855,1548,1200,717,716,719,735,888,795,854,863,1035,1137,1180,874
bing_querylogs|config_id=10835,1056,1073,727,753,787,819,1106,1074,1005,957,1271,1267,1505,1759,1063,1092,1051,1663,1633,1095,1097,1419,1159,835,841,1010,991,1256,1368,1288,1248,1238,1153,828,843,1184,1162,1295,5336,1097,1090,1032,1075,1362,3491,969,828,1648,1785,720,720,1132,1137,1374,1408,17380,1580,1022,975,648,750,902,962,1266,1269,868,882,881,1041,1056,1836,1905,1482,1333,1309,1266,1419,1059,1144,1138,875,894,907,874,1293,1250,959,959,1792,1716,851,838,765,904,954,903,1443,1080,1320,1342,1070,953
bing_querylogs|config_id=10836,1122,1159,805,739,763,842,1226,1188,1142,1051,1188,1241,1317,2262,1086,1095,1095,1619,1233,1309,1234,1159,1142,840,836,1011,1011,1293,1296,1273,1293,1139,1209,828,880,1098,1089,1447,2078,1093,1100,1011,1100,1406,1348,900,890,1409,1356,707,704,1109,1076,1514,1012,7907,1236,1000,925,651,664,960,959,1252,1370,833,940,904,937,905,17190,16573,1379,1454,2207,3325,1271,1222,1101,1107,892,864,869,867,1239,1212,968,958,1772,2128,735,736,809,767,1004,1037,1470,1840,1286,1311,1206,1181
bing_querylogs|config_id=10838,1028,1000,695,652,792,821,970,964,958,895,1185,1186,1390,1176,994,949,992,1038,1106,1017,1037,1169,1089,793,839,924,1004,1189,1193,1147,1154,1150,1089,881,874,1072,1086,976,810,869,866,950,1010,1136,1144,850,856,1295,1237,715,774,953,957,1127,878,1095,942,918,989,610,655,802,804,1211,1280,794,785,780,890,877,854,937,1304,1215,1033,1328,1067,952,1088,1040,756,710,815,844,1099,1158,814,828,1645,1549,704,704,742,703,853,905,917,907,1319,1257,988,932
bing_querylogs|config_id=10839,1065,1022,737,817,763,783,1135,965,1087,967,1256,1185,2728,2125,1022,1141,939,1509,1508,1116,1111,1204,1301,821,858,969,1029,1289,1365,1292,1278,1224,1180,885,832,1064,1102,17687,1357,1084,1076,1034,1026,1552,1527,751,819,1341,1474,707,707,1096,1086,1401,1474,1689,4432,945,913,622,651,940,957,1398,1255,861,863,854,908,856,1986,1932,1377,1424,3341,1694,1256,1242,1066,1069,867,879,870,868,1287,1194,862,967,1469,1791,811,837,737,763,994,938,1712,1914,1239,1420,1113,902
bing_querylogs|config_id=10848,1084,1125,695,714,765,745,907,976,1097,939,1209,1201,1136,1106,1035,968,970,1114,1141,1015,996,1116,1091,742,748,913,962,1312,1293,1191,1215,1149,1169,833,843,1058,1054,1002,916,848,849,925,928,1083,992,828,810,1170,1207,715,705,921,962,829,832,1008,944,967,922,668,644,840,841,1324,1264,772,766,760,808,774,1479,19387,1282,1251,998,1001,1003,1051,1099,1136,735,740,815,807,1175,1216,846,895,1309,1087,728,728,770,764,864,894,762,923,1225,1174,910,1034
bing_querylogs|config_id=10849,982,906,626,677,576,569,909,988,746,813,1098,1002,3510,2062,780,862,822,1534,1579,816,793,1120,1150,707,702,808,1065,918,1219,1066,1052,980,992,792,756,1018,1019,1319,931,978,860,832,839,1385,1095,720,812,944,962,677,810,981,1084,1270,1483,2583,1076,825,787,589,609,887,985,994,1075,714,711,760,795,707,691,750,1265,1105,1002,924,1182,940,1003,1104,714,830,756,786,1407,1022,866,826,1722,1835,654,658,597,568,845,802,904,891,1169,1010,991,994
bing_querylogs|config_id=10852,969,969,661,664,725,709,942,869,963,937,1131,1119,1199,1079,962,974,1030,1065,1171,875,932,1113,1061,797,843,954,974,1144,1131,1314,1223,1103,1135,853,856,1092,1103,785,791,860,938,977,977,1084,1094,851,838,1266,1291,728,700,1031,1029,1045,1058,1101,2209,919,887,658,656,801,801,1114,1179,824,822,818,987,926,888,958,1269,1271,1593,1559,1035,1024,1036,1055,714,714,858,831,1174,1151,799,799,1085,1094,705,706,782,761,874,980,891,956,1295,1266,898,903
bing_querylogs|config_id=10854,1104,1126,685,802,724,726,1066,977,961,939,1194,1220,1665,1462,1059,983,1007,1218,1254,1053,1251,1197,1172,780,786,918,960,1195,1343,1203,1256,1223,1184,861,962,1199,1210,855,847,1044,955,945,1082,1162,1232,798,735,1397,1361,722,722,1082,1051,983,986,1047,1047,1009,1071,668,659,870,845,1304,1265,790,819,827,788,788,1180,2649,1461,1432,1061,966,1080,973,1117,1041,753,724,857,878,1161,1179,879,859,1451,1958,745,743,755,857,888,941,1107,999,1344,1314,935,948
bing_querylogs|config_id=10856,1223,883,694,762,706,649,968,1012,891,898,1127,1252,1828,2164,946,973,980,1617,1030,913,805,1288,1267,764,789,909,904,1087,1109,1113,1215,1001,1006,793,747,1099,884,812,842,954,901,905,859,6191,1404,834,900,1129,1371,692,649,924,984,1278,1118,1180,925,876,867,603,602,966,895,1057,1074,742,761,730,800,915,1050,954,1280,1393,1181,1336,1660,911,1022,1090,841,799,901,821,1084,1103,798,1070,1554,1135,659,664,630,625,836,892,874,1053,1019,1160,824,1033
bing_querylogs|config_id=10865,834,770,582,688,716,593,890,968,888,825,1059,938,1502,2290,704,684,830,1542,1779,775,671,1015,1078,643,641,863,1025,986,866,1131,1164,798,889,605,609,789,987,772,1343,941,830,702,735,979,980,697,672,975,981,653,715,778,961,1157,1135,670,667,782,732,595,549,927,644,979,880,713,675,686,719,764,941,816,1017,1275,1472,683,905,768,979,1084,591,749,711,755,1076,950,852,775,1482,1253,635,612,590,623,763,674,694,575,958,1155,839,1009
bing_querylogs|config_id=10867,1099,1006,721,674,765,781,847,939,901,924,1104,1174,1279,1164,1068,1055,982,1055,1061,1056,1059,1096,1143,826,808,928,975,1170,1167,1206,1173,1091,1098,864,872,1070,1049,816,797,958,972,1021,953,1043,1011,803,701,1227,1183,753,705,1025,976,1155,1117,982,1239,916,899,662,646,814,814,1184,1245,831,789,785,898,1056,15010,929,1267,1242,893,976,998,969,991,994,719,725,850,860,1210,1192,828,801,1223,1275,711,711,785,790,871,878,881,759,1292,1212,992,943
bing_querylogs|config_id=10877,1001,971,673,765,777,796,875,1022,894,908,1165,1125,1224,1496,1319,937,1163,1147,1080,1057,1048,1101,1289,812,821,945,1053,1154,1149,1342,1274,1067,1089,811,822,1085,1156,925,1780,1015,1036,1026,1178,1138,1116,787,825,1342,1269,710,743,1034,1007,877,1058,1706,960,980,897,660,654,800,843,1279,1194,810,850,817,1021,993,1183,1674,1210,1228,1538,1482,1141,1121,1050,1029,714,718,849,852,1173,1256,890,791,1071,1244,705,706,713,736,841,940,2599,1702,1290,1194,1131,893
bing_querylogs|config_id=10878,786,803,564,610,587,865,1003,992,765,855,881,860,1576,1211,872,762,786,1283,1248,923,807,951,1800,662,643,854,988,860,1041,1009,1085,878,882,700,747,1087,954,806,1173,820,779,807,736,1494,1305,807,698,1072,973,747,692,1006,853,644,864,1234,1204,762,894,560,532,908,731,1105,1019,638,721,626,894,738,782,805,1297,930,833,1266,768,1108,1019,886,816,853,713,792,1123,985,732,864,1179,1195,783,616,644,589,705,620,997,952,1023,925,876,828
bing_querylogs|config_id=10881,1023,1007,677,658,714,808,809,896,962,1005,1155,1201,1060,1103,981,960,914,1017,1134,1044,1079,1069,1077,788,822,911,963,1022,1077,1224,1142,1117,1192,876,914,1087,927,943,851,873,868,906,1031,989,1073,685,819,1294,1256,717,734,914,961,1434,1173,1066,998,902,989,634,656,799,791,1178,1179,820,820,809,1012,955,913,993,1293,1274,979,1514,1001,963,1077,1069,699,687,833,775,1111,1171,847,833,1182,1214,701,701,762,810,854,871,1103,912,1208,1164,961,957
bing_querylogs|config_id=10887,1189,1190,772,776,897,942,1270,1237,1096,1046,1270,1273,1978,2518,1422,1299,1185,1853,1416,1327,1394,1190,1206,869,853,1017,1012,1356,1293,1238,1193,1278,1257,905,998,1214,1187,5058,1858,1059,1071,1152,1172,1567,1398,910,906,1586,1374,762,922,1102,1165,1033,1023,1950,6296,1072,1079,755,736,1011,1071,1355,1385,879,924,948,16884,889,2412,1043,1428,1416,2012,1696,1149,1253,1134,1066,939,902,934,931,1376,1436,950,951,1194,1700,878,771,867,992,1086,1113,17324,1219,1299,1399,975,1192
bing_querylogs|config_id=10894,1087,1170,795,701,838,840,1116,1151,978,1027,1256,1267,1927,1397,1217,1080,1065,1230,1684,1122,1112,1257,1158,800,852,1010,1019,1358,1391,1278,1359,1259,1203,827,836,1093,1103,9479,2380,1091,1080,1047,1088,1483,1159,910,841,1367,1305,708,719,1111,1011,1534,1842,2935,2212,956,989,655,678,946,953,1179,1293,866,840,788,898,806,16142,1360,1399,1308,1183,2132,1297,1115,1065,1043,872,880,858,869,1169,1260,957,956,1836,1783,736,733,779,772,1011,906,1700,2422,1338,1299,1246,919
bing_querylogs|config_id=10896,972,972,688,672,691,693,1071,1042,1028,1007,1158,1175,1585,1472,1203,1027,1124,1026,1095,926,938,1194,1342,828,810,916,970,1220,1158,1302,1335,1095,1127,904,885,1137,1139,909,1130,919,999,1124,1090,1091,1050,867,818,1371,1354,735,695,1137,1044,1170,1112,1132,1459,996,920,662,605,804,803,1257,1245,795,838,818,1511,1036,915,2293,1259,1233,1131,1022,1114,1085,1061,1062,692,726,782,775,1284,1189,791,814,1599,1372,703,703,759,747,1010,853,878,1229,1333,1360,987,871
bing_querylogs|config_id=10897,698,797,557,567,582,550,1106,1047,705,708,1256,1129,2521,3095,792,1022,774,1387,1140,784,1301,925,1554,587,576,942,1031,986,935,1253,1018,802,888,624,739,800,892,1018,758,697,1067,809,777,964,1693,787,846,1049,944,798,679,829,769,1022,1146,882,1106,734,671,556,538,633,928,867,883,624,681,616,653,1401,781,553,1031,1337,1369,1899,785,937,1005,1122,842,831,689,705,1082,1061,731,758,1677,1163,623,602,514,514,687,631,795,593,999,1012,694,1196
bing_querylogs|config_id=10901,1005,1088,721,711,768,786,928,911,920,917,1128,1241,1236,1315,1034,1193,893,1174,1089,1169,1233,1239,1091,792,784,942,973,1151,1178,1237,1233,1148,1163,930,1016,1284,1207,1260,1074,1006,1064,973,982,1178,1060,693,697,1498,1265,706,707,1189,1061,1248,2277,1055,1431,1002,1069,693,669,937,806,1210,1307,830,821,814,1119,1053,1796,1682,1335,1327,1196,1953,1111,1173,1082,1053,723,720,787,852,1209,1207,828,797,1546,1522,708,708,777,834,900,868,1213,1073,1399,1305,948,1007
bing_querylogs|config_id=10904,692,775,598,757,653,704,984,1306,810,814,944,1102,1483,1431,776,674,787,1237,1270,781,768,1258,1142,629,655,916,988,843,789,947,918,791,849,672,722,1022,868,711,1606,996,1116,767,738,928,2610,840,772,1080,987,935,577,925,999,1236,1268,743,1019,732,734,566,505,1202,690,1131,933,630,671,637,773,815,789,743,940,1082,1016,978,949,1081,968,953,1109,779,668,753,943,1012,795,712,1341,1540,622,611,535,575,750,730,679,755,878,802,935,887
bing_querylogs|config_id=10907,972,1038,682,695,686,812,1181,974,983,875,1228,1253,1349,1183,990,1189,1109,1080,1066,1092,1067,1159,1148,778,832,929,968,1150,1149,1247,1249,1147,1193,867,809,1044,1018,16693,944,989,1019,1008,1005,1212,1083,804,840,1370,1297,707,687,974,1063,1165,1617,1197,977,1019,879,633,657,793,798,1236,1258,821,773,763,1447,1557,933,14629,1283,1349,1366,1070,1159,1101,1110,990,720,704,861,822,1092,1250,806,795,1464,1461,703,699,714,752,914,831,1022,884,1357,1275,895,892
bing_querylogs|config_id=10911,857,880,610,649,674,576,1183,1166,998,958,1065,974,2218,1399,931,830,936,1267,1979,923,1038,1117,1155,735,721,845,868,1238,996,1113,1138,1029,1019,806,786,979,900,1438,1722,891,917,877,840,2050,1196,706,783,947,1243,712,716,940,1003,1018,1285,812,1103,956,934,633,665,873,1055,1175,1281,710,708,704,758,694,930,922,1151,1444,1263,1026,971,936,1122,1066,946,897,878,782,1014,1194,816,782,981,1128,665,658,605,663,816,837,970,1412,1180,1271,810,939
bing_querylogs|config_id=10916,1090,1130,804,804,833,820,1155,1065,1035,1049,1233,1234,3382,5058,1067,1150,1106,1201,1431,1272,1370,1225,1175,833,834,933,1059,1370,1209,1202,1362,1202,1253,840,848,1110,1092,1140,2638,1105,1102,1105,1209,1438,1404,833,792,1371,1380,716,716,1095,1048,1510,1557,1211,1177,985,969,745,657,961,972,1256,1264,872,800,871,914,1088,6111,1916,1328,1404,1160,1939,1189,1266,1133,1137,808,916,878,871,1258,1325,974,974,1764,1566,816,818,746,746,894,1023,1893,1083,1291,1289,1135,1247
bing_querylogs|config_id=10917,751,818,609,727,549,916,1043,921,820,787,977,1175,2145,1396,690,798,719,1408,1436,819,900,997,1153,646,712,918,1008,1050,962,995,949,854,894,765,695,810,910,1524,1153,799,808,799,776,1417,979,755,648,905,985,668,671,913,878,1162,1028,959,1099,849,735,563,580,740,697,1216,1066,686,750,640,716,1261,817,822,1175,1039,1934,1226,802,735,933,873,765,750,713,666,932,1011,850,929,2045,858,603,607,548,538,649,695,986,853,984,1124,868,1017
bing_querylogs|config_id=10918,928,999,646,669,751,726,959,794,872,901,1228,1264,1255,1253,1044,1138,1162,1022,1116,1041,993,1123,1170,820,845,930,1091,1081,1093,1321,1330,1060,1122,808,853,1002,1059,973,957,1057,865,1065,1136,1139,946,797,867,1222,1265,695,687,1091,1031,1265,1226,981,1101,915,950,648,634,800,800,1213,1194,847,821,814,957,1003,1951,2567,1312,1235,1585,1568,1127,1146,1079,1055,712,712,781,779,1141,1223,850,801,1240,1218,700,704,751,717,845,836,1364,894,1390,1445,896,895
bing_querylogs|config_id=10921,1041,992,672,667,695,729,915,1054,1006,1069,1208,1125,1760,1392,1048,1000,980,1178,1095,1044,1128,1107,1133,835,834,964,1039,1233,1148,1345,1138,1064,1112,805,936,1213,1152,1856,16801,925,953,1080,1019,1071,1058,776,861,1220,1312,686,702,1077,1067,1098,1007,1293,1003,1002,992,602,655,843,798,1203,1328,776,821,772,1012,1957,908,1317,1209,1279,1424,1257,956,1012,1082,1033,744,714,803,848,1214,1287,793,811,1396,1286,699,699,745,724,846,859,1700,1200,1239,1354,1119,1057
bing_querylogs|config_id=10924,996,1130,831,899,835,838,946,942,920,906,1154,1195,1139,1272,922,993,970,1304,1238,958,919,1092,1109,898,834,1081,1043,1171,1273,1460,1387,1134,1161,958,992,1121,1194,916,870,1212,978,1004,985,1006,1142,917,955,1129,1141,948,993,1112,1102,1135,1040,1115,1141,1000,1135,796,830,1062,1026,1309,1213,878,961,886,961,919,974,994,1373,1321,1015,853,1150,960,1373,1198,983,890,927,889,1243,1223,990,1064,1302,1112,857,846,847,810,966,970,991,878,1345,1165,956,1019
bing_querylogs|config_id=10927,1190,1041,833,806,918,920,919,919,970,979,1180,1180,1160,1073,955,954,952,1060,1096,1014,1030,1062,1087,871,864,1011,1063,1155,1158,1339,1325,1349,1321,1065,1074,1183,1189,951,929,946,943,946,982,1028,1028,921,901,1213,1214,868,868,1096,1096,975,967,1061,1152,1029,1031,681,745,1065,1043,1290,1289,945,892,938,798,788,1056,1067,1330,1333,917,925,998,998,1277,1278,827,859,920,918,1405,1376,1020,998,1174,1171,777,772,830,819,1080,1102,774,783,1175,1228,1032,1035
bing_querylogs|config_id=10930,907,842,729,678,634,635,756,920,782,811,1026,1066,1224,1047,813,789,769,1157,1066,857,850,1143,1071,730,736,898,916,987,1080,1111,1138,1037,1068,813,815,966,1022,778,916,858,870,780,792,1048,852,780,777,967,1004,765,741,834,936,1003,1060,1113,1051,969,847,616,654,831,841,947,1106,744,782,777,784,698,711,766,1318,1166,776,1002,997,969,1154,1167,795,1076,838,830,1179,1137,802,828,1239,872,708,714,631,610,799,901,786,905,1091,1065,1001,1038
bing_querylogs|config_id=10939,982,989,680,674,694,699,937,916,832,847,1109,1122,1031,1022,828,878,870,1020,1142,928,941,1034,1034,753,750,931,982,1096,1125,1128,1132,1109,1158,885,848,1070,1044,741,752,887,980,850,851,963,954,791,785,1118,1134,709,709,910,968,769,772,1132,940,928,910,682,631,812,813,1159,1152,832,820,825,810,877,823,1037,1253,1226,937,862,891,967,1056,1041,702,712,780,799,1100,1152,804,822,1130,1197,723,707,774,794,891,876,833,806,1150,1159,868,1020
bing_querylogs|config_id=10944,838,974,657,736,628,630,1160,923,878,859,1145,1145,1083,1170,987,989,864,982,1027,1118,1050,1015,1043,757,773,884,961,953,1118,1253,1149,1160,1152,787,858,1019,1036,787,1551,999,927,816,837,987,1126,804,799,1098,1196,747,746,969,902,40751,39055,1569,3300,958,1026,679,664,772,771,1219,1229,830,761,809,1138,1185,1078,950,1285,1287,1817,1709,1140,1052,1070,1074,800,844,746,822,1085,1184,841,834,1037,1275,699,698,652,659,943,795,705,720,1227,1227,960,921
bing_querylogs|config_id=10945,1189,1189,928,871,924,926,1036,1062,1045,1053,1251,1251,1365,1359,1107,1157,1104,1109,1184,1003,1032,1098,1091,906,912,1066,1078,1240,1243,1450,1447,1352,1372,1136,1125,1229,1229,825,726,1088,1062,1098,1124,1124,1124,1016,1013,1308,1324,930,930,1183,1167,916,919,1048,1048,1130,1111,695,692,1127,1117,1374,1373,958,1003,1013,757,793,1277,1280,1402,1421,1015,997,1181,1181,1276,1282,921,921,902,900,1409,1409,1190,1117,1434,1431,758,742,933,933,1148,1206,835,910,1301,1329,1153,1156
bing_querylogs|config_id=10946,1240,1240,1042,1045,1015,1011,1033,1168,1146,1150,1387,1413,1441,1436,1104,1104,1101,1280,1329,1042,1072,1207,1230,1007,988,1106,1158,1304,1307,1546,1413,1503,1567,1206,1283,1286,1286,905,903,1166,1192,1084,1085,1123,1123,1074,1093,1378,1395,1044,996,1217,1140,985,1024,1159,1135,1153,1214,760,789,1169,1167,1419,1382,1066,1064,1058,851,853,1352,1329,1482,1450,1051,1104,1134,1119,1338,1347,998,1017,979,977,1476,1484,1132,1160,1498,1400,845,844,1027,991,1315,1298,914,916,1283,1283,1150,1164
bing_querylogs|config_id=10948,1162,1102,1164,978,939,951,932,974,1020,1031,1446,1457,1406,1317,1204,1150,1038,1343,1279,1055,1224,1173,1254,932,947,1071,1140,1410,1405,1395,1320,1516,1633,1160,1193,1188,1229,801,883,1058,984,1036,1056,1235,1218,985,981,1405,1359,918,1022,1223,1414,986,1015,1129,1200,1174,1216,838,835,1183,1177,1470,1454,1106,1113,1030,778,802,1171,889,1487,1439,1030,1061,1154,1144,1298,1417,833,844,1033,1026,1486,1462,1136,1136,1294,1360,764,941,1005,1022,1303,1243,824,935,1519,1441,1317,1311
bing_querylogs|config_id=10952,1144,1212,685,811,789,813,893,994,899,942,1219,1456,1361,1532,1235,1028,991,1444,1225,1324,1260,1253,1296,804,796,947,1002,1565,1419,1502,1561,1129,1312,1088,932,1254,1245,878,1069,923,923,1173,1066,1257,1290,947,701,1466,1340,737,787,1122,1010,915,1099,1180,1236,1141,1031,661,628,891,1093,1518,1476,950,845,1005,789,859,15405,1568,1511,1529,1145,1433,1143,1068,1271,1304,788,765,887,943,1232,1197,977,1085,1470,1305,745,744,992,970,912,1012,842,892,1325,1221,1060,1016
bing_querylogs|config_id=10953,1106,1107,760,760,691,696,1080,1086,934,942,1526,1434,1634,1716,1022,1022,1013,1516,1585,904,945,1403,1498,739,745,905,957,1208,1212,1388,1371,1145,1199,1025,1064,1463,1417,705,703,1019,1016,1030,903,1538,1428,803,800,1397,1435,694,734,1057,1081,1626,1656,1222,1209,1146,1126,613,564,839,981,1489,1522,847,962,920,985,982,1084,1146,1654,1604,979,984,1217,1182,1145,1151,1020,810,937,834,1251,1270,919,921,1341,1343,690,690,730,731,1080,954,757,765,1396,1400,1135,1194
bing_querylogs|config_id=10954,1051,1010,782,785,735,731,1016,1013,859,885,1347,1172,1470,1552,826,1194,830,1180,1262,1106,1058,1264,1330,785,791,1000,1048,1237,1077,1248,1241,1142,1163,971,940,1453,1435,752,714,1070,907,986,1088,1167,1139,773,793,1297,1376,743,766,889,891,1047,963,1157,1141,1131,1194,642,640,852,941,1548,1403,993,850,835,1072,1090,1168,1171,1395,1302,902,895,1050,968,1066,1076,895,868,889,782,1309,1281,866,894,1270,1235,726,712,851,765,1025,965,995,856,1704,1453,1082,1098
bing_querylogs|config_id=10958,953,954,718,634,621,611,868,996,873,809,1892,1255,1417,1373,898,913,875,1217,1344,1110,982,1137,983,681,707,1018,989,1234,1181,1028,1072,880,881,758,770,967,891,1234,2863,895,893,917,928,892,917,830,833,1128,1110,717,799,951,831,1167,1168,831,2130,983,835,663,621,900,916,1295,1260,733,722,709,756,894,930,932,1322,1418,911,1589,1007,938,1114,1065,770,683,762,691,1111,1062,844,849,1321,1039,669,647,632,600,810,883,916,871,1102,1000,945,918
bing_querylogs|config_id=10961,1115,1164,669,702,695,697,928,905,976,983,1145,1131,1157,1309,982,1054,992,1132,1172,999,1077,1098,1156,784,760,938,990,1096,1103,1330,1120,1178,1163,890,885,1147,1092,1169,1039,1019,973,1002,994,1045,1053,817,845,1380,1352,712,712,1073,1058,858,885,12569,12255,979,975,645,700,874,845,1167,1181,899,888,855,1063,1063,1362,1267,1337,1279,1161,1708,1000,1019,1024,1064,791,758,861,859,1164,1176,853,923,1196,1242,746,743,758,821,892,1026,868,1517,1158,1164,979,976
bing_querylogs|config_id=10964,911,972,760,750,682,661,868,1038,899,903,1057,1304,1412,1047,888,1055,822,1004,1047,958,1066,1173,1199,817,864,1023,1033,1140,1015,1167,1312,1217,1308,856,1036,1159,1126,560,960,939,872,898,860,1089,1116,831,738,1244,1218,716,756,905,944,870,956,1013,1033,1060,1113,670,727,987,826,1472,1373,939,833,803,760,820,948,1134,1607,1196,922,951,968,1304,1212,1152,860,766,902,811,1060,1163,910,896,1192,930,794,652,687,684,1021,994,766,864,1506,1511,981,943
bing_querylogs|config_id=10976,1119,1146,845,826,835,837,1058,1058,989,996,1389,1389,1299,1293,1008,1008,1010,1333,1354,1233,1242,1203,1226,940,964,1029,1081,1323,1263,1324,1313,1385,1373,941,951,1308,1319,980,978,1080,1102,1077,1079,1171,1156,983,980,1484,1482,842,842,1174,1143,931,902,13697,13623,1059,1085,826,720,989,1005,1436,1435,957,908,951,1205,1195,1334,1364,1492,1481,1728,1470,1136,1172,1203,1231,901,904,917,911,1251,1251,952,925,1350,1491,833,833,1000,965,1119,1090,1436,1090,1453,1443,1104,1103
bing_querylogs|config_id=10977,1213,1051,861,1023,836,857,1192,982,997,1108,1291,1355,3827,2207,1207,1270,2238,1782,1824,1169,1231,1323,1426,948,1026,1051,1114,1342,1320,1400,1279,1393,1311,1032,999,1378,1264,5628,1641,1227,1126,1157,1296,1353,1431,1100,886,1265,1356,1032,929,1109,1218,1265,1187,1005,1461,1159,1294,822,817,1239,1185,1242,1495,935,1047,971,1037,995,1299,1425,1564,1521,1504,1657,1203,1133,1325,1291,1347,1109,1012,1014,1417,1225,1116,1160,2152,1222,878,870,879,826,983,1106,1223,1086,1519,1315,1195,1023
bing_querylogs|config_id=10981,1035,936,787,768,749,752,1101,873,1052,1031,1337,1396,1802,1433,1157,1138,1186,2053,1423,1047,1079,1379,1352,773,726,996,1007,1220,1033,1370,1283,1077,1051,986,1077,1266,1346,866,992,963,924,1055,999,1179,1669,732,872,1281,1532,709,698,1382,968,2682,2721,1185,1265,1040,1310,600,635,851,812,1476,1490,857,974,873,1506,2563,1311,979,1475,1559,1237,1229,1043,1410,1055,1201,908,902,863,1044,1282,1168,835,785,1392,1567,659,645,721,738,1033,1098,845,864,1912,1668,1029,1059
bing_querylogs|config_id=10983,861,842,609,628,593,615,920,1042,1018,960,1393,1303,1171,1205,847,1005,786,1161,1249,954,923,1179,1276,691,702,887,925,856,966,954,1162,1121,1037,797,764,1127,1243,1138,1078,1002,889,840,998,1037,955,805,665,1456,1492,882,923,784,898,832,662,962,883,1143,1033,565,625,734,733,1290,1328,773,787,704,1025,908,1052,1058,1334,1317,950,1021,986,969,1038,1021,725,742,706,704,1007,972,748,743,987,1013,692,675,654,700,796,755,664,641,1439,1363,961,939
bing_querylogs|config_id=10984,1307,1133,732,822,671,804,908,1013,1114,1109,1170,1170,1488,1670,1131,1289,1117,1345,1357,1006,956,1181,1262,715,720,936,1103,959,1086,1277,1140,1103,1202,889,978,1157,1237,1159,1791,914,884,928,948,1157,1460,812,832,1522,1481,893,780,1234,1395,1226,1026,1032,1444,886,879,581,593,1006,1258,1285,1518,967,976,863,1140,1247,1496,1372,1352,1247,1145,1050,1111,1023,1282,1212,875,1117,862,824,1243,1149,852,886,2107,1696,676,697,623,606,875,865,1146,884,1733,1511,947,958
bing_querylogs|config_id=10985,824,812,688,706,649,753,931,1061,876,897,1012,1581,2909,1842,918,701,771,1470,1543,911,857,1150,978,742,714,971,1050,840,1015,960,1214,945,957,788,755,983,1099,1043,1224,987,912,886,994,1331,1010,805,742,1060,1121,640,693,824,774,888,725,1234,718,801,766,605,608,900,843,1237,1085,795,678,715,837,806,660,810,1287,1201,1036,3386,1037,871,1080,1079,888,805,686,778,988,1071,783,966,3008,1127,684,689,566,618,751,804,954,1026,5150,1193,934,928
bing_querylogs|config_id=10986,962,953,787,790,810,812,931,931,880,899,1214,1229,1477,1687,948,932,930,1228,1212,889,1015,1249,1268,766,772,945,1066,1264,1422,1122,1224,1279,1367,992,950,1150,1275,779,736,884,881,1039,1039,1088,1450,908,913,1147,1118,776,776,1075,877,875,878,1164,1164,1123,1113,646,738,798,840,1296,1351,886,892,896,703,702,1202,856,1540,1482,1117,1086,1035,1025,1169,1175,797,860,945,906,1237,1179,1020,941,1300,1310,804,808,878,802,981,975,853,883,1329,1374,977,1027
bing_querylogs|config_id=10987,1532,1671,1056,1058,1123,1229,1193,1267,1140,1250,1440,1442,2222,2153,1307,1303,1285,1399,1520,1651,1170,1666,1711,962,966,1456,1267,1703,1675,1486,1598,1585,1486,1303,1313,1465,1451,1131,1070,1252,1074,1327,1329,1581,1760,1056,1147,1428,1426,995,995,1481,1365,1438,1439,1745,1718,1403,1395,812,861,1195,1167,1634,1647,1125,1103,1097,962,951,1256,1372,1785,1794,1444,1421,1538,1636,1317,1381,1070,1032,1103,1124,1612,1522,1157,1151,1663,1480,1012,956,918,921,1358,1373,1202,1124,1518,1461,1544,1538
bing_querylogs|config_id=10991,1280,1077,1517,1238,919,808,932,945,1591,1098,1552,1698,1879,1827,1121,1137,1345,1558,1441,1435,1211,1452,1449,993,848,1284,1208,1359,1514,1696,1445,1780,1691,1148,1127,1479,1486,1150,1628,1055,1010,1047,1347,1754,1417,944,1041,1894,1882,779,779,1714,1259,1263,1367,1541,1378,1393,1236,699,725,968,952,17996,1817,1171,1023,1008,16958,1501,1665,2051,1668,1624,1197,1450,1471,1547,1309,1410,887,999,1074,1096,1332,1427,1090,1079,1515,1618,828,897,841,820,1264,1330,2574,1323,2037,1650,1323,1326
bing_querylogs|config_id=10995,972,1155,688,781,640,689,884,877,781,848,1241,1351,1392,1347,834,810,831,1297,1392,885,962,1356,1156,739,750,1020,1110,961,1547,1287,1478,1158,1141,846,853,1115,945,1007,704,846,997,787,905,1064,1057,830,985,1221,1211,826,871,1064,864,1124,759,956,1208,959,1080,670,651,897,948,1088,1129,796,907,759,950,824,786,809,1419,1184,1110,804,898,885,1223,1298,924,897,854,870,1308,1070,863,831,1371,1140,646,691,607,733,896,993,808,731,1065,1133,923,973
bing_querylogs|config_id=11005,851,773,782,669,560,1694,905,953,721,892,946,1075,1295,2839,792,853,845,1295,1711,841,988,1004,1031,691,697,920,909,1208,871,1121,1067,866,864,740,768,860,926,1146,776,827,895,804,850,979,3591,691,1047,1070,998,678,696,1100,914,1074,747,1065,914,852,806,595,567,823,950,989,1041,678,761,728,774,915,820,826,971,1481,838,1094,838,1064,967,1029,873,742,691,706,935,978,859,727,1055,1521,628,626,598,585,839,727,930,1238,974,992,894,917
bing_querylogs|config_id=11009,1097,932,706,711,638,637,968,1131,953,965,1309,1343,1466,1555,1066,999,923,4149,3272,1473,1184,1136,1141,888,830,1021,1144,1043,1055,1276,1362,1201,1366,911,984,1121,1086,1240,1247,980,972,764,866,1254,1290,841,836,1411,1447,815,815,1012,950,35854,50821,1003,986,1060,1052,666,629,811,791,1146,1271,763,888,865,2590,984,1043,1094,1355,1231,1103,962,1236,1149,1132,1248,909,902,878,931,1286,1224,943,910,1359,1400,804,738,696,696,998,996,691,686,1306,1339,1054,895
bing_querylogs|config_id=11010,974,918,721,718,782,780,848,866,864,876,996,995,1184,1124,871,833,821,1039,1130,820,800,1023,1014,749,729,901,951,1083,1046,1010,1023,1056,1078,795,893,995,1006,650,654,787,797,786,776,1110,962,708,764,991,954,699,708,823,810,784,764,979,939,937,924,599,648,795,805,1131,1127,868,845,812,660,665,855,1013,1249,1195,967,935,900,926,953,960,764,766,818,785,1031,1034,823,851,1030,1048,669,669,784,796,817,824,787,673,1106,1069,844,833
bing_querylogs|config_id=11011,1021,1021,800,803,851,853,893,893,1024,1031,1170,1170,1106,1138,1011,1036,1045,1048,1084,919,953,1085,1085,873,879,973,1049,1110,1206,1314,1265,1328,1166,1029,1106,1198,1166,786,712,941,938,959,930,1019,1019,856,943,1283,1292,845,845,1087,1064,853,856,944,951,1018,1029,669,715,1060,1060,1299,1302,943,943,911,684,684,1019,1018,1361,1295,847,881,995,998,1188,1194,810,807,906,948,1345,1297,949,1036,1172,1068,766,742,833,843,1087,1097,726,734,1208,1231,1063,1066
bing_querylogs|config_id=11012,1085,1085,829,832,802,804,889,889,973,994,1165,1165,1311,1305,1077,1077,1066,1152,1188,958,988,1083,1102,823,829,976,1020,1169,1203,1416,1413,1117,1362,1041,1146,1129,1129,1282,1280,1027,1024,1005,992,959,957,949,904,1252,1245,851,851,1098,1179,879,882,943,954,1114,1114,717,712,1031,1032,1275,1274,856,906,938,761,747,1000,808,1360,1299,891,900,978,978,1197,1206,813,797,894,888,1384,1393,984,1005,1358,1355,758,758,825,817,1070,1064,774,728,1329,1173,1023,1026
bing_querylogs|config_id=11013,1016,974,777,767,737,802,908,908,904,911,1091,1064,1079,1147,844,884,881,1114,1146,895,958,1097,1103,800,787,887,980,1046,1222,1049,1047,1154,1139,855,940,1080,1080,800,788,872,831,872,876,1041,1049,751,798,1041,1038,719,719,896,898,837,831,1015,1015,1027,1036,678,631,824,823,1228,1249,819,793,787,743,743,1074,1141,1314,1314,1076,1085,954,954,1042,1048,839,937,780,834,1093,1093,997,1054,1230,1235,715,721,802,689,890,859,738,746,1144,1148,861,865
bing_querylogs|config_id=11014,1008,1017,734,769,749,707,963,965,833,851,1346,1342,1385,1414,1017,871,839,1292,1314,942,1282,1219,1205,834,853,1018,1091,1063,1066,1283,1256,1194,1209,882,940,1267,1425,777,775,933,924,980,1090,1125,1173,778,778,1393,1471,766,762,971,960,926,1052,1130,1159,1127,1122,689,640,969,940,1564,1374,923,891,882,1040,938,923,950,1335,1316,900,912,998,983,1078,1087,979,888,863,782,1359,1257,889,902,1306,1255,712,720,778,794,908,1088,1092,737,1584,1474,1096,1099
bing_querylogs|config_id=11020,1056,974,748,751,846,858,976,1060,922,927,1178,1172,1260,1281,1063,1065,1011,1130,1204,1046,918,1060,1143,788,788,870,846,1126,1247,1083,1146,1130,1150,900,930,1145,1060,1031,1310,1018,954,960,959,1176,1141,801,798,1314,1417,731,734,977,1034,891,897,1088,1009,1013,993,616,612,943,896,1158,1209,824,809,803,808,987,1352,1171,1324,1317,931,1253,994,1001,1081,1080,728,744,881,877,1089,1198,863,858,1585,1290,769,730,821,779,991,870,903,886,1169,1238,936,993
bing_querylogs|config_id=11023,1015,952,856,950,864,908,1100,1098,956,995,1170,1279,1322,1437,1059,1161,1122,1230,1315,1030,1050,1206,1192,914,926,984,960,1167,1161,1184,1127,1080,1096,999,983,1170,1186,742,750,1034,1022,1020,1050,1155,1106,849,846,1349,1337,801,822,978,1037,868,871,990,1076,1107,1098,701,683,906,994,1308,1238,856,872,870,1064,921,898,901,1326,1247,905,904,991,970,1080,1075,914,937,872,868,1172,1237,984,960,1210,1356,780,759,880,870,972,967,750,754,1376,1237,1057,1058
bing_querylogs|config_id=11025,1282,1201,795,828,951,812,1469,1459,1097,1020,1230,1306,1644,1705,993,1199,1065,1574,1649,1048,1143,1419,1244,961,928,1072,1030,1093,1268,1366,1227,1201,939,1014,1043,1079,1118,762,855,1257,1120,1185,1092,1268,1258,944,807,1373,1571,934,935,1149,1110,1022,1110,1160,1166,1038,1037,897,722,1199,1099,1323,1441,1034,990,1012,1377,1144,1066,1070,1388,1408,1063,984,1385,1390,1040,1090,1101,1086,1008,1018,1265,1233,1160,1128,1890,1556,846,842,946,911,994,1233,905,954,1086,1123,1152,1147
bing_querylogs|config_id=11026,999,1005,918,897,821,836,1004,1021,969,975,1164,1128,1284,1277,1025,1027,998,1228,1316,1046,1055,1155,1148,900,898,1062,1076,1137,1159,1220,1206,1077,1088,985,986,1193,1193,863,854,1000,951,939,932,1099,1113,879,887,1167,1159,863,889,972,972,988,947,1046,1025,994,997,782,784,997,971,1202,1247,894,900,892,1019,982,946,950,1181,1221,954,995,1055,1050,1075,1075,948,932,887,905,1213,1199,923,927,1202,1269,824,823,902,905,996,956,1060,847,1289,1219,1078,1077
bing_querylogs|config_id=11027,851,800,739,737,760,706,864,867,815,838,1069,968,1135,1211,843,912,845,1142,1194,855,858,936,915,750,756,980,1036,1015,999,1107,1123,971,966,855,848,1101,979,686,682,831,828,806,847,950,965,749,767,1020,1020,731,735,763,795,815,777,828,854,853,836,611,605,806,797,1034,998,763,758,767,801,832,789,790,979,1034,801,808,904,872,964,967,790,796,785,756,1028,1011,782,782,1081,1089,690,675,758,754,818,813,681,682,1071,1085,920,928
bing_querylogs|config_id=11028,1021,974,885,893,884,886,1047,985,930,951,1211,1186,1764,2654,1073,1022,994,1348,1569,988,1080,1184,1166,930,934,1067,1124,1205,1215,1172,1193,1117,1158,1054,1048,1241,1215,815,808,943,963,962,943,1210,1135,911,962,1176,1181,869,839,1049,989,1316,964,1074,1047,996,1000,756,756,986,986,1252,1185,899,902,897,1330,1100,930,1047,1175,1262,947,971,1112,1112,1133,1133,953,949,910,907,1159,1240,949,949,1425,1564,812,808,876,882,970,1033,1050,818,1359,1350,1088,1088
bing_querylogs|config_id=11029,1007,967,885,897,884,882,1016,1015,949,971,1250,1177,1720,2269,984,1026,1076,1296,1553,989,992,1146,1184,930,934,1070,1016,1229,1215,1263,1252,1150,1143,1051,1047,1181,1289,820,814,955,994,940,1010,1111,1108,965,895,1171,1204,839,858,917,1019,1316,1138,1022,1041,995,1000,735,753,972,1007,1274,1169,900,902,899,1272,1127,930,930,1236,1183,968,971,1126,1112,1133,1133,889,934,912,899,1255,1175,919,920,1336,1445,804,808,868,867,963,959,815,818,1305,1350,1088,1088
bing_querylogs|config_id=11030,1007,967,892,894,861,862,1047,1122,979,971,1262,1211,4421,1526,1020,1114,995,1319,1349,1077,992,1146,1229,926,934,1070,1016,1229,1231,1173,1259,1135,1158,1050,1052,1269,1139,810,807,963,944,940,943,1116,1195,966,966,1182,1176,839,839,1019,1019,962,1319,1018,1037,1004,1000,754,752,985,985,1263,1180,914,930,896,1164,1045,1086,929,1224,1201,969,955,1058,1065,1134,1124,934,894,907,903,1213,1162,919,949,1567,1345,803,808,875,874,1039,958,815,818,1323,1350,1088,1089
bing_querylogs|config_id=11031,941,869,858,891,943,1116,984,950,1064,1136,1229,1233,1763,2079,1227,1168,998,1382,1671,1185,1067,1134,1276,844,848,1025,973,1371,1261,1226,1322,1045,1191,1025,1174,1145,1039,2076,1100,923,996,1090,1128,1363,1211,1014,905,1071,1464,793,810,962,1076,3382,2906,1371,1297,966,1046,701,701,857,858,1393,1393,947,937,925,1779,2126,837,1188,1193,1252,1230,1919,987,1116,1258,1098,827,861,917,1054,1213,1077,888,913,1331,3865,772,734,835,920,983,1095,1072,840,1814,1990,874,995
bing_querylogs|config_id=11032,967,900,821,847,855,786,924,1111,1057,1112,1264,1136,3567,1425,1125,1195,1202,1719,1340,1176,1145,1404,1481,996,842,1034,1017,1295,1298,1301,1370,1070,1052,1012,1047,1196,1186,830,979,1026,976,1103,1113,1417,1020,907,906,2255,3021,803,828,1021,1104,2953,3041,918,1213,1061,954,705,806,960,862,1357,1128,946,961,955,1816,2134,878,1025,1505,1276,1428,1535,1169,1189,1031,1123,867,863,1050,938,1203,1211,1002,927,1506,1716,761,834,804,984,993,1003,834,1833,1578,1995,930,996
bing_querylogs|config_id=11033,944,1056,809,828,920,902,1096,972,1137,1030,1326,1219,2419,2801,995,1072,1048,1330,3332,931,1169,1218,1266,828,800,1086,1043,1358,1056,1309,1222,1052,1058,1034,1047,1102,1033,1964,1905,996,992,1030,1057,1052,1205,901,1023,2517,3188,870,865,1060,984,2792,3265,1082,1306,970,933,714,704,864,983,1222,1184,964,971,958,1940,1019,1076,1084,1252,1354,1360,1560,1071,1098,1269,1313,829,831,967,967,1076,1080,985,928,2534,2385,733,761,809,784,952,991,2654,1159,1695,1260,893,891
bing_querylogs|config_id=11035,1148,1121,1003,949,1114,1169,1038,1411,1184,1201,1431,1389,1578,1630,1204,1133,1216,1653,1483,991,1390,1420,1408,927,929,1108,1162,1159,1243,1320,1513,1226,1207,1096,1166,1214,1336,1647,1384,1123,1059,1202,1193,1301,1177,979,978,2505,1871,989,984,1117,1074,3003,2617,1222,1757,1268,1183,798,800,992,1062,1481,1323,1034,1065,1043,951,2439,1381,1479,1233,1310,1150,1511,1291,1221,1189,1226,981,979,1073,1076,1196,1235,925,1011,1592,1425,838,843,1052,1008,1087,1097,1156,1483,1587,1422,1256,1206
bing_querylogs|config_id=11038,1171,987,843,935,940,962,1216,1072,1153,1112,1269,1382,2841,2533,1185,1230,1067,1464,1956,932,1086,1156,1181,775,803,1084,1116,1324,1327,1186,1328,1041,1055,1040,1004,1034,1100,1942,1424,983,935,999,1172,1223,1113,1130,909,1178,2199,828,807,1087,1038,2683,2883,1507,1810,1069,1069,712,710,867,926,1287,1302,984,949,937,1249,2437,1082,1135,1404,1138,1374,1409,1078,1066,1254,1278,843,834,940,851,1163,1078,929,907,2632,1291,740,766,953,925,1041,940,1070,1073,1319,1899,895,897
bing_querylogs|config_id=11039,1007,897,720,635,645,731,810,877,835,785,1116,1039,1209,1102,758,782,759,1201,1273,844,811,1057,1214,701,716,849,943,941,971,1136,1100,1056,1009,758,795,979,968,853,822,912,870,801,890,1153,937,770,773,1075,1063,729,780,869,881,892,792,852,824,880,830,624,710,810,868,952,1046,753,755,785,652,759,787,793,1203,1132,992,854,977,939,1038,1128,767,790,802,795,1122,1102,1043,883,1122,1105,694,743,654,662,826,763,975,895,1080,1079,838,819
bing_querylogs|config_id=11044,973,861,607,676,536,538,963,798,834,734,1010,1020,1600,1697,781,848,789,1231,1304,823,869,1245,1191,700,673,981,1021,1056,1315,1124,972,894,874,711,755,904,1023,730,773,802,825,725,754,1184,1469,685,818,925,850,684,733,987,838,1006,836,950,944,723,762,559,558,822,914,965,1091,747,674,700,1165,708,810,916,875,888,1331,2094,811,822,885,966,687,945,701,778,1029,991,883,792,1782,1269,609,601,560,610,749,647,943,753,1171,1134,1003,727
bing_querylogs|config_id=11049,778,891,729,693,611,586,1039,1032,793,739,1058,985,4010,2953,691,848,750,1404,1033,1023,1587,1054,1212,691,714,918,869,886,1049,1099,1013,867,876,694,729,911,928,1286,1370,1285,817,805,851,877,1106,1030,835,1149,1077,770,629,1286,847,719,1232,1117,800,826,874,581,571,893,745,1380,1342,686,750,697,1026,931,801,1198,1094,1112,886,1150,941,936,1023,987,942,815,693,821,1101,960,849,847,946,1823,764,621,644,576,899,773,938,752,957,1137,900,827
bing_querylogs|config_id=11058,976,775,605,702,597,554,966,986,873,734,1225,1046,2305,1514,736,938,749,1185,1391,757,769,1316,981,673,708,845,976,918,1036,1112,1068,899,921,727,719,1018,908,927,1824,842,725,937,758,2809,1078,664,776,1117,995,688,681,825,915,895,1087,784,727,896,798,557,556,838,1335,1179,991,667,670,754,1514,874,617,697,1190,1286,714,999,1013,930,979,995,729,725,767,642,927,1025,825,834,787,1112,616,606,523,548,766,695,956,857,1264,1007,958,955
bing_querylogs|config_id=11067,1027,1069,762,896,610,615,807,842,847,980,1090,1190,1215,1174,929,818,861,1269,1446,891,883,934,1175,691,679,858,1021,929,1113,1186,1337,1103,1100,819,919,1001,992,893,804,903,902,836,814,1117,1045,782,899,1285,14524,928,804,931,870,964,942,1039,955,948,911,645,662,764,906,1075,1233,809,794,779,741,873,840,775,1375,1306,873,914,971,864,1111,1296,886,884,808,808,1280,1331,891,969,1060,1009,727,690,647,613,887,994,755,887,1242,1154,989,814
bing_querylogs|config_id=11082,1181,1176,854,849,581,582,1440,1417,934,930,1192,1125,1827,1777,930,925,929,2475,2507,910,909,1075,1060,649,652,786,839,1061,1060,921,917,916,911,868,857,833,861,765,766,856,862,933,956,1862,1835,1066,1029,1083,1084,602,613,800,802,1213,1216,741,743,738,810,547,545,678,679,1045,1043,618,621,638,1380,1366,1022,1016,1049,1064,2159,2157,806,903,880,883,711,704,783,751,956,954,697,688,1082,1081,625,605,565,604,961,922,917,920,1144,1163,844,811
bing_querylogs|config_id=11083,765,771,587,582,662,589,797,755,758,733,877,789,1019,1055,733,738,717,874,932,649,659,972,897,653,642,838,866,768,760,944,1042,903,907,709,716,787,854,722,664,672,698,675,694,851,833,592,601,871,853,629,662,650,679,737,684,787,717,737,722,567,567,720,733,957,864,642,614,717,577,704,628,625,913,922,671,739,913,833,889,906,671,672,674,608,974,940,704,695,837,816,629,603,630,612,729,683,580,587,896,926,764,794
bing_querylogs|config_id=11084,744,702,581,571,578,577,815,734,714,743,1000,951,830,973,791,755,719,915,868,750,760,1005,919,620,654,812,847,757,748,931,925,880,894,715,696,781,905,484,489,701,699,684,704,902,799,594,635,1071,1019,613,637,690,688,686,615,705,787,744,678,602,555,668,676,848,937,687,693,728,678,780,593,740,1056,1002,755,733,780,736,920,874,704,665,664,644,947,937,686,727,1033,802,614,595,593,574,729,707,604,729,976,1136,760,743
bing_querylogs|config_id=11085,733,753,609,629,764,609,829,837,699,695,869,820,963,975,710,720,719,964,1001,772,703,917,992,632,615,877,883,849,815,1024,1036,870,876,722,703,760,872,628,636,819,807,685,716,866,771,639,632,864,944,688,630,718,783,652,768,815,807,764,743,565,566,787,692,1007,838,639,662,673,692,724,707,804,874,1022,736,769,815,738,986,964,692,697,711,661,1025,966,775,713,881,826,634,610,557,594,725,667,729,675,852,839,738,778
bing_querylogs|config_id=11086,742,750,563,556,558,578,803,787,717,733,868,797,1059,881,756,809,829,910,1753,667,673,959,957,620,618,824,900,741,758,1035,1093,914,922,722,710,888,988,693,839,676,676,692,809,836,913,598,561,1018,920,664,732,679,681,1528,33342,1133,1404,778,762,574,574,694,691,935,862,700,659,662,983,733,654,634,969,1058,660,663,968,874,907,916,656,664,653,625,986,970,758,745,1709,996,618,598,570,599,693,684,692,740,1006,917,811,840
bing_querylogs|config_id=11087,862,875,576,634,582,584,941,1032,791,782,948,930,1091,1022,828,836,794,4154,3102,852,881,984,991,626,626,798,804,782,774,1042,1022,866,910,713,703,778,853,736,705,799,827,803,767,908,899,709,693,932,1069,706,692,723,722,33322,33338,738,743,793,776,579,580,676,681,969,891,709,646,688,843,1456,955,979,933,940,33379,692,839,843,894,921,740,744,730,643,974,984,701,731,1267,1189,630,600,585,571,702,661,618,628,1054,992,829,840
bing_querylogs|config_id=11088,981,1028,663,664,767,755,832,840,850,871,957,906,1298,1159,890,947,985,1031,1116,919,626,960,1016,645,642,809,844,1015,867,1035,1053,1007,999,831,816,915,948,927,883,740,785,771,815,1014,1051,765,781,1069,1051,705,699,998,946,905,1039,978,879,713,702,599,601,785,784,1242,1240,721,781,803,922,833,1669,892,1036,989,803,796,876,851,1014,1027,789,788,782,767,1127,1120,777,777,959,1399,663,594,588,568,798,757,759,1205,1071,1116,812,839
bing_querylogs|config_id=11089,885,880,745,746,704,714,879,834,821,823,1046,937,1162,1097,869,837,871,1198,1174,867,873,1015,1075,754,749,917,957,979,973,1124,1120,963,980,847,846,1035,1098,704,702,836,787,774,778,966,906,747,745,1025,1044,714,719,817,813,805,760,878,840,872,827,646,639,810,799,1172,1009,727,767,811,826,867,779,780,1082,1069,759,805,898,906,986,986,792,797,761,730,1108,1130,791,788,1077,1211,681,652,782,792,816,867,889,704,1123,1074,930,915
bing_querylogs|config_id=11090,872,873,739,725,711,712,882,838,833,839,1064,990,1146,1114,864,878,839,1140,1168,918,867,1053,1039,758,799,946,934,918,971,1119,1127,960,987,844,846,1031,1058,693,694,834,801,778,779,939,933,773,713,1027,1042,714,716,802,798,805,808,837,873,871,831,630,633,789,784,1087,991,736,785,746,841,822,795,773,1071,1042,799,803,861,866,981,975,796,787,781,726,1111,1105,777,783,1126,1172,681,651,761,784,848,805,892,769,1148,1084,917,923
bing_querylogs|config_id=11091,1067,962,746,738,824,792,840,837,938,892,1030,935,1162,1058,919,883,864,1050,1069,744,751,982,985,737,746,916,940,934,957,1117,1139,1010,986,917,914,912,1026,696,691,831,843,831,853,896,920,839,762,1069,1088,813,813,902,894,790,779,868,795,811,824,634,628,889,888,954,925,830,825,838,684,656,706,709,1019,1024,760,784,871,878,1049,1066,791,762,817,777,1190,1121,877,896,1040,1056,698,733,766,803,931,907,690,690,987,1003,930,903
bing_querylogs|config_id=11092,862,957,730,705,688,670,887,814,848,924,1123,1009,2024,2176,960,1092,931,1742,1226,685,861,1138,1109,635,668,873,879,876,957,1176,1190,1115,893,867,867,1084,1023,981,1540,761,807,871,877,1230,1379,695,711,1187,1260,705,679,866,841,1731,1865,896,795,859,870,623,597,808,815,1094,1029,759,850,711,669,705,937,879,1024,1160,800,1549,845,990,1061,1052,681,714,794,752,1097,1028,821,818,1367,1378,661,611,737,742,900,787,858,1242,1086,1097,815,790
bing_querylogs|config_id=11093,891,929,690,693,865,734,881,1123,937,914,996,925,1218,1286,836,902,1008,1505,1478,1055,1057,1078,1026,657,648,924,906,1045,990,1099,1049,890,940,782,893,951,1010,1346,1195,806,778,917,889,967,935,778,758,2203,1096,670,681,821,827,2691,1896,789,771,921,806,606,589,696,759,1133,1057,852,670,775,1466,2319,948,916,1178,1146,839,1623,940,929,1058,1089,706,686,788,756,1143,1059,854,724,1738,1414,618,587,787,767,883,876,882,778,1457,1138,899,937
bing_querylogs|config_id=11094,1022,1007,831,839,687,682,1712,2494,862,859,1324,1496,3460,3568,950,904,891,7083,4546,912,938,1030,1145,681,684,885,900,1078,1076,1194,1206,1002,982,809,800,947,1111,2063,2015,889,874,921,931,1959,2269,699,645,3409,3113,690,711,835,794,13920,10828,870,859,835,845,557,555,820,816,1486,1838,718,703,711,2721,5635,867,859,1246,1430,1223,1219,1097,1102,1135,1110,776,797,670,644,1197,1184,801,800,2089,4192,617,598,693,744,892,827,1000,981,2415,1432,933,922
bing_querylogs|config_id=11095,1036,1036,645,629,974,993,803,781,851,788,1134,1134,1145,1145,940,931,916,995,1019,842,845,1145,1247,690,693,866,837,868,883,1322,1286,951,1028,795,784,1116,1064,725,691,894,851,879,879,799,828,752,752,1219,1187,753,753,868,858,1123,1122,969,1057,822,924,579,531,762,762,1072,1207,795,795,789,817,796,1010,993,1374,1397,900,884,1201,1116,1126,972,629,650,788,788,1177,1227,801,801,1172,1138,707,747,866,859,1195,1155,810,811,1242,1303,1095,1095
bing_querylogs|config_id=11096,721,705,571,542,499,520,757,856,722,729,857,858,1112,981,746,779,637,1034,849,730,689,823,822,601,628,851,823,690,688,854,930,904,818,704,700,815,777,791,805,619,663,677,674,863,806,570,582,776,835,635,596,689,646,982,944,934,647,686,686,495,537,660,721,1036,1052,645,647,580,866,731,610,601,1166,979,763,729,767,957,817,790,679,556,580,595,975,806,702,691,1071,936,570,604,667,524,646,665,732,592,921,887,746,861
bing_querylogs|config_id=11097,1098,830,773,776,767,698,874,979,1060,943,1128,1100,1709,1562,1351,1076,1019,1418,2713,1023,990,1134,1220,676,692,840,826,1038,1023,1050,1131,1072,954,901,922,1088,1043,1005,620,841,817,913,926,1128,1430,774,862,1126,1110,666,681,938,879,2112,2420,970,890,969,948,621,588,813,750,1101,1107,741,953,865,1371,1340,998,987,1166,1214,974,878,1178,1187,1163,1081,697,690,938,908,1030,1290,832,820,1849,1213,637,637,734,633,962,980,797,835,2114,1194,876,1074
bing_querylogs|config_id=11098,784,809,624,622,610,618,919,739,769,741,887,914,1267,1020,798,814,797,1018,924,799,686,925,978,684,683,831,813,764,834,969,1009,937,946,740,739,916,920,982,900,782,718,735,741,901,965,672,678,843,892,683,659,712,706,774,801,893,907,782,761,563,566,756,746,873,979,699,696,682,805,692,690,699,1064,996,1168,683,1012,911,934,938,745,794,674,741,909,974,789,781,892,860,617,650,596,619,752,774,795,667,860,973,811,1012
bing_querylogs|config_id=11099,715,791,569,599,564,565,1035,755,786,875,1314,1156,1022,1342,899,704,700,956,1429,724,634,1036,1100,681,647,823,825,789,803,876,906,892,939,726,706,1079,1015,710,782,800,762,742,766,875,889,712,615,1107,1278,629,627,738,750,891,860,757,683,827,847,541,619,718,843,1034,1185,699,702,681,713,927,704,698,1078,1093,738,724,923,903,929,918,658,685,773,733,902,944,753,721,912,922,657,612,569,559,856,747,583,690,1138,1052,860,811
bing_querylogs|config_id=11100,747,742,645,679,591,568,1827,1265,862,830,950,854,1158,6896,891,936,957,6859,3715,861,875,1150,1025,661,667,844,880,824,823,1057,1057,919,923,737,730,863,1051,1605,1195,811,771,864,846,3354,1115,600,562,2240,1473,642,645,921,837,9907,13543,819,771,811,766,557,579,737,809,1274,1239,713,661,747,3588,1937,822,757,1054,1122,1172,1137,1008,956,906,900,659,691,740,715,984,988,788,811,1899,1329,623,606,579,604,727,785,633,635,1024,1063,793,802
bing_querylogs|config_id=11101,1491,1546,941,942,918,915,1104,1137,1136,1148,1480,1478,1533,1402,1291,1471,1433,1260,1383,963,1016,1518,1422,951,941,1256,1236,1540,1266,1543,1511,1426,1424,1148,1134,1392,1289,1032,1151,1104,1103,1140,1092,1521,1596,982,1101,1480,1481,907,900,1194,1401,2002,1031,1323,1027,1116,1206,784,783,1079,1073,1622,1604,1047,985,1033,1145,1062,1238,951,1526,1614,1305,1547,1517,1568,1398,1425,969,1031,995,1006,1482,1392,1050,1081,1844,1713,897,957,864,871,1347,1332,1117,1417,1494,1486,1161,1142
bing_querylogs|config_id=11102,819,797,652,651,638,653,787,735,794,803,953,948,1068,1059,732,782,746,862,877,867,834,950,994,695,724,930,870,891,884,1090,1121,1015,1023,807,767,887,883,769,799,758,729,753,747,1004,987,709,713,937,926,695,695,788,786,1699,834,774,918,842,780,603,598,806,779,1054,1018,720,699,688,760,1028,898,842,1224,1094,713,841,968,872,1054,985,765,765,731,694,1027,1054,805,761,922,968,651,698,678,643,829,797,668,864,991,1018,890,886
bing_querylogs|config_id=11103,791,779,623,622,613,613,865,831,803,817,1246,1187,1138,1145,935,893,894,1018,900,880,895,1049,1028,686,708,884,852,893,935,1035,1042,1010,1024,765,753,894,894,841,608,752,778,710,744,889,904,681,688,1172,1037,642,699,755,773,1586,662,856,803,776,927,629,659,742,775,985,1170,725,739,748,748,1118,841,777,1322,1215,867,700,873,902,1037,1006,722,745,753,746,1064,1033,746,741,881,970,672,674,586,686,779,784,777,945,1163,1052,803,838
bing_querylogs|config_id=11104,809,999,700,727,749,678,967,925,775,811,983,981,1171,1422,744,754,898,930,903,811,805,1211,974,698,708,917,842,944,1104,1135,1181,967,1028,694,771,1003,951,734,878,671,800,765,760,972,1049,744,797,967,977,812,742,799,966,1574,839,1079,1040,879,831,630,586,1008,874,1064,1061,711,763,719,877,1124,831,748,1292,1271,963,973,845,962,1208,1131,819,746,739,826,1158,1117,793,826,1396,941,676,711,614,598,742,765,646,1014,1005,975,761,789
bing_querylogs|config_id=11105,816,792,618,624,626,612,1108,860,802,758,962,955,1142,1009,749,759,869,1272,1236,781,786,1062,999,663,667,882,862,849,864,1150,1059,1011,1024,765,744,993,938,727,838,732,738,738,724,1077,1042,654,655,1170,1025,703,716,787,782,44611,7086,39650,2502,784,903,606,605,767,776,1032,1119,778,789,772,929,1167,666,664,1211,1173,774,779,1135,1009,1103,1000,770,761,694,729,1041,1041,763,834,4475,1021,675,675,618,619,747,756,903,933,1012,1079,943,994
bing_querylogs|config_id=11106,801,801,612,613,602,601,1051,2498,806,829,1071,1048,1018,983,830,995,965,2596,975,972,991,1031,979,707,684,898,859,892,907,1077,1103,975,1000,818,819,1025,884,1331,9886,883,736,809,806,933,994,672,677,1244,1393,751,776,1020,812,2601,11991,842,923,858,879,584,583,779,752,1084,1123,804,787,800,1000,1236,1225,40428,1100,1100,948,756,1041,1047,1058,994,783,813,768,763,1058,1031,802,838,1087,1426,647,647,610,612,819,857,681,851,1113,1144,941,897
bing_querylogs|config_id=11107,1108,1084,767,768,845,610,854,817,972,973,1098,1247,1204,1250,1168,896,1170,1170,1190,755,1054,1078,943,671,687,877,871,998,1019,1085,1143,1104,1087,924,951,1007,1018,1101,1146,780,818,858,874,1170,1172,792,859,1319,1186,762,750,1081,1140,1812,989,1037,1023,747,758,613,609,1001,870,1605,1224,881,801,848,932,1410,1057,1467,1213,1209,999,1011,980,1018,1163,1128,894,924,820,823,1150,1162,849,886,1876,1434,687,661,594,594,861,893,851,1473,1227,1232,990,919
bing_querylogs|config_id=11108,1005,966,780,780,781,790,945,922,844,854,1159,1179,1115,1223,1012,948,963,1151,1168,936,1009,1228,1040,845,830,964,939,1253,1271,1221,1204,1080,1093,1010,964,1087,1031,736,768,858,873,844,846,1064,1056,816,815,1149,1149,749,749,917,917,1755,861,945,980,972,978,672,618,893,893,1244,1147,830,803,800,965,1234,881,886,1199,1240,904,892,1050,1068,1087,1084,852,816,830,829,1188,1185,846,860,1195,1237,766,766,939,769,951,949,741,978,1358,1283,1046,1047
bing_querylogs|config_id=11109,951,940,757,781,781,780,893,901,837,838,1187,1216,1234,1303,965,996,980,1109,1200,940,942,1093,1098,826,830,976,928,1256,1308,1196,1189,1072,1085,963,1061,1196,1078,723,762,858,873,846,846,1068,1037,816,815,1149,1153,749,743,920,927,1754,861,948,938,978,978,672,671,886,886,1175,1264,805,830,823,929,1359,967,882,1293,1249,892,909,1045,1050,1091,1089,902,854,808,810,1185,1185,857,846,1182,1227,725,766,770,781,974,947,741,903,1346,1299,959,1047
bing_querylogs|config_id=11110,1187,897,784,756,891,839,852,859,935,940,1111,1119,1113,1112,943,972,944,1032,1060,852,860,1024,958,860,823,963,927,1105,1089,1252,1248,1083,1230,954,1008,1090,1072,902,908,879,878,936,1004,1041,1049,914,848,1184,1186,845,870,1023,994,1722,867,962,941,892,880,660,659,920,915,1205,1202,955,944,952,708,1059,793,794,1196,1242,892,836,962,972,1155,1198,814,814,881,948,1338,1302,940,940,1108,1108,751,751,767,766,1042,931,807,946,1141,1096,1055,1063
bing_querylogs|config_id=11111,1016,1096,726,866,734,734,990,924,992,1090,1183,1277,2558,2373,1037,1270,1031,2554,1715,854,855,1391,1161,712,778,912,850,1157,1318,1137,1245,992,1002,1131,1074,1203,1028,1334,1112,870,871,931,966,1202,1236,789,898,2152,1783,747,738,935,866,2763,2321,1935,2153,901,1014,625,584,919,912,1285,1330,838,837,805,1400,1634,939,993,1204,1134,887,926,1062,1113,1095,1046,807,723,813,867,1207,1159,909,944,4161,1914,679,674,874,827,984,945,1600,1175,1487,1317,952,988
bing_querylogs|config_id=11112,870,1006,829,807,817,736,863,946,976,986,1221,1156,1346,4210,1013,993,1022,1222,2144,837,784,1071,1082,730,727,926,873,1226,1113,1090,1160,995,1008,985,987,1035,1084,907,944,839,800,966,1130,1389,987,737,802,1085,1223,717,716,950,905,3917,3626,1397,1113,968,882,633,626,920,797,1184,1254,859,813,790,1719,1057,1001,995,1391,1173,1162,1510,982,1072,1067,1048,752,719,822,814,1193,1183,835,768,1216,1870,638,638,707,703,984,929,896,1047,1361,1335,1054,907
bing_querylogs|config_id=11113,1100,1100,846,847,782,780,1897,2165,926,924,1608,2101,5814,5185,1039,1033,956,10296,2449,1038,1078,1077,1083,754,758,962,925,1237,1252,1238,1237,1104,1088,855,866,1182,1139,1926,1676,991,976,1001,1009,2532,2748,746,734,1824,1734,770,732,929,1038,12162,13352,2446,2175,980,980,586,585,911,911,2686,3791,770,769,768,1708,4888,1024,1042,2505,3512,1458,1321,1276,1287,1186,1186,837,853,723,721,1445,1305,896,897,16711,1598,679,685,721,720,961,912,1114,1222,1853,5706,1057,1076
bing_querylogs|config_id=11114,837,797,706,724,688,628,2015,1287,879,862,1057,1066,1185,8806,1050,1072,1020,9459,7753,876,884,1146,1049,711,715,895,898,998,1015,1153,1138,1035,1053,800,808,982,986,1121,974,895,894,1008,993,4079,1476,700,657,3229,2105,717,717,959,1030,11562,18792,1163,1136,904,898,563,585,881,886,1394,1420,801,806,789,3756,3184,926,916,1325,1244,1457,752,1069,1047,1059,1103,758,750,813,812,1098,1012,914,835,1737,1755,679,694,628,627,804,791,690,851,1135,1092,966,1044
bing_querylogs|config_id=11115,924,757,647,660,643,620,798,738,739,815,944,924,1023,1081,724,749,773,1095,962,691,733,1043,947,689,673,795,840,849,953,994,929,861,877,683,708,842,820,703,670,750,750,773,744,886,853,691,739,913,985,684,644,836,867,759,639,889,1044,752,828,604,617,721,746,939,891,670,657,708,675,622,736,689,1201,1116,779,831,747,925,1014,1052,749,732,678,756,925,874,579,795,900,679,648,625,612,584,689,699,684,657,990,1045,856,761
bing_querylogs|config_id=11116,743,720,594,631,592,598,749,763,732,788,838,824,973,1014,705,802,777,956,818,720,782,936,870,687,697,793,818,803,814,921,914,910,924,671,709,796,841,677,731,708,661,713,734,844,839,643,626,915,891,615,648,763,759,710,720,754,831,775,792,590,561,708,743,955,946,638,696,714,821,661,650,642,1077,1062,681,770,846,866,964,958,707,635,665,661,856,874,746,762,851,845,618,613,625,620,695,706,623,673,915,952,805,749
bing_querylogs|config_id=11117,682,746,687,593,594,557,743,745,721,794,1025,891,1052,1060,839,846,794,859,937,743,767,1011,902,674,675,804,796,813,808,891,897,853,902,688,673,794,813,629,480,690,754,708,780,771,773,657,676,1189,1060,622,632,774,740,637,530,709,717,820,849,656,604,722,705,1028,873,723,668,707,672,614,689,728,1111,1181,666,688,768,766,919,934,668,720,684,719,874,856,713,754,850,915,600,652,546,727,734,713,651,609,728,1039,781,757
bing_querylogs|config_id=11118,707,745,584,587,565,576,782,986,817,784,860,853,956,1028,788,797,807,934,1171,664,662,988,913,675,674,830,799,887,915,917,1002,922,934,682,685,977,949,654,678,696,694,826,723,876,933,644,608,1061,1005,630,647,750,780,3730,5815,990,1452,756,865,582,564,707,720,1022,958,779,675,722,1046,1032,666,681,1144,1195,716,719,839,856,959,966,667,643,690,608,898,896,818,826,1458,1020,605,602,560,560,693,677,744,719,1026,935,817,837
bing_querylogs|config_id=11119,852,757,619,606,558,568,933,783,753,796,947,964,1068,1154,830,862,871,906,1027,742,944,1014,953,680,698,748,763,827,850,948,959,869,903,709,751,777,776,1907,836,839,819,787,742,949,868,743,739,1177,1196,683,704,805,841,33365,27775,847,1271,861,896,578,563,682,712,988,1028,734,733,706,873,1019,790,969,1094,1080,751,761,860,839,959,969,710,752,736,776,901,916,738,749,1227,1296,610,609,579,580,685,717,631,638,1106,1038,846,781
bing_querylogs|config_id=11120,1024,945,727,761,591,730,805,833,864,945,968,1175,1279,1138,845,888,1067,1023,1028,901,674,1046,960,685,687,774,778,928,1066,975,996,942,979,796,808,897,925,992,1009,738,703,851,785,978,1029,830,762,1184,1171,683,709,1049,1018,944,939,978,996,758,772,591,585,861,814,1049,1021,781,795,778,793,1147,3869,863,1136,1179,972,829,865,862,1096,1064,758,760,802,786,1016,1039,846,842,1262,1310,643,632,550,630,783,766,930,1176,1114,1308,872,836
bing_querylogs|config_id=11121,857,873,755,746,750,753,895,871,799,882,1021,1030,1147,1300,933,965,985,1126,1091,909,961,1066,985,788,785,874,895,1023,1049,1071,1045,987,997,816,848,974,1067,707,687,814,794,859,874,915,948,800,802,1102,1090,688,719,878,870,845,809,852,944,902,982,641,630,818,842,1053,1176,766,794,784,819,884,801,806,1197,1208,850,871,917,904,1022,1029,802,801,780,782,1023,1032,827,834,1104,1221,662,716,782,791,824,805,710,904,1176,1113,907,941
bing_querylogs|config_id=11122,844,898,756,756,755,753,856,907,814,844,1038,1037,1092,1120,994,937,977,1020,1080,905,902,1092,1059,788,789,880,894,1077,1057,1079,1055,982,985,818,834,1039,1048,702,705,810,781,851,836,1012,955,798,808,1121,1086,689,738,864,878,801,827,881,976,861,911,640,632,809,813,1102,1062,782,791,776,874,873,803,803,1167,1209,811,847,943,896,1023,1024,809,813,785,784,1033,1027,838,829,1112,1108,659,665,786,768,818,799,909,722,1154,1189,907,911
bing_querylogs|config_id=11123,929,939,758,759,803,806,870,862,901,927,991,994,1038,1112,931,931,928,997,1025,740,782,1019,959,776,780,875,879,972,990,1086,1058,1026,1108,844,898,981,954,801,739,849,835,863,903,904,919,870,866,1089,1098,769,788,954,964,815,782,779,934,893,903,643,620,894,916,999,1009,807,834,811,668,713,736,733,1207,1200,763,834,903,887,1089,1096,768,797,802,861,1076,1083,898,931,1078,993,709,712,735,735,952,800,719,702,1045,1026,928,956
bing_querylogs|config_id=11124,860,1031,761,719,597,721,951,1046,924,943,1126,1005,1430,1965,942,1093,933,1327,1175,1019,1031,1099,1121,745,715,835,832,1030,1104,1152,944,885,1000,920,921,1016,1022,1306,1412,761,752,842,844,1106,1629,730,733,1243,1302,668,716,952,906,1931,1750,1383,1063,936,1033,614,596,789,826,1010,1043,742,816,805,838,709,898,850,1181,1175,799,1205,918,900,1088,979,715,700,789,741,911,1013,869,891,1343,1298,677,601,748,827,887,852,839,1203,1143,1114,793,844
bing_querylogs|config_id=11125,860,793,756,761,559,645,1076,783,897,923,1129,1042,1231,1211,1051,996,1076,1089,1446,776,756,1152,1002,699,711,799,853,1221,1201,1150,1057,891,904,917,894,857,856,938,1301,823,740,832,882,814,1092,752,811,1485,1473,643,669,904,888,1806,2490,1228,818,920,960,592,577,741,743,986,1077,756,844,798,1032,2205,1006,838,1269,1190,909,1105,890,899,1144,945,720,692,769,852,1033,907,912,882,1307,1148,614,628,755,815,798,888,865,798,1150,1077,788,855
bing_querylogs|config_id=11126,1000,983,824,857,675,681,2734,1745,825,873,1337,1320,2831,3070,1360,1098,1095,7024,4652,959,1006,1106,1026,721,744,842,878,1136,1148,1149,1128,996,999,786,792,1037,1000,1089,1779,869,841,1037,974,1931,2172,684,692,1690,3499,682,695,872,877,10509,13509,10734,2846,853,918,578,557,827,838,2190,2173,720,700,723,4400,5657,924,919,1685,1332,1229,1159,1058,1088,1161,1188,783,798,679,663,1086,1126,857,838,3244,1958,611,606,698,675,814,816,1008,1154,1453,1760,976,916
bing_querylogs|config_id=11127,740,746,663,718,563,566,2283,1260,735,808,939,922,2778,1078,1008,978,1032,4597,9991,872,918,1120,1020,706,721,804,805,952,855,904,1010,940,932,715,749,793,942,679,873,840,873,848,908,1399,1472,626,626,3783,1840,635,685,908,964,13812,11488,760,857,873,947,573,558,716,814,1200,1171,696,712,662,4660,7287,985,1059,1300,1241,1315,1211,1085,967,940,963,753,687,760,754,934,916,841,820,1878,1798,608,639,568,572,716,698,660,668,1035,1042,808,843
bing_querylogs|config_id=11128,1273,1347,890,905,876,876,1095,1030,1009,1077,1307,1320,1381,1454,1351,1469,1440,1203,1167,897,915,1417,1346,881,887,1168,1180,1177,1413,1347,1347,1282,1296,1020,1100,1244,1206,1007,1028,1256,1001,1066,1121,1333,1368,908,994,1469,1416,854,882,1124,1066,993,1055,1183,1219,1202,1326,781,769,978,989,1466,1516,898,909,946,1101,1068,901,895,1477,1470,1426,1380,1225,1221,1276,1316,957,941,937,941,1232,1217,1049,1027,1207,1394,883,813,958,955,1157,1143,1077,917,1406,1344,1049,1128
bing_querylogs|config_id=11129,1066,990,1201,822,843,860,886,941,886,930,1160,1127,1691,1344,1202,1147,1154,1141,1206,823,1047,1183,1196,806,810,1068,1025,1157,992,1220,1211,1239,1259,876,908,1144,1142,950,1014,908,865,1171,990,1212,1205,921,864,1491,1522,686,703,1846,1369,1187,1718,1085,1344,1008,1046,601,583,791,831,1500,1383,907,920,902,1684,907,1107,1138,1366,1273,927,1283,1164,1158,1094,977,748,805,863,847,1175,1215,986,947,1199,1135,724,733,796,768,987,863,1454,1407,1416,1293,938,928
bing_querylogs|config_id=11130,838,890,664,688,714,755,810,768,718,795,1090,955,1125,1123,916,905,914,843,863,753,796,1172,1074,718,725,788,807,1074,972,1120,1081,1018,1017,756,747,1047,1043,678,658,1060,866,811,807,977,972,675,675,1170,1161,810,822,888,862,701,702,806,845,918,941,611,599,781,801,1056,1049,752,748,799,783,763,760,868,1326,1356,912,915,920,988,1096,1100,703,713,775,781,1093,1088,839,835,928,904,709,706,823,822,793,803,748,737,1101,1086,953,1015
bing_querylogs|config_id=11131,848,826,643,641,668,701,912,909,829,822,974,920,1250,1192,903,882,861,975,964,825,945,1000,926,704,719,805,821,1096,1060,1013,1030,974,1006,736,753,874,906,723,785,849,786,856,842,932,947,781,782,1139,1149,670,692,895,836,806,745,867,930,824,849,614,588,741,789,1039,1036,767,728,784,718,1185,812,799,1167,1184,1407,842,877,948,1018,1012,690,690,759,733,932,971,797,791,1014,1030,705,698,751,732,805,790,751,857,1080,1099,808,834
bing_querylogs|config_id=11132,865,876,699,701,739,777,822,843,790,860,870,869,1019,999,874,851,875,1020,1057,679,725,986,951,718,718,787,805,973,961,930,909,949,962,730,759,849,863,640,649,741,727,771,770,969,1016,718,717,958,923,669,687,808,799,747,782,868,929,858,888,587,615,753,773,1000,968,784,759,757,665,656,785,784,1141,1138,893,930,885,856,922,937,742,752,767,764,893,901,818,813,1009,1046,623,612,712,590,758,715,651,785,987,992,800,813
bing_querylogs|config_id=11133,713,717,622,613,652,709,940,886,702,729,905,866,838,839,677,713,681,801,780,647,676,1001,905,687,699,759,762,895,902,888,863,924,937,661,678,838,833,574,594,928,1679,722,718,862,835,676,673,991,997,634,656,875,809,639,648,685,734,764,836,613,596,767,811,958,1026,680,663,646,618,610,696,662,1106,1125,792,766,818,825,944,1032,741,726,654,617,871,891,719,864,952,986,618,615,565,560,699,683,763,794,951,957,746,800
bing_querylogs|config_id=11134,678,718,617,627,550,561,745,693,792,856,874,878,894,1040,919,925,929,879,989,633,684,972,895,691,703,812,813,919,821,893,871,925,937,764,800,858,908,821,791,732,710,758,818,877,939,647,614,992,996,606,630,787,851,774,772,793,859,735,752,611,558,681,735,973,998,707,698,692,628,625,622,633,1154,1147,753,765,781,728,951,946,697,725,681,661,906,924,782,773,905,976,595,591,593,573,716,730,670,669,998,1017,719,708
bing_querylogs|config_id=11135,1135,1130,876,879,548,560,1385,1384,924,974,1161,1156,1815,1839,995,1016,988,2415,2535,897,943,1117,1034,704,701,760,781,1149,1105,895,870,903,912,869,856,807,801,744,746,858,858,968,980,1819,1801,1075,1081,1161,1166,599,616,856,871,1208,1211,766,781,803,814,557,549,712,742,1121,1117,618,618,621,1393,1386,1055,1059,1215,1200,2202,2190,848,850,929,919,712,710,757,761,889,887,737,725,1124,1114,612,608,555,555,948,947,931,939,1120,1149,825,844
bing_querylogs|config_id=11136,862,863,633,579,558,563,718,794,725,755,861,873,1301,1256,1068,992,1091,1539,1545,620,662,1028,944,699,706,790,813,831,828,891,876,895,914,738,716,791,787,573,570,686,663,787,770,1588,1585,628,648,1109,1123,598,621,753,749,3251,3247,765,824,775,782,549,542,694,721,968,923,741,745,755,609,624,730,740,1113,1132,673,694,736,734,938,945,633,655,660,640,892,902,754,756,887,923,593,593,552,544,814,749,656,665,1026,1031,988,970
bing_querylogs|config_id=11137,952,968,740,719,679,705,970,968,801,817,1125,1128,1450,1462,892,916,914,1243,1215,813,1021,1132,1092,706,714,781,807,1098,1085,1159,1158,1003,1027,843,866,1013,1031,665,663,904,898,896,897,1143,1139,774,788,1191,1180,663,685,912,910,1432,1436,953,1011,935,922,572,551,788,850,1117,1167,761,771,721,777,777,970,966,1306,1320,936,947,969,1008,1098,1092,747,733,770,782,972,994,882,879,1185,1186,687,650,693,683,865,865,737,747,1139,1144,944,946
bing_querylogs|config_id=11138,863,967,691,783,726,736,753,742,944,934,1122,1029,1286,1135,979,878,935,976,1040,636,687,1042,929,707,691,766,784,850,920,1000,960,977,1002,806,810,920,914,886,864,744,791,828,850,1021,1006,744,817,1152,1098,683,710,941,1009,880,863,1102,1029,746,840,586,590,823,823,1111,1103,792,779,716,746,812,1270,1581,1160,1126,832,938,872,881,1065,1050,737,805,770,791,1024,1010,833,801,1241,1242,644,603,556,551,791,779,1211,1076,1011,1124,806,826
bing_querylogs|config_id=11139,956,972,708,707,713,729,796,796,928,945,939,973,1157,1093,935,1092,1045,965,1091,627,740,1044,928,688,689,847,776,922,949,983,977,977,983,790,804,913,894,837,864,814,766,834,854,1056,1048,770,797,1087,1242,683,701,1121,963,897,890,912,1195,739,765,598,587,842,879,1043,1069,792,829,770,889,821,895,1013,1172,1159,1143,1140,848,858,1042,1071,849,896,773,813,971,1025,846,855,1066,958,602,602,553,548,781,785,1156,1067,1222,1041,830,821
bing_querylogs|config_id=11140,887,974,721,727,726,767,803,774,903,964,962,909,1161,1429,1016,910,1009,1014,987,617,674,1009,980,684,684,760,781,826,1036,998,980,1017,984,801,822,813,904,995,981,747,773,822,820,1131,967,773,824,1107,1029,681,704,969,966,887,897,970,949,753,785,598,567,795,816,1177,971,763,821,822,871,857,1142,873,1132,1124,817,956,841,859,1062,1065,839,844,787,810,1039,985,858,842,1088,1179,645,635,552,551,781,778,1217,1492,1115,1092,820,838
bing_querylogs|config_id=11141,951,988,712,718,730,732,756,755,907,932,1030,1022,1167,1181,905,964,855,1017,1023,640,681,989,904,687,699,768,793,906,825,1019,963,987,981,807,830,891,929,917,848,756,776,816,819,1012,1025,757,893,1062,1109,686,703,1078,945,931,895,937,1038,765,892,607,593,826,861,1094,1128,722,791,796,895,866,846,2635,1199,1241,931,1123,869,849,1057,1052,884,896,764,759,1002,1033,810,846,1332,1188,609,637,573,552,811,788,1215,1113,1255,1113,969,827
bing_querylogs|config_id=11142,965,885,695,701,729,743,794,826,891,916,970,974,1175,1013,922,1020,878,1043,1010,642,879,1031,927,708,704,771,787,1045,973,980,976,993,1003,833,850,924,824,1014,949,805,758,820,840,1071,1038,765,824,1008,1241,690,705,993,1055,885,895,983,1018,753,790,575,593,800,820,965,1009,840,791,746,785,967,883,848,1179,1137,1054,837,905,872,1064,967,827,819,757,829,1033,1104,887,821,1319,1245,626,619,629,588,802,792,1860,982,1142,1192,884,843
bing_querylogs|config_id=11143,994,964,694,699,728,732,789,746,906,952,1063,957,1224,1246,914,968,969,1100,1020,936,942,1068,924,685,695,761,776,1040,826,976,957,990,978,807,810,898,897,865,961,833,749,823,843,1077,1057,821,793,1315,1190,682,683,992,1114,1106,977,868,978,873,782,603,565,811,847,1044,1355,786,796,737,745,788,911,2527,1159,1147,768,1228,874,880,1077,1073,882,852,757,753,966,997,857,799,1550,986,625,645,590,551,795,788,1113,953,1102,1138,822,835
bing_querylogs|config_id=11144,963,969,730,730,814,815,820,853,948,1009,1060,1109,1119,1239,1034,952,926,1077,1180,928,706,1022,940,725,744,810,820,1098,969,1051,1022,1016,1038,880,878,956,968,935,968,880,874,859,946,1124,1107,886,854,1240,1217,743,751,1099,1529,1064,922,1036,1064,800,843,627,590,843,912,1349,1047,784,800,853,865,891,1649,3096,1200,1250,1051,905,896,894,1094,987,877,858,830,833,1076,1053,894,898,1271,1187,671,696,587,609,843,830,729,1016,1132,1121,883,858
bing_querylogs|config_id=11145,953,985,734,747,734,797,835,835,997,979,1029,983,1102,1179,920,1102,974,1016,1087,812,706,1053,953,723,729,806,819,900,976,1017,998,1034,1078,879,908,966,973,928,945,824,900,899,938,1026,1048,862,852,1197,1175,736,763,1092,1109,939,1010,1065,1374,810,839,609,605,831,923,1053,1323,834,763,810,931,1030,907,3224,1261,1230,902,994,917,935,1108,1132,854,917,831,805,1029,1016,853,913,1314,1353,676,661,661,618,829,836,988,1168,1134,1121,867,855
bing_querylogs|config_id=11146,989,877,717,709,734,742,926,783,936,985,999,936,1103,1106,1014,922,1043,1054,1030,644,939,1048,932,694,693,782,804,933,985,989,1016,1003,1001,812,818,897,935,889,869,757,870,898,843,1072,1066,818,848,1179,1153,696,717,984,915,931,963,972,991,750,790,602,595,781,798,1020,1025,765,777,774,816,965,829,812,1187,1226,878,856,901,821,1070,980,844,842,769,766,1014,1009,861,868,1247,1008,636,641,569,587,802,804,1048,945,1163,1132,881,827
bing_querylogs|config_id=11147,902,863,870,714,647,731,851,802,894,944,1006,937,1078,1149,857,1000,988,963,1053,627,910,1011,982,697,693,864,792,826,921,991,959,982,992,807,816,921,912,916,865,734,710,841,832,1045,961,870,829,1054,1144,689,707,1007,1088,1027,985,931,950,744,776,580,571,767,947,1099,1113,837,776,784,853,911,1750,901,1136,1216,824,889,886,869,1029,1067,931,748,797,755,991,1022,803,848,1167,1204,628,637,565,581,823,799,1424,1298,1083,1102,838,846
bing_querylogs|config_id=11148,962,968,695,772,724,736,758,793,894,869,971,932,1219,1049,819,979,986,1026,1088,641,975,1002,971,684,692,760,793,921,1077,1032,967,979,981,797,812,892,902,858,951,745,728,806,831,1000,1035,817,837,1077,1221,682,707,970,973,846,872,957,1027,732,787,582,565,822,870,992,1105,791,753,770,905,890,3259,4119,1142,1172,800,884,864,903,1057,966,844,772,774,793,1052,978,877,859,983,1204,621,623,553,549,788,776,1071,1025,1023,1105,813,843
bing_querylogs|config_id=11149,918,999,701,702,726,641,787,800,896,930,1028,967,996,1147,934,908,927,983,1038,840,922,1007,962,688,734,766,796,1039,920,1016,1006,995,1007,818,811,917,890,959,827,754,731,795,830,1111,1039,818,806,1033,1086,687,712,936,1059,1027,890,888,956,754,782,608,592,816,831,983,1164,747,718,844,800,1108,1107,2378,1187,1187,1116,1271,864,894,1101,1065,813,826,759,786,972,967,802,847,1182,1227,641,612,556,628,792,783,1031,1166,1013,1138,808,825
bing_querylogs|config_id=11150,1154,1053,861,873,899,893,974,966,1098,1112,1124,1119,1318,1321,1125,1068,1040,1203,1237,920,838,1202,1136,858,856,947,948,1205,1089,1143,1161,1151,1163,981,970,1081,1065,1126,1139,931,907,1001,971,1192,1212,990,990,1250,1327,851,869,1228,1190,1117,1070,1063,1202,935,934,768,749,1027,1011,1484,1340,912,958,927,936,919,1153,1125,1326,1362,1250,1157,1007,1005,1219,1269,1046,943,943,919,1155,1185,1019,1000,1364,1426,775,799,749,746,935,932,1146,1291,1313,1225,986,1003
bing_querylogs|config_id=11151,1045,990,696,706,785,661,846,853,889,890,1130,923,1177,1136,901,833,908,1106,1055,870,893,1042,966,714,719,770,799,932,880,1009,996,999,1041,827,824,966,962,968,899,898,813,819,811,940,926,806,838,1213,1261,698,719,975,906,1021,920,932,1044,823,865,610,573,863,845,1247,1051,820,785,818,809,948,1130,1270,1225,1180,888,915,873,883,1085,977,822,823,828,819,988,1040,842,818,1223,1302,658,649,669,592,794,796,1120,1183,1188,1150,823,826
bing_querylogs|config_id=11152,879,983,713,720,726,731,853,798,914,907,955,981,1132,1293,887,899,1029,989,1106,845,673,1011,931,677,684,757,775,967,1032,972,953,1014,978,796,806,920,890,1048,955,747,744,821,759,962,886,820,832,1195,1123,683,700,971,1064,869,908,951,997,745,782,578,565,818,841,1208,1029,728,803,802,784,815,865,1279,1156,1211,1049,911,832,1004,1088,1033,845,852,807,779,1037,983,811,818,1275,1143,601,606,555,608,787,777,1015,1006,1253,1070,808,831
bing_querylogs|config_id=11153,957,1029,695,775,734,742,803,867,896,956,922,975,1175,1127,958,922,880,1077,1103,659,700,1052,926,687,695,789,790,1043,1045,1006,976,990,999,805,817,927,877,878,848,804,753,829,807,1022,1012,830,830,1101,1123,688,711,982,944,1007,914,948,975,758,767,594,596,877,895,1071,971,794,761,750,849,858,1139,873,1170,1163,951,857,877,890,1075,1072,816,803,818,812,1001,987,848,868,950,998,644,643,564,567,798,795,811,815,1133,1242,834,873
bing_querylogs|config_id=11154,972,968,699,696,733,747,819,799,943,929,941,941,1082,1264,931,935,874,982,1060,838,881,1051,910,686,691,764,791,922,1047,1002,989,1018,996,812,823,941,922,872,895,754,731,846,829,1089,1017,843,847,1117,1326,672,691,1040,1068,904,896,914,1007,751,780,586,568,846,868,974,1081,743,796,758,859,817,794,816,1145,1205,990,815,887,875,1066,1133,801,875,793,800,1005,1000,863,878,1174,1270,635,633,553,558,804,729,934,1173,1032,1100,848,842
bing_querylogs|config_id=11156,974,950,693,707,727,738,802,824,917,946,969,972,1079,1194,881,902,944,1034,1031,627,944,1009,923,684,695,765,788,1037,1039,1008,991,987,1018,828,817,896,901,1005,894,717,753,821,824,1077,1082,814,818,1172,1218,671,712,1085,997,883,871,894,978,755,800,609,574,856,796,1063,1184,778,824,803,880,752,1472,1351,1199,1192,888,1421,878,912,1042,1125,861,830,765,825,1035,982,873,821,1291,1248,638,607,556,555,785,776,931,883,1153,1045,833,858
bing_querylogs|config_id=11157,842,956,692,689,587,578,791,766,912,948,998,1038,1183,1184,859,853,860,1036,1038,629,810,977,953,703,679,760,774,829,1034,1000,987,960,1007,796,800,876,890,863,790,739,731,801,847,1095,1111,831,757,974,1211,677,702,1039,939,888,853,926,1022,740,809,597,559,837,773,1006,1064,827,759,710,783,825,835,1276,1223,1296,836,855,834,857,1042,1048,821,753,769,749,984,968,836,835,1393,1214,597,596,550,551,781,790,968,1247,1009,1094,836,825
bing_querylogs|config_id=11158,975,1011,687,690,764,729,792,835,892,983,1280,928,1072,1095,930,843,1005,1078,1146,823,762,1030,913,675,714,760,776,1035,914,1009,993,969,983,799,802,895,813,965,824,720,723,827,831,1067,997,762,855,1247,1077,680,701,984,960,1064,911,1034,1056,741,771,574,580,792,792,1173,968,807,780,795,828,847,1880,841,1197,1143,900,894,879,861,1083,1040,875,794,804,770,979,992,778,828,988,1137,626,633,553,568,774,779,1076,790,1109,1286,839,865
bing_querylogs|config_id=11159,884,982,737,689,725,722,808,795,896,936,996,974,1150,1091,957,943,1001,971,1021,626,673,1041,937,685,713,757,776,1056,918,1002,963,969,987,803,826,886,917,847,885,776,733,830,860,1055,1156,763,793,1220,1307,680,701,989,940,800,955,928,1072,733,769,579,561,793,859,1005,1024,809,783,756,924,739,2050,1138,1152,1111,978,850,861,882,1063,1064,892,815,786,805,980,973,793,834,1037,1446,628,605,558,553,818,762,1061,925,1136,1102,849,849
bing_querylogs|config_id=11161,952,931,719,699,702,710,844,802,899,923,967,968,991,1093,846,1018,894,1031,1057,821,669,996,918,675,681,855,781,912,939,1001,954,988,989,799,804,884,919,1013,1014,746,793,830,823,1005,1029,840,853,1036,1088,680,681,939,1058,889,894,920,984,737,758,599,581,935,864,1058,998,751,742,748,923,736,1003,940,1132,1207,1153,1112,876,863,1037,1033,851,838,790,786,998,1009,865,825,1248,1018,631,623,551,556,792,791,1387,868,1112,1116,836,839
