model_name,question_0,question_1,question_2,question_3,question_4,question_5,question_6,question_7,question_8,question_9,question_10,question_11,question_12,question_13,question_14,question_15,question_16,question_17,question_18,question_19,question_20,question_21,question_22,question_23,question_24,question_25,question_26,question_27,question_28,question_29,question_30,question_31,question_32,question_33,question_34,question_35,question_36,question_37,question_38,question_39,question_40,question_41,question_42,question_43,question_44,question_45,question_46,question_47,question_48,question_49,question_50,question_51,question_52,question_53,question_54,question_55,question_56,question_57,question_58,question_59,question_60,question_61,question_62,question_63,question_64,question_65,question_66,question_67,question_68,question_69,question_70,question_71,question_72,question_73,question_74,question_75,question_76,question_77,question_78,question_79,question_80,question_81,question_82,question_83,question_84,question_85,question_86,question_87,question_88,question_89,question_90,question_91,question_92,question_93,question_94,question_95,question_96,question_97,question_98,question_99,question_100,question_101
bing_querylogs|config_id=1,1033,1018,673,658,652,689,983,942,975,847,1169,1122,1312,1467,985,902,953,1099,1496,983,876,938,1170,782,830,917,981,930,819,1211,1111,973,1108,916,833,1017,1047,821,839,921,983,885,940,1018,1108,805,674,1194,1133,796,737,831,808,937,905,1109,1068,850,846,637,618,900,775,1211,1219,789,768,760,772,846,814,761,1178,1212,977,907,1041,1118,1034,1014,804,752,669,722,1242,1237,861,902,1035,1069,784,712,655,697,809,791,783,688,973,1391,1244,975
bing_querylogs|config_id=2,1910,1898,1384,1348,1523,1790,2241,2168,1515,1528,2549,2478,5525,5266,1665,1646,1676,3992,4146,1580,1523,2251,2262,1015,1036,1836,1754,2129,2149,2527,2515,1521,1709,2084,2026,2578,2570,1503,1547,1704,1739,2057,1830,2876,2886,1834,1631,2978,3075,1059,1060,1973,1919,2476,2508,5626,5262,1845,1758,791,777,1298,1296,3154,3148,1628,1609,1601,2322,2285,1865,1896,3176,3149,2650,2757,2954,2793,1951,1790,1343,1363,1465,1476,2215,2182,1569,1570,2607,2613,1035,1052,1072,1074,1776,1881,1669,1697,3113,3035,2339,2347
bing_querylogs|config_id=3,2203,1928,2543,2532,1629,1593,2051,2167,2889,2615,2905,2707,6776,7401,3552,3999,3054,3649,4583,3355,2604,2291,2265,1252,1257,1977,2677,2058,2479,2904,2750,2316,2179,1891,1740,2347,2396,9040,14968,1659,1998,2776,2107,3646,3965,1432,1630,4296,6702,1046,1101,3128,2549,6294,3668,3415,3530,1899,2013,902,891,1447,1308,3054,2989,1531,1544,1493,3823,1614,4033,7062,3023,2364,2432,4330,2606,2530,1966,1961,1307,1323,1613,1688,2882,1901,1907,1945,3435,3384,1269,1305,1289,1474,1883,2147,3737,2676,5089,4771,2357,2254
bing_querylogs|config_id=4,1849,1382,1152,1140,1174,1183,1280,1142,1462,1406,2004,1604,1855,1830,1480,1766,1469,1680,1961,1187,1137,1426,1415,1202,1143,1164,1189,1595,1682,1949,1860,1679,1441,1663,1456,1583,1556,1159,1156,1292,1270,1538,1484,1547,1553,1308,1232,1807,1679,1274,1295,1594,1282,1388,1359,1344,1651,1343,1236,877,877,1378,1187,1616,1593,1438,1417,1508,1156,940,1200,1237,2123,1872,1232,1409,1434,1391,1556,1611,1165,1147,1261,1377,2006,1839,1436,1464,1634,1630,1050,932,1184,1221,1598,1546,1095,1252,1628,1664,1595,1551
bing_querylogs|config_id=5,1446,1739,1369,1309,1056,1037,1097,1313,1098,1184,1868,2067,2165,2979,1738,1579,1720,1472,1439,1274,1330,1971,1594,956,959,1198,1244,2078,2293,2027,2226,1743,1866,1357,1397,1841,1767,1111,1064,1547,1487,1463,1284,1665,1881,893,996,2570,2588,1694,1371,1339,1522,912,907,1104,1104,1521,1561,794,767,1226,1085,2168,3510,1265,1415,1430,1034,1029,1578,1405,2766,2595,1581,2216,1495,1641,2071,1761,1136,1047,1289,1513,2169,2152,1195,1369,1404,1445,1067,1202,1912,1555,1348,1695,1264,1349,1713,1938,2358,2001
bing_querylogs|config_id=6,1126,881,671,678,698,742,941,1856,1351,1331,1300,1612,1822,1691,1297,1302,1285,1407,1661,882,808,1230,1205,839,797,1023,970,1120,1280,976,972,1245,1273,1162,1060,1307,1449,717,837,873,869,1055,1015,1361,1381,686,681,1395,1326,743,733,1037,995,1121,1290,1018,1167,899,879,637,639,861,861,1182,1346,900,916,1002,835,671,732,737,1695,1709,1531,1515,1214,1210,1278,1289,850,858,915,902,1111,1332,980,930,1410,1632,716,702,657,703,1291,1288,777,1107,1778,1754,1006,815
bing_querylogs|config_id=24,1641,1623,1010,976,1260,1355,1182,4837,1150,1279,1826,2225,5175,6390,1405,1431,1345,2767,1971,1615,2048,1517,1562,894,911,1282,2501,1858,1669,1617,1655,1468,1587,1328,1425,1431,1667,5853,2826,1459,1317,1370,1422,1760,1439,1203,1007,7519,9696,953,959,1682,8732,1242,2059,7117,30229,1390,1361,878,765,1173,1153,6703,2940,1127,1054,1090,1169,1373,8648,2469,9031,2559,8881,9164,1602,1565,1452,1432,1061,950,1159,1085,1523,1466,1097,1130,2765,2312,1007,971,1193,1093,1273,1241,2077,5875,5081,8632,1590,1386
bing_querylogs|config_id=60,1292,1282,778,700,573,608,1726,1440,1166,1126,1481,1540,2966,2459,1162,1436,1493,1615,5903,974,1336,1313,1519,733,739,1012,1095,1205,990,1308,1726,1020,890,1032,895,972,954,1817,2537,1296,992,1155,1160,1651,1799,970,1025,2448,2070,893,896,1095,939,66355,7776,66771,12722,1137,1117,658,690,869,817,1531,1615,829,966,821,1285,1913,1344,1344,1707,1573,1046,2425,1504,1514,1119,1182,1079,927,807,822,1240,1356,791,852,2122,2146,742,724,664,676,1093,1082,724,859,2254,2111,1376,1354
bing_querylogs|config_id=61,1821,1709,1393,1304,1368,721,1611,1648,1366,1338,2693,2323,4010,3967,1854,1731,1810,4119,5356,739,898,1185,1239,756,841,736,780,1001,985,1469,1250,992,1001,984,999,1224,1106,1237,1707,994,1038,1184,1174,2694,2691,584,631,3858,2800,777,782,2061,2549,3847,3854,1154,1153,969,820,572,564,1169,1181,1200,1402,889,886,705,959,1087,1275,1265,1254,1820,1505,1471,1173,1024,1205,1239,899,889,1007,1026,1108,1193,771,869,6175,6136,672,614,636,564,1029,1065,734,665,3287,1348,989,1168
bing_querylogs|config_id=64,1436,1409,1388,1462,1128,1220,1160,1526,1406,1350,4156,3893,3001,2349,1467,1486,1807,1819,2047,1109,1099,1746,1759,1008,1023,1293,1527,1515,1355,1637,1740,1479,1263,1392,1424,1948,1675,1176,2412,1223,1229,1366,1311,1695,1882,1017,1092,3564,3014,1101,1047,1927,2307,1357,1429,1197,1191,1547,1547,743,888,1127,1230,2017,3858,1220,1247,1343,1133,989,1290,1129,2217,1833,1556,1564,1748,1757,1430,1423,1121,1039,1457,1358,1657,1662,1241,1268,1649,1656,1120,978,1011,1181,1203,1438,1246,1412,1807,1792,1822,1657
bing_querylogs|config_id=73,1773,1590,1585,1557,1247,1647,2311,1664,1662,1673,2763,2380,4925,7489,1634,1799,1685,3341,4345,2012,1430,1670,2053,755,934,1590,1456,2147,1760,1883,2168,1293,1149,1686,1652,1743,1948,1911,2906,1376,1456,1733,1577,2417,2520,1479,1460,2971,4517,1103,1125,1353,1511,5192,3773,2482,3445,1541,1543,950,917,1386,1316,2291,2308,1425,1642,1517,1723,2768,1521,1743,2296,2431,1420,2300,1572,1931,1564,1707,1140,1200,1335,1787,1740,1748,1539,1437,2398,3283,1002,1005,1338,1114,1600,1443,1965,1436,2795,4689,1599,1566
bing_querylogs|config_id=74,1311,1294,1024,1161,1109,1014,1198,1173,1115,1040,1483,4115,3297,2595,1439,1445,1791,2594,2426,1073,1160,1250,1286,830,816,1169,1244,1604,1818,1785,1581,1539,1372,1002,1092,1216,1489,1025,1032,1168,1217,1420,1293,1612,1419,1033,1054,1514,1482,1075,1077,2265,2071,1353,1247,2193,1547,1367,1347,756,674,1129,985,1828,1783,1053,1090,1144,929,1428,1810,1599,1725,1669,1415,1469,1427,1568,1366,1141,933,1113,1289,1181,1263,1263,1282,1214,2635,3048,936,953,941,944,1189,1274,959,964,1327,1797,1361,1583
bing_querylogs|config_id=75,1641,1985,1201,1306,1375,1556,1891,1941,1860,1869,2102,2233,6060,4568,1724,4104,2148,3948,2512,2229,2237,1907,1785,1202,1181,1185,1254,2338,2251,2063,2081,1673,1700,1300,1536,1796,1986,5546,46383,1881,1695,1844,1936,4943,4720,1478,1153,5542,2572,959,966,2363,1873,1621,33789,4310,35021,1684,1588,919,851,1331,1552,3900,2496,1225,1330,1450,1367,1498,3666,4056,2927,3182,2486,2710,2234,2154,1561,1568,1295,1313,1300,1308,1925,1810,1303,1502,3115,2352,1134,954,1125,1267,1396,1402,1645,1667,10099,5094,1827,1723
bing_querylogs|config_id=80,2124,2254,931,1166,835,970,2062,2009,1851,1699,1635,1558,4981,4783,2361,2349,2277,3458,3716,906,1322,1698,1447,952,811,1064,1145,1260,1284,1789,1789,1273,1241,1227,1229,1264,1357,1889,1703,1247,1226,1631,1657,3174,3390,890,1036,2967,2905,973,956,1266,1240,3639,3283,1512,1467,1145,1085,827,789,1459,1533,1678,1504,1083,1140,1126,1371,1314,1898,2002,1493,2001,1683,1612,1514,1510,1380,1353,1414,1627,1366,1423,1247,1653,1103,1103,6438,6432,831,881,855,849,1278,990,1216,1154,1743,1452,1702,1375
bing_querylogs|config_id=94,1872,1890,1269,1176,1205,1601,1980,1871,1440,133848,133273,2441,4323,5072,1551,1533,1645,4351,3076,1962,1818,1645,2515,1094,1460,1206,1255,2022,2570,2117,1773,1807,1723,1482,1525,1885,1884,2232,7264,1722,3000,1864,1815,3345,3693,1531,1507,11856,2947,979,967,1982,2980,1814,3004,3641,12944,1836,1640,1014,830,1339,1403,2495,2880,1383,1403,1224,1353,1415,3749,4346,5255,5322,2693,2345,1785,1938,1615,1663,1267,1153,1232,1259,2124,1806,1521,1308,2647,3312,917,1200,992,1092,1447,1329,34457,2597,4492,8957,1845,1464
bing_querylogs|config_id=95,1558,1478,1133,1332,680,681,1175,1569,1323,1155,1674,1512,1816,2039,1261,1472,1578,6085,1941,1218,2167,1767,1479,962,908,1395,1492,1074,961,1460,1650,1276,1387,1219,1081,1474,1094,2630,68175,1383,1253,1428,1213,1704,1496,944,1155,1822,1805,983,981,1268,1332,7330,66552,2877,1575,1145,1134,1045,1072,936,1043,1685,1515,1044,887,1174,2302,2484,1524,1505,1487,1411,1485,1212,1542,1599,1287,1377,1164,1155,1099,1002,1494,1526,1069,1129,2388,2169,880,831,800,1272,1592,1062,944,1058,1766,1735,1462,1426
bing_querylogs|config_id=98,1757,1813,1540,1554,1286,1550,1928,1778,1586,1690,1621,1608,2432,2229,1736,1708,1689,2185,2385,1413,1467,1759,1783,1042,1161,1166,1202,1597,1572,1759,1714,1799,1829,1534,1526,1934,1736,1699,1360,1554,1317,1440,1728,1852,1950,1237,1222,1810,1707,1581,1477,1668,1334,1873,1846,1365,1505,1909,1855,1112,1191,1573,1494,2094,1699,1628,1395,1393,1144,1167,1323,1323,1533,2060,1470,1588,1902,1916,1580,1593,1420,1363,1539,1474,1707,1762,1552,1547,1762,2143,1149,1158,1193,1284,1678,1479,1314,1520,2097,2022,1797,1853
bing_querylogs|config_id=100,2313,2345,1452,1573,1985,2221,2739,1781,2036,1999,2835,2831,4781,3819,2437,2337,2372,3738,3890,3245,2347,2664,2640,2257,2059,1676,2026,3147,2715,2616,2588,1994,2401,2440,1917,2304,2458,6636,8103,2125,2180,3007,7865,2579,3657,1904,2346,4372,6955,1399,1188,5396,9704,5713,2107,13242,8312,2180,1955,1108,1206,1656,1641,4291,8178,1813,1708,1733,4167,5340,5236,4835,7875,9352,7636,9183,2685,2997,2135,2214,1560,1449,1729,1646,2378,2322,1818,1793,4669,3069,1365,1395,1736,1639,2185,2159,6989,9437,8121,9695,2563,2514
bing_querylogs|config_id=104,1770,1616,999,1177,1193,1032,2037,1592,1601,1468,1739,2047,3091,3658,1391,2046,1665,1930,2958,2148,1781,1824,1651,1260,1204,1205,1261,2097,1943,1856,1924,1517,1541,1219,1343,1611,1665,2704,4172,1674,1602,1454,1537,2062,2341,1330,1335,2405,2056,915,925,1807,1675,1337,1423,1953,14193,1439,1555,1000,901,1412,1460,1749,3117,1170,1240,1188,1254,1372,2000,6273,2685,2476,2029,1830,1711,1615,1702,1488,1245,1218,1236,1214,1813,1803,1231,1269,1782,2990,922,1082,1109,1138,1175,1357,3293,2756,1934,2715,1646,1999
bing_querylogs|config_id=105,1538,1579,945,924,1073,1035,1392,1154,1215,1234,1863,1858,2204,1968,1272,1384,1220,2415,1927,1724,1865,1382,1506,953,943,1211,1263,1698,1680,1681,1646,1535,1556,1240,1283,1506,1602,1368,2368,1153,1162,1329,1252,1578,1490,1172,1154,1837,1727,899,890,1400,2631,1229,1125,1481,1449,1373,1454,793,900,1074,1186,1635,1767,1209,1182,1089,1261,1311,1737,1661,2162,2186,1533,1477,1344,1310,1494,1386,1016,1029,1122,1169,1662,1793,1117,1229,2240,1485,951,991,1019,1068,1172,1168,1588,1655,1822,1759,1412,1274
bing_querylogs|config_id=106,1812,1831,731,851,839,856,1614,1647,1484,1452,2919,2568,5055,4432,1788,1997,2020,3125,3210,1075,891,1367,1567,777,867,955,1222,980,985,1519,1383,966,978,1133,1185,1222,1360,1422,1480,1095,1094,1349,1300,3085,3045,691,715,5016,2605,812,731,2187,1477,2962,3035,1131,1129,1004,1090,559,625,1288,1220,1285,2076,869,909,1050,1270,1075,1355,1273,1922,2219,1198,1160,1168,1285,1174,1119,1013,1058,1129,1021,1268,1299,875,927,5844,5772,647,686,637,669,1064,1043,1037,881,2531,2500,1531,1365
bing_querylogs|config_id=107,1499,1595,1018,886,992,1006,1303,1308,1181,1136,2406,1886,2220,2495,1451,1411,1153,1960,1844,1862,1953,1440,1567,973,972,1155,1248,1639,1950,1760,1611,1643,1595,1257,1335,1752,1477,34157,33798,1294,1292,1122,1335,1696,1642,1207,909,1784,1671,901,931,1239,1239,1189,3136,1258,1518,1396,1406,773,751,1119,1124,1627,1665,1086,1085,1059,1216,1384,33658,1487,2742,1727,1602,1564,1483,1579,1459,1389,1024,1071,1105,1110,1674,1691,1199,1146,1320,2326,987,991,1054,1059,1359,1171,1438,1424,2352,2396,1323,1465
bing_querylogs|config_id=108,2414,2461,1714,1599,1536,1637,2093,2036,1830,2181,2249,2388,4247,3264,2076,2189,2132,3581,3846,2117,1830,2163,2128,1645,1574,1527,1607,2310,2273,2531,2433,2127,2382,2032,2028,2135,2076,2420,2489,1984,1840,2093,2251,2528,2552,1908,1957,2579,2334,1561,1561,2003,2070,2051,1976,2140,2052,1871,2019,919,1005,1670,1670,2610,2501,1545,1663,1759,1258,1230,1866,2176,2672,2860,1723,2109,1988,1985,2235,2231,1564,1599,1501,1495,2727,2686,1815,1979,5019,4389,1240,1209,1662,1652,1803,1798,1623,1757,3099,2611,1978,2031
bing_querylogs|config_id=109,1567,1541,935,937,1130,899,1766,1461,1223,1458,3063,3661,2893,2008,1488,1247,1721,1845,1977,1342,1694,1683,1603,925,845,1234,1343,1559,1584,1561,1595,1311,1245,1244,1229,1591,1525,67645,2295,1213,1164,1415,1260,1517,1653,1356,1255,3591,2569,861,886,1845,2598,2472,1245,2077,2976,1323,1246,763,733,983,1013,1962,2413,1168,1033,1113,1123,3070,2242,2075,2350,2417,1430,1456,1596,1559,1342,1282,866,930,1208,1093,1526,1599,1086,1077,2176,1413,874,918,884,932,1318,1262,1447,2188,3554,3622,1540,1380
bing_querylogs|config_id=110,1621,1617,1063,923,1313,1149,1945,2162,1290,1344,2120,1900,4188,3776,1792,1730,1716,2807,2902,1465,1449,1856,1718,1054,1030,1183,1270,1957,1970,1988,2061,1729,1632,1147,1135,1392,1568,7386,9763,1423,1437,1655,1795,2546,3734,1386,1125,3181,2482,919,922,1739,1908,2019,2408,3295,33443,1269,1276,809,802,1196,1172,1916,1662,1137,1081,1131,2117,2112,32801,1923,1937,2575,2255,3920,2056,2273,1749,1619,1050,1091,1269,1160,1813,1872,1187,1187,3897,3035,1113,1064,1184,1241,1285,1383,3364,34766,2586,2286,1576,1854
bing_querylogs|config_id=111,1931,1832,672,694,769,904,1776,1746,1505,1385,1952,3118,4465,8646,2148,2176,2156,3404,3346,832,875,1361,1371,804,937,962,1047,1113,1111,1367,1364,1019,1039,1127,1138,1008,1012,1594,1526,1157,1171,1504,1491,3347,3502,808,786,8109,3871,957,744,4201,2146,2995,3047,1329,1297,934,927,640,568,1388,1365,1350,2000,904,893,988,949,989,1355,1407,9567,7694,1021,1114,1313,1360,1232,1195,1176,1190,1103,1134,1258,1266,882,878,6044,5937,713,686,702,654,1004,992,833,906,5240,4466,1676,1417
bing_querylogs|config_id=114,1676,1617,953,1036,1105,1087,1786,2037,1513,1526,1951,2186,2406,1656,1699,1646,1676,2013,3154,1695,1833,1497,1582,917,1043,1289,1385,2013,2023,1829,1790,1445,1492,1373,1502,1489,1469,1274,17462,1348,1365,2020,1853,1617,1620,1276,1104,2363,2138,1062,1021,2159,1515,1662,1571,4082,1833,1417,1264,884,863,1137,1141,1653,1460,1306,1194,1183,17409,6073,2049,3332,1973,1924,1662,2405,1548,1756,1478,1185,1107,1116,1253,1272,1540,1566,1235,1203,2610,2262,976,969,1023,1076,1364,1368,17460,2974,2294,2035,1447,1307
bing_querylogs|config_id=115,1822,1879,1534,2281,1431,1953,1228,1295,1526,2171,2546,2496,3208,3058,2698,2531,4788,2683,3093,5652,2073,2100,2094,1230,1226,1813,2057,1674,2215,2262,1928,2238,2282,1531,1501,2049,2071,2590,3069,1533,1503,2076,2974,2356,2280,1331,1465,4096,2779,1035,1031,2929,3010,3065,3343,3589,3241,1917,1779,812,823,1453,1404,2638,3199,1590,1389,1572,2998,3335,4506,7598,2693,2745,18261,2652,2537,2512,1868,1840,1293,1536,1514,1455,2030,2062,1856,2036,2697,2193,1228,1258,1328,1301,1650,1509,3386,3802,3074,3811,2063,1794
bing_querylogs|config_id=116,1831,1765,735,695,644,814,1640,1751,1444,1439,1433,1429,6670,4628,2066,2064,2158,5584,3112,790,1435,1232,1226,923,581,802,885,975,967,1254,1336,855,848,915,899,911,890,1480,1600,1012,1010,1214,1449,3413,3711,664,643,5297,2673,811,794,1964,6706,3002,2979,1286,1193,866,876,545,539,1079,1144,1317,1613,720,720,714,950,933,1362,1375,1313,1576,968,975,1187,973,1043,1046,1170,940,978,972,981,948,934,806,6253,7502,610,564,562,559,1061,915,884,783,11639,4024,1305,1409
bing_querylogs|config_id=117,1848,1864,1491,1548,1808,1811,1807,1978,2216,1944,2217,2382,4441,4403,4036,5305,3479,3477,3574,3613,3204,2142,1956,1405,1490,3532,2401,2145,2015,2133,2600,2520,2199,1905,1897,2589,2665,14285,9530,2001,2024,3223,2509,3693,4530,1484,1921,4531,4216,1256,1130,2182,3130,4290,2722,2870,2784,2234,2018,945,1003,1487,1617,3708,2766,1610,1767,1666,2718,3147,5220,3528,2872,2643,2944,2275,3169,2889,2002,1849,1461,1307,1678,1613,2464,2496,1863,2011,3455,3041,1406,1381,1498,1533,1765,1909,2488,34044,3193,2521,2476,2100
bing_querylogs|config_id=118,1448,1375,1026,934,847,976,976,1103,1452,1753,2805,1934,1751,1929,1638,1648,2186,1662,1709,1078,1245,1480,1536,986,1002,1253,1343,1505,1485,1607,1535,1362,1454,1268,1601,1545,1320,1650,1249,1110,1104,1278,1289,1404,1660,909,931,1820,1625,911,911,2964,2002,1571,1458,1525,1340,1049,953,765,757,1043,1019,1841,1747,1044,1036,1083,927,910,1054,1072,2081,2178,1792,3686,1378,1355,1621,1620,2036,993,1055,1060,1617,1547,1087,1077,1687,1731,869,881,835,851,1210,1388,1211,1256,1608,1604,1109,1147
bing_querylogs|config_id=119,2011,1735,1314,1344,1543,1552,1371,1400,1509,1648,2180,2172,2647,2138,1623,1624,1667,2224,2424,1481,1565,1681,1689,1255,1389,1434,1510,1838,1800,2076,1987,1884,2140,1636,1806,1752,1770,1294,1235,1364,1392,1772,1603,1695,1850,1533,1569,2136,2446,1539,1311,1902,1866,2501,4567,1594,3641,1572,1448,903,959,1560,1342,1938,1855,1431,1426,1561,1202,1253,1304,1404,2063,2253,1469,1484,1871,2001,1760,1826,1324,1355,1468,1464,2177,2292,1524,1540,2353,3179,1145,1156,1314,1307,1857,1862,1480,1404,2126,2143,1909,1698
bing_querylogs|config_id=120,2056,2009,1275,1264,1689,1628,1682,1721,1655,1990,2427,3339,2455,2579,2423,1959,1981,2357,2778,1577,1727,1909,1678,1566,1616,1492,1523,1978,2068,2170,2003,1758,1632,1981,1630,1801,1799,2053,1230,1703,1816,1732,1703,1862,1945,1543,1531,2206,2032,1335,1402,1825,1546,1499,1550,1882,1680,1528,1594,917,1113,1401,1676,2387,2494,1403,1368,1610,1153,1197,1573,1483,2193,2477,1422,1874,1995,1858,1891,1918,1429,1408,1352,1501,2151,2305,1585,1614,2513,1998,994,1000,1322,1356,1719,1762,1324,1484,2184,2123,1642,1788
bing_querylogs|config_id=121,1608,1571,1049,970,1212,1307,1406,1500,1771,1692,2028,2173,2388,2204,1672,1562,1940,2047,2358,1640,1861,1945,1896,1090,1101,1290,1434,1928,1608,2057,2166,1626,1422,1341,1264,1765,1715,4094,3312,1403,1402,1613,1835,1725,1782,1008,1261,2216,1773,908,900,1738,1958,2286,1473,1824,4294,1453,1454,868,854,1286,1109,2099,1942,1203,1211,1149,2025,2255,1580,3408,2132,2018,2128,1787,1664,1957,1550,1684,1022,1234,1292,1226,1666,1754,1114,1374,2881,2282,941,947,1287,1194,1463,1405,1937,2653,2030,2188,1524,1566
bing_querylogs|config_id=122,2575,2706,1506,1287,1501,1873,1668,1879,1682,1936,2472,3098,2735,2846,2172,2776,2016,1878,2477,1962,2367,2348,2364,1195,1332,1803,1914,1926,2014,2269,2331,1863,2053,1861,1882,2408,2401,1562,17803,1680,1677,1969,2066,2588,2242,1645,1620,2163,2170,1220,1181,2661,3844,2398,2295,2839,3003,2181,2177,1036,1030,1559,1557,2561,2699,1496,1502,1454,1426,1684,2172,2234,2677,2542,2760,2705,2040,2097,2004,1975,1366,1399,1675,1685,2231,2414,1719,1729,2880,2659,1157,1149,1120,1116,2155,2320,1604,1724,2580,2659,1917,1968
bing_querylogs|config_id=126,1980,2025,786,791,853,731,1872,2067,1335,1278,1397,1475,3924,3844,1329,1696,1725,3219,3453,1027,1031,1458,1521,1005,978,1128,1129,1023,1235,1456,1327,1284,1296,1139,1141,919,1107,1295,1421,1511,1394,1296,1303,2561,2554,797,801,1601,1514,1114,1069,1017,1114,3286,3211,1298,1315,1072,995,884,788,1436,1437,1168,1309,1041,1040,1068,1054,1386,3204,1099,1405,1371,1091,1193,1302,1279,1213,1219,1280,1247,1233,1269,1337,1248,1344,1359,6152,6188,903,766,739,725,1181,1291,1106,928,1155,1148,1415,1349
bing_querylogs|config_id=129,1663,1896,1115,1201,1230,1232,1341,1870,1375,1409,2171,2211,3918,3335,1605,1800,1442,2303,2638,2048,1897,1909,1726,1062,1086,1432,1442,2128,2173,1887,1846,1762,1732,1415,1330,1881,1737,1664,2324,1424,1348,1649,1629,1768,1687,1396,1365,2752,2585,1037,1049,1670,2206,4805,33957,6304,5139,1423,1724,871,938,1199,1285,1985,2038,1405,1226,1235,1584,2232,34277,37798,2122,2291,4715,5509,1506,1827,1660,1599,1129,1214,1308,1273,1784,1693,1383,1345,3226,3578,1049,1052,1254,1262,1497,1390,3085,17768,2495,2054,1555,1537
bing_querylogs|config_id=130,1336,1374,1033,1082,1352,1318,1240,1488,1273,1645,2857,2293,3708,2310,1322,1658,1221,2273,2127,1473,1568,2280,5618,1127,1128,1446,1566,1673,1261,1842,1827,1303,1349,1106,1240,1551,1421,2003,2335,1286,1718,1481,1291,2000,3820,1365,1300,1779,2177,1075,867,3440,1518,1675,2063,1583,1834,1344,1531,797,818,1432,1358,1948,2216,1290,1042,1058,1338,1386,1611,1544,2318,2162,4098,2334,2169,1407,1700,1641,1844,1554,1198,1340,1825,1447,1154,1285,2774,3649,811,901,980,812,1143,1387,1587,1916,1674,1649,1320,1427
bing_querylogs|config_id=131,2204,1315,995,1214,1143,907,1750,3250,1315,1317,1517,2339,5031,10010,2176,2006,2201,9223,31828,1920,1395,2404,2546,1037,1030,1327,1434,1400,1405,1844,1596,1333,1381,1213,1166,1285,1267,1758,2226,1451,1636,1637,1936,3062,8120,976,882,3310,7277,917,1001,2339,2054,24375,34771,1301,1260,1669,1710,679,919,1641,1364,2704,2600,1130,1000,1178,12847,2913,1510,1983,2475,2179,2221,2588,1944,1892,1476,1532,979,980,1264,1269,1529,1619,1334,1480,3472,3192,837,843,938,923,1148,1409,1064,2232,2446,2331,2043,1821
bing_querylogs|config_id=132,1318,1369,1061,1034,898,10996,1352,1139,1098,1027,3247,1804,2858,2012,1089,1143,1130,1968,2792,1257,1405,1506,1597,889,894,1208,1228,1580,1424,1708,2121,1300,1349,1181,1184,1200,1148,1700,1154,1123,1086,1121,1184,1691,1622,1192,1146,1432,2724,973,997,1685,3042,1245,5292,1207,1358,1007,1308,746,724,1090,965,1541,1913,991,1104,1157,1004,1243,5060,1230,1551,1644,2218,1262,1435,1872,1718,1595,961,2026,1108,1138,1592,1746,1008,1087,2729,2389,865,903,788,813,1041,1082,1125,1362,1967,2010,1497,1448
bing_querylogs|config_id=133,1839,1956,761,651,556,561,1646,1812,1148,1138,1113,2440,5931,5772,1937,1819,2195,4230,4237,805,1198,1432,1260,606,612,788,901,940,1062,1187,1202,863,885,911,911,1003,892,1314,1457,962,989,1202,1298,3448,3592,679,675,8122,2394,791,788,2856,11220,2900,2920,1884,1723,800,798,548,546,6025,1286,1125,2493,746,743,742,1077,6715,686,827,1509,1757,1166,990,860,872,1053,1066,805,872,926,1004,981,981,905,798,5793,7265,641,691,558,555,1074,771,719,762,10536,8432,973,1397
bing_querylogs|config_id=134,1232,1416,987,1005,910,1003,1798,1064,1031,1132,1554,2590,2949,2861,1126,1301,1167,2255,2139,1148,1376,1469,1466,867,958,1253,1657,1639,1519,1525,1326,1278,1322,1081,1187,1343,1412,1640,1940,1253,1553,1212,1280,1355,1332,1102,1369,1552,1551,990,921,2857,1426,1209,1283,1376,1895,1345,1186,744,704,1285,1156,1896,1968,1008,956,1122,893,2092,1298,1366,2094,1992,1070,17694,1254,1217,1599,1472,1454,2555,958,1170,2259,1376,1168,1348,2972,2379,877,934,757,756,1189,1163,1523,1392,2518,2056,1265,1296
bing_querylogs|config_id=135,1210,1205,1019,881,952,844,1447,1477,1354,1080,1770,1960,3503,2673,1253,1366,1243,2582,2607,1549,1083,1548,1638,935,889,1325,1257,2181,1245,1750,1621,1238,1246,1132,1064,1566,1123,1499,1323,1269,1420,1406,1295,1419,2820,1374,988,1604,1384,814,966,1111,1405,1664,1817,957,2090,1161,1054,763,705,1412,1408,1491,2060,900,912,1104,1259,1172,1254,1192,2017,1461,1504,1292,1364,1133,1553,1504,1297,1281,939,1012,1758,1479,1864,1135,3370,2327,829,817,853,867,1036,1122,1207,1684,1417,2018,1430,1056
bing_querylogs|config_id=136,1554,1788,1341,1169,1511,1283,1555,1199,1440,1491,3604,2144,2468,2619,1566,1539,1450,2040,2776,1807,1595,1961,1837,1337,1041,1505,1743,1720,1779,2035,1846,1574,1522,1369,1418,1582,1657,1594,17701,1288,1541,1375,1398,1756,1798,1345,1436,1927,2393,1151,1030,1649,1493,1414,1366,1528,1400,1420,1556,926,1006,1340,1213,2011,1972,1208,1362,1282,1096,1538,1365,1588,1866,1999,3273,1444,1615,1842,1817,1813,1453,1289,1296,1363,1785,1763,1389,1342,2798,2158,1175,1104,1039,1051,1543,1559,1700,1563,2345,2538,1880,1772
bing_querylogs|config_id=138,1665,1644,996,975,1015,914,1265,1481,1749,1750,1884,2061,2407,2543,1949,1862,2179,2037,2620,1946,1927,2081,1875,1125,1073,1526,1418,1428,1603,1699,1417,1583,1515,1360,1446,1779,2152,1149,2020,1226,1175,1563,1578,1778,1909,1255,1188,1885,2178,828,828,2608,1687,1631,1618,1443,1354,1357,1353,741,736,1371,1267,2636,1924,1263,1071,1309,1026,910,1340,1564,2106,2366,1665,1839,1558,1492,1454,1585,1192,1176,1229,1254,1762,1829,1434,1207,1905,1982,930,895,1280,1204,17682,1596,1320,1695,2209,1842,1308,1295
bing_querylogs|config_id=140,2243,2062,939,821,713,684,1614,1593,1418,1651,1471,1345,3786,3754,1520,1704,1641,3162,3112,895,1017,1257,1231,816,874,865,911,1309,1147,1256,1542,1247,1278,1165,1189,1119,1175,1385,1298,1649,1145,1366,1138,2813,2556,879,863,1490,1509,803,732,1016,1169,3288,3182,1322,1249,922,949,886,903,1227,1244,1614,1373,959,990,938,891,889,1527,1528,1438,1418,1124,1170,985,1057,1080,1120,1028,964,1067,1121,1312,1553,1093,1007,6073,6047,741,778,765,764,1326,1104,798,845,1543,1317,1192,1196
bing_querylogs|config_id=143,1986,1992,685,733,689,788,1666,1704,1335,1279,7728,2183,5439,8014,1902,1807,1989,4568,4438,817,988,1621,1607,684,696,969,1051,1130,1089,2129,1416,1031,1035,1171,1143,1046,1012,1418,2952,1084,1216,1320,1288,3359,5438,802,790,9369,3331,761,803,1340,5129,3023,3068,1311,1273,1072,1035,650,660,1435,1286,1835,3203,916,910,1116,1178,896,2807,1480,8478,8159,1047,1096,1151,1276,1126,1129,900,957,1143,1126,1242,1277,893,906,5841,5935,722,669,667,625,995,966,1063,899,7982,2670,1254,1330
bing_querylogs|config_id=146,1735,1654,1810,1865,1608,1402,1153,1296,1693,1459,2786,2499,2508,2739,2141,1483,2363,2205,2449,1603,32587,1984,1801,1019,1015,1792,1565,1737,1633,1964,1951,1762,1770,1472,1509,1724,1616,2102,1943,1308,1341,2141,1631,2558,3108,1409,1273,10314,4306,907,914,3141,2755,2808,2517,2126,5722,1420,1532,743,756,1156,1161,5029,2062,1227,1255,1540,4067,3139,31666,1374,3457,2595,1690,4710,2153,3166,1590,1718,983,1106,1283,1317,1886,1935,1380,1382,2395,2587,1045,998,1230,1211,1614,1399,2387,32274,2897,3588,1577,1892
bing_querylogs|config_id=147,1392,1284,1206,993,839,860,1690,1991,1240,1337,1637,1911,5257,3974,1413,1284,2133,2636,2600,1407,2239,1678,1805,1168,1168,1457,1315,1688,1669,1973,1546,1303,1603,1518,1443,1517,1541,1432,2102,1445,2185,1252,1500,3366,4333,1263,1123,2106,1711,1152,865,2208,1751,1998,1668,1926,1904,1273,1456,838,887,1436,1474,2595,1992,1184,1175,1266,1597,1708,1617,2182,2089,1895,1453,1941,1603,1457,1602,1391,1256,1192,1303,1283,1415,1579,1215,1134,2878,2622,1076,1005,1252,925,1399,1160,2111,1512,2359,18420,1626,1490
bing_querylogs|config_id=150,1700,1622,1039,1059,1100,1247,1479,1398,1151,1344,2043,1747,2379,2150,1659,1871,1548,2500,2315,1328,1693,1743,2068,1030,1092,1505,1465,1625,1929,1628,1507,1507,1800,1502,1527,1685,1728,1261,1150,1119,1177,1467,1531,2161,1954,1328,1233,1642,1999,1129,1024,1533,1744,3412,2883,1715,2490,1559,2014,704,1004,1209,1223,2100,2149,1114,1167,1152,1168,1213,1810,1693,2093,2280,1945,2722,1728,1631,1447,1485,1036,1250,1407,1341,1580,1858,1444,1464,1937,2427,876,847,1249,911,1218,1468,1095,1290,1831,1855,1316,1484
bing_querylogs|config_id=151,1036,1021,783,812,581,553,957,1015,1294,1412,1487,1257,8067,1914,1785,1467,1580,7145,6428,906,1303,1409,1314,662,677,1050,1102,1170,1181,1120,1086,940,972,889,894,1227,1176,3816,6708,1068,1024,1003,1272,1347,1383,698,696,3973,3395,758,761,1550,6962,1394,1223,985,1315,898,953,609,598,785,989,1582,1542,786,786,805,780,835,766,791,2279,2500,1230,1286,6608,1250,1073,1030,1018,1304,827,823,1127,1083,936,864,2097,1981,636,692,580,570,1654,948,974,949,5108,9018,820,5507
bing_querylogs|config_id=153,2152,1891,1660,1788,1365,1581,5529,4983,1679,1877,3805,3512,6450,6187,1929,2141,2133,20859,19986,1688,1806,2527,2454,1018,1005,1516,1549,2280,2248,3178,2217,1746,1742,1790,1523,1892,1929,4936,6059,1826,1958,2116,2130,4917,6488,1477,1404,10886,7416,1198,1129,1659,1741,19246,18330,12949,5471,1693,1677,696,691,1500,1535,6185,4094,1165,1162,1153,6946,10707,1910,1715,3724,3368,2500,2672,2615,2597,2127,2026,1348,1331,1017,992,2295,2310,1589,1332,16938,13549,845,848,1129,1180,17930,1801,1855,2034,3265,3323,1843,1933
bing_querylogs|config_id=155,1918,1601,1301,1300,1343,1475,1339,1733,1414,1523,2079,2657,2514,3380,1737,1811,1734,2714,2246,1305,1359,1270,1338,1221,1115,1358,1241,1627,1714,1857,1720,1700,1405,1769,1676,1758,1615,1497,2351,1369,1350,1610,1761,1689,1638,1237,1384,2571,1645,1400,1457,1850,1616,2116,2024,2502,2003,1474,1583,950,896,1258,1270,1701,1795,1251,1404,1493,1166,1137,1248,1263,1523,1892,1333,1712,1547,1645,1726,1781,1200,1318,1301,1452,1913,2069,1419,1469,1732,1813,1039,1172,1292,1186,1620,1636,1173,1224,1598,3830,1683,1674
bing_querylogs|config_id=156,2119,2095,883,898,887,1008,1785,1813,1525,1510,2669,2465,4027,3380,1602,1876,1839,7836,8043,1498,1663,1567,1543,799,898,1016,1120,1910,1893,1331,1316,1096,1096,1481,1510,1035,1034,5904,5738,1407,1565,1695,1697,5329,3966,1156,1107,12336,9577,801,780,1909,5407,1913,1965,1583,1573,1189,1253,707,689,862,888,5660,7503,870,881,810,2222,2426,2625,2631,8350,2302,4692,4796,1527,1461,1109,1117,939,842,1381,1266,1677,1732,948,930,2244,2524,759,709,713,664,1480,1437,1710,1884,11542,12005,2129,2200
bing_querylogs|config_id=159,1519,1217,860,983,869,834,1257,1317,1600,1526,1724,1903,1771,2217,1786,1795,1657,2135,2099,1078,1157,1689,1985,1057,1027,1325,1536,1538,1829,1394,1721,1396,1453,1201,1467,1480,1462,1427,1574,1262,1030,1533,1565,2214,1843,1125,847,1653,1538,1057,963,1352,1453,2325,3613,1353,1269,1276,1267,772,699,1323,1280,1930,1883,1089,1109,1233,974,1108,1125,1166,2342,2297,1533,2079,1553,1612,1363,1531,1210,992,1108,1077,1847,2068,1202,1162,2064,1813,822,816,822,929,1516,1133,1266,1878,1786,1701,1400,1426
bing_querylogs|config_id=167,1031,1045,765,789,563,568,1144,1142,1278,1113,1492,1462,6178,3946,1508,1662,1673,3804,5986,864,1099,1432,1331,664,685,962,1051,1169,1032,1154,1203,1112,968,1357,896,1232,1161,3763,3473,1072,1039,1234,1375,1327,1559,689,679,6246,1329,752,739,2196,1715,1185,1219,874,1870,1099,731,613,611,801,1409,1836,1781,809,819,818,801,860,743,845,2215,1844,1668,1135,1595,1931,1165,1122,1044,1026,823,831,1056,1139,1056,950,1785,6357,662,728,584,581,1154,958,970,962,5229,7720,815,7457
bing_querylogs|config_id=170,874,875,763,746,732,758,987,810,1319,1333,1636,1630,1742,1522,1232,1302,1276,1582,1685,1052,1367,1248,1248,867,860,1185,1260,1299,1308,1410,1457,1429,1386,1129,1200,1474,1549,824,767,1008,1042,1230,1230,1128,1215,723,717,1530,1759,883,860,1428,1413,1447,1374,1247,1289,1068,1160,752,740,994,1068,1577,1575,946,980,966,726,733,1312,853,1972,1933,1098,1278,1092,1079,1320,1257,915,850,977,956,1433,1395,1130,1127,1532,1548,785,778,812,816,1188,1259,875,869,17742,1925,887,1115
bing_querylogs|config_id=172,2267,1802,1282,1337,1133,1338,1635,1542,1792,1688,2051,2032,3055,2749,2130,2138,2248,2580,2396,2064,2598,1921,2096,1509,1228,1266,1306,1981,2028,1852,1924,1898,1900,1482,1836,1885,1899,3816,2732,1496,1495,1496,1553,5263,5153,1733,1747,3367,2265,1224,1144,2485,2128,2094,2602,1868,2285,1493,1922,754,766,1344,1646,2074,2088,1454,1189,1322,2066,1814,3728,3531,3131,3242,1831,2513,2339,2160,1801,1982,1453,1525,1421,1473,2092,2075,1600,1554,3152,3174,982,990,1042,1243,1649,1621,2060,2385,2221,2527,1569,1583
bing_querylogs|config_id=173,1469,1272,997,1027,941,1144,1717,1587,1492,1504,2061,1940,3178,4120,1827,1676,1474,2534,2762,963,1043,1879,1985,952,999,984,1138,1634,1824,1635,1815,1174,1194,1296,1260,1384,1540,1643,1722,1187,1222,1525,1389,1943,2091,1049,1452,1647,2849,885,973,1532,1533,4769,5102,1732,3690,1159,1314,787,802,1025,1046,1741,1713,1107,1086,1052,2099,1424,1543,1088,2256,2308,2328,2230,1628,1657,1402,1542,1004,984,1210,1075,1998,1752,1107,1058,2532,3349,726,742,872,1024,1473,1164,1674,2651,1860,3641,1209,1225
bing_querylogs|config_id=174,1524,1310,959,1037,857,947,1139,1244,1599,1690,1633,1885,1686,2169,1758,1859,1939,1941,2239,1095,1420,1331,1450,1192,1005,1289,1353,1468,1587,1257,1241,1490,1613,1452,1179,1639,1877,1212,1608,1145,1093,1521,1468,1581,1807,823,885,2020,1944,1101,1056,1648,1749,2031,1923,1414,1351,1455,1537,892,968,1089,1000,1872,1964,1114,1139,1096,1197,1091,980,1027,1888,2205,1511,1559,1461,1294,1577,1198,1173,1053,1132,1040,1413,1428,1123,1193,2168,2120,878,876,884,781,1569,1607,1216,1352,1819,1979,1209,1286
bing_querylogs|config_id=178,1615,1220,878,898,832,838,1088,1227,1477,1436,1785,1908,3468,3005,1627,1515,1549,1734,2032,849,990,1548,1603,836,1048,1144,1328,1336,1363,1361,1249,1098,1137,1234,1358,1879,1313,2692,1197,938,1019,1256,1292,1419,1654,853,811,3581,3140,770,767,1753,1739,1311,1430,2051,3181,1018,1276,714,687,957,1060,6193,5750,931,953,1028,1265,809,821,816,3716,4840,4582,1311,1261,1267,1372,1407,862,1054,1105,938,1510,1656,1022,1050,2060,1818,731,729,669,670,1460,1308,911,1078,1998,5683,1127,1212
bing_querylogs|config_id=180,1471,1446,935,1044,1515,1415,1446,1917,1031,1009,2294,2529,2566,2883,1299,1862,1894,1734,1450,1107,1294,1598,1657,931,914,990,1071,1246,1405,1899,1938,1455,1473,1112,1073,1788,2085,1249,1866,1249,1368,1540,1327,1671,1792,1064,1149,3087,4556,1356,1312,1708,1280,1575,1314,2418,1289,1269,1248,781,732,1233,1190,2378,1706,1172,1072,1237,1233,1197,1177,1353,2710,2440,1585,1381,1653,1736,1601,1563,957,980,1067,978,1707,1787,1131,1064,2141,2059,970,980,1061,988,1302,1298,1159,1824,2176,1784,1912,1683
bing_querylogs|config_id=182,1931,2703,1777,1602,1477,1502,1653,1815,1229,1231,2084,1818,3963,4044,2351,1946,1731,1470,1799,1687,1544,1987,2070,1020,1031,1156,1187,2520,2756,2623,2042,1456,1772,1603,1769,1677,2043,2002,1786,1894,1856,1540,1631,2056,1804,1207,1460,3924,3650,1483,1523,2763,4315,1296,2054,1752,1405,1366,1347,934,925,1580,1341,2321,2402,1873,1559,1413,1515,2369,1491,2072,2144,2477,1789,3358,2799,2991,1950,1973,1526,1686,1542,1412,2406,1848,1722,1611,3852,3667,1361,1392,1881,1820,1646,1846,1888,1834,2204,2268,2145,2094
bing_querylogs|config_id=184,1725,1660,1018,885,818,1004,3262,3722,1307,1413,2306,2536,7355,5902,1552,1728,1921,3051,5142,1601,2843,1800,1906,1606,1344,1119,1226,1681,1293,4887,2014,1617,1454,1479,1490,1637,1942,1119,5453,1597,1610,1469,1365,1798,1885,1214,931,6236,4709,1004,1003,2721,1557,75266,7390,1604,1672,1679,1793,856,747,1393,1320,3176,4198,1120,1403,1184,1593,3419,2066,2773,2607,3585,1469,1544,1811,2063,1634,1399,1380,2064,1207,1151,1716,1592,1144,1406,2573,2610,1020,1012,1150,993,1746,1557,1210,1059,9479,5534,1773,1731
bing_querylogs|config_id=186,2300,1840,1195,1153,1420,1228,1653,1650,1603,1729,1918,2276,4544,2347,2192,2087,1915,2326,3005,1760,2326,1711,1738,1062,1066,1223,1374,1408,1415,1694,1772,1684,1666,1671,1608,1665,1773,3135,2613,1593,1489,1400,1676,4188,2751,1294,1530,3750,2581,1002,1075,2497,1899,2309,2172,2044,2316,1186,1071,752,783,1528,1242,2481,2258,1293,1287,1236,1720,1653,2414,2404,2362,2891,1741,1802,1642,1943,1686,1986,1564,1490,1438,1527,2082,1827,1506,1267,2637,3030,834,934,981,947,1542,1642,2430,1506,2229,2677,1577,1736
bing_querylogs|config_id=188,1150,1397,1170,1110,1058,1545,1458,1615,1327,1394,2036,2037,4407,6033,1713,1460,1309,2716,2552,1214,1507,1387,1996,1065,1070,1356,1390,1406,1435,1798,2135,1250,1317,1106,1091,1517,1344,1235,2252,1464,1062,1483,1568,2261,3753,1301,1401,1917,1643,1091,1136,2190,2115,1930,2211,4070,2280,1200,1143,757,803,1355,1212,1820,1651,1088,991,1039,1362,1269,1379,2120,1592,1916,1763,2072,1480,1419,1640,1747,1880,1506,1253,1087,1471,1722,1346,1133,3017,3106,900,799,1019,1011,1472,1168,1467,1480,1949,1886,1507,1452
bing_querylogs|config_id=190,1822,1652,1293,1140,848,820,2226,1448,1814,1676,1677,1527,4820,4792,1707,1814,2023,3785,3425,1503,1722,1823,1828,911,1150,1366,1126,1204,1706,2322,2177,1197,1289,1306,1270,1706,1334,8408,18879,1816,2386,1456,1349,1771,6182,1020,1017,4600,4546,1114,1167,1298,1374,8716,71331,1330,1404,1507,1490,882,918,1243,1114,1862,1881,942,1149,1189,2534,6340,1434,1807,2182,2051,1691,1778,1915,2371,1649,1449,1169,1275,1062,1019,4217,1520,1041,1105,2218,3595,832,827,760,654,1403,1363,1166,1138,5185,4124,1604,1540
bing_querylogs|config_id=192,1366,1562,1237,1025,1205,1771,1725,1717,1235,1546,2445,1581,5706,3836,2490,1130,1670,2869,2449,1352,1559,1893,1953,976,994,1365,1534,1709,1619,1670,1943,1279,1350,1107,1313,1293,1654,1953,2258,1302,1314,1586,1531,1871,6190,1266,1343,1823,2146,1319,960,1706,1798,2360,2545,7890,1436,1321,1210,800,872,1235,1185,1611,2581,1101,1078,1124,1207,1125,1117,2005,2200,3136,3993,1965,1674,2171,1541,1802,2604,1702,1317,1232,1842,1415,1232,1142,2514,2861,861,857,865,937,1141,1054,1318,1836,1857,1872,1963,1343
bing_querylogs|config_id=194,1910,1932,883,898,720,701,1468,1656,1497,1526,2202,2306,7501,3768,1788,1845,1827,8048,14551,1512,2822,1334,1404,717,766,841,926,1783,1769,1127,1036,917,936,1280,1255,913,915,5787,8293,2214,1289,1545,1638,7384,5899,1163,985,9890,3033,785,784,1913,1722,1912,1928,1313,1273,1271,947,652,650,730,769,2567,2133,722,691,723,2205,2205,2706,2621,2369,1862,4731,4698,1331,3054,959,966,986,1772,1284,1197,1355,1472,930,781,2518,3689,654,717,554,556,1295,1406,1766,1795,10874,13770,1793,2723
bing_querylogs|config_id=196,1415,1233,1000,983,1008,1693,1306,1026,1260,1419,2029,1996,4019,6691,1369,1790,1668,2670,3194,2100,1574,2260,1967,991,1004,1494,1390,1386,1591,2071,1694,1267,1353,1447,1394,1637,1550,1202,2458,1457,1169,1450,1334,1535,5791,1041,1301,2297,1666,1105,1004,2030,2584,2049,2131,1337,2621,1559,1325,751,762,1333,1168,1802,2170,1107,1173,1136,1336,1133,1245,1352,1931,2536,1647,1722,1893,1554,1780,1546,1478,1393,1197,1040,1619,1578,1422,1197,4661,1557,999,826,984,888,1307,1186,1211,1726,1809,1902,1798,1390
bing_querylogs|config_id=197,1009,1031,850,964,677,743,1010,1121,1341,1365,1010,2179,5899,1753,1325,1492,1603,3392,5607,831,1037,1349,1182,650,660,970,1386,1065,1211,1273,1117,953,957,1024,958,1663,1636,4052,7521,993,792,1185,1204,1468,1571,840,804,4456,1272,778,730,1638,2025,1173,1218,1136,1205,1115,992,610,608,745,878,5977,1325,919,794,962,810,814,844,845,1782,2132,1539,1098,2396,1616,1244,1160,1039,1045,934,945,1334,1033,1014,1048,3887,3603,643,702,581,597,1796,1160,992,1130,2683,5845,1058,1304
bing_querylogs|config_id=198,1342,1446,975,996,1074,1632,1565,1743,1341,1449,1666,1824,2821,5534,1945,2383,1524,2304,2762,1522,1486,1488,2346,997,1396,1327,1270,1410,1710,1748,1806,1270,1382,1188,1325,1230,1205,1017,1497,1990,1269,1381,1361,3180,6696,1490,1069,1752,2061,852,968,17380,1540,1668,2125,1804,1961,1270,1195,857,760,1255,1161,2309,2252,1133,1070,1012,1300,1270,1978,2098,2384,1908,3373,1950,1562,2178,1555,1437,1244,1354,1115,1342,1884,1863,1167,1183,3901,3151,894,852,971,856,1286,1153,1581,1485,1705,2041,1622,1423
bing_querylogs|config_id=203,2168,2532,1440,1304,1349,1341,1601,2049,2754,2139,2538,2494,3065,2869,2523,2618,2495,2521,2600,1891,1972,2358,2571,1231,1189,2195,2008,1928,2255,2305,2246,2098,1936,2023,2028,2445,2349,2438,2822,1654,1597,2319,2044,2840,2581,1618,1547,2306,2344,1154,1173,2281,2375,2344,2402,2114,2252,2222,2227,1026,1005,1461,1404,2597,3409,1692,1612,1485,1471,1646,2202,2267,2431,2727,2841,3067,1987,1972,2083,2073,1270,1328,1596,1449,2036,2274,1737,1788,3062,3017,1095,1088,1146,1123,2441,2377,1712,1731,2678,2698,2167,2039
bing_querylogs|config_id=206,2231,1918,1602,1552,1523,1631,1799,1757,1652,1926,2159,2123,2999,2862,2031,2118,2129,2628,2883,1627,2044,1839,1880,1486,1426,1475,1589,1892,2134,1951,1978,2036,2082,1800,2107,1859,1906,1330,1291,1816,1886,1701,1981,1836,1747,1637,1664,2199,2680,1843,1489,2504,2061,1541,1500,1773,1659,1938,1847,1016,1017,1805,1821,2326,2242,1488,1557,1602,1236,1228,1920,1953,2401,2890,1528,1706,1932,1970,1863,1916,1415,1592,1387,1611,2405,2222,1714,1563,2465,3484,1014,1003,1324,1687,1963,1971,1510,1483,2122,2393,2256,1713
bing_querylogs|config_id=207,1028,1000,772,1715,817,798,958,1086,1373,1405,1453,2478,3832,2078,1454,1418,1509,2066,2631,841,1051,1410,1399,729,652,970,1190,1103,1098,1098,1210,906,901,1039,1056,1885,1851,3872,1579,933,813,1231,1278,1514,1467,800,782,3761,1530,747,762,2243,2286,1163,1385,1061,1042,1181,844,630,691,799,845,2007,1636,922,907,1011,967,793,783,1109,1653,1744,1708,966,1441,1524,1224,1078,954,916,1090,776,1339,1214,980,1244,1981,1802,726,818,697,580,1345,1289,1286,2452,3457,3849,1031,1053
bing_querylogs|config_id=217,1370,1463,1160,1166,1162,1074,1595,1152,1155,1438,1903,1912,1887,3406,1151,1040,1727,2935,4224,1527,1449,1782,1836,1125,1008,1154,2306,1857,1589,3946,1782,1466,1521,1151,1255,1632,1433,1192,1255,1331,1333,1270,1288,1772,1557,1008,1166,1757,2098,963,1001,4244,7793,1275,1645,2654,7659,1243,1813,871,884,1112,1105,4093,1731,1140,1096,1191,1169,1208,1228,1281,7248,10993,1679,1507,1437,1686,1772,1757,6882,7452,1141,1655,1510,1645,1357,1309,2918,2993,957,852,929,899,1083,1398,1459,1613,11144,9353,1607,1473
bing_querylogs|config_id=219,953,997,859,1174,628,927,987,980,1243,1299,1314,2676,2474,2804,1517,1426,1616,1737,2015,818,988,1465,1383,727,659,964,1257,1214,1111,1108,1360,919,1032,1014,1011,1481,1960,3332,2550,852,880,1243,1225,1228,1254,839,778,3538,2014,736,777,2038,1973,1579,1227,1125,976,712,1082,640,620,760,1066,1489,3280,942,830,890,825,759,1019,809,1752,1522,1361,1102,1343,1529,1152,1170,796,957,906,782,1270,1207,934,925,2024,1753,664,764,664,612,1271,1168,948,895,3034,4171,2047,1567
bing_querylogs|config_id=222,1125,1095,807,810,814,925,903,907,1369,1310,2113,3025,12868,13185,1722,1749,1716,3656,3646,1036,1497,1485,1426,997,950,1021,1598,1388,1506,1898,1557,1266,1294,1232,1259,1304,1738,4882,3435,981,983,1424,1415,1558,1497,857,834,7985,9217,786,777,7138,7868,9432,1315,1328,1492,1038,1223,814,652,1006,1003,1891,1922,1022,1030,982,1927,5458,829,889,6112,7394,2011,3587,1293,1166,1700,2261,826,864,1016,995,1422,1535,1124,1130,2828,2004,718,737,755,714,1216,1347,1156,1208,15028,9382,838,1036
bing_querylogs|config_id=223,1015,1284,855,1613,815,1045,1158,1521,1419,1458,2510,1312,5164,3230,1676,1628,1637,3065,2361,1459,1329,1325,1431,806,802,1035,1028,1131,1202,1121,1658,956,1236,1314,1019,1274,1482,1395,1471,886,887,1516,1498,1398,3466,756,769,3634,2934,829,826,3491,1269,2232,1875,1112,1210,774,1005,656,631,1272,1079,1800,1535,902,770,960,814,879,1387,1332,1575,1809,1735,1418,1560,1930,1152,1516,939,1021,880,979,1611,1340,1125,1100,2173,3505,644,731,1080,768,1068,1351,1416,1268,3389,3767,1333,1394
bing_querylogs|config_id=224,1204,1330,996,969,924,1496,1635,9703,1219,1245,3275,1944,10636,1915,1373,1119,1242,3956,3567,1113,1252,1444,1525,904,1034,1349,1263,1472,1883,1800,1852,1255,1345,1132,1066,1330,1092,1701,1227,1251,1335,1340,1284,4340,2807,1077,1026,9332,8527,920,961,1582,7383,1572,9013,2834,1418,1322,1416,900,894,1224,1101,2255,7236,1177,1043,1090,1205,2231,1077,1205,7092,10199,1278,1972,1458,1800,1694,1663,1914,2929,2215,1229,1836,1556,1095,1216,2161,3461,910,887,937,742,1309,1172,1268,2766,4074,10917,1535,1408
bing_querylogs|config_id=225,818,818,666,632,605,563,970,1144,1326,1266,1507,2108,1894,1570,1435,1619,1399,1619,1758,814,684,1873,1796,704,650,966,1026,1015,1022,1038,1080,935,912,863,1111,1361,2155,2117,1788,790,856,1038,1660,1410,1308,682,678,2151,2211,666,704,2390,1581,1271,1050,1133,987,1589,762,599,606,730,756,1656,1902,810,792,792,752,795,735,705,1280,1300,1027,873,1065,1302,1201,1024,927,897,840,837,1040,1087,936,874,1711,1881,636,687,581,578,1013,1902,727,696,1922,2299,816,908
bing_querylogs|config_id=226,1405,1501,1199,1384,1400,1182,1240,1505,1282,1248,3785,2578,5550,5994,1618,1327,1297,2322,5332,1415,1697,1491,1840,1214,1216,1446,1380,1619,1619,1847,1779,1454,1524,1341,1359,1745,1391,2440,1520,1362,1441,1451,1311,6662,2788,1309,1593,9025,3189,1163,1168,7041,7511,1878,1641,3008,3022,1357,1513,934,951,1254,1420,2670,2665,1471,1212,1174,1283,1363,1265,1481,6593,6739,4612,1867,1643,1969,1854,1957,1445,4314,1343,1414,1833,2226,1205,1316,3255,2568,976,1028,1014,1025,1522,1359,1629,1529,11667,8535,1423,1803
bing_querylogs|config_id=227,1542,1514,834,1303,1116,1034,1453,1346,1112,1243,2090,2448,3079,3144,1340,1490,1469,2207,2201,1217,1877,1419,1448,772,681,929,1200,1432,1592,1528,1837,1073,1148,887,884,1512,1495,2256,2804,1189,1228,1262,1363,1581,1641,1137,1112,3117,2353,843,868,2116,3353,1161,1230,28603,1404,1288,1089,717,728,958,1010,1602,3829,1013,880,1052,1229,1466,1945,2605,1568,1829,2907,1566,1490,2203,1254,1223,955,826,1106,1173,1336,1331,953,1209,2381,3046,763,877,863,1054,1195,1088,2517,1507,3276,2839,1404,1867
bing_querylogs|config_id=228,1580,1733,1248,998,1028,1112,1855,1425,1289,1442,2429,2350,3156,5942,1383,1507,1667,2863,3278,1551,2582,2326,1748,1080,1122,1468,1563,1575,1975,1790,1810,1679,1599,1190,1246,1591,1666,1703,3152,1687,1355,1608,1388,1813,1947,1482,1503,2264,1570,1304,969,1381,1612,1854,2013,2252,1853,1335,1262,851,861,1415,1272,1732,1613,1081,1201,1028,1022,1154,1432,1964,2285,2473,1561,1655,1802,1849,1778,1845,1356,1431,1353,1417,2079,1753,1440,1321,4798,3133,871,892,1039,1259,1481,1262,1841,1647,2033,1893,1548,1431
bing_querylogs|config_id=230,1377,1394,990,1255,1053,1134,1671,1615,1429,1513,2576,1908,3500,5332,1256,1531,1598,3126,4259,1718,1302,1604,1860,991,1038,1385,1479,1408,1450,1821,1637,1250,1300,1264,1293,1587,1395,2822,1734,1736,1404,1270,1420,2482,2190,1367,946,1729,1623,910,1302,1824,1579,2172,1808,2252,1346,1405,1356,831,757,1390,4711,1775,2523,1157,1026,1309,1210,1581,1588,1372,2234,2020,4363,1260,1455,1605,1670,1738,1447,1321,1142,1066,1785,1514,1754,1189,4871,3183,845,857,833,925,1094,1108,1381,1934,1832,2310,1460,1421
bing_querylogs|config_id=232,1025,1022,1818,1065,720,968,989,940,1266,1270,1766,2753,2472,1716,1448,1611,1478,1810,2308,1149,1194,1547,1360,723,720,988,1104,1257,1133,1547,1320,909,998,1306,1343,1340,1627,1567,2373,879,904,1159,1301,1382,1317,897,917,1557,1223,900,875,1549,2399,3412,1837,1203,979,1207,790,658,682,1341,1057,2152,1585,922,951,989,984,802,755,1405,1740,1493,1716,1644,1783,1154,1335,1212,1067,730,1024,948,1284,1538,952,821,2077,2789,647,739,676,600,1270,1055,1030,1154,1833,2924,751,1844
bing_querylogs|config_id=233,1176,1266,928,1035,962,1993,1862,1572,1133,2037,2423,2540,2669,7806,1272,3138,1216,2347,2642,1064,1339,2018,1580,1142,1131,1446,1516,1605,1372,1675,1993,1167,1374,1045,1307,1569,1118,2117,1371,1228,1190,1436,1201,1625,2198,974,1037,2123,2369,985,916,4074,1645,1802,1515,2290,6418,1459,1249,792,730,1243,7353,3412,1928,1069,979,1079,1140,1273,1092,961,7415,2441,1574,1927,1707,1723,1740,1657,1783,1354,1495,1194,1538,1760,997,1157,2889,1921,833,837,888,1036,1002,1364,1382,1704,13891,6758,1534,1735
bing_querylogs|config_id=235,1060,1562,921,876,817,871,1042,1077,1399,1376,3093,2076,2584,2812,1522,1518,1504,1640,2633,820,996,1278,1527,798,747,1267,1488,1068,1062,1217,1067,1297,1076,1332,1118,1576,1911,981,2828,971,905,1264,1273,1498,1312,787,810,1430,1829,754,768,2371,2509,1282,1319,1286,1259,1036,889,696,648,822,820,3116,1642,1115,1010,1048,1014,872,873,1118,1741,1860,1439,1741,1448,1260,1073,1137,982,1026,994,1005,1333,1281,999,1020,1974,1464,751,775,705,699,1284,1173,970,1187,3002,3920,1183,1223
bing_querylogs|config_id=236,961,1078,762,1609,768,926,1258,1381,1241,1128,988,2249,2151,1765,1375,1603,1617,1930,2137,813,1110,1352,1328,662,721,1017,1051,1158,1070,1039,1286,911,933,1275,1017,1749,1388,1542,2410,779,869,1133,1107,1388,1423,685,671,4421,1277,809,738,1096,2355,2329,1256,992,1079,797,742,599,591,766,707,2080,1559,928,781,961,765,799,743,781,1202,1530,1105,1066,1888,1756,1034,988,908,1434,828,828,1002,1128,967,915,1796,2634,632,686,582,603,1291,780,972,856,1468,2632,1088,799
bing_querylogs|config_id=238,2546,2662,1738,2067,1473,2095,2305,3545,2025,1802,3519,3542,12231,15491,2108,2602,2576,5063,10250,1953,2516,2023,2319,1104,1065,1370,1430,3132,2973,2054,2422,1590,1509,1884,2317,2235,2512,4530,5944,2056,1808,2461,1981,4046,2460,1614,1746,10280,7347,1332,1660,2776,4850,13956,8750,6685,9595,2107,2247,1182,962,2120,1906,2386,5051,2003,1851,1554,4406,9811,2007,2183,3728,5803,2128,3189,3186,2938,2722,2109,1924,2092,2029,1681,2063,1556,1959,2101,4134,3314,1581,1411,2299,2025,2340,2497,3009,2410,12227,8454,2236,5273
bing_querylogs|config_id=240,1068,834,735,648,554,543,882,923,1208,1107,1357,1089,1825,1793,1330,1546,1524,1326,1598,827,706,1362,1121,638,678,949,1067,1045,1071,1086,941,934,916,830,1127,1296,1480,893,9594,792,840,1341,1337,1243,1226,688,683,1393,1310,746,734,1118,1235,1072,1103,913,1044,759,833,594,601,875,764,1465,1466,784,782,773,691,753,681,780,1102,1699,955,983,1042,1015,1036,1059,927,840,811,940,1104,1084,914,856,1441,1360,634,679,572,569,790,814,785,685,1202,1266,895,903
bing_querylogs|config_id=241,1494,1327,1153,1206,919,985,1587,1516,1251,1109,1975,2045,5216,5980,1080,1164,1101,3920,8809,1548,1245,1942,1269,926,900,1152,1293,1741,1814,1605,2063,1295,1279,1006,1058,1227,1337,3368,8944,1220,1427,1320,1214,4126,1927,995,1085,8740,8092,931,1378,5469,9782,1554,1697,1114,1727,1357,1205,771,729,1128,1186,3019,1885,1261,935,1002,1303,4936,1069,1177,2725,7168,2397,6576,1610,1993,1653,1562,7264,1709,1017,1122,1542,1448,1072,1065,2262,1561,809,877,944,894,1488,1222,1254,4363,8086,7912,1365,1437
bing_querylogs|config_id=242,905,822,695,769,895,644,1043,988,1226,1530,1206,1425,1819,1857,1388,1559,1507,1658,1672,857,939,1492,1606,743,746,963,999,1147,1256,949,953,1124,1132,938,1442,1140,1303,1240,1224,958,1091,1219,1094,1399,1248,703,689,1238,1295,764,727,1800,1274,1226,1248,1059,1059,884,773,642,640,831,917,1481,1504,862,889,858,747,802,827,794,1340,1713,942,1275,1297,1120,936,1102,1010,879,917,857,1099,1105,1058,1062,1643,1330,706,704,619,615,1469,1036,803,808,1196,1278,1164,1084
bing_querylogs|config_id=244,1795,1791,1039,1140,990,1100,1409,1382,1904,2201,2056,2250,4240,2688,1777,1672,1876,2498,7541,1560,1625,2029,1679,1011,1057,1267,1343,1603,1606,1553,1520,1419,1445,1692,1201,1816,1627,1907,1653,1240,1447,1855,1913,2044,2097,850,831,3450,3125,985,991,3301,2795,2931,4933,1489,1596,1300,1351,818,797,1402,1451,2217,7595,988,1003,1340,1146,2938,1371,1450,5057,7549,3178,1704,2149,1595,1681,1758,1292,1347,1052,904,1536,1752,1389,1524,2566,2741,842,776,1168,894,1844,1677,1485,1414,8865,5200,1411,1360
bing_querylogs|config_id=245,1101,1105,986,826,873,986,1003,1019,1571,1331,3138,2891,2411,1892,1573,1504,1496,1833,1958,1069,991,1687,1710,811,846,1314,1321,1205,1255,1556,1473,1055,1304,1283,1045,1365,1469,4644,1200,834,930,1391,1264,1511,1501,746,929,3225,3059,796,1000,1636,2366,1394,1740,1327,1073,1030,979,702,685,807,1128,1959,1593,978,859,1064,945,966,1050,1206,1694,2272,1840,1354,1406,1158,1342,1973,949,999,985,984,1611,1548,985,911,2225,1742,714,716,685,718,1426,1267,1207,1597,4144,3298,978,1441
bing_querylogs|config_id=247,1105,1146,862,957,865,964,1322,1080,1451,1300,2182,2276,2788,4874,1640,1671,1732,1989,3680,981,1076,1374,1444,870,880,1287,1476,1512,1513,1504,1512,1330,1361,1194,1255,4427,1365,7882,6949,1108,1155,1406,1215,1680,1637,869,849,7938,2102,873,887,5628,7553,8575,7024,1910,2386,1042,1015,773,698,1029,1074,2446,2343,1012,1017,1072,1010,1074,872,900,7034,8485,2650,2193,1208,1986,1651,1690,955,1168,1033,1054,1557,1953,1119,1109,1839,1785,792,796,846,791,1610,1187,1126,1229,9429,11338,1086,1079
bing_querylogs|config_id=249,1164,1054,634,835,571,603,2535,2284,1056,1081,1573,1638,1856,1909,1328,1330,1305,2257,4354,1256,1104,1171,1302,750,699,1022,1111,937,985,1485,1535,977,875,854,1024,1552,959,3256,3368,1188,1243,955,1167,1652,1551,917,711,3086,4192,867,867,1034,1037,5350,66438,3306,1881,1089,1177,652,584,894,891,1471,1746,1007,857,983,2911,1337,1332,1689,1456,1659,938,1070,1409,1293,1089,1079,1087,1075,819,822,1264,1285,819,864,2209,1542,712,715,587,581,1151,795,832,858,1652,1977,1301,1382
bing_querylogs|config_id=254,1412,1287,1066,1121,1012,1108,1748,2389,1370,1436,3252,2006,3574,5221,1286,1319,1563,8510,3254,1279,1190,1737,1684,880,937,1242,1302,1401,1544,1645,1783,1246,1280,1297,1134,1393,1160,1494,3351,1175,1239,1201,1106,1635,4437,1058,1142,10534,9673,1429,939,6286,5696,5077,1672,2237,9371,1209,1259,738,722,1022,1160,3048,4048,1069,1049,1002,1178,1139,1086,1092,10681,9860,2492,2411,1738,2412,1623,1694,6508,1150,1324,1229,1666,1546,1101,1038,5350,10509,841,864,714,784,1166,1151,1479,1312,9667,9043,1677,1359
bing_querylogs|config_id=257,1619,1725,952,1247,1171,1584,1704,1727,1387,1518,3003,3026,4684,3466,1791,1660,1618,3173,2951,1994,1394,1738,1496,906,907,1250,1327,1358,1608,1716,1984,983,1003,1275,1691,1787,1954,2419,4824,1064,1040,1430,1308,3548,2929,1157,1215,3248,4682,1001,935,1778,2022,2976,2174,1664,4029,1508,1494,821,881,1363,1176,1788,2404,1625,1448,1287,2396,3425,1601,951,1786,1754,1335,1404,2065,1866,1230,1340,1230,972,1750,1668,1554,1597,1172,1078,4482,2075,939,677,832,1559,1511,1496,2567,2755,4213,2243,1562,1404
bing_querylogs|config_id=258,1839,1967,1542,1633,1800,1666,1268,1648,1409,1603,2129,2385,2661,2136,2118,1895,2202,1726,2073,1350,1899,2188,2308,1201,1225,1377,1303,2033,2005,2245,2287,1632,1779,1450,1512,2087,1837,1148,1405,1462,1463,1802,1779,2360,1929,1140,1114,2380,2361,1206,1514,1849,17877,1344,1660,1560,1453,1863,1633,1073,953,1276,1365,2070,2238,1351,1402,1494,1407,1287,1442,1609,2500,3023,1882,1766,1835,1752,1750,1799,1111,1142,1344,1483,1904,1723,1627,1457,1994,1851,1111,1181,1505,1478,1345,1400,1543,1693,1942,2183,1730,2266
bing_querylogs|config_id=259,1742,1752,1306,1572,1654,1625,1459,1469,1616,1552,1956,1937,2241,2091,1820,1758,1849,2067,1940,1344,1366,1840,1942,1199,1325,1583,1684,1658,1798,1930,1983,1922,2138,1642,1632,1803,1975,1205,1293,1658,1703,1576,1424,1744,1713,1512,1636,1978,2012,1338,1606,1606,1602,1681,1760,1491,1514,1565,1621,1082,1171,1458,1788,1887,1877,1592,1686,1490,1292,1383,1671,1806,1726,1751,1505,1486,1806,1837,1687,1712,1481,1428,1558,1520,2091,2089,1619,1734,2064,2070,1365,1371,1441,1484,1628,1495,1289,1340,2255,2053,1757,1845
bing_querylogs|config_id=263,1216,1472,1003,983,903,1260,4564,1606,1652,898,1942,2260,3464,5543,871,1130,1413,6158,2224,1077,1507,2213,2050,1102,1102,1359,1408,1615,1640,1840,1773,1358,1199,923,1113,1288,1040,1719,1559,1254,1111,1193,1204,1738,1729,1182,1089,8110,7010,1024,941,9155,1713,1657,1513,2288,6617,1381,1163,863,843,1616,1294,1930,3606,889,1121,1009,1171,1159,1421,1349,6311,8393,1660,1713,1428,1895,1606,1792,1317,2311,1261,1093,1638,1682,1401,1016,2285,2648,836,796,723,865,1264,1207,921,1658,8148,3891,1650,1620
bing_querylogs|config_id=265,1810,1108,1417,1177,749,869,2113,9184,1824,1530,1641,3386,20265,7978,2019,1944,3160,5753,15120,1563,1804,1832,2078,1015,963,1222,1376,1621,1331,1996,1663,1341,1379,1085,1304,1967,1280,2906,1109,1285,1533,1603,1480,7965,5491,1251,1189,11259,13347,1052,1049,1997,2152,25384,14830,1625,6267,1561,1528,839,675,3728,1569,3807,2365,1137,1204,957,9973,9052,2023,3011,3360,6377,2488,2750,2173,2779,1664,1659,1074,1081,1448,1346,1770,1586,1341,1237,3363,3261,739,738,782,838,1207,1515,1292,1185,9237,2097,2127,1794
bing_querylogs|config_id=266,1633,1634,634,640,566,568,1511,1505,1064,1066,1204,1205,11786,9210,1651,1651,1647,4065,4898,667,675,1134,1135,830,838,907,964,911,944,1136,1134,1034,1050,1038,986,995,997,1110,1109,974,969,943,943,3264,2465,631,634,1263,1243,671,671,772,760,3043,3048,1050,1050,825,825,557,555,1117,1115,1149,1147,717,718,711,741,741,1316,2674,1437,1437,839,844,867,869,1192,1197,859,859,951,946,1129,1131,832,832,5872,5870,617,616,559,576,861,914,598,603,1692,1287,982,952
bing_querylogs|config_id=267,1684,1612,909,1059,798,907,1246,1300,1733,1768,2700,1944,4335,3359,1823,1884,1796,2729,2344,1731,4576,1729,1356,1050,1145,1250,1250,1427,1518,1362,1475,1304,1314,1594,1524,1629,1654,1774,1649,1064,1086,1803,1638,2224,2060,858,838,2721,1790,831,832,2665,2515,1856,2145,1372,1437,1095,1054,784,696,1387,1288,2709,2246,988,1008,1045,953,1017,1534,1485,7903,6759,1659,1843,1390,1256,1487,1380,1222,1195,1032,898,1730,1709,1217,1165,2640,2704,780,788,944,896,1566,1308,1420,1419,10032,7214,1274,1166
bing_querylogs|config_id=270,1721,1469,1050,1212,1094,1023,1223,1189,1543,1430,2520,2172,3170,3334,1227,1339,1506,4180,2836,1083,1412,1513,1717,856,829,1086,1431,1366,1561,1696,1617,1472,1497,1489,1510,1486,1303,3198,3778,1187,1183,1307,1410,4192,3998,1264,1341,9509,2269,1030,1025,5730,8921,6592,1782,9249,6710,1080,1083,731,783,1334,1509,3057,2200,1285,1470,1314,1681,2453,1712,1439,5814,7265,1826,10221,1663,1816,1734,1743,1294,1346,1196,1156,1818,2098,1364,1412,4352,4919,870,847,796,765,1324,1374,1622,2595,12702,14246,1625,1553
bing_querylogs|config_id=271,1626,1603,1030,1237,1250,1471,1510,1091,1515,1543,2234,3172,4125,4009,1652,1660,1614,3110,4777,1547,1692,2066,1735,1020,738,1575,1587,1531,1390,1688,1649,1143,1060,1591,1394,1848,2116,1552,1560,1110,1079,1552,1600,2161,1781,1202,1216,2852,5892,1056,913,1996,2220,4542,3582,3635,3820,1287,1441,766,768,1085,1309,3755,4197,1590,1345,1474,1440,3715,1537,1074,2211,2098,1550,2319,2105,1568,1285,1359,840,1129,1169,1092,1692,1659,1045,1382,5430,2090,905,933,1278,1057,1473,1384,1557,2496,3935,5564,1850,1449
bing_querylogs|config_id=272,1270,1308,1026,1057,1456,1122,1075,1036,1362,2030,11925,9380,2580,2288,1390,1035,1199,3000,3796,1147,1582,1218,1217,932,992,1151,1305,1808,1495,5119,1813,1291,1324,1029,1093,1150,1312,1219,1464,1504,1047,1415,1237,1679,7943,1079,1144,10193,5983,1220,1060,4796,6045,1375,2047,1449,1563,1338,1169,816,739,1362,1251,2816,7044,1085,1178,957,3927,1234,1237,1057,9567,7184,7263,1301,1800,1854,1705,1540,2734,1085,1169,997,1790,1808,1248,1159,2060,2819,887,881,734,910,1181,1358,1553,1458,10671,11577,1216,1241
bing_querylogs|config_id=274,1077,1420,860,888,890,1009,1746,1895,1392,1462,2540,1783,2741,5060,1589,1580,1728,2727,1861,961,1069,1460,1456,865,875,1159,1498,1456,1546,1501,1509,1317,36772,1200,1355,1711,1248,2954,2730,1028,1162,1233,1439,1621,1334,854,873,10140,8525,36804,36838,6535,8173,6311,1658,1330,34141,1082,1059,702,698,1331,1339,2450,2643,1012,1026,967,967,33709,33556,967,8664,11359,2201,2191,1181,1205,1698,1837,1181,1028,947,1013,1490,1520,1042,1068,2269,2292,781,780,836,810,1636,1315,1413,1463,2937,12238,1020,1079
bing_querylogs|config_id=276,1776,1688,1254,1332,1163,1512,1463,1754,1216,1223,1630,1492,2837,2146,1507,1491,1526,1881,3399,1560,1376,1645,1551,979,979,1263,1154,1490,2031,1919,1411,1257,1425,1267,1379,1429,1304,2050,2867,1798,1556,1393,1458,1676,1513,1122,1368,1657,1928,1189,1309,2350,2277,1667,1208,1613,1453,1605,1545,906,976,1602,1511,1453,1901,1411,1399,1330,1454,1568,1286,1381,2161,2031,1558,2013,1835,1778,1927,1403,1473,1558,1390,1197,1470,1529,1677,1433,2880,2610,1235,1219,1053,1040,1337,1529,1789,1785,1860,1707,1641,1651
bing_querylogs|config_id=282,1458,1872,1302,1101,1074,1107,1789,1140,1591,1441,4242,3147,4598,3750,1994,1513,1906,2514,4348,957,1854,1809,1851,871,832,1225,1248,1702,1767,1957,1679,1122,1155,1340,1543,1755,1850,3901,3463,1103,1185,1619,1455,2526,2307,1133,1143,4680,2315,993,1034,1501,1726,3771,3733,5381,2493,1388,1385,777,785,1084,1187,2134,2805,1101,1247,1273,2631,2740,1631,1510,3466,3244,1977,1943,1874,1464,1310,1424,1100,951,1201,1193,2011,1560,1264,1217,2208,7083,890,1091,966,843,1508,1467,2875,2026,3860,3113,1696,1346
bing_querylogs|config_id=283,1690,1695,1199,1357,1436,2165,2128,1979,1442,1321,3271,2078,3943,4744,1656,1560,1768,2858,2195,1562,1664,1741,2431,1001,1143,1182,3426,1756,1803,1682,1426,1345,1367,1269,1264,1741,1590,1184,1233,1209,1304,1318,1650,7633,4868,1432,1018,9736,3544,959,953,5274,1742,18766,14289,4802,6270,1694,1534,831,731,1647,1359,2470,2627,1312,1062,1208,1118,1185,1651,1405,2634,2365,5472,3311,1811,1848,1330,1326,1476,1400,1139,1033,1578,1727,1588,1519,3024,2773,827,911,1688,1478,1456,1285,1301,1401,4802,6602,1414,3048
bing_querylogs|config_id=284,1372,1739,1069,1074,1048,1064,1187,1236,1209,1223,1786,1667,2208,1702,1719,1631,1719,2115,2365,1295,1293,1392,1441,912,924,1369,1211,1915,1637,1790,1765,1729,1338,32926,1218,1676,1481,974,1126,1384,1328,1319,1375,1836,1633,1130,1331,1539,1497,1070,1084,1606,1588,1237,1279,2326,1724,1476,1504,870,826,1055,1054,1974,2186,1246,1257,1082,1075,1145,1803,1731,1818,1998,1687,1679,1632,1389,1537,1614,1069,1275,1390,1308,1831,1878,1389,1424,2212,2228,833,1071,1134,1121,1281,1232,991,994,1802,1771,1796,1699
bing_querylogs|config_id=286,1099,1064,1016,918,598,675,1200,1096,1414,1212,1535,2286,1961,2029,1526,1679,1662,2279,2154,794,1223,1553,1390,875,875,991,1096,1516,1527,1409,1190,1071,1113,993,1261,1394,2012,1273,1768,854,884,1366,1362,1350,1367,748,782,2018,1562,807,883,1355,1516,1955,1803,1257,2020,992,926,595,715,776,807,2154,1503,909,913,888,923,935,959,886,2305,1860,1608,1572,1021,1127,1223,1148,991,916,958,961,1272,1438,979,945,1829,1905,679,655,626,633,1213,1264,915,1391,1629,1366,888,1062
bing_querylogs|config_id=287,893,1124,1262,902,742,757,1022,1253,1298,1326,1249,2580,1576,2448,1602,1608,1411,2066,2028,847,895,1187,1129,711,716,1116,977,1162,1179,1254,1205,1098,1104,1260,1168,1748,1879,2343,1185,847,869,1088,1027,1439,980,652,676,1618,2722,805,802,1610,1603,1480,1635,1253,1117,808,790,599,625,872,854,1820,1051,899,839,1016,1808,1920,938,912,1536,2088,1499,1808,1673,1054,1229,1243,781,924,911,850,1209,1212,909,948,1617,1680,663,664,659,653,1132,1087,1376,1241,2100,3101,991,1031
bing_querylogs|config_id=289,2124,1510,1118,1245,1163,1248,1923,2050,1780,1854,2018,2333,4383,11113,1921,2219,2175,4724,5850,1690,1353,2318,1877,814,915,1150,1363,1749,1807,2260,2047,1102,1114,1364,1404,1978,2229,7879,3031,1346,1168,1732,1417,2772,4296,1092,1501,1949,2436,823,818,1915,2073,3367,4359,3702,4579,1725,1548,796,924,1107,1076,2217,3237,2127,1526,1206,2422,3216,1660,1291,1814,2129,1682,2007,3060,1722,1449,1543,1199,1237,1402,1459,1427,1589,1263,1250,2762,2334,731,901,1411,1185,1323,1470,2273,1375,5330,2905,1660,1893
bing_querylogs|config_id=290,1327,1454,1117,1099,1072,1085,1250,1683,1543,1537,2719,2245,3132,4511,1720,1763,2029,7966,3657,1347,1393,1704,1662,1054,1154,1433,1645,1669,1711,1726,2045,1581,1789,1707,1533,1798,4552,4213,2444,1237,1243,1561,1617,1766,1773,1294,1277,4024,9067,1535,1447,4380,7230,2098,2566,1553,2223,1355,1511,1013,1008,1286,1258,3277,4693,1219,1218,1408,1400,3167,1135,1183,7672,3130,2821,2225,1488,1488,2112,1846,1205,1162,1326,1199,2065,1928,1337,1386,5778,2217,1120,1018,1206,1073,1640,1536,1491,1518,8700,11030,1363,1495
bing_querylogs|config_id=292,1628,1673,1209,1577,1212,1615,1527,1702,2047,1694,4192,3436,6445,5405,1858,2084,2058,7445,5723,1703,1533,2011,2341,931,1002,1289,1651,1809,1665,2131,1664,1087,1042,1680,1592,2390,1862,5751,3680,1197,1246,2111,1714,2642,2320,1283,1106,4433,3665,882,914,2520,2172,3250,1821,1414,2774,1984,1696,785,749,1252,1315,2593,3262,1443,1145,1264,3457,3376,1899,1671,2516,2504,1617,1943,2236,1500,1627,1729,1151,1331,1416,1362,1749,1910,1053,1244,3815,3473,765,773,1203,1350,1406,1872,1852,1709,3680,5090,1843,1829
bing_querylogs|config_id=293,1533,1443,3431,1313,932,933,1701,1287,1500,1323,2831,3838,5309,4353,1809,1832,1760,3550,2737,1137,1260,1546,1610,963,1046,1777,3441,1758,37205,1477,1452,1856,1988,1715,1366,1608,1377,4343,789,1233,1225,1607,1479,1549,4051,1440,1753,6767,6872,1451,1382,3807,2556,2292,1652,1961,2760,1569,1135,849,786,33711,1079,2255,2157,1190,1206,1103,1063,939,1079,1048,10047,8800,8820,3230,1840,1775,2029,1831,1526,1163,1325,1170,1643,1537,1405,1436,2813,1985,964,965,1100,1048,1371,1699,1259,1270,6517,8875,1388,1377
bing_querylogs|config_id=295,1504,1515,979,1229,1288,1581,1630,1230,1220,1158,2058,2000,3645,4101,1479,1489,1410,3353,3527,1311,1720,2587,2243,954,985,1334,1465,1478,1619,1709,1648,1285,1348,1147,1205,1662,1358,2174,2114,1362,1098,1419,1213,1827,2163,1456,1352,2275,2424,1055,1151,2505,1739,2083,1525,2356,1629,1190,1258,741,764,1411,1587,2093,1811,1128,1013,981,1554,1387,1146,1718,1880,2417,1802,5148,1898,1574,1610,1617,1497,1454,1061,1004,2040,2222,1195,1348,3064,3545,990,854,916,998,1325,1160,1995,2532,2411,2188,1488,1367
bing_querylogs|config_id=296,1366,1366,883,963,887,861,1112,1243,1118,1115,2340,2016,2781,3553,1441,1231,1546,2139,2468,1191,1591,1786,2276,971,963,1430,1685,1437,1485,1877,1486,1264,1266,1243,1167,1380,1443,1242,1293,1479,1201,1182,1027,1414,1715,1245,987,1850,2616,1257,1081,1523,1773,1875,1753,1463,1846,1194,1112,962,791,1459,1211,1848,1598,1252,1030,1040,1485,1286,1181,1257,1933,1782,1511,1414,1726,1523,1950,1621,1212,1418,1690,1021,1505,1734,1213,1227,2230,3141,850,784,826,775,1093,1018,1361,1537,1857,2471,1678,1444
bing_querylogs|config_id=298,1813,1741,1316,1183,1082,1031,1147,1594,1320,1516,2412,2220,2630,4394,1605,1664,1631,2950,3486,1511,1070,1909,1633,997,956,1282,1088,1327,1675,1895,1980,1220,1229,1435,1453,1447,1844,2752,3678,1065,1015,1734,1443,2928,2196,1093,1176,1668,2884,887,844,1542,1440,2067,4533,1422,3308,1635,1484,831,902,1189,1134,3262,18399,1337,1714,1221,1530,1597,1519,1368,1808,2024,1109,1347,1708,1391,1436,1188,919,949,1329,1172,1437,1701,1482,1451,1964,2090,712,976,926,823,1516,1545,1481,1748,3534,3155,1477,1424
bing_querylogs|config_id=300,1429,1467,1095,1047,1225,1238,1371,1396,1152,1265,1907,1859,2117,2187,1477,1560,1368,2009,2338,1070,1292,1509,1538,866,961,1287,1145,1513,1439,1850,1399,1250,1249,1259,1057,1557,1350,1054,939,1138,1108,1210,1317,1793,1799,981,1090,3891,3122,860,890,1827,2539,1912,2069,30515,1422,1694,1747,752,778,1026,1080,1828,2804,1138,999,1219,1564,1059,1278,1086,2013,1922,2336,1769,1691,1379,1380,1186,1119,1193,1263,1247,1586,1620,1287,1169,1854,1862,870,929,919,693,1217,1178,1007,1285,3106,2926,1420,1298
bing_querylogs|config_id=301,1390,1391,854,895,891,904,1631,1940,2057,1759,8932,2011,4755,5855,1716,1646,1780,3036,3142,910,1104,1737,1718,4166,1112,1362,4152,1454,1976,1432,1425,1275,1301,1124,1175,1767,2080,3242,6413,1125,1150,1560,1424,1681,1651,909,867,8112,6353,813,812,2223,4435,7339,2217,1702,2371,1355,1340,723,655,1095,1072,3125,6886,1313,1211,1465,1664,994,997,1004,2856,7020,5279,2262,1427,1467,1405,1393,1190,1425,1240,1263,1510,1462,1085,1089,3205,2997,725,747,858,742,1251,1229,1228,1570,9299,3556,1327,1464
bing_querylogs|config_id=305,1188,1433,1313,1675,693,1345,1537,1228,1498,1569,1892,2716,5084,4793,1519,1702,1766,3941,3406,1508,1426,1620,1675,897,873,1330,1344,1614,1749,1824,1955,1255,1075,1206,1519,1682,1806,2169,2290,1103,963,1341,1577,1904,2263,920,1074,1816,2370,908,861,1795,1062,5210,3334,3724,4139,1631,1566,696,688,1118,901,2166,1768,1246,1064,1304,1279,1743,1297,788,1728,1889,1035,1144,1617,1448,1403,1338,902,1092,1289,1581,1506,1491,1195,1175,7687,5239,670,701,813,887,17772,1318,1399,1740,3219,2520,1221,1356
bing_querylogs|config_id=306,1545,1580,1199,2026,1565,1349,1587,1316,1611,1263,1801,1950,3989,4216,1717,2058,1841,5443,5076,1068,1271,1841,1692,885,845,1108,1136,1422,1497,1893,2044,1034,904,1321,1337,1577,1743,3674,3859,1166,1168,1590,1453,2115,1981,1268,1370,3329,3492,950,917,2865,3001,2738,2827,1829,1105,1555,1466,735,652,992,1129,2096,1702,1361,1277,1282,1998,1984,1397,1419,1400,1538,1794,2812,1675,1537,1371,1353,993,894,1241,1427,1812,1184,1233,1219,2705,2842,710,835,1039,807,1513,1545,1856,1717,2667,4898,1430,1459
bing_querylogs|config_id=307,1659,1714,1486,1517,1239,1353,1685,1708,2306,2235,2607,3687,3231,3914,2423,2430,2549,3312,3324,1682,1777,2247,2034,1163,1199,1809,1882,2131,2189,2271,2073,1585,1611,1893,1906,1690,2350,5287,5211,1667,1653,2148,2143,2473,5343,1132,1088,10247,3648,1134,1162,2720,5305,2208,2225,2284,1845,1337,1268,937,844,1380,1438,3306,4844,1590,1589,1551,3344,1339,2185,2212,3687,8683,2914,2437,2037,1973,2074,2037,1648,1599,1810,1498,2220,2312,1586,1578,2658,2398,942,951,1217,1056,1973,1887,1798,1853,5093,4870,1778,1751
bing_querylogs|config_id=308,1625,1394,1266,1008,1175,1277,1339,1727,1629,1645,2041,2154,4812,4752,1752,1779,1657,2752,3841,1723,1553,1797,1442,923,965,1271,1279,1732,1537,1909,2012,1069,1195,1394,1358,2032,1493,2173,2628,1105,1273,1603,1849,1812,2040,1136,1150,1903,2628,862,1044,1553,1486,2701,2026,1803,1734,1571,1379,825,700,1280,988,2270,2065,1103,1056,1267,2082,1592,1238,1341,2127,1825,1669,1149,1792,1740,1414,1302,867,913,1294,1201,1810,1550,1338,1309,1930,7585,720,684,1206,1016,1352,1612,1319,2845,3199,3083,1342,1574
bing_querylogs|config_id=312,1469,1367,1262,1440,1357,1557,1484,1740,1425,1820,2172,2330,5300,5514,1860,1523,1869,3642,5462,1172,2005,1915,1827,767,871,1110,1163,1470,1545,1727,1869,855,821,1273,1224,1757,1651,5261,1733,1218,1586,1376,1373,2021,1798,860,1036,3439,2708,1019,990,1945,2319,3417,3374,2111,1675,1211,1380,914,780,1087,1024,1918,1666,1360,1584,1232,5951,1438,821,1450,1602,1926,1892,1282,1720,1945,1279,1287,894,847,1376,1278,1489,1438,1291,1305,2506,3553,703,728,1190,775,1476,1379,1826,1673,4435,3720,1273,1638
bing_querylogs|config_id=314,1400,1723,2095,1055,1224,1142,1522,1587,1484,1462,2099,3056,4371,4489,1778,1608,1882,4159,4562,1501,1115,1589,1772,689,789,933,1307,1764,1435,1627,1823,931,986,1366,1310,1816,1726,2757,1504,1254,1186,1349,1487,2367,2856,1176,1089,3804,3554,1015,952,2444,3118,2739,2942,1709,3060,1295,1288,802,720,1233,1139,4199,1804,999,1157,1159,3053,2513,1781,1795,1628,1912,1355,1909,1633,1938,1227,1205,1080,1005,1129,1115,1363,1252,1178,1494,2203,3797,703,849,1077,1196,1481,1510,1603,1815,2813,4107,1748,1374
bing_querylogs|config_id=317,1076,1240,1024,1215,893,842,2168,2127,1137,1384,2464,3224,20720,4424,1840,2334,1813,3907,21863,1422,1688,2278,2111,1092,879,1273,1367,1319,1127,1745,1779,1131,1220,1080,1071,1894,1303,2388,1196,1551,1529,1533,1679,4773,2783,1067,783,4075,16719,787,865,3293,2801,24564,16498,1316,1457,1499,1390,650,583,1436,1128,5118,4549,951,942,1121,8152,11817,1925,2053,2483,1839,2479,2582,2033,2522,1338,1346,946,870,1224,1063,1429,1398,1448,1254,3286,2714,863,743,917,717,1178,956,1115,2130,3527,3964,1873,1707
bing_querylogs|config_id=318,1258,1220,1098,1149,1057,1072,1897,1899,869,855,2812,8874,3796,4389,865,992,986,3595,2810,1243,1407,1413,1295,861,860,1081,1166,1469,1559,1530,1598,1532,1416,1243,1209,1547,5631,994,1456,2786,2313,1101,1165,3823,1368,1079,1033,9009,1766,906,906,1607,13909,1429,1299,1761,1745,1205,1302,707,859,1258,1379,4184,5440,1105,1019,936,5123,7754,1400,1624,1842,1921,1611,1655,1596,1524,1556,1485,5772,3235,1154,1130,1286,1403,1173,1489,2623,2313,901,892,817,813,1141,1210,1488,1540,13365,15338,1295,1320
bing_querylogs|config_id=320,1182,1426,939,961,1512,1537,989,916,1104,1149,1031,1784,2214,1586,1791,1224,1717,1518,1252,1181,1119,2357,1323,956,955,941,1042,1687,1413,1977,2479,1413,1439,1137,1238,1624,1592,1174,1349,1151,1284,1351,1244,1328,1342,851,829,3167,2625,1238,1063,1324,1371,1233,862,1133,1787,1237,1236,713,705,1098,1010,1933,1659,1204,962,957,1066,1338,3222,10781,2455,2418,1456,1986,1487,1313,1364,1494,1102,877,1010,1148,1703,1860,1260,1249,1646,1862,979,978,1307,1246,1129,1246,950,950,1859,1975,1372,1794
bing_querylogs|config_id=322,2678,2718,1061,1001,972,1081,2006,2040,1733,1911,2884,2777,5347,4939,2005,1988,2114,8891,9381,1592,1707,1809,1888,1021,957,1360,1955,2333,2387,1413,1420,1355,1355,1656,1660,1162,1303,6512,7369,1730,1685,1761,1981,5623,6350,1367,1167,7979,8941,856,856,4294,4451,2855,2994,1981,2018,1358,1419,739,739,1287,1349,2967,6173,931,804,1044,2636,2644,3282,3504,4568,6297,5098,5188,2148,2135,1324,1349,1190,1549,1285,1250,2040,1946,1163,1170,3133,2955,835,799,1009,815,1763,1619,2123,2192,5160,11042,2533,2392
bing_querylogs|config_id=326,1021,1062,825,1030,704,794,876,867,1379,1493,1456,1241,1659,1509,1408,1435,1258,1646,1641,976,983,1264,1177,809,893,1113,1108,1321,1416,1340,1137,1342,1540,1316,1307,1562,1904,836,851,962,984,1244,1215,1117,1443,884,761,1478,1403,934,980,1076,1320,1192,1327,1277,1288,832,1204,1028,1032,897,896,1486,1506,1005,1031,1005,780,787,1191,915,1455,1848,1286,1195,869,904,1215,1283,895,846,1021,951,1352,1419,1021,1031,1477,1299,801,782,719,893,999,1127,1061,1030,1564,1363,924,925
bing_querylogs|config_id=327,1517,1566,992,1267,885,848,1129,1314,1057,982,1590,1774,2374,1984,1153,1161,1411,1800,2351,1377,1471,1461,1676,1022,996,1133,988,1354,1297,1909,1799,1445,1382,1190,1060,1516,1311,1172,1303,1200,1292,1129,1188,1439,1490,1246,1192,1511,1572,940,1009,1409,1291,1378,1335,2719,1196,1238,1348,1244,1036,1492,1246,1809,1706,1094,1059,1052,1065,1247,1199,1120,1955,2017,1040,1675,1939,1128,1642,1594,1065,1349,1276,1170,1559,1604,1158,1057,3420,1634,949,928,886,866,1104,1104,1568,1207,1636,1853,1555,1627
bing_querylogs|config_id=328,1727,2047,2010,2112,1775,2009,1598,1583,1596,1744,2902,2302,5888,6453,2245,1805,2337,3154,3828,1515,1472,3468,3162,1270,1057,1283,1452,34645,2184,1589,1896,1641,1747,1358,1424,2261,34401,30510,30593,1768,1788,1439,1390,4107,37603,1239,1249,8595,2644,1603,1626,34023,2042,2016,1600,12803,3205,1461,1627,815,787,1325,1231,5917,2626,1733,1379,1528,1556,1257,1590,1717,2242,5353,7662,34137,1874,2799,1756,1716,1371,1358,1291,1061,2020,2037,1459,1360,2865,35406,936,1210,32861,1399,1913,2015,1696,1568,2429,2421,3015,3287
bing_querylogs|config_id=329,1840,1746,1314,1346,1309,1399,1406,1408,1324,1338,2471,1968,2097,2033,1916,1943,1848,2263,2558,1412,1477,1555,1759,1015,1027,1489,1569,2125,2356,1773,1741,1827,2219,1296,1542,1805,1855,1166,1538,1384,1443,1561,1622,1776,2371,1127,1318,1882,1836,1241,1251,1871,1642,1486,1469,1850,1708,1685,1692,957,972,1345,1200,2434,2516,1361,1440,1336,1412,1079,1774,2066,2646,2324,1839,1872,1790,1820,1477,1503,1167,1192,1419,1432,1543,1615,1567,1525,2548,2367,1132,1157,1386,1258,1619,1495,1117,1190,2239,2434,1698,1658
bing_querylogs|config_id=334,1168,1132,901,934,1062,848,2335,1713,1339,1227,2376,3368,7784,3018,1942,1639,1634,25087,3656,1171,1317,1807,1551,945,880,1212,1382,1215,1291,1639,1419,1178,1170,1225,1247,1302,1525,1532,3671,1310,1289,1094,1617,4267,2272,775,843,3757,14729,918,905,1908,2588,15802,19629,1196,1055,1201,1366,715,760,1357,993,2887,4059,1200,902,1100,10009,11503,1565,2134,1617,2759,4308,1627,1702,1627,1254,1233,978,983,1285,1278,1502,1473,1104,1338,2887,3028,832,855,762,759,1317,1117,1061,1165,1655,3540,2128,1399
bing_querylogs|config_id=335,1245,1313,1007,946,949,856,1037,1056,1198,1174,2476,2324,2941,7234,1567,1675,1479,11319,2756,1432,1363,1283,1704,1100,1040,1103,1457,1446,1380,1493,1516,1404,1576,1149,1220,1604,1678,2956,2755,1170,1185,1132,1180,1468,1580,994,1084,17999,9230,916,938,3721,3650,1716,1935,1978,1129,1295,1531,834,927,1046,1067,1494,3558,1180,1155,1392,4793,1376,1898,1633,3042,6395,1193,4055,1482,1735,1490,1581,992,1009,1159,1053,1707,1634,1272,1067,2203,1738,842,932,1015,849,1447,1298,1091,1236,4234,10914,1287,1442
bing_querylogs|config_id=336,1603,1057,1106,1052,812,878,1362,1294,1534,1471,2171,1879,2885,3185,1846,1850,1774,2351,3474,1576,1287,1648,1436,1021,1185,1065,1130,1307,1323,1362,1446,1237,1003,1445,1161,1465,1502,1786,2025,1102,1291,1773,1785,3146,6152,882,798,8530,3847,859,793,1833,1696,2050,2957,1175,1246,890,1107,610,734,1163,1360,2070,2542,1041,1030,1020,1052,1057,1195,1345,2654,7892,1857,3649,1547,1562,1347,2140,1129,1048,1028,1025,1861,1560,1048,1281,2589,2608,773,789,1028,1136,2293,1405,1346,1525,8690,8017,1222,1274
bing_querylogs|config_id=338,2277,2223,773,840,812,851,1813,1819,1474,1432,1823,3059,6866,7611,2240,2207,2363,4780,7574,944,1145,1790,1964,1008,1112,1039,1117,1262,1244,2252,1579,1214,1240,1250,1409,1138,1301,1630,1711,1542,1608,1406,1385,4631,3991,928,901,5660,3195,834,831,3341,2587,3754,3966,1596,1581,1120,980,755,678,1600,3312,4193,2463,941,946,898,1233,1350,1563,2952,5023,6355,1436,1470,1436,1437,1477,1490,1328,1283,1313,1217,1455,1414,1145,1010,6823,6412,783,734,993,792,1185,1168,939,1027,9999,9740,1417,1444
bing_querylogs|config_id=340,1659,1589,1372,1240,1195,1828,1607,1446,1851,1568,3225,2204,5915,4475,1809,1706,2171,4748,3276,1219,1313,1796,1969,886,1148,1329,1899,1735,1819,1971,1619,1197,1094,1453,1715,1961,1944,1677,2328,1156,1166,1587,1673,1743,2747,1432,1428,8729,16136,893,1006,2364,1456,4254,3201,2101,3575,1590,1547,591,865,1106,1203,3023,3076,1084,1328,1370,2213,2545,1444,1451,2106,2490,1511,1651,2378,1608,1605,1409,881,1014,1386,1275,1442,1445,1056,1165,2042,2068,745,679,1293,1758,1949,1571,1925,1798,17770,8000,1578,1592
bing_querylogs|config_id=341,1541,1587,1290,1305,1158,1083,1680,1964,1674,1641,3756,2791,3927,3191,1703,1505,1512,2924,3354,1606,1766,1836,1902,908,902,1222,1257,1732,1704,1719,1779,1172,1448,1756,1564,2156,2027,2852,2287,1237,1166,1294,1450,3265,1912,1375,1292,5256,3554,1071,1065,1979,2071,3927,3621,3783,1541,1383,1415,847,823,1274,1232,2457,3461,1343,1247,1197,2470,3555,1269,1441,2227,1999,1465,1709,1778,1843,1427,1584,1024,967,1367,1233,1956,1597,1274,1139,8569,3893,846,858,1167,945,1501,1482,1678,1649,4582,4997,1447,1289
bing_querylogs|config_id=342,1881,1716,1203,1288,1191,1552,1938,1930,5836,1606,9429,7038,4674,5227,1799,1726,1942,5731,9846,2027,2108,2174,1918,1119,1020,1270,1513,1828,2005,2265,2060,1434,1388,1499,1437,2287,1978,2673,2422,1473,1335,1807,1673,6121,3531,1239,1144,14240,13413,1079,1088,4886,8868,13286,3666,3228,1391,1778,1674,890,804,1367,1291,3940,2324,1751,1524,1298,5474,2388,2092,2118,3358,2970,1490,2209,1794,1976,1512,1688,1183,1138,1322,1361,2075,1477,1182,1342,2983,2177,865,969,1313,1019,1643,1615,2240,1933,15842,15704,1619,1745
bing_querylogs|config_id=343,2278,981,1021,1053,574,579,1172,1349,1377,1450,1638,1450,5068,6380,1968,1796,1986,3311,9175,1323,1384,1353,1298,807,799,937,1104,1226,1248,1220,1055,994,1014,1382,914,1349,1460,1553,1236,979,3294,1527,1415,8657,1993,660,658,9582,2061,729,818,2074,1569,1915,1681,1065,1328,743,717,619,603,1210,1360,2972,1616,741,749,743,878,899,1433,1577,2185,2849,1548,1556,3032,1365,1320,1145,1146,1051,789,747,1395,1367,1205,1009,2450,4489,644,708,690,687,1407,1292,1429,1341,2516,3316,803,2086
bing_querylogs|config_id=344,1522,1389,1576,1340,1051,1031,2881,2256,1574,1364,4875,3797,10163,7164,1462,1447,1642,15693,15400,1704,1492,1726,1712,952,1035,1301,1321,1905,1739,1839,2226,1272,1180,1443,1430,1995,2033,3556,2736,1319,1323,1788,1846,4120,3775,1077,943,25320,4031,951,965,1537,2625,17419,21973,4317,9642,1233,1474,753,617,1211,1264,6095,4536,1049,1050,998,6125,5292,1599,1584,1865,2654,2620,2561,1994,2309,1744,1691,1119,1118,903,823,1919,2034,1091,1098,29973,29503,867,820,878,1006,1468,1365,1712,1966,4850,4674,1760,1725
bing_querylogs|config_id=345,1355,1603,1076,1183,1308,1026,1187,1319,1280,1152,1810,1803,2090,18214,1426,1427,1541,1646,1446,1127,1131,1487,1435,873,806,1275,1735,1734,1403,1960,1843,1440,1467,970,1254,1312,1539,1087,1050,1446,1363,1171,1254,2453,1489,826,992,1588,2681,1270,1130,2175,1438,973,1002,2319,1216,1292,1218,768,766,1134,1083,2235,2021,1244,1180,1227,33843,1027,1247,1381,2122,1940,1638,2592,2084,1773,1567,1383,1082,1029,1040,1209,1709,1569,1313,1319,2292,1737,1042,1000,1339,1171,1304,1411,1573,1675,1941,1983,1603,2287
bing_querylogs|config_id=348,1161,1013,1129,1124,944,626,1806,1031,1496,1385,2113,2062,3063,4207,1514,1676,1589,2888,5000,1174,1464,1228,1458,967,1024,1285,1341,1635,1492,1488,1459,1031,1091,1242,1372,1550,1578,7427,2717,1154,1116,1187,1276,1410,1511,756,719,5573,8373,848,845,6250,4412,1616,2500,1334,3705,1078,1045,784,781,794,782,2290,5284,928,840,1249,3723,3991,927,1019,2145,10331,1908,3513,878,878,1353,1580,1080,1065,1102,1071,1594,1594,1173,1066,9348,9148,862,814,778,838,1276,1104,1275,1684,2292,10580,1372,1113
bing_querylogs|config_id=349,1496,1277,1569,1759,1476,1536,1429,1489,1546,1541,3985,2223,2321,2533,1594,1712,1618,2625,2881,1906,1322,2103,1871,898,876,1343,1376,1701,1613,1712,1986,1089,1099,1581,1503,1813,1662,1560,3224,1104,1033,1828,1694,1415,1575,1433,1189,3526,3825,948,936,1771,2345,3775,4199,1126,1142,1260,1519,800,842,928,960,3554,2147,1324,1311,1608,3651,2801,1409,1655,1868,1593,1685,2085,1728,1889,1451,1624,931,855,1362,1218,1786,1651,1020,1225,1963,2209,733,737,821,846,1283,1284,1263,1694,2942,3927,1435,1362
bing_querylogs|config_id=352,2205,2434,1120,1075,1087,1101,1983,1880,1822,1766,2938,3496,4449,4241,1796,1662,1865,7594,7954,1616,1699,1754,2216,918,954,1075,943,2101,2178,1459,1194,1312,1375,1508,1505,1221,1376,7284,6511,1486,1441,1749,1733,4335,5266,1279,1176,4236,4311,1015,979,2628,3701,3516,2182,1724,1698,1241,1120,735,738,931,941,1734,1842,1199,1191,1511,2753,2662,2992,3129,2571,2470,4895,4946,1423,1589,1243,1271,909,1025,1408,1212,1514,2016,1022,1022,2385,2457,866,927,766,812,1687,1681,1873,2002,3015,5064,2217,2227
bing_querylogs|config_id=353,1146,1281,964,1048,1034,1459,1092,1124,1321,1184,2501,7469,3621,4239,1452,1531,1619,1859,2502,1332,1305,1296,1338,984,1063,1017,1052,1525,1544,1583,1624,1425,1455,1511,1373,1730,1674,4165,4609,1067,1077,1226,1251,1565,1671,838,796,2239,2079,909,900,5539,10509,1722,3579,1374,2419,1187,1093,770,766,1437,1175,4317,1979,953,1166,962,5654,6452,1049,1054,8221,8462,2097,2294,1194,1134,1581,1508,1046,1042,972,967,1602,1683,1106,1006,1768,1977,925,922,943,827,1179,1031,1665,1284,12606,9475,3306,938
bing_querylogs|config_id=354,1565,1441,1246,1384,1425,1356,1451,1452,1486,1424,3216,4505,4875,3512,1826,1621,1656,2769,2957,1680,1039,1854,1676,926,970,1330,1321,1591,1684,1828,1821,987,1031,1413,1388,1814,1610,6825,1395,1066,1086,1578,1436,2291,1968,1191,1145,2915,4135,1036,960,1997,2523,4408,1715,2716,1910,1591,1413,661,775,1364,1038,2285,2649,1344,1281,1501,3179,2376,1440,1233,2947,2016,5383,1652,1666,1536,1437,1476,908,1068,1399,1486,1482,1933,959,1304,2425,2152,818,746,1312,989,1463,1449,1578,1988,3231,3458,1543,1644
bing_querylogs|config_id=356,1276,1248,907,939,946,882,1068,1042,1431,1303,2187,1761,3479,3430,1591,1378,1540,3585,3336,1241,1137,1029,1026,970,979,1174,1202,1501,1381,1291,1228,1380,1324,1235,1292,1253,1375,1739,5860,1012,1085,1157,1273,1559,1394,751,859,1150,2853,859,868,7301,6828,1651,1680,1272,1447,1356,1059,797,795,1013,1031,4109,1270,1101,913,896,974,953,1349,1329,2552,3163,1943,2177,1148,1055,1229,1500,968,1042,916,981,1261,1146,1025,1052,1876,1716,777,784,779,946,1566,1304,1051,1209,12129,10926,762,1090
bing_querylogs|config_id=357,1499,1586,1211,1370,1177,1228,1233,1363,1479,1313,1701,2025,4078,5250,1546,1660,1947,3343,4673,1067,1784,1722,1627,807,876,1157,1251,1500,1487,1544,2012,1648,926,1174,1407,1800,2117,2789,2801,977,1180,1326,1222,2215,2050,1163,1256,3610,2689,1073,911,2277,2129,2376,3507,3089,1074,1411,1347,813,740,1103,893,2132,4263,1116,1339,1132,3021,1680,1295,1076,1574,1857,1658,1721,2691,2338,1382,1327,970,1041,1210,1482,1444,1460,1214,1233,3052,3194,751,731,1083,1143,1616,1426,1584,1092,4338,3332,1403,1420
bing_querylogs|config_id=361,1557,1823,1389,1458,1184,1873,2666,2565,1583,1517,2055,1500,3592,4192,2223,1938,2099,3441,3334,1690,1567,1542,1545,1100,1114,1177,1291,2301,2188,1988,1626,1550,1672,1544,1820,1679,1700,1940,1745,2218,1521,1720,1584,4197,1750,959,1199,3381,3018,1204,1244,3144,7757,2132,2108,1810,1987,1580,1586,1013,930,1525,1284,1673,2279,1262,1412,1480,1635,1671,1257,1827,3960,2136,1712,3120,2566,2178,2228,1475,1670,2815,1405,1146,1599,1622,1654,1535,2993,2409,1239,1126,1209,1058,1777,1268,2332,2433,10578,9007,1139,1680
bing_querylogs|config_id=368,1647,2042,1091,928,1467,1144,1348,1516,913,1047,4833,2034,2480,2559,1607,1599,1472,1415,1731,1232,1250,1627,1464,860,796,1178,1276,1390,1451,1736,1705,1329,1622,1225,1339,2024,1758,1100,1038,1317,1211,1535,1526,1901,1751,1157,974,3744,1901,1232,1280,3302,1388,1185,984,1412,1232,1455,1344,883,749,1140,1091,2452,2869,987,1167,1219,2477,1768,1367,1229,3061,3014,1439,2059,2041,2179,1604,1508,944,936,1351,1209,1896,2043,1122,1190,2691,2065,997,1034,1293,1161,1977,2025,1891,3639,1873,1642,1597,1621
bing_querylogs|config_id=369,2387,2306,1126,1178,1142,1181,1720,1678,1640,1637,2503,2706,3245,3249,1757,1777,1818,7604,7527,1814,1883,1616,1696,1015,1202,1145,1593,2237,2146,1509,1622,1685,1562,1813,1754,1450,1322,6185,6026,1535,1581,1719,1808,4911,5492,1338,1298,3020,2555,1102,1124,1439,1431,2716,2771,1826,1798,1397,1547,918,936,1128,1094,2153,2327,1073,1114,940,2542,2490,3075,3127,2203,2518,5005,5067,1693,1575,1431,1261,1739,1137,1350,1493,1715,1757,1207,1303,3258,2851,971,1004,906,880,1611,1607,2030,2075,3515,3017,2234,2189
bing_querylogs|config_id=371,1570,1610,1339,1616,1421,1347,1734,1189,1461,1718,3433,3006,4501,5772,1925,1620,2008,2965,2755,1215,1527,1878,2012,946,945,1236,1103,1542,1566,1861,2009,1056,1098,1709,1480,1813,2044,2100,1878,1165,1310,1667,1506,1901,2316,1464,1165,4440,2911,1039,1028,2357,1436,2128,2069,2493,2729,1711,1495,933,832,1047,1146,2535,3999,1041,992,1110,3389,1583,1960,1378,2354,2082,1699,1404,1811,1670,1424,1524,1046,894,1271,1165,1591,1920,1374,1431,2085,4987,914,750,1215,1040,1565,1652,1868,1873,4800,2822,1297,1568
bing_querylogs|config_id=373,1243,1280,997,1012,1108,1035,1373,1197,1416,1366,1688,1860,1949,2217,1646,1622,1665,1873,1960,1141,1258,1559,1541,1344,1235,1326,1300,1641,1659,1559,1449,1777,1578,1347,1383,2057,1857,1018,1278,1159,1154,1284,1287,1544,1543,944,863,1864,1652,1028,997,17708,2059,1431,1836,1414,1589,1175,1095,875,825,1072,1089,2091,1720,1165,1181,1126,1026,1058,1096,1103,2353,2167,1686,1868,1158,1255,1568,1675,1068,1172,1173,1176,1650,1646,1226,1186,1760,1734,940,870,900,1042,1258,1274,1174,1231,1763,1806,1094,1177
bing_querylogs|config_id=378,1131,1169,1042,1015,33388,958,1398,1523,34297,1473,1925,1770,8153,5052,35148,2050,2005,2744,3279,1669,34169,1797,2144,32504,1110,1016,1100,1444,1571,1417,1207,1060,1073,1476,1521,1623,1515,1630,1408,1257,958,1876,35007,2048,2764,858,844,5781,4792,838,819,1610,4452,1946,2186,33059,1658,1080,1130,666,650,33917,1159,2101,33897,963,1234,933,1073,1029,1367,1440,3125,1796,1634,1784,33149,32751,1460,1423,1161,1042,904,903,34959,34866,1057,1170,2418,2495,790,795,1013,937,1157,1601,33661,1539,6793,35427,1492,1159
bing_querylogs|config_id=379,1780,1702,1572,1213,1193,955,1284,1401,1626,1742,4532,3045,3631,4491,1801,1716,1692,2637,4581,1428,2308,2177,1966,901,1267,1384,1205,1714,1710,1752,1545,1116,1132,1659,1474,1800,1905,3305,2700,1153,1150,1605,1593,2230,1914,1263,1193,5415,2850,1008,1035,1896,1906,2350,4472,1150,4064,1578,1740,969,831,1105,1316,1834,4407,1751,1217,1442,2732,2881,891,944,2202,3261,1444,1755,1982,1960,1454,1547,946,928,1341,1395,1272,1911,1352,1162,2194,2046,846,748,1105,1051,1551,1576,1609,5477,1786,3371,1621,1740
bing_querylogs|config_id=381,1616,1730,939,941,969,1229,1193,1362,1573,1765,2317,2006,5167,3857,1848,1610,1771,2274,2906,1814,1834,2235,2050,1021,1027,1040,1086,1348,1475,1381,1447,1667,1687,1554,1665,2156,1974,1486,1222,1230,1359,1848,1830,5661,1832,966,908,7751,2354,1097,837,2299,2673,1950,2170,1515,1786,1368,1393,884,801,1369,1369,2328,5457,987,1120,1256,914,1091,2222,1474,6972,8949,1701,1942,1340,1373,1406,1375,1146,1238,1210,1164,1733,1637,1258,1145,2089,1920,895,806,1267,969,1646,1654,1449,1382,10064,8032,1215,1187
bing_querylogs|config_id=383,882,691,794,695,805,601,795,2619,1118,1233,1088,1143,1820,1322,1380,1317,1643,1586,1783,882,783,914,1199,719,748,1162,1199,1287,1311,1120,1191,1083,993,1049,1030,1107,1191,862,1181,878,968,1138,955,1206,1212,644,751,1203,1150,733,706,1647,893,1148,1250,1035,1072,853,814,595,594,708,723,1120,1253,743,811,918,638,918,788,909,1198,1451,934,880,788,752,1068,1196,978,996,820,964,1361,1294,879,885,1284,1670,680,748,575,615,1339,1122,799,823,1192,933,783,1097
bing_querylogs|config_id=384,1076,1023,813,932,615,876,1855,964,1306,1310,3220,2350,2081,1480,1477,1579,1632,3290,14433,1160,1205,1228,1181,882,968,904,944,1502,1300,1220,1312,1319,1313,1176,1243,1354,2129,1156,3045,1004,1067,1114,1147,1463,1459,646,854,7414,1451,845,846,2287,6237,1453,1500,1310,1326,1079,873,640,780,1018,957,1636,3157,961,1000,819,830,2234,1176,951,6211,7617,9120,1850,1299,1039,1376,1610,980,960,941,828,1278,1434,1012,1095,1842,1626,768,776,957,732,1328,1309,1583,1017,10143,1897,893,1013
bing_querylogs|config_id=385,1591,1670,1322,1388,1137,1119,1372,1551,1736,1424,3354,3167,5017,5127,1703,1612,1823,2523,2977,1629,2007,2217,1986,977,1004,1345,1180,1698,1482,1813,1835,1123,1651,1638,1593,1972,1932,2328,1916,1098,1222,1571,1591,2119,2111,1250,1171,4482,6422,1017,1033,3451,2059,2881,1603,1548,1812,1481,1508,729,947,1369,1147,3216,2334,1215,1390,1139,3926,3667,1194,1058,2238,2526,1778,1759,1966,1977,1463,1450,966,1223,1543,1271,1722,1695,1280,1374,8399,2040,776,832,1077,1134,1639,1502,1957,2021,3126,2234,1604,1393
bing_querylogs|config_id=389,1458,1447,1000,1135,1371,1555,1712,1248,1317,1252,3691,2551,2888,2078,1514,1571,1503,2485,1956,1684,1657,1352,1642,972,943,1176,1201,1902,1663,1691,1879,1386,1659,1261,1135,1679,1384,1256,1666,1367,1352,1245,1394,1716,1578,1197,1190,2663,10863,935,946,2580,3332,1166,1185,5791,4767,1293,1336,870,846,1157,1148,5962,6880,1066,1065,1372,7300,1255,2546,1936,3669,3419,1574,1654,1845,1440,1450,1484,1000,978,1148,1103,1553,1713,1162,1174,1653,5213,1013,1039,1196,1226,1464,1301,1269,31335,3218,7929,1540,1625
bing_querylogs|config_id=390,1796,1682,1956,2259,1623,1396,1444,1498,1511,1739,2414,2147,2955,3301,2037,1647,1621,3431,2680,1866,1620,1744,2243,1163,1216,1666,1497,1730,1555,2022,1878,1819,2032,1417,1423,2161,2083,2058,1929,1609,1479,1772,1706,2011,1862,1658,1226,2698,2300,1445,1613,1905,1801,1891,1653,1830,1800,1945,1987,973,1089,1313,1316,2840,2406,1476,1575,1445,1339,1436,2127,1505,2154,1946,2057,1993,2091,1936,1850,1914,1655,1539,1551,1576,1845,1674,1482,1441,2716,2730,1078,1105,1348,1370,1725,1726,1543,1665,2527,2375,1800,1798
bing_querylogs|config_id=391,919,912,626,671,713,796,1204,1662,1132,953,1103,1335,1595,1705,1264,1753,1247,2821,2068,908,1055,1209,1334,631,842,874,962,984,1030,1135,1137,1007,992,867,1030,1201,1358,1107,1179,796,846,874,957,1206,1284,770,757,1544,1477,898,897,977,968,5864,66292,66283,1994,1015,1018,1035,1061,868,857,1396,1417,952,964,878,2268,1394,874,889,1412,1466,851,947,1348,1280,1071,1027,807,802,796,914,1112,1095,1031,927,5876,2396,699,792,635,640,827,833,1040,1018,1548,1676,1168,1213
bing_querylogs|config_id=392,1652,1611,1470,1452,1283,1452,1828,1709,1500,1515,2186,2607,4116,3198,1885,2070,1661,3146,4325,1822,2012,1861,1852,1099,1158,1129,1114,1562,1462,1941,1795,1041,1124,1616,1456,2013,1746,2270,1994,1139,1195,1884,1839,2442,1988,1177,1048,3174,3136,973,950,1903,2113,3974,2296,1523,3547,1586,1786,855,892,1041,1176,3270,2061,1316,1359,1423,1980,2434,1653,1176,2046,2511,1694,1798,1797,1881,1752,1440,1015,1118,1266,1345,1535,1823,1394,1362,6236,5401,841,780,1141,1005,1445,1346,1541,1815,2504,3423,1338,1468
bing_querylogs|config_id=393,1623,1757,1058,1159,1233,1537,1742,1788,1574,2779,2383,1927,3159,3435,1745,1582,1816,3086,2478,1932,1832,1925,1677,1099,1552,1336,2502,2018,2057,1891,2024,1660,1645,1486,1507,1939,1629,2354,2691,1217,1384,1604,2484,2159,2174,1354,1126,3833,7721,951,1078,1660,2319,3177,2030,2594,1945,1530,1470,870,994,1133,1143,2699,1944,1349,1147,1502,3591,2353,1897,3023,2710,3252,1796,1710,1719,1811,1438,1773,1005,1004,1145,1284,1818,1700,1299,1291,2390,2478,945,967,1259,1134,1349,1486,1807,2248,4376,6300,1522,1633
bing_querylogs|config_id=396,1595,1676,949,1133,1022,1166,7509,1552,1234,1996,5500,1919,5573,5991,1478,1675,1296,2614,1803,1653,1750,1660,1590,916,952,1127,1643,1923,1653,1709,1699,1426,1434,1340,1379,1803,1531,1268,1384,1202,1205,1468,1410,2828,1960,991,1215,11579,8280,983,981,7308,4130,2975,2622,9281,6843,1244,1368,810,899,1123,1149,2470,6547,1053,1076,1353,5817,4589,2969,1349,4299,8180,1288,7568,1553,1337,1507,1475,928,958,1186,1134,1581,1613,1167,1167,2555,6729,933,1020,1088,1016,1332,1303,1177,1266,3552,4137,1408,2036
bing_querylogs|config_id=397,1671,1759,1392,1302,1884,1880,1704,1829,1696,1784,3735,5069,4336,4460,1786,1718,1616,2990,3373,1676,1545,2029,2104,1017,1066,1205,1020,1607,1669,2140,1723,1301,1296,1438,1428,2129,1758,1612,1529,1519,1016,1667,1759,2014,3452,1223,1212,4011,2865,929,961,2227,3066,3928,5822,1647,2083,1484,1696,925,736,1190,1271,3101,4471,1792,1800,1484,2690,2927,1750,1138,2759,1986,4349,1672,1913,2089,1753,1713,982,982,1463,1466,1986,1725,1135,1391,2038,2375,931,833,1380,1287,1724,1777,1435,2063,3588,5004,1780,1566
bing_querylogs|config_id=398,1547,1642,1021,1021,1227,1121,1369,1435,1201,1293,1693,1720,1844,1679,1653,1596,1596,1642,1723,1744,1816,1901,1965,930,941,1616,1470,1642,1825,1511,1660,1744,2277,1385,1456,1605,1898,1073,1199,1163,1291,1460,1393,1950,1449,1275,1262,1957,1974,980,979,1462,1245,1896,1217,1718,1568,1515,1593,1180,1584,1193,1199,1619,1827,1281,1185,1211,1174,1212,3246,30917,1857,1838,1329,1469,1342,1421,1535,1470,1146,1001,1199,1244,1660,1810,1198,1200,1867,1435,1039,1033,1334,1371,1348,1216,1797,3672,1766,1676,1341,1408
bing_querylogs|config_id=402,1841,1987,1285,1308,1561,1532,1950,1777,1710,1581,2298,3334,3795,3463,1778,1642,1746,7861,3123,1808,2439,1997,1941,1102,1199,1502,1921,1998,2171,2769,2806,2145,2081,1671,1657,2017,1990,34917,7076,1965,1878,1982,2039,1823,3293,1565,1572,11789,9191,1081,1077,2199,6201,1978,1978,3053,1910,1692,1732,1235,1293,1495,1529,2522,3656,1399,1241,1992,8785,5632,3968,2824,5156,3209,2304,3399,1837,1918,1930,1807,1519,1467,1493,1455,2070,2131,1577,1546,3682,5527,1306,1443,1324,1509,1706,1777,5016,4304,3712,3641,1729,1795
bing_querylogs|config_id=403,1645,1561,1516,1243,1402,1188,1207,1751,1707,1414,4207,2503,5550,4402,1756,1699,1681,3121,2037,1584,1908,1797,2040,871,879,1311,1476,1553,1590,1893,2145,968,1116,1453,1519,1706,1795,3856,4092,1103,1043,1479,1562,2015,2260,1134,1076,5386,4546,976,918,1749,1857,2425,2398,1300,2270,1274,1371,608,831,1005,1060,2369,2649,1232,1176,1706,3300,1359,924,1330,1660,2770,1363,1784,1801,1768,1537,1912,852,927,1384,1265,1571,1628,1179,908,2033,1992,822,734,933,1334,1451,1388,1605,1896,2425,3604,1488,1339
bing_querylogs|config_id=405,1114,857,735,744,663,683,792,966,1301,1305,1697,1490,1661,1783,1349,1328,1394,1546,1712,918,978,1213,1348,820,825,1050,997,1181,1366,1072,1204,1281,1299,1059,1219,1458,1236,816,886,1034,965,1125,1044,1515,1544,763,754,1444,1424,769,768,2886,1465,1323,2482,1080,1373,931,956,708,669,884,891,1474,1595,931,1025,985,765,731,752,1121,2056,2106,1300,2206,877,1079,1484,1377,804,804,944,941,1191,1338,953,1005,1432,1588,745,724,680,708,1187,1091,936,1063,1751,1949,877,899
bing_querylogs|config_id=406,1542,1554,803,882,1162,1588,1696,1205,1148,1057,1944,1963,5011,9851,1249,1402,1980,2673,1951,1837,2380,1347,1117,817,892,1098,1160,1813,1779,1570,1545,1460,1282,1133,1081,1298,1300,1283,4887,1103,1217,1305,1277,1644,1427,1216,1043,11754,4241,880,988,1651,3115,1061,1093,3070,2375,1230,1187,780,1147,1114,1061,3922,3549,1103,950,1304,5605,17589,30585,2270,2138,1692,9027,1377,1398,1344,1382,1389,895,991,1078,1016,1317,1247,1043,1015,2018,1576,973,927,1054,1022,1252,1259,1134,1285,5027,3564,1428,1515
bing_querylogs|config_id=407,1671,1672,1085,1354,1419,1339,1346,1232,1403,115027,92147,4689,4576,3925,1610,1883,1795,3954,3454,1512,1988,1888,2146,950,1063,1380,1357,1714,1666,2157,2044,1127,1504,1668,1413,1914,1840,1830,2329,1188,1602,1650,1738,2583,2162,1220,1220,4043,4622,1048,943,3029,2661,3535,4167,1962,3488,1805,1418,836,739,1287,1167,2454,3342,1297,1685,1406,1676,2843,1523,1417,2373,2703,2200,1692,1920,1866,1541,1516,989,1091,1510,1188,2025,1635,1521,1094,7536,2656,975,847,1170,883,1580,1534,1850,2353,4224,3779,1354,1713
bing_querylogs|config_id=408,1373,1498,947,891,1006,1042,1463,1572,1151,1169,1947,2065,1905,3077,1289,1213,1259,1600,2239,1325,1470,1400,1391,872,913,1179,1224,1744,1582,1588,1506,1386,1325,1048,1044,1366,1380,1288,1457,1225,1105,1188,1150,1323,1435,1144,1183,2396,2653,913,900,1163,1355,1037,1138,1716,1577,1143,1285,767,798,1041,1038,1561,1638,1106,1004,1116,1013,32619,2397,2090,2070,1964,1175,33937,1452,1274,1340,1203,931,951,1057,1017,1401,1358,1115,1085,1534,1845,954,953,1086,999,1151,1036,1695,983,2238,1940,1372,1292
bing_querylogs|config_id=409,1432,1794,911,997,1132,1510,4144,1537,1574,1614,2539,2231,5606,3753,1929,1736,1400,2663,3514,1456,2040,1855,1658,1399,1009,992,1037,1973,2279,1977,1949,1454,1527,1228,1239,2153,1964,2644,3886,2016,1458,2109,1865,2170,1914,1250,1244,7815,7241,994,989,2143,2260,1417,2078,3831,7012,1763,1744,766,737,1139,1127,3597,4358,1177,1165,1286,1847,1598,1650,3861,3077,2675,1688,2005,1753,1979,1444,1528,1055,976,1334,1331,2038,1777,1166,1247,2712,3967,929,932,1145,1260,1596,1354,1676,2566,3673,3025,1769,1826
bing_querylogs|config_id=412,1844,1600,1302,1566,1281,1074,2233,1902,1701,1676,3634,3117,6101,2703,1729,1765,1643,3241,3727,1508,1821,2153,1926,1128,1000,1259,1146,1872,1780,1833,1945,1151,1150,1520,1223,1933,1734,3600,5391,1054,1200,1618,1583,2260,1966,1308,1394,3591,3117,1002,1199,1895,1776,3150,2371,1409,1643,1496,1596,923,638,1397,1393,2936,2709,1463,1325,1471,2877,2411,1721,1953,1989,1909,1381,1475,1951,1641,1629,1389,1032,1093,1608,1371,2018,1934,1361,1275,2124,2178,828,833,1078,1412,1633,1532,2441,2548,3361,4055,1246,1632
bing_querylogs|config_id=415,1792,1664,986,982,1252,1097,1911,2318,1398,1615,1946,1774,2179,2275,2424,2017,1789,1757,1630,1654,1934,2149,2169,893,877,1661,1150,1720,1583,1830,1590,1474,1515,1148,1244,1685,2470,2154,2270,1277,1189,1649,1833,2067,1823,981,1395,2600,2670,1099,1131,1952,1550,2177,2100,1638,30340,1540,1785,884,779,1024,1021,2536,2258,983,1073,1114,2086,1915,2398,1577,1774,1836,1777,2051,1695,1556,1529,1516,1005,994,1429,1381,1906,1783,1090,1111,1971,2022,969,859,1358,1180,1315,1160,31844,1263,2435,2144,1654,1710
bing_querylogs|config_id=418,1999,1799,1041,1077,1493,2212,2691,1529,1849,1968,3495,2518,6840,4199,2123,1908,1687,3434,2401,1789,1586,1926,1936,2037,1159,1215,1950,2050,2053,2175,2135,1427,1459,1548,1523,2169,2237,5921,1754,1499,1977,2240,1797,2223,4777,1272,1420,10904,13995,1238,1153,2231,1816,2080,2496,5369,1996,1569,1537,872,864,1309,1371,5179,7471,1177,1227,1520,1973,6042,3032,4019,5220,7279,6006,2044,1827,1989,1536,1602,1159,1490,1469,1516,1895,1686,1256,1266,3032,4317,1012,1010,1408,1090,1395,1413,1474,2244,3768,2747,1761,1975
bing_querylogs|config_id=420,1753,1805,1363,1348,1520,1800,2126,2135,1790,1822,2303,2425,3222,2664,2080,1972,2102,2604,2567,1337,1585,1828,1774,1336,1205,1273,1503,2106,2519,2309,2220,1786,1984,1843,1915,2291,2106,5925,4454,1841,1879,1649,1663,1847,1742,1546,1502,4034,8099,1425,1440,3075,3084,1385,1451,2918,2439,1922,1911,1000,1032,1444,1442,3661,5350,1290,1456,1571,1517,1055,1391,1772,7314,4579,1359,1516,1818,1838,2115,2088,1175,1570,1328,1322,2500,2472,1572,1606,2468,2487,998,1000,1311,1194,1935,1827,1428,1463,2636,2829,2043,2069
bing_querylogs|config_id=421,1588,1571,1236,1179,1538,1337,1308,1395,1449,1436,3761,3672,4506,4800,1788,1584,1687,4691,2868,1889,1698,1783,1556,912,854,1085,1377,1717,1396,1667,1503,1059,1749,1301,1442,1963,1604,2366,1988,1054,1126,1430,1507,2317,2220,1420,1102,2056,3546,898,871,1971,3055,3989,3637,2964,2837,1465,1553,674,842,1035,892,2293,3320,1150,1368,1149,3058,1888,1484,1351,1705,2125,1162,2098,1889,2054,1350,1301,1061,920,1348,1047,1589,1492,1250,1223,2719,3220,839,800,833,1207,1491,1326,1569,1925,4802,4030,1277,1522
bing_querylogs|config_id=422,1492,1957,1194,999,1081,1401,1210,1136,1415,1315,1795,1829,2286,2328,1453,1518,1512,2078,1829,1788,1878,1569,1681,907,909,1208,1450,1914,1557,1675,1593,1579,1569,1309,1308,1718,1546,1709,2744,1271,1268,1398,1318,1609,1395,1253,1007,2339,1964,925,967,1566,1411,1163,1210,1892,4285,1333,1344,792,755,1152,1154,2087,1824,1285,1180,1169,1189,1217,1902,2248,2172,2537,1406,1742,1441,1518,1384,1439,1086,1114,1262,1122,1557,1596,1242,1224,2069,18212,1041,933,1204,1188,1256,1229,4406,1563,2068,2464,1473,1618
bing_querylogs|config_id=424,856,848,673,676,733,749,941,1114,1316,1406,1339,1294,10001,1798,1519,1314,1346,1117,1651,892,1002,1098,1217,810,863,1026,977,1115,1339,1044,1040,1206,1234,1149,1163,1219,1206,777,755,924,896,1025,1057,1008,1008,696,691,1405,1354,744,744,1046,1046,1245,1265,1085,1080,929,910,610,608,872,871,1275,1429,1001,904,980,732,662,725,732,2036,2082,9345,1336,1223,1256,1207,1218,1014,867,927,925,1130,1349,941,989,1471,1539,718,712,666,716,1195,1192,1033,1117,1770,2066,1067,1054
bing_querylogs|config_id=428,1759,1415,1098,1484,1541,1215,1849,1607,1434,1611,3392,2050,5237,4408,1846,1755,1898,4846,6477,1140,1585,1755,1689,910,884,1169,1332,1834,1674,1698,1726,990,1226,1317,1308,2008,1750,4126,1557,1072,1037,1310,1630,2118,1804,1264,1239,2150,3937,915,919,2195,2253,4688,3492,2561,3157,1275,1524,802,743,1038,1193,2534,2659,1272,1370,1461,2488,1323,1506,1049,1916,1567,1614,1559,1869,1668,1236,1569,951,887,1337,1221,1464,1350,1102,1457,2189,1825,870,756,1008,860,1581,1529,1428,2821,2990,1903,1449,1684
bing_querylogs|config_id=430,1956,1789,970,1115,1104,1297,2004,2310,1451,1629,2999,2454,3759,3581,1682,2032,1878,2082,2380,1904,2199,1759,1908,1182,1013,1145,1790,1929,1646,2126,2123,1432,1349,1238,1370,2098,1998,10005,5174,2031,1581,1936,1786,2411,3750,1386,1156,9485,11662,995,976,2520,7502,1421,3023,3960,11332,1535,1668,816,893,1133,1121,3944,5970,1242,1201,1241,2579,1869,30986,3262,4824,2852,1971,11326,1888,1924,1518,1692,1045,1088,1413,1315,1957,2908,1202,1135,2236,5802,974,887,1135,1200,1306,1340,2136,3905,3759,4807,1827,1604
bing_querylogs|config_id=431,1571,1650,1225,1338,1481,1978,1363,1332,1301,1366,2646,2724,2141,4396,1684,1503,1508,1739,1924,1411,1371,1373,1619,1278,1492,1102,1140,1445,1728,1900,1748,1780,1848,1543,1559,1526,1858,2342,2136,1814,1382,1377,1420,1595,1530,1495,1421,8230,8819,1140,1126,2973,3718,1189,1269,2903,2818,1442,1572,963,872,1462,1306,3165,8613,1460,1206,1392,949,957,1766,1562,2618,6535,1305,1362,1587,1874,1657,1844,1077,1100,1274,1248,1945,1918,1335,1349,1956,2030,1019,998,1183,1174,1747,1762,1118,1228,2929,4037,1590,1735
bing_querylogs|config_id=434,1734,1616,1905,1921,1855,1786,1623,1619,1525,1495,3083,3121,2792,2697,2170,2856,2469,2887,2473,1643,2343,2232,2110,1531,1478,1392,1299,1965,2129,2373,34604,2276,2436,1358,1968,1898,2287,7709,1440,1857,2187,1773,1627,2476,2475,1777,2013,2847,3154,1529,1518,3125,3979,2426,1490,2480,2285,1925,1699,931,936,1399,2238,3115,11345,1719,1690,1735,2948,1225,1817,2150,4474,5044,1960,1737,1852,1859,2945,3210,1130,1312,1660,1227,2626,2515,1676,1614,3514,4011,1207,1210,1661,1580,2056,2164,1290,1386,3900,3279,1865,2004
bing_querylogs|config_id=435,2646,2473,2041,2224,1853,1964,1997,1994,2272,2217,2862,2885,3599,3099,2361,2381,2672,3596,2831,2012,1848,2419,2596,2802,2195,1848,1887,2269,2695,2787,2707,2598,2437,2732,2238,2054,2054,3071,2346,2230,2166,2359,2405,4029,2580,2424,2277,10478,13201,1818,1819,3531,18575,2424,2339,2860,5032,2250,2250,1329,1256,1859,1971,2565,5101,2247,2149,2087,1409,1509,2270,2337,5136,4869,2274,2140,2751,2698,2440,2614,1811,1645,1925,1907,3080,2985,1825,2039,4634,3258,1563,1567,1922,1823,2519,2446,1997,1648,4763,3380,2339,2536
bing_querylogs|config_id=436,1665,1633,1299,1375,1429,1844,1438,1365,1571,1562,2730,2677,2854,2792,1666,1544,1818,2218,2219,1651,1763,2268,2094,1227,1198,1227,1937,1555,1919,1907,1957,1798,1986,1689,1753,2161,2108,1693,1826,1319,1369,1628,1611,1832,1753,1252,1764,7514,3670,1323,1098,2179,2682,1559,1500,2570,1892,1770,1829,997,1150,1419,1267,2505,3285,1520,1532,1553,1212,1082,2202,1713,3900,5972,1496,1653,1940,2143,1926,1818,1307,1300,1460,1415,1858,1995,1397,1455,1960,1998,1234,1289,1471,1473,1724,1630,1268,1388,6876,2142,1894,1681
bing_querylogs|config_id=437,1986,1902,1287,1460,1593,1571,1522,1360,1445,1444,2917,2637,3187,3372,1664,1596,1623,2086,2269,1458,1451,1808,1727,1391,2276,1175,1322,1560,1771,2418,2209,1360,1395,1643,1615,1766,1914,1307,2561,2089,1412,1721,1648,2037,2709,1481,1532,6255,3392,1207,1205,2648,1977,1490,1844,3293,3402,1659,1520,881,839,1492,1504,3613,3078,1329,1392,1635,1230,1039,1401,1231,3667,3986,1345,1495,2331,1819,1756,1681,1081,1263,1484,1455,2384,2344,1484,1404,2503,1932,937,930,1222,1218,1927,1662,1242,1341,2791,3007,1627,1735
bing_querylogs|config_id=438,1562,1605,1078,1245,1326,1255,1951,1370,1644,1557,2615,3674,4426,2741,1731,1879,1768,3163,2839,1465,1131,1921,2073,1011,976,1244,1389,1468,1340,2196,1996,1136,1138,1459,1772,1916,1725,4896,1821,1039,1171,1549,1838,2062,1961,1333,1339,4658,3098,1045,1067,2217,2255,3892,5346,2200,5007,1627,1744,1017,1016,1158,1227,2546,2616,1393,1428,1526,2488,3755,1110,1083,2332,2952,2306,1572,1691,1780,1640,1748,925,1006,1444,1454,1792,1627,1169,1357,2471,3096,902,771,1116,1086,1646,1536,1620,1651,3570,4054,1376,1497
bing_querylogs|config_id=439,1861,1806,2040,2668,1792,1852,2729,1809,1796,1946,3047,3469,4904,3045,4768,3742,2227,4763,3892,3157,2483,2145,2945,1833,1589,2130,1768,1680,1793,2363,2336,2356,2557,1867,1960,2270,2411,3679,2341,1705,1548,1885,1892,2422,2319,1319,1407,12730,4613,1030,1031,3503,3351,1789,2545,2983,2644,1978,2187,1022,919,1514,1401,5622,4251,1629,1615,1916,2565,2733,2490,34799,2996,9053,2301,3151,2567,2362,1936,1931,1291,1328,1492,1472,2174,2516,2140,2009,2379,3080,1124,1250,1420,1296,2025,2268,3437,2631,10467,4884,2233,2064
bing_querylogs|config_id=445,1586,1701,950,1227,1116,1610,1688,1200,1561,1609,1989,2531,3377,5197,1560,1739,1860,2663,2032,1429,1999,1651,1727,1258,1156,978,1491,1748,1622,2016,1970,1406,1567,1349,1375,1896,1679,1395,3720,1341,1225,1742,1807,1792,1702,1231,1306,10872,5456,901,901,2040,1857,1504,1547,7111,29257,1417,1347,846,817,1128,1171,3874,4061,1113,1119,1216,1349,2167,2934,1394,3081,7268,1651,1450,1641,1674,1469,1558,979,1043,1259,1231,1771,1793,1175,1158,2457,2256,938,944,1063,1015,1392,1334,3411,1634,2784,3568,1561,1818
bing_querylogs|config_id=446,2047,2045,1419,1396,1434,1604,1480,1508,1555,1498,2383,2237,3348,2405,1590,1574,1822,2083,3538,1565,1894,1710,1598,1741,1475,1248,1165,1784,1809,2155,2322,1753,1721,1866,1954,2140,1953,1298,1220,1426,1466,1632,1572,2075,1588,1559,1513,6215,9003,1227,1372,2363,4070,1297,1405,3016,3435,1772,1392,892,932,1500,1521,3518,4785,1582,1516,1766,1185,1094,1812,1396,3942,5266,1394,1433,1862,1897,1719,1729,1101,1179,1552,1407,2324,2344,1640,1515,1943,2049,996,1008,1183,1333,1999,1925,1171,1306,2196,3255,1765,1793
bing_querylogs|config_id=447,1602,1546,1294,1448,990,1140,1768,1601,1447,1617,3166,3256,3879,5145,1656,1946,1966,2700,3065,1189,2016,2092,1784,1053,969,1131,1292,1755,1836,1908,1809,1636,1202,1394,1383,1936,1895,2395,3463,1114,1051,1460,1750,2001,2838,1327,1280,6018,4004,969,1042,1914,2167,4231,4312,2357,3659,1509,1623,862,821,1398,1155,3929,3276,1245,1144,1491,2541,1628,931,1398,2193,2516,2468,1655,2091,1763,1425,1584,947,887,1320,1262,1747,1670,1302,1479,2432,2063,825,803,1211,1122,1640,1583,1354,2700,3161,3969,1538,1589
bing_querylogs|config_id=448,1756,1928,1152,1232,1293,1284,1775,1503,1427,1335,1700,1830,2088,1974,1445,1448,1410,1957,2171,1384,1362,1545,1578,1407,1246,1132,1306,1603,1746,1853,2081,1952,1835,1591,2203,1793,1851,1115,1286,1417,1359,1454,1496,1443,1454,1346,1326,1800,1777,1337,1265,1571,1484,1411,1383,1434,1519,1672,2219,878,833,1656,1627,1501,1748,1472,1390,1397,1043,1158,1664,1707,2139,2153,1302,1338,1379,1508,1638,1669,1037,1389,1276,1302,1937,2130,1506,1567,1784,1738,904,940,1157,1141,1704,1611,1138,1115,1991,2357,1614,1524
bing_querylogs|config_id=449,1771,1717,1418,1314,1273,1440,2171,1338,1817,1715,2447,2466,3189,4428,1837,1864,1822,3256,3359,1326,2106,2209,2125,1208,1149,1177,1248,2235,2159,2054,1878,1362,1386,1907,1721,2367,1987,2199,4612,1254,1249,2009,1600,2868,2839,1340,1762,18453,7816,994,1025,1870,2184,2652,3249,3621,3119,1918,1879,999,988,1296,1349,2565,2040,1246,1425,1672,3772,1976,2004,1684,4749,3119,1491,1537,2367,2000,1562,1651,1049,1004,1395,1458,1771,1801,1482,1264,2514,2859,909,870,1362,1339,1729,1708,1426,1533,5481,7053,1715,1734
bing_querylogs|config_id=450,1841,1664,1194,1121,1256,1700,1347,1453,1271,1184,2911,2082,2928,3233,1486,1676,1674,3131,2499,1153,1327,1614,1916,1269,974,1148,1080,1652,1643,1701,5027,1433,1421,1256,1265,1468,1892,1240,1827,1159,1113,1288,1340,1964,1636,1190,1253,5865,3128,1119,1028,2595,2337,2943,1528,6717,1528,1634,1558,841,832,1236,1537,2846,3096,1105,1224,1384,1034,1013,1894,1912,3856,2557,1614,1717,1560,1718,1388,1579,1078,1159,1234,1308,1652,1725,1554,1497,2326,2176,836,887,1356,817,1480,1662,1224,2673,3572,4377,1423,1433
bing_querylogs|config_id=452,1302,1491,1102,1036,1792,1315,2900,1665,1043,1080,2512,2691,4207,4381,906,784,1150,2614,1741,1185,1567,1689,1468,906,1629,852,1065,1409,1728,1647,1650,1569,1273,1057,1136,1783,1502,1119,1651,1803,2119,1154,1113,1479,1488,1987,2087,7663,2137,976,1017,6165,7268,1893,1949,1331,4793,1535,1489,797,843,1328,1307,2534,2844,1081,1011,1062,1303,1133,1532,1425,4089,2315,1461,1472,1531,1724,1432,1564,1117,1225,1177,1321,2510,1648,1293,1333,1772,2081,833,874,919,961,1168,1166,1618,1481,3120,2965,1469,1313
bing_querylogs|config_id=454,1735,1512,1195,1412,1292,1564,1708,1363,1488,1761,1821,2281,3371,5641,1800,1865,1656,4280,5513,1556,1864,1738,1831,986,993,1097,1237,2503,1514,1786,1684,1024,1103,1471,1415,1723,1553,2090,2905,1612,1121,1726,1604,1848,1710,1323,1601,4999,3602,1027,1054,1698,2234,2500,3847,2070,2023,1551,1655,808,882,1400,1321,1901,3156,1504,1232,1803,1313,3679,1218,1603,2414,1991,5069,1446,2225,2031,1631,1913,1048,1065,1375,1342,1789,1614,1176,1389,2492,6878,733,716,1110,1111,1482,1374,1732,1810,2900,4721,1511,1322
bing_querylogs|config_id=456,2413,2510,1530,1588,1464,1526,2287,2318,2415,1720,3438,3064,8525,5941,2166,2348,2477,4050,4226,1976,1839,2653,2635,1451,1471,1683,1469,2388,2491,2806,2926,1750,1795,2007,2080,2551,2827,1651,1777,1756,1796,1953,2117,3208,3125,1906,1672,8067,12001,1147,1094,3168,2900,2540,2567,13307,6910,2260,2205,859,775,1809,1451,4054,3164,1830,1622,2118,2767,2670,2749,2460,8512,5973,2983,2934,3021,3033,2171,2131,1537,1478,1605,1640,2225,2233,1961,1925,2849,2836,1026,1018,1167,1149,2211,2149,1668,1736,10175,5826,2721,2643
bing_querylogs|config_id=457,1336,1483,1213,1717,1084,1192,1636,1587,1051,1009,2255,1918,3542,2595,1108,1073,1018,2545,1610,1391,1601,1651,1681,1050,1177,843,882,1362,1681,1626,1781,1224,1256,1078,1020,1370,1339,902,1350,1776,1788,1613,1561,1483,1437,1049,1268,2679,4455,1053,983,1721,6263,2358,2029,1647,2947,1257,1183,631,611,1250,1271,1910,1963,891,909,985,1587,1367,1347,1228,2994,6196,1416,1437,1715,1466,1591,1718,1371,1192,950,912,1640,1734,1289,1188,2175,2357,810,813,707,688,1203,1143,1302,1480,1987,1855,1394,1249
bing_querylogs|config_id=458,936,942,872,945,975,865,1487,1881,828,866,1583,1879,1548,2704,746,994,824,1147,1132,1851,1513,1231,1360,880,900,833,864,1059,1258,1453,1351,1218,1246,937,938,1206,1110,841,1070,2343,1548,1155,1158,1187,1195,803,1508,1314,1567,845,896,1371,2893,2389,2105,967,929,1079,1122,730,617,1094,1135,1428,1396,854,895,782,1563,1558,1343,1714,2723,1590,1255,1368,1441,1408,1219,1515,1571,1160,921,781,1542,1294,1067,1105,2053,2376,917,751,636,635,904,884,1950,2721,4234,1545,1106,1153
bing_querylogs|config_id=459,1741,1610,1157,1072,1254,1699,1462,1560,1591,1797,3280,2273,5661,5075,1868,1588,1940,2830,3081,1146,1698,1924,1975,1243,1022,1338,1414,1579,1738,1929,1666,994,1008,1415,1296,1541,1791,1869,1614,1083,1072,1593,1675,2381,1822,1306,1215,4540,4483,911,947,2834,2662,3535,2763,2795,1350,1528,1488,639,694,1098,1362,3500,3182,1337,1566,1490,2789,1251,1219,1439,1472,2366,1790,1313,1715,1754,1374,1498,1001,1034,1238,1278,1292,1599,1418,1162,2234,5806,715,766,1376,1194,1525,1475,2366,2342,3383,2963,1778,1744
bing_querylogs|config_id=460,2334,2410,1544,1612,2087,3768,3021,3898,1670,1591,2612,2526,6521,3895,1471,1472,1563,2792,2458,2161,1999,2650,3103,1657,1501,1330,3354,1970,2129,2459,2380,1831,2013,1604,1865,1833,2125,6248,36347,2807,6338,1848,2503,2543,3143,2125,2087,5895,3676,1489,1520,3032,6402,4015,5261,5587,5321,1963,1994,1010,1067,1841,6149,2774,3869,1366,1368,1611,11372,4896,2565,2556,4302,5619,9689,2095,2911,2647,2244,2118,7748,5541,1430,1385,2392,2517,2443,2451,3567,4161,1681,1737,1051,1033,1849,1812,5850,2948,2837,3131,2765,2833
bing_querylogs|config_id=463,1206,1252,928,889,874,885,1054,1111,1124,1103,1135,1147,1699,1985,1083,1089,1222,1848,1909,858,870,1124,1081,824,834,833,1451,2405,1785,1018,1087,1179,1234,937,926,1042,1041,1236,1492,854,914,877,882,1524,1524,809,872,1158,1009,836,863,891,1028,1588,1587,1361,1356,1157,1083,589,622,961,905,1545,2000,880,881,797,792,773,1087,919,1470,1472,1388,1386,1207,1207,1198,1133,1188,1124,930,802,1375,1252,1182,1334,2491,2296,744,756,1434,931,1007,1002,950,887,1233,1964,1046,1151
bing_querylogs|config_id=471,1386,1328,1014,992,1135,1118,1933,1991,996,957,1829,1895,1505,1866,939,1152,1308,1477,1866,1434,1452,1493,1631,996,990,931,1118,1373,1553,1528,1536,1268,1398,1051,1117,1349,1372,922,1110,2633,2640,1047,1667,1927,1557,1060,1411,1956,1736,940,849,1509,1948,1907,2362,2099,2318,1090,1142,664,655,1162,1236,29114,1673,936,1059,921,1250,1374,1256,1699,2707,2684,1548,1396,1467,1502,1564,1469,1163,1394,1109,1042,1542,1539,1326,1218,1893,2079,808,812,744,765,1101,1044,1263,2052,1722,2109,1224,1356
bing_querylogs|config_id=473,1355,1178,996,1112,1170,5331,1690,3323,1406,1035,3003,1980,4656,5244,1249,996,1104,1757,1856,1113,1327,1870,1745,1548,974,1009,1038,1432,1523,1770,1610,1231,1258,1170,1081,1107,1133,1363,1705,2478,2630,1308,1440,1583,2996,1418,1593,4028,6991,1089,1020,4078,2056,3534,3845,1184,2037,1279,1186,728,633,1275,1278,2448,6156,938,1084,1536,1469,1740,1283,1727,3004,2274,1407,1456,1609,1602,2221,2004,1242,2559,908,936,2319,1625,1292,1288,2125,1914,985,1104,738,688,1181,1109,1385,1483,3234,2468,1492,1432
bing_querylogs|config_id=474,1378,1173,1036,891,1568,1287,1943,1754,1129,1145,2331,2094,1884,1472,949,1078,954,1460,1648,2663,1891,1289,1383,942,1679,1012,1004,1341,1210,1687,1857,1449,1186,1020,1001,1639,1986,1650,1386,1843,1912,1286,1719,1645,1666,983,1036,2494,2748,1082,1239,1804,4538,1996,3422,4110,2544,915,1299,731,1228,1144,1547,1831,2151,1083,1123,940,4349,1876,2298,1798,1606,1444,1723,1829,1576,1537,1911,1179,1396,1935,923,966,1528,1725,1203,1175,1787,2157,820,770,734,766,1050,1007,1694,1626,2485,1869,1380,1461
bing_querylogs|config_id=475,1794,1287,1123,1057,4446,1269,1513,1716,1163,1112,1947,2538,2723,6449,1176,1067,997,4974,1629,1184,1312,1678,1701,1093,977,857,997,1326,1558,1639,1557,1247,1278,1066,1033,1374,1353,926,1000,1855,2448,1494,1350,1614,1668,1021,1387,3243,7414,963,968,5173,1971,1665,4153,1585,2199,1259,1264,801,656,1238,1278,2678,3624,1061,985,964,1545,1023,1422,2171,5483,3827,1478,1586,1676,1707,2072,2001,1567,1327,1165,939,1590,1533,1348,1208,2141,1919,796,1098,818,799,1151,1185,1817,1614,2331,3151,1261,1423
bing_querylogs|config_id=476,1138,1135,1896,1326,764,1002,1893,1839,1333,1004,2783,2777,13703,10704,1528,2215,1594,6028,19052,1413,1269,1672,1937,1053,1086,975,1146,1312,1805,1788,1670,1173,1403,1113,960,1723,1180,4425,1304,1213,1352,1155,1315,1986,2316,954,1337,9997,3705,1081,1058,2330,2537,21608,22785,1275,1324,1474,1582,670,651,1123,1117,3671,4009,1149,1198,1252,6256,11852,2079,1409,1803,2030,2142,2655,1687,1627,1426,1358,930,915,1235,1271,1607,1620,1177,1131,3269,2869,821,781,694,749,1135,976,1098,1204,3679,3921,1742,1416
bing_querylogs|config_id=481,1652,1115,1124,1857,776,1128,1647,1904,1249,1395,3012,3135,16039,12526,1846,1979,1735,15640,11038,1419,1791,2103,1628,1090,1101,977,1298,1376,1446,1938,1762,1243,1277,1166,1152,1148,1220,1141,2157,1142,1261,1609,1611,5778,2286,1139,1359,3280,3839,1108,1073,3608,2028,30013,26244,1260,1190,1346,1423,688,834,1326,1375,2546,3103,1198,1088,1077,11230,9538,1535,2006,2429,2292,1818,2822,1735,1775,1496,1398,910,983,1254,1219,1570,1480,1321,1179,3291,2558,826,790,803,926,1209,1175,1124,1284,3252,4785,1685,1424
bing_querylogs|config_id=486,2100,2057,1700,1350,1135,1437,2032,2093,1356,1324,2760,2804,6004,5347,1765,1758,1857,3961,4218,1596,1612,2142,1976,1009,1013,1315,1416,1956,1886,2239,2164,1456,1458,1666,1696,2006,2036,1410,1625,1539,1524,1658,1662,2764,2813,1417,1418,18819,2771,1036,1026,2280,2080,2421,2469,5765,8183,1734,1798,750,772,1151,1249,2404,2603,1493,1459,1463,2778,2403,1889,1987,3198,3008,2612,3279,2520,2555,1719,1568,1299,1376,1296,1386,1620,1635,1564,1662,2640,2938,971,982,1217,961,1704,1674,1586,1839,2541,2606,2050,2156
bing_querylogs|config_id=488,1645,1633,1671,1541,1131,1189,2629,2381,1578,1630,5664,6265,9608,8732,1624,1786,1595,17384,11801,1822,1884,1804,1841,1258,1193,1258,1334,1642,1778,2233,2682,1417,1494,1467,1519,2144,2774,4638,7416,1379,1387,1825,2003,4088,4266,2093,1832,4680,2976,1049,1050,1695,2374,23331,15269,6066,7114,1505,1426,839,814,1388,1375,4139,14383,1123,1141,1089,7326,7055,1687,1621,2846,2244,2961,2680,2396,2359,1610,1694,1186,1171,1035,937,1920,2157,1168,1190,3349,4773,769,886,971,870,1425,1226,1700,1919,10422,4408,1731,1685
bing_querylogs|config_id=493,1331,1261,897,911,979,958,1700,1452,1273,1221,1493,1432,1761,1982,1529,1462,1269,1883,1648,1272,1458,1415,1477,853,880,1159,1232,1646,1583,1460,1609,1281,1199,1116,1087,1462,1503,1535,4688,1371,1294,1312,1635,1543,1450,1063,1067,1793,1800,876,874,1313,1265,1139,1150,1972,1366,1312,1191,735,797,1057,1062,1729,1638,1010,974,1073,1542,1779,4402,1590,2118,2264,1429,1411,1333,1463,1265,1253,900,1021,1104,1106,1502,1480,1170,1169,1864,1929,920,949,1073,1003,1229,1180,33425,1873,1617,1607,1175,1332
bing_querylogs|config_id=494,995,1136,728,773,724,641,1043,1003,922,853,1264,1607,1777,1680,944,999,1043,1409,1442,820,1012,1172,956,769,828,982,1222,943,824,1379,1060,1125,1098,933,851,1017,945,1187,879,903,898,794,912,1152,1180,752,666,1106,1150,755,813,928,988,1250,1067,1177,1033,809,930,618,607,915,974,1394,1657,702,965,825,930,933,859,787,1766,1871,921,1065,1456,909,1087,1078,726,770,820,824,980,1254,924,921,1232,1275,708,769,714,719,946,997,1381,868,1517,1737,1212,1215
bing_querylogs|config_id=495,1526,1588,1328,3084,1091,1159,5746,4174,1420,1572,7641,4908,6417,6145,1555,1664,1484,12489,17861,1492,1839,1757,1807,1044,1072,1393,1304,1674,1799,2155,2242,1312,1789,1454,1598,2054,2051,2610,2403,1352,1354,1908,1865,4629,4067,1688,1171,3673,3987,1040,981,2281,2117,25292,20499,9551,6622,1610,1562,763,621,1304,1284,12746,3744,1084,1189,1439,3045,5336,1759,1758,2645,2264,2837,2614,2350,1925,1760,1746,1225,1226,971,945,2046,2049,1186,1136,15701,3809,805,824,894,1086,1366,1321,1781,1950,4282,7225,1820,1642
bing_querylogs|config_id=496,996,1021,678,771,654,706,1121,1099,997,894,1169,1033,1206,1258,911,957,903,1471,1881,823,1006,1240,1258,648,714,987,1002,1001,771,1118,1264,1116,1121,922,909,980,946,795,1219,897,1005,980,1079,963,1054,737,780,1103,908,791,771,938,1080,1591,992,1205,1158,902,849,645,618,930,916,1317,1113,704,811,692,850,892,906,1002,1690,1487,851,819,1196,1331,1156,1118,743,788,742,829,1197,1200,911,955,1206,1333,731,719,745,677,892,820,941,925,1140,1040,999,1074
bing_querylogs|config_id=497,989,977,647,662,644,631,1206,1270,1105,979,1392,1112,3659,1540,1255,1311,1226,1549,1916,742,1136,1224,1226,933,918,918,1167,879,1243,1422,1114,1083,1149,983,933,1041,1048,1166,1963,954,966,877,1274,1406,3249,790,691,1058,1161,993,871,994,1139,1966,1456,1444,1203,1028,894,574,593,933,932,1382,1253,892,886,675,1029,1689,809,1024,1379,1408,914,1561,1421,1211,1243,1200,832,1091,877,896,1364,1444,1053,982,1439,1419,785,710,685,731,996,818,689,745,1286,1307,1295,1123
bing_querylogs|config_id=498,964,977,661,736,618,648,1294,1268,866,1139,1042,1082,2042,2546,988,806,1064,1154,1427,1277,1390,1430,1457,879,770,1148,1135,913,976,1598,1332,984,1006,849,871,945,947,1928,4300,800,829,943,992,3039,1666,862,838,1057,1257,892,794,944,796,2943,2773,1980,1331,958,1147,611,611,875,933,1122,1302,869,778,724,1563,1575,1416,748,1946,1369,914,785,1321,1238,1236,1478,765,943,775,758,1295,1321,1053,952,1730,1505,712,743,715,681,885,874,1998,1253,1267,1246,1199,1177
bing_querylogs|config_id=501,843,1002,691,741,619,687,1348,1196,1213,1305,1253,1119,1676,3472,935,1170,1032,2782,1888,774,916,1299,1260,815,878,1088,1114,963,1245,1742,1331,913,1074,880,824,1020,1063,1395,1756,883,1113,1042,1057,1604,1419,864,717,1187,1657,945,853,768,872,1661,1817,1220,1410,920,974,673,585,1003,970,1124,1181,943,921,718,2635,1209,1089,1327,1473,1388,1591,1746,1382,1188,997,1288,1021,1071,817,715,1412,1571,975,936,1137,1201,706,676,613,664,970,799,1386,1543,1158,1217,1195,1091
bing_querylogs|config_id=502,1568,1399,1203,1127,1101,1231,1181,1191,1442,1312,2462,2744,3908,2737,1797,1598,1775,2353,2318,1728,1823,1600,1834,1009,1027,1194,1515,1466,1632,2159,1867,1428,1432,1299,1191,1561,1484,1606,3473,1271,1227,1651,1833,2105,1751,1300,1282,4438,2657,960,974,1941,2407,2118,2336,31371,3103,1210,1422,974,770,1042,1174,1645,2871,1182,1134,1274,2978,2918,1462,31496,2050,3242,4958,2036,1424,1502,1517,1466,955,1034,1287,1255,1700,1891,1014,1049,2153,1803,961,925,1067,1238,1307,1341,2988,1492,4581,4430,1763,1424
bing_querylogs|config_id=503,1469,1350,772,762,885,965,1445,1526,1433,1656,1722,1672,2086,2161,1424,1411,1677,1376,1851,1590,1169,1472,1427,993,1013,1153,1040,1618,1195,1858,1474,1232,1316,938,1054,1486,1258,1168,1781,1110,1235,1487,1517,1667,1474,1121,764,1944,1787,877,822,1390,1446,2218,1546,2510,2591,1116,1069,851,727,1069,995,1834,1496,998,1071,973,1269,1788,31791,1595,1518,2003,1185,1647,1480,1500,1275,1064,874,843,1028,1035,1499,1327,1018,975,2201,2401,885,861,969,1024,1159,895,2967,3780,1428,1349,1230,1303
bing_querylogs|config_id=504,1576,1654,1333,1173,1429,1759,1418,1241,1665,115727,90117,3397,4744,3129,1682,1790,1654,3639,4720,1694,1857,2138,1903,1029,1007,1486,1432,1800,1731,2077,1773,1124,1142,1555,1623,2292,1966,2317,2310,1146,1138,1669,1476,3041,2110,1074,1303,4131,4270,1070,947,2147,2934,3734,3803,2762,1864,1604,1492,743,877,1198,1254,4053,3330,1322,1400,1323,2261,2320,1199,1336,2512,2673,3058,2664,1676,1965,1687,1967,1079,1032,1306,1434,1785,1640,1165,1164,5466,6003,973,831,1375,2814,1560,1659,2375,2054,3213,3257,1662,1414
bing_querylogs|config_id=506,1471,1315,752,753,939,904,1096,1526,1337,1306,1605,1541,3061,1721,1295,1524,1537,1584,1968,1421,1529,1499,1575,988,951,1255,1093,1509,1396,1825,1737,1218,1267,902,981,1340,1379,33579,1432,1122,1287,1205,1083,1464,1387,1113,1110,1800,1812,762,847,1331,1201,1710,1726,1429,1635,1078,1077,762,687,927,1150,1455,1602,906,1174,959,2117,1271,2143,1713,1631,1605,3009,1363,1483,1481,1189,1255,750,864,990,1104,1583,1223,961,1011,1766,3805,751,788,894,880,1084,1145,1310,33637,1717,1452,1456,1329
bing_querylogs|config_id=507,1454,1423,1352,1215,1332,1337,1237,1192,1445,1444,1765,1767,1775,2039,1492,1389,1373,1852,1872,1303,1095,1440,1535,1085,991,1153,1483,1456,1244,1504,1588,1599,1626,1328,1284,1349,1515,1573,1058,1146,1166,1376,1339,1910,2985,1181,1100,1814,1685,1011,1135,1384,1188,1412,1207,1157,1197,1321,1349,1019,870,1239,1169,1529,1791,1217,1365,1211,1180,1116,1249,1125,1741,1287,1222,1294,1415,1680,1432,1309,1283,1155,1124,1448,1720,1701,1402,1264,1686,1828,863,847,1113,1234,1278,1182,1222,1145,1828,1843,1523,1526
bing_querylogs|config_id=510,1105,1359,1104,1307,844,1001,1546,1781,1355,1365,3330,3366,4687,23677,1743,1959,1571,21981,15014,1210,1571,1768,1849,1198,1497,1070,1451,1258,1401,1494,1675,1165,1190,1145,1172,1635,1418,1549,1743,1218,1423,1495,1172,2958,10587,933,955,9063,2946,1074,922,1731,2022,15224,33368,1189,8028,1482,1448,698,778,1213,1343,3136,5289,1189,1051,1347,10430,6970,1346,1544,2016,2081,2654,2502,1961,1572,1524,1455,930,945,1257,1128,1693,1791,1120,1157,3162,2769,774,785,789,858,1082,1060,1145,1510,2933,3683,1551,1491
bing_querylogs|config_id=511,1386,1377,732,735,1008,1105,1250,1484,1246,1321,1533,1521,1666,2338,1389,1465,1684,1618,1516,1119,1319,1334,1712,1025,891,1291,1252,1534,1443,1790,1814,1328,1270,1091,1192,1273,1419,1248,1466,1153,1130,1364,1501,1618,1559,1103,996,1586,1617,781,882,1564,1495,32446,1577,1504,2915,1132,991,842,720,1208,1018,1895,1770,1047,969,1098,1443,1109,1242,2145,1642,1538,1569,2528,1573,1696,1334,1212,850,1043,1063,1009,1529,1533,1031,918,2280,2228,801,787,905,943,1126,1034,2516,2240,1715,1787,1337,1315
bing_querylogs|config_id=513,1573,1562,1473,1237,1150,1452,1460,2280,1771,1796,3096,2846,5167,4674,1660,1914,1832,3882,2531,1917,1261,2047,1937,998,871,1199,972,1496,1797,2012,1917,1056,1061,1261,1581,1387,1768,4009,1834,1133,1045,1606,1415,1792,2669,1423,1221,3988,4461,1023,1020,2629,1959,3116,2972,3026,1665,1381,1493,847,836,960,1136,2566,3803,1234,1039,1509,3137,2400,1623,846,2803,1805,1374,2573,1819,1761,1493,1789,1022,923,1357,1316,1652,1369,1164,1149,2817,8438,814,653,1112,935,1593,1442,1579,2525,2703,2743,1809,1567
bing_querylogs|config_id=516,1224,1440,791,590,776,601,1092,1367,1171,1457,1278,1258,1984,1938,1310,1417,1719,1577,1733,1224,1216,1308,1289,976,958,1246,1272,882,803,1873,1636,983,1093,1014,916,1698,1078,2696,1097,1134,1093,1020,1020,1953,1282,756,931,2082,1653,775,823,976,1143,66305,11299,1229,66744,1112,1094,578,588,780,784,1417,1301,918,1382,850,929,3385,1503,2077,1235,1366,965,795,1409,1588,1374,1239,958,1100,850,998,1675,1395,1215,1007,2124,2032,690,687,673,544,861,1117,702,859,1447,1412,1333,1421
bing_querylogs|config_id=521,1552,1629,1294,1295,1025,1011,3889,3619,1307,1451,6701,3975,10331,10256,1472,1502,1698,15328,18652,1714,1732,1695,1606,945,1101,1133,1246,1708,1756,1865,1628,1221,1271,1401,1448,2131,1809,3704,3006,1270,1280,1607,1700,3862,4514,1065,1042,3424,2902,970,1056,2583,2898,15321,23222,10650,8467,1268,1206,575,585,1173,1183,3139,2635,1027,791,1028,6720,6547,1703,1426,2201,2060,2131,3024,2332,1992,1406,1506,1075,1162,889,728,2210,1747,1170,1149,24732,7905,793,746,1076,1120,1347,1367,1604,1767,4757,2793,1608,1788
bing_querylogs|config_id=522,1288,1530,714,735,903,1148,1795,1482,1241,1023,1607,1627,2043,2618,1278,1577,1176,1335,1475,1364,1375,1421,1252,990,985,1234,1227,1526,1373,1856,1652,1105,1230,999,920,1176,1611,33881,1772,1293,1220,1779,1517,1486,1493,1060,1143,1983,1930,901,865,1405,1311,1766,1942,1260,1606,1188,935,746,693,1215,986,1333,1475,1019,964,899,3192,2229,4229,1238,1775,1397,2582,1488,1605,1539,1209,1260,980,876,1005,1059,1475,1417,876,1017,1764,1455,799,806,908,850,1271,1044,1162,2494,2035,1685,1202,1325
bing_querylogs|config_id=524,1430,2025,980,1585,1108,1507,1594,1273,1724,2022,3989,3729,5611,4934,1671,1791,1888,3223,3955,1082,1604,1537,1716,909,943,1202,1470,1678,1620,2131,1446,1002,1524,1587,1516,2175,1388,2986,3644,1097,1059,1656,1585,1732,1836,1195,1155,4036,2223,912,917,2070,2848,2492,2570,1222,3385,1362,1298,674,853,1242,1120,3620,2433,1333,1652,1163,2206,3245,1500,1363,1470,2262,1339,2622,1753,1789,1169,1350,906,957,1414,1129,1430,1298,1149,1105,2177,2985,741,808,1216,920,1553,1501,1475,2099,5072,3050,1245,1529
bing_querylogs|config_id=528,1633,1737,1158,2459,1072,1399,1513,1771,1710,1651,3761,3705,4125,3579,1860,1797,1989,4008,2990,1336,1440,2331,2118,956,1068,1207,1356,1681,1695,1732,1467,1130,1296,1484,1398,2021,2047,1413,2267,1109,1128,1823,1767,2765,1780,1219,1305,3628,3664,1083,967,1619,2123,3737,4231,1508,2715,1576,1493,880,768,1094,1402,3275,3800,1469,1326,1266,2205,2644,1783,1444,1924,3925,1439,1662,2115,2118,1914,2023,1049,1175,1415,1322,2017,1811,1250,1127,6493,2456,797,837,1062,1054,1421,1630,1660,2880,5128,4835,1495,1308
bing_querylogs|config_id=531,1706,1570,1470,1432,1228,1368,1263,1585,1821,1714,2926,3179,4995,5517,1728,1732,1730,4697,3679,1782,1275,2033,2092,1059,1018,1184,1307,1890,1789,1990,2062,1103,1141,1590,1450,1767,1728,1656,1629,1124,1124,1542,1508,1857,2318,1178,1105,3534,4179,1012,1048,2153,2798,4485,3763,4433,2146,1475,1479,958,832,1511,1178,2556,3649,1399,1416,1413,3027,2366,1526,1483,2988,1971,4169,2479,1882,1641,1704,1427,1047,1197,1418,1343,2189,1809,1453,1447,2705,2657,809,872,846,1429,1641,1466,1648,2144,4749,2791,1577,1590
bing_querylogs|config_id=537,945,1030,678,667,584,574,786,728,1306,1301,1169,1242,1364,1319,1579,1590,1543,1213,1153,781,793,968,967,812,822,894,936,1239,1206,1049,1046,1180,1192,979,877,1049,1049,807,854,825,823,909,909,1328,1324,623,686,1245,1182,854,860,1032,9159,1410,1455,1029,1044,813,740,640,670,842,760,1255,1423,876,879,795,692,685,655,671,1494,1684,1341,1755,840,841,1214,1001,1058,922,805,803,1180,1046,792,896,1548,1559,719,668,657,618,1257,1103,805,733,1207,1169,713,736
bing_querylogs|config_id=545,1050,867,1027,1068,827,650,4462,1743,1358,1284,2386,2538,2290,12694,1613,1753,1855,10327,8852,1093,1166,1651,1687,908,815,1031,1153,1428,1425,1415,1453,1034,1062,1126,1019,2035,1414,2232,2022,1116,1201,1358,1372,2470,2673,687,854,14593,3976,1003,859,2410,1906,26421,33372,1198,1043,1184,1197,640,665,873,1144,2217,4349,1065,1083,1024,4809,8604,1914,1743,2252,1560,1876,2518,1732,1818,1065,1338,875,847,1112,1138,1335,1329,903,1298,3407,3237,758,709,692,729,1071,1066,1077,2153,1644,2989,1579,1419
bing_querylogs|config_id=546,1729,1613,1384,1109,1302,1111,1284,2022,1820,1657,2388,3037,5135,2809,1709,1669,2043,2614,3192,1567,2027,2035,2080,1111,1104,1117,1176,1886,1508,2791,1858,1128,1284,1521,1778,2165,1621,1664,2035,1220,1165,1559,1695,2223,1899,1365,1004,3939,5625,1101,974,2027,1852,3675,2722,2072,2354,1688,1578,843,769,1143,1175,2302,3925,1415,1495,1508,2381,1995,1664,1299,1997,2951,1863,2680,1728,1860,2110,1506,1132,1000,1332,1704,1619,1685,1207,1397,2792,2064,792,830,1473,988,1562,1495,1533,1799,3874,2846,1631,1650
bing_querylogs|config_id=559,1487,1646,1193,1300,1253,1366,1480,1752,1792,1692,3725,2653,4780,3777,1669,1857,2091,3669,3705,2054,1533,2022,1741,1271,1057,1269,1249,1691,1425,1736,1986,1128,1230,1630,1627,1941,1865,3542,2452,1240,1118,1476,1567,3024,3122,1221,1263,5315,4044,1168,1084,1792,2382,2616,2845,2047,1744,1674,1748,838,808,1302,1203,1991,2565,1230,1270,1100,2739,2679,1278,1236,1914,2867,1962,2789,2151,1926,1812,1561,1047,1017,1383,1317,1569,1780,1259,1585,2171,2336,782,855,1405,952,1563,1559,1754,1659,3479,2569,1542,1699
bing_querylogs|config_id=560,1231,1207,1278,2699,892,937,1105,1086,1390,1518,1419,3398,2652,2076,1617,1655,1662,2069,2007,973,1017,1883,1733,1025,987,1107,1231,1230,1459,1443,1754,1387,1325,1182,1358,1623,1998,1498,2333,934,981,1346,1347,1291,1952,1032,1142,3583,1841,876,819,2013,2124,3574,1381,1214,1382,995,1185,714,718,1388,1128,2250,3933,1025,1020,1165,1001,1031,1067,976,2990,2198,1495,1847,1320,1292,1488,1566,1118,1037,1094,1000,1797,1672,936,1106,1767,2015,1043,749,687,683,1208,1413,1460,1309,3840,3124,1328,1221
bing_querylogs|config_id=568,1427,1522,1449,1418,1406,1268,1765,1671,1405,1491,2102,2258,7637,4677,1474,1470,1394,1836,2101,1043,1210,1519,1459,974,1054,1130,1220,1495,1553,1800,1394,1552,1513,1416,1567,1339,1686,1148,2370,1198,1196,1332,1552,1500,1703,1037,1059,2563,2527,1089,1089,2521,5899,1433,1508,1589,8276,1536,1290,809,998,1269,1488,2475,1520,1177,1214,1239,1127,1147,1313,1385,1715,1956,1276,1499,1816,1725,1229,1424,1192,1107,1269,1334,1336,1355,1372,1369,1708,1693,923,989,1254,1122,1337,1388,1255,1222,3166,8140,1805,1759
bing_querylogs|config_id=570,839,846,756,753,657,657,779,768,1235,1287,1265,1234,2072,2239,1242,1430,1227,1653,1546,812,820,1214,1220,999,1009,948,975,1181,1137,1199,1197,1194,1214,993,1170,1511,1595,4510,2399,912,915,1060,978,1373,1450,707,705,1359,1426,832,882,1270,1266,2223,1499,1189,1224,1031,1051,645,643,881,886,1425,1424,948,926,919,925,925,731,741,1354,1354,1224,1772,843,839,1413,1385,759,865,929,949,1393,1425,999,992,2289,2320,721,720,684,681,1055,1041,997,836,1793,1660,831,838
bing_querylogs|config_id=572,1147,1156,894,1682,847,1189,1295,1235,1513,1332,2956,2542,2226,1806,1518,1504,1580,2062,2615,1305,1067,1710,1629,945,919,1122,1129,1509,1519,1368,1323,1193,1229,1165,1379,1660,1596,2352,2022,1010,942,1402,1454,1686,1434,1062,1037,2545,2568,998,875,1650,2413,1416,1476,1144,2327,1112,1081,722,755,1201,1220,2568,2241,1152,1073,1033,925,968,1208,1255,2265,2580,1557,1777,1257,1444,1720,1453,1123,1090,1151,1019,1517,1726,967,965,1862,2333,963,770,815,776,1371,1476,1138,1275,2850,1620,892,1217
bing_querylogs|config_id=574,1215,1324,1170,1764,868,923,1118,1268,1394,1549,3610,2891,2382,2393,1447,1635,1648,2147,2164,1394,1030,1894,1402,929,963,1160,1131,1328,1352,1453,1398,1181,1193,1090,1122,1930,1552,1847,1751,982,1031,1366,1589,1416,1545,1251,1330,1754,1828,889,989,2204,1220,1737,2139,1535,1295,934,1112,779,664,1057,1206,1592,2191,1005,1049,1250,1098,1057,830,1216,2091,2339,1475,1751,1565,1283,1413,1536,1084,831,1030,1048,1811,1537,1018,958,1774,1691,767,764,706,689,1391,1383,1341,1228,3292,2509,1338,1118
bing_querylogs|config_id=580,1255,1200,919,1359,854,956,1057,1116,1263,1452,2611,2244,2045,1689,1599,1590,1799,1916,2061,1275,925,1618,1504,974,984,1159,1125,1561,1285,1600,1409,1182,1198,1060,1424,1888,1560,1010,1322,1079,985,1493,1328,1960,1538,1101,1074,3024,2622,951,927,1295,1306,1733,2599,1244,1118,1166,1046,800,676,1235,1069,1616,3166,1261,976,1012,1052,916,957,988,2269,2383,1410,1573,1329,1336,1981,1459,1027,1098,1052,1133,1741,1691,980,1021,2088,2311,753,728,852,816,1475,1395,1209,1176,2684,3552,1075,1313
bing_querylogs|config_id=583,1075,1184,1292,1856,730,1317,1145,1087,1284,1370,1276,2772,2946,2104,1488,1588,1583,1739,2651,1073,1040,1671,1535,1015,1194,1163,1156,1334,1544,1640,1497,1068,1203,1489,1069,1532,1511,2726,3248,928,1097,1448,1457,1505,1939,1053,881,3823,2030,846,1023,2396,1408,1903,1797,1286,1248,1194,1237,782,674,1842,1193,1818,1839,1029,928,1158,1067,1002,1128,1196,2119,2251,1425,1671,1736,1344,1359,1870,1085,1150,945,1058,1464,1617,1045,953,1725,1835,926,710,771,664,1288,1349,1201,1381,2137,1770,1404,1141
bing_querylogs|config_id=592,1129,1024,1084,1300,736,1282,1069,1026,1227,1233,1886,1720,4117,2548,1424,1736,1543,1895,3252,861,960,1555,1390,734,912,1043,1101,1085,1183,1119,1338,904,986,1237,1183,1361,1652,2268,4348,1132,863,1298,1214,1218,2115,882,980,2514,2165,868,772,2078,1959,1701,1740,1046,1160,1282,1109,576,549,1299,1149,2031,1925,912,963,883,1689,939,1066,998,1656,2101,2331,1951,2083,1090,1595,1678,791,1039,876,870,1345,1381,947,815,2962,2623,694,598,575,705,1170,1311,1173,1059,3188,1911,993,1292
bing_querylogs|config_id=598,2271,2762,1162,1013,874,1045,1923,2148,2186,1916,3046,2447,3278,67957,1536,1540,1561,7423,7848,1607,1843,1604,1582,912,921,1791,1875,2160,2204,1165,2249,1386,1184,2080,1885,1296,1305,5663,5579,1563,1610,1869,1783,4284,4744,1212,1381,3072,3120,916,947,1646,1938,1992,2071,1614,1663,1391,1393,810,796,1369,1695,2659,2663,928,802,935,2276,2284,3162,3022,3598,2617,5166,5400,1962,2321,1217,1310,1434,1052,1380,1394,1872,2253,1240,1100,2471,2401,865,884,805,772,1636,1603,2114,2277,5237,6890,2216,2654
bing_querylogs|config_id=604,1217,1251,898,1442,1053,866,1071,1179,1320,1302,3900,2934,2161,2263,1681,1586,1617,1936,2067,1589,1110,1614,1921,965,981,1116,1280,1332,1543,1480,1375,1192,1208,1120,1108,1624,1480,2195,1724,946,933,1435,1410,1694,1549,1013,1095,4270,2906,975,910,1728,1624,1810,1992,1145,1292,1008,1228,890,784,1219,1250,2395,1965,1129,916,956,1102,1021,1164,1109,2014,2415,1529,1813,1227,1409,1650,1519,1077,1142,1037,1188,1607,1654,1080,1032,2001,1740,713,922,784,716,1282,1415,1224,1525,4083,2978,1300,1258
bing_querylogs|config_id=606,2143,2152,1241,1571,923,1026,1673,1752,1793,1665,2792,3260,3956,3316,1836,1758,1705,7161,7618,1770,1610,1710,1971,1022,1000,1058,1244,1911,1996,1768,1792,1413,1280,1590,1557,1331,1346,5550,6013,1309,1490,1746,1701,3740,3830,1169,1121,3344,3166,915,853,2237,2199,2022,1958,1533,1524,1232,1133,814,771,1266,1196,1732,2354,941,795,990,2531,2410,2876,2823,1832,1667,5027,4903,1753,1711,1336,1246,1045,1151,1320,1339,1710,1804,1061,1028,2043,2531,820,806,789,712,1535,1476,1811,3243,3635,4260,1956,2036
bing_querylogs|config_id=613,2159,2123,1897,1525,971,947,1662,1960,1744,1704,2709,2697,3714,3470,1779,1478,1630,6955,7121,1715,1515,1611,1746,1050,943,1007,1097,1932,2048,1481,1730,1409,1245,1582,1463,1468,1406,5985,5593,1469,1353,1667,1665,3786,3773,1284,1356,3284,4143,1033,819,1704,2175,2714,2774,1728,1815,1357,1053,795,793,986,1032,1810,2486,963,785,918,2419,2343,2968,2962,2026,1942,4725,4869,1558,1592,1398,1191,1159,1075,1258,1243,1812,1829,1081,1006,2377,2252,836,801,667,639,1527,1358,1815,2803,4645,3791,1985,1987
bing_querylogs|config_id=622,1179,1323,1147,1064,992,899,1189,1160,1790,1488,2480,2814,2281,3584,1518,1551,1567,1856,2299,975,1058,1716,1656,998,926,1115,1222,1321,1446,1506,1532,1182,1331,1652,1168,1626,1432,4347,1216,1025,1006,1429,1334,1691,1669,1009,1400,3194,2118,807,964,1593,2184,1710,1839,1301,1189,1133,1068,752,780,1196,1212,1394,2321,1086,1090,1329,1422,1006,1144,1020,2097,2584,2353,1685,1556,1243,1380,1376,1136,1109,1167,1129,1825,1711,1067,1146,2224,1869,774,778,697,718,1362,1353,1242,1428,2303,3482,1199,1431
bing_querylogs|config_id=624,1187,1430,970,967,753,869,1308,1057,1528,1351,2167,1227,2153,1565,1562,1396,1475,1838,1902,975,922,1554,1448,846,864,1013,1018,1273,1277,1483,1385,1055,1075,1010,1426,1309,1554,1304,1949,930,844,1349,1333,1638,1542,914,753,1592,1495,773,761,1696,1816,2439,2008,1339,1080,962,983,679,711,797,1071,2414,1178,1096,992,914,1035,1350,855,1094,1768,1912,1895,1566,1434,1156,1350,1948,995,980,1104,1003,1480,1398,1026,1044,1981,1739,738,729,646,685,1178,1135,1062,1982,1554,3381,1214,957
bing_querylogs|config_id=636,1353,1246,1053,935,1081,868,1150,1048,1548,1685,2349,2169,1895,2345,1577,1591,1708,2025,2055,989,1068,1782,1673,944,1045,1114,1379,1247,1441,1349,1614,1299,1217,1189,1141,2234,1640,2390,2537,1035,1079,1467,1511,1635,1838,1356,1049,2502,2949,986,928,1781,2552,1793,3015,1195,1160,1114,1354,754,751,1255,1180,1640,3770,1064,981,1078,1092,988,866,946,1962,2160,1459,1832,1512,1504,1624,1604,1140,1159,1176,1061,1906,1784,1038,1065,1706,1790,700,803,778,704,1194,1472,1242,1313,2293,1732,1203,1413
bing_querylogs|config_id=644,1597,1453,1278,1260,1075,1392,1596,1408,1119,1244,3459,2363,1931,2918,1442,1606,1607,2213,2367,1099,1285,1731,1753,932,960,974,1414,1484,1718,1953,1784,1315,1363,1256,1055,1388,1403,1075,1287,1029,949,1292,1352,1812,1801,1135,1200,2647,2395,1006,987,1217,2449,3025,4295,2319,30063,1443,1443,846,799,1099,1090,1662,3617,1151,1144,1154,1058,1021,1416,1404,2130,1948,2850,1834,2231,1738,1647,1721,1251,1183,1365,1064,1561,1497,1299,1263,2025,2247,779,897,990,1038,1262,1230,968,1032,4559,1812,1352,1325
bing_querylogs|config_id=647,1212,1245,997,1209,926,1070,1149,1217,1707,1606,3481,2842,2518,2066,1659,1676,1672,2290,2079,1250,1086,1868,1889,1026,1259,1184,1289,1291,1570,1398,1530,1204,1226,1451,1451,1814,1521,1080,1771,1078,1047,1409,1426,1460,1477,1110,1028,3264,2736,884,1024,1616,1933,1653,2240,1414,1172,1056,1128,705,660,1218,1157,1798,2413,1094,1041,1200,1085,994,1025,1533,2114,2158,1723,1841,1369,1266,1381,1503,1086,1043,955,1102,1563,1615,1058,1067,1705,1848,770,799,687,742,1218,1206,1196,1427,2781,3450,1405,1192
bing_querylogs|config_id=648,1494,1593,1610,1588,1415,1547,1428,1428,1480,1661,2378,2727,2202,2651,1635,1738,1666,1883,2154,1245,1279,1739,1726,992,1104,1428,1605,1651,1606,1764,1828,1563,1648,1584,1513,1907,1876,1594,1531,1395,1366,1571,1472,1629,1918,1436,1471,2500,1982,1237,1258,1494,1563,2260,1619,1411,1340,1786,1930,925,1029,1367,1346,2114,2127,1420,1414,1537,1114,1069,1352,1563,1836,2165,1552,2026,1726,1641,1731,1731,1304,1240,1442,1361,1750,1726,1443,1360,1791,1821,1147,1118,1420,1524,1417,1491,1168,1347,2634,2819,1781,1717
bing_querylogs|config_id=649,1492,1640,1028,1038,1076,1128,1545,1958,1533,1611,3461,3591,5977,3626,1422,1752,1609,2612,4633,1663,1593,1766,2012,868,790,1179,1229,1661,1582,1776,1758,1068,1162,1472,1469,1851,1821,1721,1920,1033,1038,1406,1525,2106,2999,1207,1102,2829,3969,856,973,2085,2605,2222,3346,3145,1407,1502,1489,831,766,1131,1037,4584,4052,1295,1107,1065,1937,1203,1435,1336,2060,1870,1498,1650,1730,1626,1366,1446,901,888,1265,1248,1477,1474,1253,1274,2041,2223,739,750,1222,1248,1514,1425,2123,1772,3563,3046,1682,1315
bing_querylogs|config_id=651,1802,1729,602,622,544,561,1604,1543,1186,1166,1339,1422,4296,4494,1713,1640,1742,3901,4137,721,849,1073,1066,658,663,813,874,957,901,986,1086,971,982,953,874,1094,899,1130,1173,997,1004,1004,1062,2539,2568,602,687,2397,2593,724,709,784,946,2966,2965,1242,1233,851,791,549,569,1189,1166,1412,1219,799,799,742,904,804,2678,2733,1527,1427,897,931,1021,917,1033,896,833,864,936,920,916,916,815,886,5698,5501,654,651,603,557,813,821,612,562,1846,1445,1059,1130
bing_querylogs|config_id=652,2091,1985,1156,784,793,896,2073,2226,2096,2065,2211,2051,4903,5105,1970,2423,2363,3815,4106,1182,1324,2163,2247,1026,1015,1028,1015,1176,1103,2034,1669,1362,1557,1273,1322,1850,1683,1630,1782,1144,2223,1596,1653,3208,3548,894,767,2255,2271,878,840,1874,2112,3102,3465,1831,1606,1159,1043,733,685,1254,1534,2055,1846,881,860,999,1652,1945,1544,3145,2030,2120,1526,1798,1432,1943,1272,1234,1292,1383,1217,1128,1395,1403,1209,1195,6323,6430,887,765,839,739,1310,1050,1128,1561,2278,2107,2503,3279
bing_querylogs|config_id=657,1121,1857,860,1025,567,617,3281,1411,4173,935,2283,2190,4924,11780,1526,1640,1961,3038,10018,1147,1292,1874,1808,947,869,1136,1179,1327,1164,1134,1378,1084,971,1090,1073,1682,1393,4487,2527,1227,1194,1043,1257,4206,4649,677,779,15586,13337,814,819,6949,2475,18048,22230,1116,7194,1171,1119,575,572,915,1196,7577,3076,1100,823,991,9449,13676,1751,1620,2278,3887,1751,2267,2209,1717,1146,1335,857,866,1133,1006,1359,1367,1147,1319,2704,2784,722,735,911,811,948,1046,994,1052,7904,3921,1364,1761
bing_querylogs|config_id=663,1471,1680,1766,1198,1578,990,1585,1632,1580,1520,3219,2068,7525,9421,1671,1842,1912,8471,3775,1692,1220,1624,1734,952,904,1266,1323,2104,2037,1989,1846,1161,1527,1686,1835,1921,1624,1172,3510,1251,1261,1738,1892,3351,2056,1520,1279,1835,19848,1058,1067,2809,1742,4679,8521,4589,1617,1504,1705,975,947,1402,1216,4955,8241,1203,1119,1248,1740,2601,1713,1757,3029,6528,1645,1413,1770,1923,1718,1245,1226,1155,1314,1272,1697,1937,1376,1191,2036,9056,856,930,1596,1390,1625,1346,1965,1525,16441,2821,1554,1445
bing_querylogs|config_id=665,1498,1751,1143,1355,1245,1631,1897,1810,1323,1529,2316,2765,5327,4210,1585,1812,1594,3491,3690,1700,1924,1920,1448,733,682,967,958,1554,1513,2180,1961,870,913,1261,1432,1672,1642,2545,1875,1053,1122,1399,1534,3100,2574,1099,1047,2779,3463,837,865,2363,1854,4294,3110,2441,1461,1483,1418,734,708,1252,1302,2391,4463,1107,1092,1053,1826,1617,1421,1521,1509,1625,1289,1990,1756,1998,1277,1498,929,915,1298,934,1625,1138,1326,1152,2914,4942,676,741,1014,1040,1351,1156,1369,1732,2408,3832,1274,1938
bing_querylogs|config_id=667,1199,1062,840,835,853,1009,1494,1557,1063,1254,1306,1240,2063,2278,1188,1308,1396,1634,1819,1273,1444,1369,1367,782,752,936,918,1299,1581,1274,1224,1120,1016,919,895,1436,1168,1143,1986,1057,1086,1327,1303,1487,1504,815,1278,2142,1702,801,811,1802,1214,1462,1279,1453,1875,1095,1123,661,711,862,859,1631,1384,901,897,901,1009,1406,1349,1711,1489,1504,1380,1301,1437,1242,1071,1140,850,798,923,1025,1268,1318,968,899,2123,2189,773,825,975,964,1222,894,1384,1355,2362,2131,1218,1392
bing_querylogs|config_id=669,1353,1818,1044,1216,946,1074,2013,1282,1664,1327,1856,2409,3876,4791,1853,1434,1687,3400,2976,1520,1474,1390,2374,732,643,930,1001,1377,1379,1152,1810,892,850,1958,1226,1388,1606,2849,3269,934,929,1434,1541,2085,3125,1037,1025,1709,3215,859,715,1268,1172,2906,2380,1766,1745,1914,1346,733,770,1021,1106,2551,2875,1070,995,1457,3037,2081,1077,1151,1681,2163,1896,1004,1452,1400,1017,1078,843,870,1202,1157,1239,1259,1005,988,2752,3110,635,651,977,870,1041,1087,1085,1410,3958,2907,1449,1370
bing_querylogs|config_id=671,1621,1779,1389,1129,1037,1347,1808,2056,1804,1626,3848,3117,3330,3311,1772,1621,1880,5381,5499,1540,1918,1506,1804,741,860,1245,1216,1508,1638,1668,1801,1000,1110,1501,1311,1903,1845,1408,2306,1100,1105,1697,1605,2686,3259,1159,1208,3877,3899,906,858,2612,2223,3133,4623,3387,3646,1380,1533,805,725,1140,1266,2592,3543,1211,1258,1237,3042,2968,1326,1430,2807,2662,1385,2053,2172,1736,1375,1311,939,925,1272,1231,2082,1592,1138,1133,1935,5751,721,823,1162,1066,1271,1508,2211,2928,3782,4786,1529,1486
bing_querylogs|config_id=672,1695,1709,1359,1295,1099,1967,1680,1811,1535,1553,3904,1648,2140,8244,1855,1737,1893,1366,5605,1204,1373,2029,1819,1077,1079,1119,1161,1616,1892,1448,1372,1498,1494,1279,35470,1726,1736,2555,1537,1546,1794,1846,1973,2248,2248,1121,1007,6782,4868,1058,1090,2521,2388,1299,2263,1879,2721,1803,1500,947,698,1120,1161,2683,2208,1161,1066,1085,1233,1373,2042,2369,6676,3821,1815,1853,1738,1760,1665,1803,1034,959,1370,1087,1275,1626,1068,1344,1653,1667,892,889,1440,2271,1962,1210,1667,1081,2290,1949,2167,8542
bing_querylogs|config_id=675,1503,1624,1003,1303,1029,1294,1676,1874,1165,1362,1585,3050,2862,2975,1456,1272,1354,2410,1921,1293,1599,1506,1381,777,809,920,931,1569,1410,1362,1648,1095,1032,1045,1039,1395,1880,3321,2357,1141,1038,1388,1353,1638,1535,1095,1135,3220,3179,845,845,1842,4027,1154,1316,1445,1567,1289,1194,705,732,973,873,4081,2124,1223,989,951,1216,1085,2633,1896,1470,1786,1477,1350,1367,1422,1254,1158,865,836,1004,974,1296,1291,970,983,2642,3421,766,875,1152,1168,1277,1187,2526,1409,3806,4749,1476,1746
bing_querylogs|config_id=678,1601,1599,1682,1167,968,2148,2383,1315,1765,1689,2379,2084,3690,5796,2082,1707,2235,2436,3096,1367,1230,2164,2209,1013,853,1231,1140,1779,1689,1958,1879,1150,1343,1596,1359,1412,3040,1308,3441,1249,1123,1491,1863,2545,2149,1611,1270,5170,7428,928,884,1703,1608,4516,3793,9253,3553,1318,1550,841,984,1005,924,2674,2424,1222,983,1729,4046,1914,1906,1513,2356,5784,1702,3571,7120,4280,1215,1603,913,1008,1458,1561,1709,1890,1141,1035,2478,1907,772,653,1250,1894,1616,1673,1361,1558,9605,4087,1365,1589
bing_querylogs|config_id=682,1522,1086,974,1718,919,803,1609,7831,1181,1157,1221,4093,2162,11688,1635,1836,1665,26127,27862,1413,978,1507,1453,753,856,942,1036,1263,1245,1221,1808,902,920,802,838,1773,1702,1837,1272,1176,1292,1464,1510,2513,6879,781,751,4593,12553,796,823,2318,2002,19200,26763,1388,1084,1230,1032,689,751,1108,1072,3345,4269,857,1017,1136,2414,9063,1331,1308,1561,1771,1252,2530,1939,1788,985,1137,867,924,1051,760,1740,1344,1021,1210,3424,3413,688,740,683,663,1037,917,957,1725,4219,4355,1274,1296
bing_querylogs|config_id=687,1457,1500,1282,1257,1048,1330,1785,1310,1571,1437,2662,2027,4903,3297,1451,1698,1601,4742,3791,1647,2031,2103,1629,681,700,940,1059,1496,1587,1838,1646,860,956,1306,1289,1855,1795,2002,2352,1110,1068,1658,1679,2477,1914,1184,1034,4050,4554,858,968,1637,2900,3164,2685,1778,2001,1419,1405,739,742,995,1043,2023,4242,1227,1168,1287,2722,2880,1285,1172,2142,1861,1544,1249,1744,1619,1210,1240,879,863,1287,1345,1560,1598,1095,1240,2503,2652,738,796,993,1743,1478,1407,2268,1457,4412,3337,2013,1852
bing_querylogs|config_id=688,1078,1067,896,888,798,923,5831,1041,1189,886,2035,1658,9095,2118,857,1124,1309,5026,1511,1870,1174,979,1029,722,931,990,943,1069,1161,1629,1445,1132,1154,1017,860,1062,1054,128760,1299,948,1064,1094,991,1416,1435,840,790,5080,3418,884,866,1790,5731,1450,5719,1936,4545,957,996,639,609,995,991,1540,1983,811,755,695,1281,3153,1704,923,1452,1665,7427,3564,1274,1583,1497,1645,942,762,767,775,1124,1222,928,886,1800,1834,744,745,706,802,1063,1109,1031,7518,12332,6424,1475,1172
bing_querylogs|config_id=691,1584,1791,1312,1682,1485,1227,1579,2016,1582,1511,3547,3234,4129,5673,1917,1812,1728,3898,4064,2115,1805,2055,1813,862,852,1484,1143,1495,1803,1815,1673,1499,1264,1500,1533,2076,2032,2111,2600,1114,1235,1791,1599,3843,2246,1219,1289,5237,5379,936,1010,1562,2647,2693,2901,2657,1926,1582,1702,811,984,1249,1165,3525,4442,1740,1241,1485,1715,2270,1223,1279,2301,2493,1356,1926,2090,1931,1382,1419,1074,962,1445,1722,1551,1616,1219,1360,2947,2551,887,790,1115,1328,1551,1480,1464,2224,3400,2376,1635,1444
bing_querylogs|config_id=693,1422,1295,1104,2300,974,1740,1720,2009,1657,1574,1711,3084,5324,3595,1780,1739,1872,3788,2599,1109,2304,1703,1788,697,746,929,982,1634,1340,1403,1934,913,963,1116,1155,1964,2044,2555,1874,1045,1014,1259,1580,1834,2549,1011,1123,4254,3495,871,920,1722,2470,2406,1911,1759,1478,1754,1589,691,704,1085,1243,2234,1942,1108,1015,977,1623,3566,1617,1217,2220,1681,1443,1075,1774,2074,1363,1276,851,923,958,1272,1406,1788,1083,1153,2805,3358,673,665,1208,1000,1329,1558,1713,1742,2676,3248,1877,1832
bing_querylogs|config_id=699,1449,1475,1627,1231,1087,1675,1410,1404,1380,1538,2027,2316,2330,2526,1608,1371,1719,1996,10925,1119,1298,1384,1225,1253,1249,1115,1143,1928,1829,1783,2372,1355,1762,1386,1427,1590,1607,2402,2252,1449,1409,1696,1620,1443,1396,1318,1302,8832,4413,1214,1244,5741,2388,1431,1419,1454,1636,1528,1595,829,830,1406,1414,2231,2011,1159,1177,1178,1025,1026,1116,1167,6472,3604,1423,1451,1504,1597,1602,1640,1187,1094,1210,1224,2063,1908,1525,1521,3465,5326,845,837,1031,1028,3453,1426,1314,1785,3637,4092,1653,1634
bing_querylogs|config_id=700,1159,1246,934,938,829,911,1807,1326,1427,1531,1573,1588,3456,4188,1728,1664,2026,3233,3295,1593,1694,1790,2232,642,705,960,1025,1382,1562,1853,1574,877,893,1496,1171,1485,1410,1192,2375,974,944,1163,1417,1786,2368,879,956,2800,4668,877,836,1088,1140,2771,2287,3391,1187,1457,1052,723,711,1184,1032,1889,1856,1063,1147,1060,1613,1166,1226,1314,1868,1711,1645,1681,2059,2106,1248,1141,876,886,1051,1194,1250,1477,1936,1238,2088,2503,767,732,1040,992,1204,1106,1586,1645,3026,2234,1284,1142
bing_querylogs|config_id=704,1721,1658,1288,1264,1396,1417,2298,1965,2038,2023,3096,4261,8515,10735,2060,2343,2215,3860,3844,1725,2103,2776,2380,959,1164,1855,1414,1878,1998,2022,2068,1227,1142,1600,1612,2197,2046,2088,1964,1106,1137,1683,1468,3387,2733,1166,1192,4294,5078,1030,1029,2609,3001,3574,3303,3773,2067,1754,1608,937,852,1382,1336,3055,4855,1329,1335,1232,1987,1725,1047,1573,2827,2976,2134,1766,2483,2058,1633,1529,1378,1296,1339,1462,1938,1728,1556,1089,2570,7017,751,718,1006,1285,1883,1405,2096,3125,5571,3104,1918,1987
bing_querylogs|config_id=710,1505,1650,1365,1398,1208,1049,1621,1317,1567,1602,3001,3510,3183,4605,2135,1820,1630,3320,3848,1224,1270,1822,2036,959,859,999,1325,1457,1742,1785,1985,1180,1243,1464,1544,2160,1806,2262,2261,1264,997,1473,1637,3118,2030,1340,1876,5400,3731,955,905,2770,2655,4470,1763,2458,1765,1619,1524,897,714,1238,1461,4847,4597,1312,1121,1232,1678,1352,1515,1182,3172,1961,1356,2040,2010,1983,1788,1289,1012,996,1276,1383,1415,1679,1475,1346,2116,2274,755,799,1056,1313,1589,1388,1372,2498,3511,3904,1535,1505
bing_querylogs|config_id=712,2081,1946,1586,1434,1237,1282,2142,1987,1680,2050,2520,5735,7879,6437,2180,1958,1959,5098,4173,1894,1454,2392,2537,1071,1061,1309,1382,2171,1961,2135,2188,1274,1342,1553,1692,2165,2264,1891,2361,1255,1283,1845,1809,4219,8938,1327,1535,5019,8194,1143,1248,2193,2325,4712,4193,1797,4945,1692,1824,953,871,1735,1533,3296,4500,1581,1456,1504,1359,2946,1479,1777,2605,2636,2312,2483,2147,1883,1665,1730,1278,1239,1459,1549,1788,2058,1378,1334,2522,2316,956,869,1609,1120,1828,1595,1891,2161,5230,5463,1930,2064
bing_querylogs|config_id=713,1485,1690,1672,1375,1144,1205,1334,2217,1515,1514,3990,3160,3084,3691,1738,1790,1948,3655,4786,1733,1718,1860,2024,866,1145,1041,1300,1336,1477,1834,1880,1457,1225,1444,1533,1775,2075,3118,2014,1150,1007,1660,1622,2389,2500,1387,1418,5267,4585,1098,950,2770,3106,2941,3398,2405,1329,1643,1700,762,826,1219,1236,4719,4249,1310,1383,1460,1537,2257,1284,1511,2624,2521,2285,2109,1810,1856,1458,1460,974,1055,1263,1399,1974,2045,1367,1246,3550,6936,825,834,1067,1531,1453,1750,2127,2749,4846,2637,1497,1597
bing_querylogs|config_id=716,2049,1790,1412,1399,1486,1514,1667,1670,2590,2359,1714,2299,2964,2655,2328,2652,2655,2222,2312,1608,1898,1339,1339,1151,1085,1581,1770,2043,2094,1452,1463,1469,1526,2137,1568,1771,2394,3355,2256,1382,1655,1852,2216,2511,2076,1393,1307,1904,2328,1110,1110,2014,2543,1542,2010,1631,1440,1072,1089,800,1434,1081,1081,1836,1893,1265,1081,1213,1129,1336,2004,1818,2056,2110,1943,1548,1653,1633,1414,1551,1167,1321,1313,1216,2377,2250,1865,1865,2311,2386,1161,1164,958,1453,2023,2015,1351,1675,2282,1543,1085,2121
bing_querylogs|config_id=720,1476,1462,549,622,582,588,1790,1271,1054,987,1167,1185,3345,3337,1362,1396,1341,4521,6517,651,654,1063,1092,657,673,959,835,1130,886,926,1091,1010,1020,900,891,958,1006,1077,1386,914,945,899,923,2358,2113,633,630,1292,1285,670,868,739,743,2753,2830,958,989,843,820,568,556,1018,1114,1068,1065,767,676,741,705,705,2607,1290,1107,1064,784,780,879,917,998,998,818,809,880,880,1090,1095,791,788,5285,5342,622,606,578,573,842,825,580,588,1270,1079,968,934
bing_querylogs|config_id=725,1626,1948,1364,1275,1219,1170,1649,1840,1708,1491,4194,3477,4238,5222,1595,1601,2042,5137,3499,1665,1767,1770,1831,961,903,1218,1326,1442,1577,2085,2044,1369,1156,1466,1480,2161,1770,3988,3205,1135,1155,1834,1456,2178,2978,1211,1197,4947,3362,1054,918,2643,1765,4188,3986,3019,1517,1682,1524,817,789,1492,1236,2168,5060,1327,1084,1126,1366,2249,1377,1173,2241,2390,1401,1654,1769,2146,1562,1526,920,975,1389,1264,1552,1660,1489,1283,2758,2500,793,917,1097,1182,1641,1447,1460,1827,3561,5045,1303,1311
bing_querylogs|config_id=726,1109,1126,876,857,776,1069,1086,1001,1105,1176,1710,1728,5502,2629,1469,1387,1603,1554,1933,909,1044,1583,1655,834,908,1154,1229,1350,1401,1468,1373,1232,1258,1256,1259,5984,1253,1055,4783,1017,1006,1337,1172,1449,1439,898,881,3550,2924,785,784,1132,1207,1119,1170,1655,2967,1054,1100,697,691,909,895,2948,6207,993,861,914,1057,3010,878,839,4340,3734,1151,1329,1257,1189,1425,1489,843,817,993,874,1312,1398,992,1009,1777,1425,749,827,919,725,1121,1251,995,1046,8364,2780,1226,1105
bing_querylogs|config_id=729,1558,2074,1266,1466,1543,1433,1900,2012,1553,1738,3347,2876,7002,12751,1889,1962,2040,4007,3813,2326,1624,2375,2430,1067,1142,1183,1430,1974,1675,2200,2303,1246,1305,1485,1647,1945,1912,2078,1806,1528,1443,1724,1798,3873,3122,1415,1377,3821,4323,1045,982,1986,2410,6544,4588,2349,2288,1750,1714,820,984,1510,1596,3220,3660,1430,1327,1210,2718,2939,1378,1627,2276,2365,1938,1770,2530,2033,1483,1885,1339,1337,1501,1520,1576,2037,1365,1623,7275,2183,997,915,1289,1069,1792,1976,1746,1801,5301,3143,1834,1739
bing_querylogs|config_id=731,1776,1726,1623,1783,1504,1365,2498,1587,1675,1821,3650,3024,5628,4664,1678,1800,1758,4482,3336,1495,1346,2106,2064,1061,1118,1416,1248,1882,1764,2030,1935,1480,1462,1614,1733,1947,2248,4711,2181,1436,1506,1704,1783,2186,2373,1712,1378,4392,3500,1259,1172,2035,2384,5254,7127,3483,4191,1657,1456,1148,803,1518,1894,1997,3182,1440,1269,1500,2569,3109,1886,1496,3018,2091,1622,2467,2113,2164,1870,2509,1203,1158,1681,1528,1967,1951,1473,1318,2316,2409,1057,1131,1540,1274,1687,1530,1961,2410,3639,3487,1623,1438
bing_querylogs|config_id=734,1841,1733,1574,1602,2096,2817,1366,1693,1585,1590,2825,3851,5307,2666,1678,1761,1909,5521,2340,1304,1439,2033,1739,1245,1379,1334,1315,1776,2009,2006,1893,1806,1736,1768,1763,2064,2158,1757,1521,1440,1484,1891,1865,2097,2772,1283,1148,9582,5975,1404,1270,1865,2021,1721,1745,2124,4242,2010,1829,1005,1073,1491,3361,2988,2659,1671,1509,1293,2519,1266,1500,1512,2519,8205,1687,1688,1899,2202,1838,1652,1413,1416,1409,1513,2011,2110,1510,1562,2319,2060,1130,1041,1214,1598,1599,1796,1432,1540,9313,12789,1956,7670
bing_querylogs|config_id=736,1819,1846,2471,1498,1299,1404,1510,1583,2166,1858,2464,2129,2850,2663,2376,2691,2829,4725,2308,7548,7078,2030,2106,1064,1202,1878,1757,1905,2212,2420,1842,2101,2195,1795,1638,1973,2200,2632,5080,1491,1497,2150,1956,2533,2321,1425,1379,3440,3978,1040,1051,4279,3615,3728,3057,2561,3198,1869,1778,885,800,1418,1443,2847,2124,1482,1476,1522,2898,3187,3242,5250,2472,2259,2456,3107,2559,2375,2062,1703,1214,1379,1489,1422,2113,2057,1952,1923,2334,2869,1140,1046,1283,1236,1905,1817,2571,3332,3275,3551,1672,1959
bing_querylogs|config_id=737,1672,1664,1306,1342,1420,1543,1388,1400,1473,1483,1875,2065,1933,2048,1784,1736,1992,1929,1988,1322,1409,1535,1753,1120,1137,1527,1264,1790,1755,2208,1974,1788,1581,1674,1703,1769,1810,1379,1253,1349,1450,1719,1838,1783,1836,1343,1525,1995,3007,1315,1338,3275,1794,1537,1717,1491,1410,1529,1468,993,939,1483,1373,1963,1780,1594,1406,1660,1052,1053,1345,1310,1919,2276,1441,1425,1495,1486,1719,1711,1146,1212,1592,1512,2098,1971,1434,1482,1937,2021,1068,1006,1257,1309,1804,1735,1584,1345,2403,2014,1716,1785
bing_querylogs|config_id=738,1765,1425,1522,1463,1313,1407,1730,1211,1565,1554,3501,5406,4068,4178,1585,1896,1975,3483,4550,1589,1828,1702,1890,951,983,1249,1192,1591,1833,2011,1929,1146,1212,1496,1615,1663,2010,2249,2330,1174,1169,1637,1721,2092,2485,1153,1266,4304,2710,1057,1008,1727,2013,1908,3604,1581,2228,1370,1650,852,788,1170,1194,2282,2604,1421,1230,1800,1847,2693,1591,1463,2091,2420,1923,1800,1717,1628,1540,1675,1069,1117,1409,1543,1715,1911,1513,1094,2376,2788,804,822,1254,1445,1701,1692,1507,2875,2009,4477,1804,1454
bing_querylogs|config_id=740,1758,1761,1101,1087,1149,1190,1266,1464,1424,1499,1690,1555,1893,1818,1709,1397,1937,1921,1788,1770,1606,2085,1903,1200,1192,1246,1242,1766,1985,1779,1736,1517,1634,1415,1325,1426,1650,1211,1296,1361,1356,1879,1781,1945,1768,1378,1252,1876,1860,1232,1109,1301,1320,1344,1883,1458,2261,1441,1581,988,963,1117,1149,1743,1620,1171,1134,1304,1290,1185,1426,1633,1736,1874,1618,1724,1688,1647,1488,1497,1284,1330,1377,1266,1772,1750,1251,1356,1830,1623,1143,1046,1154,1190,1336,1391,1522,1444,1780,1725,1538,1284
bing_querylogs|config_id=741,1699,1617,1150,1027,1136,1287,1252,1887,1254,1591,1787,2235,4133,4363,1600,2160,1743,3929,4680,1452,1684,1883,2036,1031,975,1035,1159,2035,1792,1720,1741,1159,1210,1666,1506,2063,1924,1698,2235,1127,1880,1525,1608,2218,2100,1188,1171,3244,3502,1145,1048,1982,1681,4631,3467,1639,2662,1440,1551,946,910,1667,1190,2111,2127,1176,1733,1618,2077,1308,1188,1313,2692,2294,1651,2692,1940,2621,1653,1400,981,981,1561,1188,1704,1591,1181,1127,2543,2314,979,846,1004,981,1774,1544,1359,1951,1896,2624,1423,1761
bing_querylogs|config_id=742,1618,1741,2739,1284,1191,1376,1786,2005,1562,1357,3959,2602,4349,5819,1909,1793,1868,4435,2395,1784,1847,1992,1893,1098,896,1148,1113,1697,1853,1681,2016,1227,1332,1591,1481,1738,1911,5430,2096,1263,1266,1586,1593,1858,1715,1298,2443,2919,3935,999,948,1790,2485,6363,3112,1503,4065,1634,1532,895,809,1333,1217,2165,4290,1388,1169,1189,3856,4377,1778,1809,3067,3650,2398,2902,1882,1727,1737,1732,1211,1219,1375,1382,1744,1962,1087,1303,2572,2451,928,847,1223,1268,1597,1538,1705,1929,5124,3814,1603,1655
bing_querylogs|config_id=743,2400,2381,1282,1052,1444,1067,1883,1607,1562,1624,2334,2157,4152,5239,1837,1951,1644,2702,3223,1688,1623,1882,2618,1123,1054,1245,1283,1520,1678,1349,1997,1183,1214,1458,1468,1518,1753,1718,3027,1131,969,1637,1628,1954,2692,1547,914,2078,2367,869,1007,1212,1580,4043,2125,1746,3046,1602,1488,872,839,1072,1116,1882,1904,1236,1129,1253,1534,1635,1527,1004,2116,1867,1424,1552,1563,2051,1593,1455,1147,1002,1384,1296,1494,1490,1383,1236,2301,2253,806,741,895,988,2357,2264,1200,1383,3251,2529,1598,1258
bing_querylogs|config_id=744,1672,2189,1374,1370,1419,1263,1253,1737,1670,1707,1933,2000,5691,5334,1864,1671,1892,2792,5487,1680,1345,1718,2177,979,851,935,1203,1555,2713,1817,2145,1210,1385,2039,1605,1846,1836,4930,4097,1147,1131,1751,1606,1793,2481,1184,1288,2030,2209,1026,907,1625,1588,2662,4006,3438,1982,1494,1535,819,737,1092,1163,1628,2390,1250,1159,1536,3111,3293,1224,1615,2038,2421,1194,1620,1606,1747,1737,1460,980,1083,1474,1296,1686,1687,1012,1389,2650,2278,868,840,1132,942,1645,1475,1645,1516,2724,2443,1199,1437
bing_querylogs|config_id=745,1558,2018,1361,1225,1217,1323,1264,1509,1530,1570,1936,1877,5109,5870,2025,1744,2034,3756,3727,1119,1407,1835,1850,1068,1052,1151,962,1507,1748,1643,2394,1398,1356,1616,1490,1792,3261,1491,2808,1294,1354,1737,1438,1898,2563,1222,1206,2693,2469,889,912,1616,1522,2939,3877,5304,1803,1624,1681,797,951,1095,1302,3224,2083,1339,1644,1451,2200,1416,1214,1200,2658,2346,2906,1273,2221,2100,1427,1404,1105,972,1259,1371,1640,1607,1397,1288,7197,2764,757,953,1234,1381,1493,2178,1438,1470,2092,2348,1294,1606
bing_querylogs|config_id=746,1639,1605,1634,1361,1199,1381,1422,1479,1402,1695,3454,3100,5213,4940,1955,2199,1694,2536,4200,1767,1864,2183,1890,906,1057,1271,1354,1849,1643,2110,1976,1128,1388,1473,1719,1823,2052,4905,1939,1242,1301,1484,1441,2339,1812,1495,1603,4170,4107,1053,994,1549,3583,4353,2824,3142,1621,1561,1679,774,786,1224,1206,3691,3596,1487,1467,1289,2176,1876,1792,1160,2296,2120,1388,1697,1725,1943,1662,1637,1238,1037,1365,1450,1770,1610,1493,1716,8584,3794,777,798,1117,991,1545,1575,1859,1954,4845,4000,1518,1615
bing_querylogs|config_id=747,1709,1357,1320,1307,1049,1480,1654,1569,1549,1463,4453,3234,3739,4959,1567,1865,1946,3104,3316,1533,1320,1569,1757,950,943,1203,1139,1745,1500,1607,1677,1002,1012,1429,1282,1859,1742,2094,1714,1097,1109,1429,1707,2166,1725,1147,1173,3619,3090,920,1139,1623,2248,5258,2303,3717,3181,1461,1272,714,704,1033,1280,4540,4048,1283,1366,1232,1725,2349,1459,1263,2396,2087,1722,1840,1643,1780,1457,1370,1055,1021,1255,1294,1803,1752,940,1023,2051,8951,758,788,1291,1404,1457,1608,1723,2048,2156,2890,1264,1510
bing_querylogs|config_id=748,1624,1733,1545,1170,1220,1235,1156,1583,1824,1847,1926,1677,4801,5640,2006,1475,1902,4231,3447,1548,2151,2003,2107,1228,1023,1101,1235,1463,2582,1711,1710,1218,1233,1447,1471,1629,1862,1320,2839,1249,1164,1450,1514,2792,2480,1245,1094,3277,2211,962,958,1818,1789,2253,3634,1207,2587,1542,1601,793,901,1111,1121,1777,2282,1403,1356,1062,2279,1236,1418,1165,2005,1934,1418,3356,1689,1962,1571,1408,935,1053,1397,1355,1374,1597,1210,1384,1818,3027,765,823,1283,1036,1402,1647,1489,1441,2442,5631,1703,1584
bing_querylogs|config_id=750,1740,1942,2789,3067,1557,1444,1364,1340,3592,1848,2844,2720,2606,2830,3173,7958,10122,3918,3934,2522,2008,1718,2577,1143,1127,1530,1656,1949,1809,2086,3051,2038,2060,1651,1629,1813,2068,1767,3127,1493,1529,1925,2001,2719,2782,1583,1556,10811,12213,1081,1070,4547,5349,2455,4447,2504,2905,1871,2036,908,790,1342,1282,2699,2636,1316,1324,1526,2684,6719,7179,36082,6206,5760,2017,2901,2467,2491,1933,2036,1262,1214,1531,1370,2102,2013,1937,1841,3508,3471,1205,1096,1222,1371,1808,1345,2142,2463,10144,10821,1637,1675
bing_querylogs|config_id=752,1506,1515,1372,1205,1298,1534,1601,1943,1593,1563,1812,2673,4950,4419,1679,1802,1857,3901,5601,2124,1806,1891,1975,1101,947,1166,1285,1997,1811,1617,2034,1271,1493,1564,1614,1960,1761,1566,2413,1178,1180,1596,1602,3206,2201,1243,1248,3367,3786,1056,941,1600,1862,3531,2660,3166,3159,1641,1693,831,697,1142,1115,2599,5244,1335,1422,1337,2366,2191,1397,1702,1997,3067,1482,2574,1734,1612,1354,1386,1188,897,1323,1305,1481,1717,1234,1387,2518,4373,812,965,1045,1000,1771,1685,1864,1957,5007,3666,1145,1277
bing_querylogs|config_id=754,1557,1546,1622,1657,1270,1295,1206,1309,1378,1370,1998,1756,2488,2507,1746,1804,1770,2051,2426,1206,1199,1804,1795,1065,1059,1470,1458,1529,1484,1803,1859,1590,1529,1443,1446,1708,1790,1404,1476,1371,1374,1629,1618,2135,2216,1395,1350,2642,2414,1001,984,2874,3171,1745,1781,1832,1741,1560,1514,788,773,1114,1211,2510,2247,1373,1240,1330,3497,3400,33007,2658,2308,1936,1750,1883,1937,2032,1715,1581,1422,1121,1323,1252,1972,1843,1361,1377,2023,2322,1025,984,1170,1188,1474,1492,1686,1868,2249,2431,1471,1705
bing_querylogs|config_id=758,1712,1713,1831,1629,1218,1285,1218,1308,1737,112456,89567,2187,2836,2283,1724,1706,2130,2106,2413,1400,3131,2285,1870,1207,1222,1926,1974,1542,1654,1982,2025,2064,2094,1598,1506,2218,1950,2139,2174,1506,1522,2090,1969,2157,2176,1305,1436,2265,2918,1029,1017,2960,2468,1461,2721,2156,2357,1865,1709,790,819,1294,1343,2922,3380,1388,1481,1424,3934,34088,36632,35835,2237,2379,1722,1535,2309,2364,1712,1811,1116,1128,1484,1476,2123,1994,1640,1812,2497,2253,1095,1153,1143,1207,1634,1630,2599,2411,2593,3266,1608,1550
bing_querylogs|config_id=759,1831,1691,1972,1549,1144,1257,2170,1491,1617,1503,1808,2008,2247,2322,1915,2020,2789,2033,1884,3751,2665,1930,1830,1069,1068,1419,1533,1817,1873,1951,1992,1962,2044,1484,1504,1801,2267,1954,2241,1344,1301,1521,1727,2097,2074,1336,1255,2547,2832,933,1000,2668,2472,1830,3510,1988,2575,1629,1476,768,879,1236,1208,2387,2722,1342,1286,1324,2581,2722,4001,3091,1981,1976,2141,2083,2217,2186,1641,1656,1216,1116,1306,1281,2229,1683,1402,1622,3050,2811,1107,1006,1254,1277,1255,1244,2208,2665,2549,2589,1322,1456
bing_querylogs|config_id=760,1586,1826,1437,1270,1396,1524,1523,1432,1938,1751,2273,4288,4691,4826,2096,1845,1865,3903,3864,1977,1791,2165,1879,962,959,1325,1089,1625,1664,1927,1899,1122,1210,1610,1416,2022,1728,2799,1940,1193,1153,1427,1618,2012,2033,1263,1301,4350,3967,988,908,1874,2474,4325,2441,2110,2891,1420,1645,1109,873,1200,1152,2426,4707,1003,1542,1164,1706,1645,1441,1379,2700,2897,1330,1778,2015,2012,1598,1644,934,1019,1299,1303,1373,1718,1208,1378,7388,2574,793,842,1300,1565,1657,1487,1594,1943,2230,2385,1418,1605
bing_querylogs|config_id=761,1998,1724,2548,2104,1469,1531,1245,1659,1718,1364,3234,2113,3671,2778,1723,2398,3545,2838,2807,3301,3240,2280,2082,1013,1061,1612,1447,1582,1878,2110,1970,2021,2084,1626,1456,1780,2144,2857,2772,1273,1281,1817,1950,2570,2187,1398,1034,4204,2362,1003,1001,3312,3669,2957,2193,2285,2232,1740,1846,743,896,1236,1212,2258,2066,1217,1362,1432,3122,3128,8938,5656,3387,1992,2684,4211,2251,2175,1706,1721,1126,1395,1442,1250,1795,2181,1552,1456,2515,3444,1154,1133,1120,1204,1823,1680,2216,2512,2883,2804,1753,1989
bing_querylogs|config_id=762,1582,1598,1442,2359,1113,1262,1070,1294,1326,1743,1890,1667,2609,2197,1620,2199,1528,2109,2061,4032,1323,2020,1835,965,970,1664,1591,1399,1722,1707,1834,1866,1938,1341,1377,1678,1767,2291,1507,1174,1188,1752,1860,2312,2074,1348,1332,2440,3103,948,916,2859,3298,2535,2308,1507,1768,1533,1325,706,704,1160,1149,2286,2163,1299,1218,1343,3230,3280,3712,3923,2124,2112,2636,2449,2230,2066,1485,1492,1089,1120,1257,1212,1648,1899,1391,1404,3317,1922,1066,1017,1068,1035,1517,1561,2888,2536,2690,3145,1740,1514
bing_querylogs|config_id=763,1790,1649,1500,1295,1119,1457,1241,1496,1993,1646,3416,2768,6336,4583,1788,2347,1708,3297,2022,1126,2068,1846,1754,990,997,1306,1224,1698,1353,1779,1419,1116,1310,1515,1532,1715,1962,2275,2888,1234,1157,1577,1507,2433,3133,1128,1344,4710,4297,998,967,2159,2163,2565,2239,1345,1985,1447,1636,831,756,1168,1331,1959,4857,1315,1315,1360,3226,2228,1552,942,1879,2827,1727,1698,1755,2058,1527,1660,914,996,1361,1304,1643,2082,1174,1111,6019,2225,911,837,1032,1480,1499,1589,1895,2683,2691,2170,1327,1437
bing_querylogs|config_id=764,1835,1827,3080,1635,1541,1536,1186,1250,1856,1912,2376,2305,2578,2509,2450,2718,2181,2218,2990,3572,18963,1844,1839,1142,1103,1733,1653,1888,1927,2257,2400,2073,2380,1721,1634,2148,2414,1917,2813,1429,1458,1995,1911,2508,2552,1546,1606,3666,3705,1010,1005,4335,3659,2574,3117,2161,1949,1988,1629,769,765,1385,1386,2351,2398,1400,1373,1475,1375,2225,35635,20570,2223,2092,4235,2576,2320,2466,1762,1801,1179,1226,1454,1463,2002,2097,1564,1534,3140,18126,1201,1177,1230,1310,1465,1688,2049,3661,2671,3124,1852,1610
bing_querylogs|config_id=771,1702,1733,1113,1482,1465,1865,1386,1383,1791,1479,2776,3164,3577,6830,2091,1814,2060,2811,3487,1215,1864,2100,1961,1093,1032,1179,1426,1553,1826,1733,1546,1288,1190,1597,1613,1771,1751,3560,1923,1131,1138,1553,1547,2296,2475,1424,1397,4938,4254,1021,1104,1858,2760,4311,2253,4602,3724,1595,1589,801,810,1777,1254,3505,2738,1325,1333,1526,2689,2218,1786,1425,2248,2131,1448,1628,1933,2013,1342,1520,1004,982,1509,1265,2125,2067,1463,1326,5669,3519,790,841,1601,1066,1527,1605,1530,1795,4412,3912,1916,1376
bing_querylogs|config_id=772,1570,1537,1850,1569,1268,1271,1181,1150,2093,1574,2015,2566,2551,2573,2094,3687,2152,3673,3161,2400,3144,1926,2134,1083,1053,1568,1491,1646,1744,2387,1981,2015,2048,1377,1390,1785,1957,2909,3072,1366,1290,1834,1855,2329,2213,1290,1152,3271,3875,973,983,1780,1898,2544,34226,1890,1925,1653,1692,754,754,1207,1186,2221,2540,1288,1281,1398,3964,1377,1803,41001,2278,2315,1936,2768,1964,2082,1624,1617,1246,1279,1332,1319,1786,2132,1462,1759,2026,1955,1127,1049,1265,1324,2300,1695,2859,3748,3563,2788,1591,1473
bing_querylogs|config_id=783,1563,1453,1151,1078,930,906,1550,1463,2088,133328,132656,1683,2265,2680,2222,2211,2215,2117,2427,1474,1359,2029,2338,1174,1362,1780,1922,1969,2495,1970,1936,2001,2029,1640,1652,1720,1783,139165,1645,1324,1541,1866,1866,2531,2098,885,879,2049,1962,999,964,1878,1839,1917,1820,1765,1616,1355,1221,972,896,1294,1240,2015,2597,1672,1607,1663,1501,1120,1939,1999,2660,2269,1763,1724,2316,2291,2040,2022,1494,1516,1609,1426,2135,2150,1707,1863,2446,2549,886,883,1072,1118,1945,1577,1381,1506,2132,2047,1598,1898
bing_querylogs|config_id=787,1552,2132,1060,1100,1288,1303,1195,1440,1654,1613,2151,2986,4383,3566,2022,2025,2519,3547,4572,1223,1876,2236,2074,995,1016,1321,1221,1521,1827,1717,1761,1508,1222,1262,1225,1619,1748,2096,2802,1199,1130,1614,1604,2270,1906,1228,1096,3244,3496,999,891,1543,1340,3144,4568,1662,2207,1657,2253,798,783,1106,1268,1687,3524,1442,1490,1275,2329,4045,1807,1307,2337,2750,1990,17767,1521,1816,1431,1567,883,882,1339,1384,1468,1980,1353,1426,2204,5497,720,765,1067,1242,2235,1657,1668,1722,3022,2241,1101,1226
bing_querylogs|config_id=789,1259,1189,850,1158,846,963,1012,873,1408,1374,2403,3129,2091,2149,1613,1729,1668,1785,1758,939,1371,1774,1540,987,1046,1079,1281,1250,1364,1589,1442,1196,1201,1427,1350,1402,1603,1414,1538,998,919,1295,1407,1282,1631,1592,1212,2550,2115,1055,924,1942,2340,1767,1459,1053,1187,1321,1082,666,772,962,958,2216,1635,1063,1032,1037,951,1154,1097,1074,2371,2334,1481,1691,1305,1424,1345,1250,1034,874,1028,1023,1530,1571,992,954,1569,1765,756,782,718,777,1517,1247,1277,1447,2329,1842,1165,1062
bing_querylogs|config_id=790,1521,1559,2049,2472,1256,1373,1156,1158,1624,1611,2186,2535,2343,2678,2104,2104,2251,1986,1840,1883,22201,1849,1629,1039,1126,1659,1478,1736,1671,1979,1978,2156,2089,1516,1594,1788,1909,1594,1875,1301,1246,1709,1774,2262,2612,1373,1420,2849,2665,961,988,18424,1879,2851,3661,1914,2349,1721,1474,790,940,1166,1164,1933,1893,1259,1331,1324,2491,2529,2712,4700,2158,2284,2475,3534,2210,2185,1694,1579,1072,1073,1284,1242,2231,1664,1427,1519,2058,2049,1140,1028,1182,1511,1427,1471,3689,2714,2425,2526,1477,1800
bing_querylogs|config_id=793,2034,2017,2120,2201,1589,1597,2654,2586,1570,2226,2555,2494,2903,3026,3111,3050,2659,3682,2937,4705,2238,2648,2266,1247,1286,1737,1629,1710,2205,2950,2480,2405,2312,1872,1786,2774,2340,3471,2755,1496,1899,1660,1761,3149,3006,1577,1588,3093,3219,1158,1129,3974,3917,2914,3185,2087,3287,1858,1829,901,854,2159,1568,2772,2827,1335,1378,1501,3982,4236,6389,3016,3459,3302,2743,68030,2885,2547,1962,2255,1321,1303,1431,1470,2150,2139,1808,1966,3292,2936,1281,1158,1433,1335,2020,1851,2651,2660,3385,3352,3192,3052
bing_querylogs|config_id=802,1261,1221,930,914,886,972,1075,994,1561,1236,3220,2612,2199,2490,1639,1534,1629,1943,1812,920,974,1385,1772,978,961,1117,1152,1170,1482,1458,1351,1196,1169,1289,1051,1348,1476,1179,1285,948,967,1325,1374,1621,1663,1262,951,1424,1646,917,896,1787,2967,1767,1537,1418,1396,1026,968,657,757,946,856,1369,1519,1078,975,1214,979,1010,926,962,1978,2050,1316,1288,1219,1432,1354,1659,835,896,1082,1051,1528,1659,1170,962,1771,1897,710,711,703,708,1490,1334,1099,1277,2083,3162,1185,1122
bing_querylogs|config_id=806,1420,1400,1062,942,751,906,1688,1688,1349,1067,2026,1855,2205,2017,1547,1703,1623,2497,1995,1190,2264,1583,1558,866,923,1129,955,1225,1493,1719,2013,1134,1190,1194,1118,983,1695,1650,1992,1206,1152,1275,1123,1807,1874,1139,1171,2657,2824,995,995,1117,1129,66409,66485,2661,1088,1212,1398,722,656,903,949,2178,1419,1199,1159,1011,3266,1727,1558,1567,2190,1453,1246,1323,1410,1694,1251,1557,972,978,1091,1076,1246,1838,1010,1217,1628,2834,759,764,721,716,1150,1155,992,1204,2187,1976,1397,1327
bing_querylogs|config_id=810,2004,1631,3519,1606,1259,1264,1292,1292,1827,1830,1959,1970,2550,2522,1831,2235,1752,1860,2211,5750,3679,1777,1735,1059,1046,1469,1593,1562,1609,1853,1976,2044,2074,1357,1404,1880,1938,1538,1861,1471,1146,1943,1873,2348,2288,1398,1415,2950,2991,1118,1066,1708,2262,3093,1936,2039,3277,1752,1490,814,821,1326,1341,2272,2314,1199,1174,1226,3561,3026,35554,1460,2086,1991,2480,2489,2212,2151,1580,1632,1200,1214,1245,1187,1895,1959,1739,1765,2307,2111,1035,1016,1179,1111,1566,1310,3360,3179,2925,3034,1884,1702
bing_querylogs|config_id=811,1012,953,741,706,661,666,1166,881,1267,1207,1199,1087,1863,1375,1465,1384,1463,1422,1520,802,778,1133,1133,772,786,988,968,1109,1149,1245,1385,1153,1148,977,1106,1146,1218,923,1065,854,817,1045,1049,1364,1182,696,647,1487,1328,801,809,994,2496,1409,1348,1098,1065,794,782,670,664,783,828,1360,1525,869,831,890,1042,773,800,703,1774,2069,1421,2208,964,776,1491,1378,938,899,914,835,1661,1311,875,964,1592,1522,738,772,710,769,1372,1067,872,865,1194,1173,755,760
bing_querylogs|config_id=812,1541,1492,1541,1501,898,859,1352,1255,1430,1507,3162,4432,4569,5775,1728,1649,1589,2676,2574,1323,1262,1989,1758,1007,907,1169,1237,1298,1397,1309,1406,1237,1245,1219,1478,1979,1668,1859,1956,1147,1001,1590,1784,1819,1787,1258,1670,2638,3073,889,874,2909,2837,1649,1802,1207,1491,1240,963,801,700,1158,1191,2025,3258,1271,1171,1120,912,1001,1360,1488,2677,2661,2279,1545,1822,1405,1400,1280,1088,1108,992,1019,1553,1643,1149,994,2078,1892,791,794,881,806,1324,1565,1372,1481,2856,3836,1333,1362
bing_querylogs|config_id=819,1078,1467,1167,1232,911,756,1277,1449,1421,1477,3920,1531,2393,3915,1719,1630,1759,2714,2684,1104,1523,1594,1627,969,1070,1095,1126,1295,1325,1405,1346,1168,1335,1154,1412,1960,1974,1284,1616,1092,1047,1334,1382,2020,1814,837,804,5076,2896,786,793,1452,2383,2489,1982,1471,1209,980,1010,756,759,1178,1145,2866,2757,909,788,996,995,1031,924,1398,2181,2623,1288,1573,1775,1164,1309,1361,1090,947,1199,929,1589,1558,1132,1150,2379,2099,789,746,1114,939,1463,1488,1484,1265,4210,3414,1262,1179
bing_querylogs|config_id=820,1083,1574,927,848,686,766,12092,11145,1336,1346,1579,1201,1624,11153,1810,1554,1454,17811,16472,947,912,1574,1421,882,819,1012,1042,1058,1043,1328,1410,1191,1203,943,945,1163,1284,1287,1213,1293,1119,1558,1225,4865,2803,747,683,2269,1981,866,847,1815,2227,31001,32944,1624,2815,1192,964,694,709,1056,1139,1883,2072,832,983,828,8199,11862,1336,1175,2805,1926,2229,2139,1073,1481,1275,1276,953,1061,873,989,1213,1224,1095,1119,2808,2621,760,746,720,773,902,910,866,1120,1647,2564,1350,1309
bing_querylogs|config_id=821,1225,1260,922,930,841,925,1015,992,1427,1482,2777,1777,2066,4752,1831,1795,1639,1846,1933,1112,1100,1438,1570,1038,1082,1123,2251,1389,1422,1577,1533,1253,1237,1191,1189,1587,1553,3988,1385,970,973,1483,1611,2335,1813,1000,1812,1846,2048,912,993,2911,1339,1775,2113,1451,1630,1102,1069,740,759,1003,996,1813,9583,1077,1109,1069,1072,1091,892,843,9148,7600,1549,1491,1313,1341,1400,1312,847,988,1115,1064,1567,1574,1065,1032,1833,1918,769,796,810,734,1591,1401,1150,1190,12882,9950,1080,1088
bing_querylogs|config_id=824,1446,1621,1701,1603,1125,1118,1171,1068,1776,1628,1989,1818,2617,2372,1743,2081,2616,2464,2333,2155,2172,1600,2048,1145,1115,1425,1740,1753,1381,1881,1965,1909,2020,1338,1325,1636,1636,2057,1842,1180,1248,1701,1481,2140,2454,1584,1390,3037,3046,908,910,1927,2213,2998,1831,2246,1766,1536,1382,715,700,1144,1095,2418,2368,1279,1358,1146,3812,3773,33947,1541,2060,1805,2011,35140,2035,2214,1547,1573,1076,993,1278,1183,1841,1715,1448,1748,4470,3003,1088,1047,1030,1044,1474,1376,4057,3090,2550,1973,1329,1661
bing_querylogs|config_id=836,1514,1510,1271,1045,1222,1205,1218,1372,1059,1156,1690,1676,2255,1723,1664,1408,1676,2072,2824,1059,1269,1614,1847,1048,957,1001,1117,1550,1747,1588,1655,1180,1239,1318,1206,1522,1355,1145,1093,986,1022,1289,1245,1640,1622,1135,1205,1471,1347,916,923,1626,1318,2685,1359,1875,2657,1300,1367,669,791,990,977,1455,1807,1224,1217,1042,1112,1097,1186,1311,2157,2584,1430,1557,1683,1503,1645,1544,1046,993,993,1258,1835,1485,1274,1289,2205,2142,768,743,952,962,1166,1369,1216,1136,3569,4522,1225,1265
bing_querylogs|config_id=837,1835,1689,1771,1664,1263,1283,1076,1119,1256,1349,1916,1723,2357,3596,3484,1905,2912,2353,2439,3271,1649,1719,1619,1049,1060,1482,1589,1414,1446,1888,1822,1889,1899,1408,1224,1651,2024,2169,1938,1289,1228,1747,1777,2220,1943,1514,936,2818,3257,945,935,2233,1782,3098,3385,1626,2628,1618,1410,758,744,1156,1219,2356,2363,1206,1172,1318,3440,1772,1381,64642,1730,1732,2296,3048,2279,2249,1428,1451,1046,1027,1280,1342,1778,2011,1471,1376,2791,2646,1059,1033,1070,1116,1687,1327,2105,2308,3062,2659,1757,1495
bing_querylogs|config_id=841,2121,2140,1020,994,1003,1002,1823,1563,1617,1600,1949,1765,2839,2658,1352,1354,1397,7259,7144,1577,1541,1391,1494,840,916,997,983,2013,2055,1558,1425,1314,1450,1419,1437,1212,1370,5477,5752,1195,1180,1617,1685,4154,4320,965,907,2336,2599,933,953,1279,2420,2205,2123,1407,1467,1117,1117,830,819,972,969,1486,1615,786,769,814,2192,2187,2963,2914,1989,1820,4786,4904,1440,1371,1363,1544,1432,1491,1162,1102,1752,1755,1097,1097,2320,2307,766,717,648,711,1407,1319,1771,1833,2886,3138,1945,2084
bing_querylogs|config_id=845,2154,2084,1278,2006,963,1040,1556,1584,1523,1566,4173,2727,3067,3618,1639,1691,1638,6771,7259,1755,1562,1624,1587,1116,1070,1052,1173,1812,2044,1399,1312,1165,1286,1640,1562,1506,1531,5757,5921,1281,1302,1755,1800,3907,3811,1320,1546,4257,3493,1030,1180,1938,2433,2065,1972,1510,1537,1196,1228,808,794,1215,1096,1861,2365,943,992,895,2365,2347,2805,2863,1964,1881,4797,4762,1453,1568,1334,1211,979,801,1321,1327,1785,1782,968,1026,2211,2339,930,811,691,654,1488,1519,1870,2452,3694,4326,2008,2023
bing_querylogs|config_id=862,2325,2357,1043,1070,1013,1128,4777,2802,1436,1609,2706,2642,6461,5993,1714,1691,1874,9459,8777,1664,1751,1460,1412,948,1090,1213,1502,2205,2216,2572,1712,1346,1372,1818,1802,1347,3020,6588,6392,1757,1587,1788,1792,5195,5269,1260,1212,8085,16321,1004,1038,10161,4408,3991,4463,1801,1808,1288,1375,815,822,1087,1089,3076,2290,874,935,949,2497,2528,3011,3037,5643,7789,4949,4979,1507,1710,1380,1439,1098,1253,1318,1223,1934,1976,1336,1396,2811,2690,867,960,798,803,1623,1642,1944,2077,3191,15355,2197,2241
bing_querylogs|config_id=863,1215,1222,928,972,888,646,791,805,1559,1370,1577,1607,2108,2171,1475,1453,1669,2510,2086,982,839,1292,1421,986,1101,1087,1080,1246,1273,1210,1207,1206,1234,995,1265,1576,1387,1082,1051,933,892,1346,1205,1196,1461,716,1077,1646,1520,942,814,1212,1252,1740,3699,1331,1253,922,1032,665,753,885,949,1291,1625,961,915,933,901,919,817,854,1892,1777,1229,1258,1274,1063,1831,1451,885,845,1002,930,1432,1448,949,976,1716,1690,730,739,783,659,1004,1303,957,815,1405,2059,822,1243
bing_querylogs|config_id=870,2277,2315,1201,1056,1107,1388,1476,1519,1618,1618,1997,1967,2308,2148,1867,1913,1881,2062,1967,1529,1551,2001,2316,1071,1085,1649,1634,1633,1667,2161,2252,1873,1785,1442,1435,2135,2193,1437,1668,1467,1473,1760,1664,2550,2533,1445,1409,2014,2243,1133,1103,1994,1952,2075,2028,2082,30740,1926,1862,975,975,1359,1387,2200,1983,1259,1259,1323,1518,1544,1937,1862,2083,1797,2535,2530,1913,1657,1820,1809,1260,1266,1362,1265,2230,2269,1527,1541,2844,2505,1091,998,992,1003,1953,1842,1379,1363,2150,2198,1777,1661
bing_querylogs|config_id=871,1602,1678,1273,1340,854,798,1386,1319,1636,1455,3127,3286,3648,4589,1802,2922,1912,3074,3048,1457,1244,1964,2010,992,1004,1296,1906,1423,1583,1731,1722,1314,1332,1301,1316,1715,2096,1925,6582,1027,1327,1715,1708,5286,4712,1293,1263,4394,3111,1117,1129,2064,2333,1977,5457,1535,1558,1322,1353,712,742,1197,1202,2302,4663,1198,1066,1380,1011,985,1141,1237,2583,2686,1669,1802,1845,1854,1718,1661,1156,1082,1112,1272,1979,1992,1293,1335,2523,2551,791,793,858,893,1527,1629,1568,1589,2514,2983,1648,1329
bing_querylogs|config_id=872,1850,1754,1437,1445,1297,1330,1586,1247,1976,1524,2202,1978,3206,2533,1625,1876,1618,1850,2256,3326,1778,2015,2001,1304,1199,1677,1714,1792,1583,2164,2464,2087,2100,1463,1621,2102,2075,1845,1671,1415,1609,1915,1833,2234,2527,1572,1731,2528,3274,1070,1069,2848,2463,2717,4209,3543,1857,1660,1793,909,908,1331,1426,2209,2337,1405,1427,1376,2699,2817,1437,32245,2078,2461,1839,2662,2323,2295,1726,1774,1225,1230,1466,1406,2049,2308,1632,2022,2235,2128,1239,1081,1267,1285,1860,1669,3954,4404,2204,1857,1720,1689
bing_querylogs|config_id=873,1532,1521,1264,1213,1007,1005,3090,3005,1254,1261,2414,1918,12480,5645,1482,1513,1672,18148,1214,1506,1511,1468,1537,878,947,1079,1077,1753,1749,1913,2017,1434,1437,1400,1382,1500,1537,2963,3122,1393,1367,1671,1612,4486,3142,1012,937,3158,3238,933,933,1409,3324,17983,16831,7553,4747,1374,1160,677,677,1205,1215,2581,2623,914,918,968,4502,4707,1434,1444,4419,2237,2514,2882,1685,2228,1613,1662,1128,1155,898,827,1986,1669,1137,1156,29233,34344,832,712,898,928,1202,1142,1743,1862,13890,2433,1418,1306
bing_querylogs|config_id=874,2386,2344,1221,1059,1232,1101,2195,1592,1554,1416,2269,2146,1886,2183,1983,2079,2303,2236,2176,2072,1553,2209,2173,1096,1109,1533,1543,1720,1748,2247,2355,1811,1918,1850,1928,2293,2328,1945,1535,1446,1495,1766,2023,2308,2164,1489,1430,1959,2427,1099,1099,1953,1849,1761,1909,2101,2234,1961,2079,918,951,1386,1403,2224,2100,1369,1355,1400,1608,1555,1977,1913,2124,2111,2868,2667,1766,1768,1867,1883,1275,1302,1516,1520,1880,1791,1581,1582,2985,1967,1039,990,1088,1096,1874,1909,1286,1735,2345,2315,1791,1789
bing_querylogs|config_id=875,2347,2300,1243,1159,1103,1110,1470,1466,1456,1542,2200,2104,2485,2310,2077,1896,2129,1971,2290,1622,1490,2187,2044,1078,1075,1533,1513,1578,1648,2186,2181,1886,1878,1435,1421,2156,2293,1481,1700,1478,1487,1764,1658,2453,2422,1457,1402,2294,2169,1066,1187,2693,2090,2100,1939,2161,1766,1825,1705,966,979,1300,1352,2144,2064,1232,1253,1293,1553,1682,1969,1921,2245,2214,2842,2509,2093,2540,1754,1848,1182,1210,1273,1207,2175,2083,1418,1525,1841,2346,1044,983,985,1077,1793,1727,1529,1313,2300,2206,1673,1633
bing_querylogs|config_id=876,1370,1368,1079,1294,1104,1134,1200,1207,1279,1284,1728,1490,1473,1513,1496,1277,1341,1417,1825,1182,1194,1549,1549,943,951,1021,1042,1469,1394,1928,1761,1526,1515,1155,1148,1507,1532,1790,1332,1113,1136,1193,1235,1708,1422,1125,1044,1859,2089,1082,1150,1212,1878,1547,1385,1163,1383,1351,1282,894,744,1122,1286,1484,1375,1132,1144,1172,1025,944,1547,1144,1940,1777,1230,1242,1452,1501,1424,1480,1049,1022,1223,1167,1637,1654,1288,1282,1865,1506,1025,974,1141,1122,1379,1213,1056,1056,1803,1639,1562,1426
bing_querylogs|config_id=877,2444,2441,1179,1148,1098,1166,1454,1466,1636,1704,2326,1927,2080,2185,2243,2165,2254,2127,2434,2029,1548,2080,1896,1094,1106,1599,1614,1680,1628,2234,2242,1948,1866,1648,1641,1710,1936,1555,1475,1514,1460,1744,1671,2696,2249,1180,1419,2367,2306,1113,1106,1796,1643,1827,1945,1799,1775,1845,1787,983,977,1350,1370,2100,2137,1196,1218,1314,1431,1680,1951,1827,1933,2302,2550,2623,2277,2284,2059,1756,1262,1267,1510,1303,2172,2057,1511,1470,2633,2249,1118,966,996,1022,1924,1856,1267,1347,2159,2153,1641,1690
bing_querylogs|config_id=878,1253,1220,753,764,702,874,942,887,1312,1318,1358,1209,1311,1483,1485,1486,1452,1526,1667,828,825,1181,1184,798,826,1020,1026,1244,1285,1388,1351,1304,1305,1030,1023,1552,1366,890,883,881,988,1153,1363,1418,1412,709,660,1550,1494,778,891,1136,855,1188,1244,1379,1411,876,808,784,761,833,830,1378,1281,867,872,937,935,813,864,794,1954,1871,1414,1959,827,845,1237,1250,1416,880,937,871,1446,1360,959,924,1553,1711,769,720,792,801,1131,1102,973,913,1421,1359,814,956
bing_querylogs|config_id=879,1702,1736,1358,1269,1337,1514,1515,1689,1411,1333,3660,2630,2347,2834,1517,1492,1401,2524,2150,1258,1309,1665,1638,1127,1170,1332,1387,1518,1666,1981,2031,1399,1371,1612,1623,2081,1835,1316,1262,1339,1292,1534,1694,1441,1441,1403,1481,3031,3443,1223,1192,1335,3179,1423,1330,1494,1556,1580,1491,837,815,1551,1414,2690,3097,1323,1370,1347,1110,1105,1286,1444,2891,2069,1665,1390,1544,1563,1596,1614,1081,1076,1335,1414,2234,2094,1271,1316,1827,1933,945,963,1159,1044,1698,1494,1247,2431,3100,3479,1653,1665
bing_querylogs|config_id=880,1626,1649,3135,1757,1270,1191,1119,1134,1472,1478,1886,1663,2384,2106,2095,1807,2012,2659,1930,1716,3992,1754,1861,1058,1049,1484,1616,1961,1680,1888,1846,2059,1971,1470,1449,1738,1755,2150,1567,1293,1294,2728,1697,2281,2024,1194,1341,2645,3224,965,965,3696,2176,2469,4567,2220,1830,1572,1531,758,758,1117,1200,2238,1983,1277,1352,1346,2553,3569,1349,7423,1879,1821,2116,5215,2036,2168,1619,1905,1057,1104,1383,1291,1902,1962,1492,1520,2983,2502,1037,1005,1111,1089,1492,1392,3542,2759,2146,2128,1543,1483
bing_querylogs|config_id=883,2253,2410,1069,1249,1370,1061,1722,1484,1597,1576,2052,2186,2230,1896,2049,2465,2061,1899,2127,1588,1706,2031,1887,1055,1041,1532,1524,1661,1616,2143,2088,1833,1822,1838,1839,1953,1999,2203,1639,1449,1455,1611,1622,2402,2570,1480,1394,2304,2332,1074,1090,1765,1756,2300,2211,1944,1933,1909,1771,961,961,1352,1294,2065,2039,1227,1227,1278,1622,1684,1947,1699,2268,1797,2470,2276,1689,1791,1733,1844,1248,1252,1476,1376,2301,2209,1466,1449,3512,2412,1009,960,974,1065,1888,1828,1257,1304,2610,1901,1656,1670
bing_querylogs|config_id=891,1797,1833,1396,1446,1229,1408,1871,2093,2241,1858,5642,3124,13123,6862,2123,1908,1678,5414,4113,2076,1750,2134,2210,1334,946,1304,1465,1557,1770,2140,1813,1177,1232,1463,1509,1964,2130,1930,1895,1361,1295,1940,1663,3676,4344,1449,1041,4251,4484,984,1030,1756,2449,3201,5033,4288,4579,1703,1618,768,688,1381,2164,3728,4823,1516,1256,1351,1363,3097,1700,1299,2454,2484,2083,1816,2140,2202,1536,1969,1161,1255,1372,1680,1723,1842,1489,1453,2274,3223,781,872,1132,965,1527,1712,2138,2153,5305,2546,1880,1874
bing_querylogs|config_id=898,1360,1348,1154,1195,1564,1603,1239,1229,927,33500,1753,1641,1915,1982,1366,33419,33422,1280,1351,903,1065,1431,1416,866,872,1164,1006,1670,32912,1671,2183,1419,1523,1033,1067,33702,1451,33453,982,1226,1166,1370,1398,2174,1997,866,812,1890,1893,1147,1213,1403,1369,954,956,32419,1673,1202,1227,754,763,966,985,1685,33335,1149,1149,1194,1183,1234,1514,1146,2607,2481,1601,2440,1422,1576,1527,1398,1070,917,1062,964,1806,1336,959,972,1249,1776,1006,847,816,858,1895,1690,1246,1227,1753,1725,1657,1405
bing_querylogs|config_id=899,1150,974,1048,1350,873,974,1036,1079,1407,1338,1799,1871,1771,1850,1592,1682,1597,1596,2671,1042,1064,1631,1294,962,921,1005,1060,1452,1337,1198,1091,1059,1029,1055,1303,2007,1492,1103,1170,1212,920,1433,1245,1392,1342,706,727,2401,1625,842,977,3123,1215,1656,1652,1056,1593,931,1021,677,628,1484,879,1372,1309,984,1065,898,839,1013,1019,937,2087,2583,1268,1472,1222,1240,1553,1337,825,815,855,1005,1381,1397,1041,949,1857,1604,659,658,649,634,1122,1321,946,1730,1305,2741,1051,1125
bing_querylogs|config_id=900,1804,1522,1113,1137,1203,1206,1292,1271,1352,1392,1743,1651,1620,1735,1330,1430,1423,1621,1739,1230,1302,1323,1534,1209,1218,1273,1379,1559,1545,1936,1896,1442,1466,1589,1560,1776,1638,1084,1668,1309,1313,1362,1388,1432,1420,1177,1257,1781,1736,1187,1173,1633,1374,1323,1478,1496,1575,1362,1376,1032,1030,1238,1277,1940,1877,1204,1119,1416,1066,1078,1526,1528,2105,2119,1180,1515,1427,1473,1815,1816,1229,1112,1306,1234,2024,2022,1432,1330,1693,1703,985,1118,1256,1157,1516,1559,1033,1272,1951,1539,1500,1489
bing_querylogs|config_id=902,1021,989,1162,2025,1013,1518,1119,1063,1329,1438,3483,2837,2201,1644,1576,1524,1592,2113,2783,1629,966,1645,1469,977,975,1065,1037,1350,1321,1380,1384,1152,1169,1346,1053,1739,2478,1006,1229,1017,1399,1364,1294,1554,1480,705,741,3131,3442,916,919,3097,1428,1584,1794,1218,1350,1019,1218,744,778,954,973,1726,2316,990,924,1066,953,946,864,1083,2145,2502,1408,1494,1509,1271,1386,1493,854,1155,1093,976,1838,1354,978,1136,2136,1739,716,740,750,794,1329,1056,1151,1132,1260,1321,1151,1296
bing_querylogs|config_id=903,1617,1522,1163,1129,1373,1476,1103,1118,1403,1376,1814,1611,1981,1770,1392,1277,1348,1422,1618,1216,1274,1170,1164,1036,1125,1344,1416,1666,1566,1897,1680,1511,1390,1358,1388,1606,1640,1836,1363,1145,1141,1421,1376,1549,1524,1191,1191,1761,1978,1216,1216,1153,2846,1559,1516,1191,1059,1190,1209,917,911,1322,1515,1654,1807,1170,1246,1180,1057,1033,1064,1108,2072,1423,1282,1314,1458,1460,1690,1592,1213,1187,1130,1162,1545,1451,1402,1407,1572,1851,875,876,1021,1011,1522,1527,1244,1475,1407,1524,1572,1537
bing_querylogs|config_id=904,1873,1868,1156,1119,1296,1314,1199,1204,1316,1324,1607,1610,1980,1919,1259,1473,1431,1575,1614,1177,1143,1384,1384,1255,1218,1257,1362,1535,1592,1974,2102,1392,1457,1462,1331,1509,1536,1367,1385,1248,1244,1373,1300,1473,1546,1261,1254,1902,1784,1186,1269,1337,2955,1592,1460,1715,1444,1210,1285,849,841,1247,1207,1775,1696,1289,1289,1302,955,981,1132,1081,2093,2074,1155,969,1464,1415,1627,1631,1143,1168,1223,1218,1895,2026,1371,1337,1622,1686,1059,953,1210,1044,1456,1440,1109,1154,1602,1669,1595,1561
bing_querylogs|config_id=905,1842,1861,1117,1097,943,960,1178,1195,1306,1338,2185,1580,2040,1998,1359,1359,1417,1598,1722,1143,1164,1444,1471,1188,1203,1101,1186,1632,1564,1948,2086,1456,1418,1453,1431,1497,1536,1381,1476,1253,1236,1514,1379,1557,1538,1261,1234,1832,1930,1132,1136,1490,1295,1399,1287,1285,1356,1241,1252,874,831,1227,1222,1790,1677,1208,1228,1302,1000,1126,1018,954,1893,1914,1328,1132,1438,1462,1654,1574,1145,1128,1232,1215,2074,1756,1379,1342,1826,1781,1077,1076,1031,1203,1529,1222,1044,1280,1671,1697,1622,1619
bing_querylogs|config_id=906,1921,1936,1242,1198,1237,1396,1319,1300,1482,1364,1628,2166,1922,1764,1449,1451,1529,1706,1781,1202,1208,1413,1409,1225,1143,1432,1496,1580,1569,1731,1843,1493,1486,1453,1461,1641,1639,1624,1512,1348,1377,1470,1664,1609,1653,1249,1267,1816,1895,1278,1288,1357,2792,1198,1321,1369,1490,1275,1275,955,958,1504,1284,1772,1815,1387,1344,1386,1127,1327,1088,1165,1733,1922,1254,1265,1552,1462,1868,1752,1165,1191,1350,1300,1927,1978,1424,1436,1933,1810,1091,1188,1187,1314,1521,1525,1086,1574,1711,1635,1551,1519
bing_querylogs|config_id=907,1863,1875,1104,1178,973,1194,1192,1191,1371,1334,2052,1687,1835,1928,1384,1381,1359,1587,1725,1074,1121,1460,1445,1059,1081,1317,1352,1701,1461,1953,1744,1443,1478,1459,1477,1516,1571,1344,1584,1241,1251,1431,1335,1507,1478,1293,1261,1866,1985,1326,1150,1315,3225,1421,1396,1305,1423,1212,1227,853,857,1430,1229,1746,1738,1330,1106,1084,1012,960,1238,1080,1776,1815,1121,1298,1432,1331,1537,1549,1102,1094,1260,1322,2101,1854,1345,1311,1640,1647,1071,949,1108,1093,1579,1561,1223,1008,1633,1795,1705,1618
bing_querylogs|config_id=908,1758,1395,1107,1141,1167,1114,1163,1158,1519,1384,1700,1733,1581,1774,1327,1468,1322,1869,1702,1163,1179,1306,1329,1163,1225,1132,1223,1737,1676,1727,1939,1653,1571,1391,1382,1489,1510,1685,1493,1225,1318,1327,1540,1566,1495,1357,1287,1737,1688,1198,1122,2355,2800,1284,1156,1411,1547,1232,1286,800,799,1369,1162,1788,1829,1303,1304,1304,904,911,1152,1100,2155,2079,1315,1153,1282,1276,1385,1549,1152,1107,1318,1183,1707,1989,1420,1417,1751,1818,948,1109,1296,1083,1575,1539,1105,980,1934,2100,1513,1539
bing_querylogs|config_id=909,1124,920,837,812,829,816,1096,1240,1381,1346,1111,1110,2325,2351,1396,1546,1533,1538,2056,1301,1023,1182,1282,917,775,1256,1245,1173,1153,1344,1080,1062,1088,1044,1276,1287,1478,1039,992,898,801,1423,1211,1660,1071,653,814,1349,1467,817,906,1185,1210,1521,1785,1074,1167,861,1068,681,708,837,825,1164,1220,924,862,875,949,822,893,857,1480,1223,1226,1371,1059,1121,1288,1320,1008,771,980,1003,1294,1250,944,947,1585,1710,805,743,724,688,1359,1256,1016,1279,1273,2389,926,1038
bing_querylogs|config_id=910,1783,1834,1098,1116,1141,1074,1139,1099,1223,1281,1561,1681,1606,1529,1443,1358,1269,1428,1560,942,997,1181,1375,880,947,1251,1175,1348,1322,1760,1880,1419,1447,1356,1410,1373,1337,1573,2783,1125,1161,1208,1319,1448,1477,1191,1191,1816,1717,1180,1081,1445,1213,1284,1332,1542,1139,1078,1344,782,854,1177,1038,1392,1463,1360,1156,1211,911,867,937,996,1538,1902,1033,1187,1267,1239,1457,1409,997,1105,1380,1136,1853,1773,1287,1261,1697,1458,881,873,1032,1011,1172,1371,1026,923,1367,1383,1700,1578
bing_querylogs|config_id=912,1104,1081,1054,918,898,869,847,1075,1275,1410,2263,2431,1786,1993,1483,1564,1632,1803,1889,978,1098,1330,1557,1040,950,1055,1100,1153,1376,1456,1286,1186,1194,1189,1194,1815,2008,1505,1500,955,962,1383,1286,1452,1205,2098,2457,1384,1817,936,1028,1376,1825,2009,1695,1328,1231,1028,970,675,652,961,992,1221,1372,998,994,1135,948,1063,953,1049,1969,1706,1846,1443,1158,1346,1365,1295,856,1001,988,985,1434,1511,983,985,2235,1681,716,711,675,679,1114,1356,1222,1204,1339,3451,1052,1116
bing_querylogs|config_id=913,1579,1148,1089,1084,1166,1113,1205,1193,1306,1361,1537,1575,1779,1578,1320,1317,1323,1652,1877,34519,1126,1273,1388,947,1107,1252,1323,1524,1493,1701,1846,1446,1434,1325,1418,1596,1416,1300,1412,1212,1236,1372,1350,1466,1455,1268,1198,1565,1945,37133,37096,1960,1986,1287,1198,1325,1255,1215,1195,872,870,1408,1416,1809,1686,1218,1379,1166,953,931,33696,966,1623,1672,1255,982,1385,1376,1518,1371,1031,1130,1199,1149,2107,1770,1225,1429,1394,1470,930,998,1097,1094,1496,1353,1153,991,1389,1491,1674,1670
bing_querylogs|config_id=916,1370,1856,1124,1087,1115,1152,1173,1212,1273,112251,88921,1659,1819,1769,1391,1422,1426,1448,1520,1120,1099,1427,1347,1272,1249,1293,1261,1515,1681,2289,2000,1378,1456,1418,1312,1521,1504,1467,1962,1184,1211,1365,1420,1516,1483,1255,1261,1909,2032,1080,1300,1662,1500,1371,1398,1680,1279,1297,1172,860,865,1409,1218,1732,2270,1299,1212,1293,934,1105,1017,1064,2081,1917,1108,1098,1458,1477,1494,1506,1014,1073,1329,1172,2041,1765,1475,1347,1684,1764,975,974,1060,1061,1506,1512,1015,1052,1610,1666,1631,1660
bing_querylogs|config_id=917,1506,1754,1080,1105,1116,1194,1295,1733,1267,1279,1578,1531,1737,1821,1293,1253,1297,1489,1873,984,991,1212,1256,974,1061,1236,1313,1420,1444,1518,1620,1258,1268,1349,1351,1436,1359,1318,1357,1178,1183,1221,1154,1313,1344,1249,1277,1858,1842,1259,1122,1329,2571,1449,1510,1373,1256,1252,1252,795,820,1352,1367,1402,1518,1248,1146,1203,902,978,966,1017,1508,1399,1119,1129,1353,1426,1290,1476,1155,1009,1186,1257,1601,1994,1369,1302,1752,2282,902,889,1033,1028,1432,1426,1023,1109,1315,1542,1488,1516
bing_querylogs|config_id=918,1135,1138,798,836,829,724,859,849,1358,1257,3524,2942,2316,1775,1511,1538,1471,1656,2121,961,854,1420,1546,771,814,1249,1629,1099,1245,1290,1395,1045,1054,1255,1313,1391,2383,1139,936,830,882,1235,1304,1575,1296,681,666,1726,2836,894,881,1354,1779,1986,1600,1038,1113,1023,1108,643,638,855,836,2328,3824,972,868,1057,948,970,836,809,2695,3672,1227,1293,1167,1079,1463,1227,763,835,965,919,1289,1466,899,854,1634,1775,701,685,757,642,1323,1210,1098,1187,2712,1532,971,1108
bing_querylogs|config_id=919,2071,2161,1278,1281,1161,1393,1387,1474,1529,1476,1584,1644,1989,1424,1611,1620,1576,1813,1984,1317,1473,1418,1276,1276,1253,1278,1321,1618,1738,1980,2039,1593,1587,1647,1595,1791,1723,1769,1904,1485,1302,1578,1573,1638,1703,1411,1403,1939,1951,1330,1337,1497,1547,1489,1647,1606,1538,1412,1255,1002,1005,1456,1605,1824,1811,1406,1526,1439,1158,1102,1170,1226,1680,1815,1275,1400,1585,1581,1703,1824,1356,1373,1445,1422,2025,1998,1508,1536,2307,1852,1083,1223,1281,1281,1747,1589,1297,1383,1701,1663,1713,1789
bing_querylogs|config_id=920,1861,1863,1144,1111,1236,1173,1178,1178,1301,1301,1759,1717,1876,1810,1355,1375,1481,1553,1926,1103,1102,1349,1339,1180,1046,1131,1174,1479,1565,1863,1919,1715,1467,1442,1454,1518,1491,1273,1727,1192,1212,1392,1323,1568,1565,1284,1350,1828,1905,1136,1132,2077,1616,1191,1228,1309,1175,1270,1239,843,840,1247,1439,1619,1666,1473,1459,1446,1048,1221,1034,1094,1747,1712,1145,1196,1431,1449,1654,1572,1088,1049,1349,1238,1894,1884,1390,1355,1521,1774,913,940,1076,1068,1561,1523,1269,966,1541,1671,1480,1600
bing_querylogs|config_id=921,1712,1874,1237,1170,1236,1291,1597,1628,1753,1419,1727,1836,2106,2096,1372,1258,1254,1827,1794,1410,1528,1646,1679,1476,1385,1237,1312,1532,1826,2036,1782,1718,1663,1709,1609,1503,1629,1368,1648,1737,1620,1684,1760,1670,1805,1314,1361,1817,2367,1464,1464,2111,1642,1486,1755,1548,1859,1294,1283,1074,1008,1732,1570,1636,1828,1695,1490,1558,1947,2027,1666,1580,1825,1843,1399,1478,1576,1597,1738,1749,1390,1238,1682,1708,1955,1988,1801,1727,2681,2235,1017,1136,1403,1283,1902,1881,1514,1467,1478,1443,1690,1687
bing_querylogs|config_id=922,2560,2704,1763,1998,1937,1917,2503,1735,2159,1955,2432,2623,2218,2486,2130,2200,2471,2363,2412,2002,1976,2186,2148,1905,2001,2024,1889,2419,2281,2670,2547,2164,2505,2261,2051,2827,2104,1911,2750,1951,1942,2146,2114,2350,2117,2059,1938,2552,2493,1893,1832,2634,2995,1957,1948,2045,2101,1976,1873,1399,1382,2256,2157,2508,2517,2146,1981,1669,1757,1735,1709,1896,2757,2547,2088,2791,2071,2203,2631,2672,1860,2016,2133,2183,2849,2968,2207,1948,2953,2580,1795,1729,1472,1546,2163,2204,1794,1450,2539,2954,2174,2181
bing_querylogs|config_id=923,1590,1588,1139,1204,1171,1178,1196,1192,1317,1310,1780,2061,2023,1998,1376,1377,1465,1883,1713,1120,1092,1350,1441,1041,1048,1315,1385,1542,1507,2057,1880,1388,1443,1441,1475,1433,1541,1388,1075,1213,1211,1384,1325,1548,1481,1252,1250,1819,2319,1335,1140,1898,3018,1409,1601,1390,1626,1204,1195,857,911,1209,1213,1672,1782,1239,1202,1305,974,922,1040,1090,1779,1916,1218,1229,1453,1359,1508,1536,1090,1086,1224,1207,1791,1989,1312,1375,1587,1849,1077,1106,1084,1076,1529,1525,1216,1062,1716,1630,1682,1672
bing_querylogs|config_id=924,1864,1437,1157,1151,1169,1035,1178,1236,1329,1328,1753,1652,2205,1851,1585,1331,1478,1435,1873,1080,1113,1458,1458,1048,1056,1317,1341,1544,1774,1813,2003,1416,1593,1405,1410,1606,1418,1352,1314,1300,1270,1565,1312,1519,1520,1263,1257,1883,1829,1258,1277,1550,1274,1512,1672,1547,1608,1220,1235,897,895,1210,1265,1680,1769,1286,1197,1096,951,916,1014,1131,1976,2096,1237,1157,1464,1335,1536,1587,1138,1178,1204,1187,2177,2096,1433,1379,1764,1556,1057,949,1103,1120,1535,1555,1180,1204,1636,1820,1707,1516
bing_querylogs|config_id=926,1845,1456,1316,1123,908,1165,1123,1139,1303,1261,1426,1369,1661,1553,1281,1370,1379,1369,1530,1000,947,1137,1213,1010,1192,1350,1118,1536,1674,1654,1521,1257,1298,1389,1482,1394,1407,1246,2032,1043,1118,1289,1344,1527,1410,1298,1329,1790,1693,1186,1313,1335,1427,1782,1120,1411,1207,1162,1152,915,843,1318,1194,1376,1544,1417,1173,1192,983,1048,1245,1121,1366,1450,1159,1526,1297,1466,1662,1739,1106,1182,1197,1195,2007,2183,1272,1285,1440,1590,857,916,1412,995,1469,1463,1134,1050,1340,1426,1553,1593
bing_querylogs|config_id=927,1239,1077,892,1013,800,983,1019,965,1378,1339,1924,2163,1825,2189,1556,1542,1653,2095,2046,927,1060,1602,1408,840,873,1126,1191,1374,1337,1499,1257,1173,1191,1086,1115,1520,1533,2358,1865,925,967,1481,1274,1412,1467,1123,942,3161,3044,916,848,1490,2391,3511,1804,1201,1208,1153,1127,681,623,925,921,2874,2207,1077,1029,1140,1056,940,895,1330,2280,2078,1416,1380,1302,1174,1392,1428,1054,871,1034,1118,1442,1496,985,962,1759,1891,772,764,691,652,1168,1398,1228,2312,1541,3229,1066,1112
bing_querylogs|config_id=928,1596,1864,1143,1133,1124,1175,1194,1183,1306,1317,1621,1809,1891,2046,1572,1403,1354,1598,1846,1076,1167,1477,1364,1196,1061,1124,1151,1555,1578,1819,1732,1697,1422,1465,1552,1525,1487,1123,1407,1218,1193,1344,1455,1522,1512,1358,1311,1844,1928,1189,1233,1606,1877,1203,1284,1352,1327,1245,1260,796,867,1428,1248,1709,1770,1374,1461,1231,1048,1000,1108,1055,2100,2151,1549,1258,1561,1397,1762,1559,1076,1120,1197,1245,2105,1953,1343,1368,1741,1564,959,1110,1032,1082,1190,1569,1008,1569,1670,1610,1609,1629
bing_querylogs|config_id=929,1720,1338,1036,1008,922,1028,1335,1143,1248,1246,1570,1606,1721,1864,1505,1300,1291,1535,1610,1094,1065,1247,1247,1126,1033,1258,1091,1537,1665,1914,1744,1278,1452,1412,1408,1298,1376,1023,1491,1157,1167,1329,1286,1368,1510,1186,1186,1702,1901,1188,1165,2367,1437,1776,1358,1253,1204,1103,1068,766,766,1182,1374,1692,1430,1197,1379,1311,932,940,996,1061,1462,1476,1004,1423,1402,1441,1327,1299,1053,1034,1300,1196,1598,1772,1337,1311,1574,1532,931,931,985,982,1426,1453,965,1604,1485,1447,1462,1488
bing_querylogs|config_id=930,1689,1246,1093,1073,1144,1132,1127,1181,1373,1457,1804,1452,1714,1632,1295,1295,1352,1350,1823,1148,1088,1176,1274,1033,1041,1127,1370,1446,1596,1595,1895,1184,1803,1563,1374,1564,1334,1249,1270,1253,1227,1466,1339,1438,1400,1264,1262,1608,2023,1147,1143,1385,1575,1406,1187,1347,1452,1207,1098,800,836,1420,1120,1654,1511,1232,1232,1211,1024,890,965,953,1819,1814,1127,1048,1394,1402,1562,1367,1083,1165,1137,1188,1845,1897,1321,1269,1595,1615,1114,889,952,988,1445,1439,1146,1098,2251,1467,1682,1609
bing_querylogs|config_id=931,1848,1911,1153,1160,1123,1166,1186,1217,1262,1321,1780,1714,1828,2203,1397,1349,1362,1643,1704,1070,1120,1341,1366,1147,1131,1304,1333,1631,1406,1776,1793,1615,1593,1423,1344,1454,1404,1639,1450,1237,1198,1285,1489,1495,1442,1250,1250,2021,1997,1098,1141,1732,2348,1493,1584,1291,1549,1236,1188,858,871,1402,1404,1851,1759,1258,1196,1426,952,942,1067,1069,1709,1857,1117,1897,1501,1632,1523,1514,1056,1086,1220,1301,2033,2042,1321,1302,1778,1725,1091,1035,1081,1080,1242,1524,984,1055,1662,1616,1675,1717
bing_querylogs|config_id=932,1884,1596,1131,1150,1010,998,1292,1164,1316,1325,1606,1751,1767,1845,1384,1402,1477,1431,1896,1176,1166,1393,1353,1195,1207,1293,1347,1593,1547,1747,1932,1460,1434,1452,1502,1496,1466,1071,1101,1246,1202,1700,1392,1555,1508,1278,1235,1895,1777,1192,1214,1510,1267,1526,1471,1378,1324,1253,1235,830,806,1440,1450,1680,1701,1300,1452,1271,929,928,1151,1156,2022,2212,1150,1092,1459,1467,1713,1598,1125,1128,1207,1211,1888,1950,1376,1320,1696,1647,982,982,1105,1037,1540,1523,1034,1033,1703,1787,1621,1608
bing_querylogs|config_id=933,2417,2395,1520,1704,1432,1443,1589,2122,1599,1510,1811,1668,2183,2045,1917,1860,2173,2059,2082,1641,1747,1731,1624,1334,1387,1373,1361,1945,2319,2323,2121,1518,1692,1787,2047,1646,1737,1601,1770,2108,1664,2023,1831,2028,1924,1473,1664,2609,2423,1486,1647,1987,1818,1671,1404,1862,1928,1672,1733,1018,1085,1886,1718,1912,2198,1459,1824,1456,1408,1466,1293,1938,2344,2102,1727,1653,2057,2081,2154,1911,1749,2065,1635,1418,2239,2358,1875,1864,2163,2104,1329,1272,1422,1379,1812,2117,1675,2233,2122,1972,2037,2224
bing_querylogs|config_id=935,1284,1356,1980,1396,1263,1328,2235,1606,945,953,1026,1434,1978,2646,1203,1535,1417,2687,3205,948,1140,1618,1440,649,899,862,942,1480,1554,1228,1512,917,950,1101,818,1370,1368,1022,943,797,1112,1178,1144,1531,1541,1075,903,2227,1159,970,923,1739,2035,1258,1565,2051,1893,1288,1198,586,632,938,936,3380,1624,1118,886,1129,922,894,1278,1110,1260,1763,1832,1424,1553,1404,1130,1327,903,1050,956,1028,1326,1264,1218,1121,1893,2261,748,769,850,621,1379,979,985,1117,3849,3402,1727,2122
bing_querylogs|config_id=938,1565,1544,1502,1709,1348,1391,1336,1193,1422,1708,1736,1735,2267,2403,2903,1849,2365,1873,2084,2675,1663,1819,1539,1023,981,1451,1732,1497,1371,1596,1520,2176,1841,1354,1329,1586,1647,1385,1412,1246,1232,1552,1984,2050,1888,1434,1350,2291,2125,947,936,1826,1593,1980,2801,1537,1639,1881,1452,838,748,1129,1139,2032,2049,1259,1263,1233,3615,2689,3240,2146,1749,1646,2204,1495,1944,1932,1326,1309,1028,1130,1266,1247,1768,1755,1423,1282,2372,1720,1025,997,1173,1199,1461,1426,2326,2396,2122,2190,1490,1352
bing_querylogs|config_id=943,2108,2030,904,1390,756,761,1685,1863,1415,1418,1639,1836,4168,4061,1901,1866,1946,9281,12426,1669,3024,1596,1381,1085,885,997,1259,1909,1875,1196,1243,1057,1076,1566,1554,1252,3436,7198,5863,2014,1337,2131,2025,3672,3559,962,1224,10393,2532,971,894,1488,2424,1886,1953,1436,1608,1385,1095,921,669,1235,885,2953,1919,793,781,791,2433,2410,2926,3048,2609,2134,4745,4793,2210,2367,1396,1212,990,1205,1109,1238,1412,1434,1126,1022,3261,2159,719,771,725,681,1661,1455,1763,1759,5507,11275,1812,1832
bing_querylogs|config_id=945,1287,1188,1113,1314,842,932,1092,1011,1384,1383,2468,2929,2467,1965,1503,1691,1549,1757,2022,835,1085,1529,1402,845,916,1160,1059,1201,1520,1196,1124,1180,1318,1470,1164,1455,1604,1033,1113,918,920,1451,1175,1498,1482,822,736,4379,1658,875,844,1581,1242,1527,1787,1113,1077,1037,1228,674,634,1322,944,2424,2292,1006,1007,1113,900,942,847,921,1955,1975,1377,1305,1479,1227,1701,1437,1022,823,1006,1012,1289,1492,1009,1041,1831,1849,766,775,852,962,1074,1472,1104,1488,1443,3410,1165,1151
bing_querylogs|config_id=948,1522,1515,1494,1694,1139,1139,1373,1255,1083,1126,3202,3128,2095,1882,1231,1348,1477,1828,2302,1006,1133,1654,1586,980,919,1067,1040,1512,1463,1484,1569,1182,1254,1058,1059,1342,1462,960,1075,1005,958,1242,1208,1668,1621,1142,2137,1319,1422,1054,1008,1158,1416,1535,1826,1706,1387,1334,1362,673,655,988,1063,1480,1631,1131,1130,1187,1098,1039,1392,1468,2912,2471,1483,1886,1583,1442,1753,1568,1090,1101,1135,1078,2151,1473,1271,1268,2085,2357,752,740,989,790,1227,1093,2022,1680,1763,4352,1191,1227
bing_querylogs|config_id=949,1871,1875,1069,1064,1256,1228,1191,1259,30723,1400,1719,2328,1675,1895,1536,1361,30484,1461,1513,1133,1207,1359,1343,1075,1285,1080,1123,1423,1613,3123,1845,1486,1428,1383,1378,1488,1506,1280,1286,30997,1123,1396,1351,1577,1518,1313,1299,1878,1709,1155,1176,1451,1453,1211,1182,1366,1509,1372,1291,924,820,1432,1409,1513,1491,1246,1243,1237,1123,1035,1013,1044,1801,1699,1188,1400,30220,1436,1645,1542,1133,1066,1183,1233,1947,2093,1240,1242,1697,1691,1086,952,1100,1090,29754,29811,1000,17341,1438,1634,1604,1473
bing_querylogs|config_id=951,1482,1788,1113,1161,1140,1292,1268,1202,1248,1315,1551,1632,1644,1543,1352,1359,1375,1473,1834,1027,1160,1421,1236,1196,1184,1057,1095,1540,1566,1827,1658,1576,1353,1497,1329,1489,1344,1357,1296,1191,1192,1330,1512,1429,1489,1253,1251,1817,1835,1103,1179,1751,1576,1474,1381,1325,1346,1224,1228,832,828,1168,1377,1565,1659,1203,1162,1200,1027,930,1026,1036,1753,1778,1110,1344,1362,1405,1560,1568,1086,1099,1153,1121,1621,1815,1349,1351,1815,1523,862,861,993,990,1446,1444,1151,1042,1520,1434,1610,1579
bing_querylogs|config_id=953,1852,1859,1076,1132,1137,1177,1194,1145,1364,1311,1607,1634,1814,1953,1355,1354,1349,1862,1719,1119,1108,1364,1415,1170,1253,1146,1129,1440,1657,1580,1512,1348,1676,1384,1313,1611,1614,1514,1273,1221,1187,1308,1288,1493,1542,1250,1248,1958,1569,1183,1242,2124,2862,1485,1410,1252,1409,1303,1256,819,822,1417,1433,1537,1682,1241,1227,1231,936,1136,1044,1080,2045,2108,1082,1284,1434,1455,1524,1634,1055,1146,1376,1247,1737,1782,1294,1301,1552,1648,942,942,1051,1010,1546,1520,1017,987,1461,1660,1502,1425
bing_querylogs|config_id=955,1215,1250,863,979,729,884,1083,976,1539,1385,2518,1365,2237,1477,1615,1613,1585,1698,1842,927,1074,1318,1375,1041,818,1313,1470,1137,1385,1390,1375,1266,1080,1127,1429,1527,1379,1194,1327,950,1029,1432,1465,1385,1307,800,641,1697,1711,989,725,2913,1663,1603,1988,1245,1218,993,1018,738,675,1022,969,1460,3722,1034,953,1207,1111,988,868,873,2555,1657,1261,2155,1268,1375,1384,1258,949,888,919,977,1510,1897,865,1063,1510,2760,893,887,723,843,1442,1331,1141,1133,3090,1555,1094,1183
bing_querylogs|config_id=957,1024,1163,907,876,782,1052,1094,1049,1512,1521,2912,2557,2467,2208,1553,1449,1450,1906,2123,1321,1002,1581,1364,876,806,1342,1021,1222,1436,1256,1226,1079,1072,1050,1072,1623,1496,1097,2877,963,910,1244,1386,1497,1421,736,1016,1211,1908,931,877,1759,1543,1711,1282,1320,1130,979,901,769,681,892,1106,2863,1289,1001,885,1006,922,1067,1244,1138,1412,1750,1343,1679,1257,1299,1300,2176,1092,1082,1047,882,1483,1988,1007,1163,1882,1628,720,767,1113,716,1268,1344,1117,1336,1383,1377,840,1199
bing_querylogs|config_id=958,1780,1614,1027,1021,1088,1104,1127,1135,1233,1173,1470,1470,1853,1866,1257,1251,1241,34616,1838,929,996,1344,1215,952,1113,1200,1283,1450,1426,1728,1686,1231,1595,1315,1394,1449,1393,1255,1269,1144,1171,1331,1305,1427,1419,1153,1205,1477,1555,1125,902,1208,2098,1055,1338,1361,1240,1171,1113,823,823,1319,1327,1738,1438,1184,1409,1252,874,976,989,958,1568,1574,1216,1810,1311,1297,1420,1551,1040,1047,1168,1307,1519,1772,1166,1315,1531,1513,943,943,1029,1026,1413,1410,984,971,1295,1538,1554,1468
bing_querylogs|config_id=959,1288,1476,927,1028,1226,1147,1112,1134,1209,1210,1629,1475,1706,1747,1266,1262,1282,1521,1630,1008,1031,1290,1281,928,947,1244,1314,1439,1470,1777,1779,1511,1515,1201,1270,1328,1328,1420,1343,1142,1117,1239,1208,1461,1397,1175,1187,1762,1659,1076,1033,1530,1635,1289,1232,1419,1289,1155,1255,768,790,1311,1312,1486,1500,1149,1161,1181,977,1010,916,1015,1591,1737,1037,1045,1342,1351,1453,1399,1001,1031,1269,1106,2059,1727,1243,1282,1603,1600,867,867,954,953,1353,1405,1101,1130,1778,1415,1606,1630
bing_querylogs|config_id=960,2186,2216,1578,1615,1795,1716,1927,1764,1500,1512,1969,1723,2456,2253,2007,1907,1723,2081,1990,1505,1474,1650,1693,1351,1404,1293,1378,1940,2316,2239,1990,1786,1940,1852,1963,1719,1740,2096,1949,1835,1805,1712,1751,1998,1918,1457,1661,2377,2178,1522,1561,1455,1812,1725,1574,2176,2010,1700,1622,1048,1058,1929,2008,1861,2058,1449,1605,1612,1374,1425,1282,1680,2776,2496,1521,1813,1933,2008,2153,1645,1639,1652,1658,1405,1964,1984,1863,1901,2486,2575,1343,1294,1448,1295,1815,2107,1892,2257,2342,1763,2179,2193
bing_querylogs|config_id=961,1142,1141,928,962,839,850,1276,1511,1417,1279,1570,1597,2309,1971,1619,1598,1494,1880,1818,1213,1139,1416,1466,991,1101,1458,1290,1290,1430,1469,1238,1434,1444,1252,1103,1696,1448,1795,1619,1121,988,1307,1317,1553,1562,1091,1059,1644,1699,975,990,1769,1678,1547,1543,1610,1501,1058,1098,784,813,1006,922,31331,1839,1090,1103,1218,950,964,985,1059,2128,2073,1773,1803,1163,1167,1364,1553,1143,1096,1026,1098,1822,1527,1063,1063,1823,1538,956,869,899,847,1040,1289,1222,1436,1482,1663,1047,1015
bing_querylogs|config_id=962,970,1016,808,1722,683,752,995,1105,1339,1341,3228,3020,2368,1836,1484,1461,1543,1631,2624,991,999,1349,1293,853,791,991,1015,1193,1512,1133,1136,1068,1029,1186,1303,1833,1739,2591,958,917,853,1224,1275,1235,1409,738,666,2712,1579,912,806,1753,2451,1706,1544,1201,1166,1082,885,617,699,1014,814,2193,2815,874,872,1108,1123,932,873,806,2184,3170,1178,1423,1236,1149,1370,1178,830,888,967,968,1270,1238,785,946,1753,1494,721,717,783,608,1401,1009,1194,1056,2739,1310,824,1120
bing_querylogs|config_id=964,1644,1571,1882,1258,1610,1185,1340,1370,1503,1401,2221,2555,4337,2938,1835,1735,1807,2775,2908,1304,1472,2251,1605,1133,1144,1334,1155,1587,1605,1897,1691,1722,1902,1183,1567,2166,2028,2430,1418,1600,1571,1333,2054,2010,2036,1434,1439,2141,2238,1167,1171,1744,1573,1578,1558,1677,1604,1927,1913,1060,938,1275,1322,2464,1992,1425,1510,1222,1305,1100,1819,1337,1624,1792,1630,1598,1974,1980,1706,1538,1602,1705,1454,1623,1708,1910,1393,1362,2381,2117,1050,1031,1487,1342,1334,2412,1269,1294,1767,2309,1840,1899
bing_querylogs|config_id=965,1461,1390,1203,1091,1255,1218,1301,1336,1556,1501,1814,1894,2547,2203,1820,1600,1661,2401,2150,1346,1283,2066,1649,1017,1024,1599,1154,1631,1781,1783,1661,1798,1743,1228,1324,2079,1987,2574,1931,1456,1319,1415,1330,1782,1761,1403,1325,2184,1976,1158,1169,1405,1588,1464,1592,1480,1551,1801,1752,865,873,1276,1197,2150,2077,1309,1452,1461,1358,1057,2075,1813,1540,1532,1815,1627,1640,1617,1608,1529,1561,1229,1429,1378,1861,1897,1324,1293,1950,1900,1039,1038,1164,1244,1527,1324,1370,1241,2057,2129,1659,1814
bing_querylogs|config_id=968,1712,1854,1907,1557,1629,1539,1408,1788,1733,1764,2900,2847,2734,2628,1786,1642,1539,2217,2527,1418,1545,1616,2073,1196,1072,1527,1355,1635,1633,2193,1882,1746,1862,1441,1406,2260,2434,2481,4614,1558,1370,1541,1682,1802,1996,1316,1524,3566,4085,1198,1212,2180,2501,1839,1601,1589,1628,1923,2369,944,941,1305,1482,2633,3828,1342,1577,1405,2740,1185,1998,1369,1723,2025,1676,1606,2085,1840,1706,1722,1487,1410,1560,1571,1890,1877,1364,1485,2651,2152,1105,1152,1232,1544,1590,1583,1381,1792,2422,3527,1881,1936
bing_querylogs|config_id=969,1599,1382,1642,1637,1359,1469,1394,1497,1621,1444,1820,1871,2700,3445,1621,1798,1765,2200,2586,1346,1610,1478,2020,947,1034,1308,1164,1548,1550,1823,1768,1741,1758,1243,1239,1915,2078,1480,1585,1543,1574,1433,1654,1620,1690,1374,1160,2702,2106,1188,1310,1706,1668,1454,1431,1613,1645,1807,1776,906,1055,1340,1416,2401,2253,1418,1167,1580,1271,1192,1266,2099,1864,1834,1473,1932,1822,1647,1786,1593,1406,1335,1449,1375,1699,1639,1443,1378,2306,2025,1081,1046,1174,1336,1313,1283,1266,1455,2061,2304,1626,1805
bing_querylogs|config_id=970,1931,1771,2114,1651,1595,1672,1576,1704,1768,1948,2167,2432,3553,3052,2202,1796,1865,2721,2598,2019,2021,1946,1757,1245,1207,1418,1694,2223,2179,2058,1922,2874,2579,1553,1571,2323,2452,2036,2122,1804,1806,1810,2026,2234,2281,1665,1708,3165,2943,1379,1599,1801,2003,1793,2169,2013,1940,2173,2198,1247,1080,1633,1468,2469,3040,1621,1400,1470,1310,1624,2404,1794,2101,1888,2022,2026,2048,2200,1858,1820,1712,1944,1668,1750,2003,1832,1591,1603,2550,2333,1250,1247,1546,1513,1699,1945,1626,1698,2392,2659,2142,2164
bing_querylogs|config_id=971,1557,1541,1317,1314,1218,1518,1371,1556,1422,1628,5014,2862,5896,4399,1687,1762,1992,3083,2850,1123,1559,1903,1903,1105,864,1313,1458,1560,1602,1847,1739,1206,1118,1560,1609,2025,2061,2834,2633,1145,1265,1547,1576,1712,2971,991,1156,3645,4013,929,1108,2159,2545,2719,3527,3982,4108,1675,1481,936,932,1178,1245,2314,3855,1403,1230,1522,2863,1540,1604,1453,2002,2760,1414,1792,1824,1963,1657,1244,994,992,1386,1342,1686,2017,1093,1438,5231,6160,777,755,1402,1077,1695,1628,1900,2145,2236,4879,1433,1611
bing_querylogs|config_id=972,1419,1432,1882,1807,1500,1080,1314,1316,1548,1566,1978,1959,2514,2536,1804,1716,1943,2304,2097,1326,1140,1902,1566,938,1065,1250,1118,1751,1554,1834,1837,1736,1809,1359,1383,1980,1838,1521,1770,1288,1285,1628,1539,1551,1877,1267,1260,2118,2387,1200,1259,1438,1388,1850,1402,1423,1472,1722,1651,798,799,1149,1151,1982,1799,1524,1363,1677,1168,1219,1476,1571,1371,1682,2510,1819,1670,1895,1435,1390,1330,1478,1643,1511,1579,1569,1352,1391,1756,1516,1042,1025,1362,1539,1439,1165,1179,1232,1847,2017,1719,1667
bing_querylogs|config_id=973,1420,1349,1346,1598,1085,1241,1186,1225,1488,1464,2151,1849,2883,2304,1730,1762,1761,2019,2574,1240,1299,1599,1521,858,916,981,1054,1334,1516,1501,1571,1569,1660,1179,1109,1799,1981,3174,3347,1253,1253,1390,1409,1617,1797,1335,1234,2500,1989,1305,1163,1550,2324,1320,1416,1450,1394,1557,2162,709,773,1195,1076,2629,1965,1137,1529,1062,1238,1031,1403,1168,1522,1959,2584,2425,1609,1506,1460,1440,959,1594,1095,1437,1557,1426,1234,1236,2311,2219,939,879,1076,1009,1162,1179,1295,1467,2067,1846,1584,1741
bing_querylogs|config_id=975,1582,1532,2548,1498,1296,1262,1661,1345,1476,1601,1946,2478,3153,2717,1718,1807,1871,2302,2572,1365,1475,2174,2103,1022,1029,1308,1176,1784,1948,1706,1790,1717,1694,1470,1239,1925,2304,1759,2579,1506,1394,1644,1583,1766,1802,1411,1490,3102,2544,1182,1168,3742,1916,1610,1911,1864,1762,1970,2011,928,928,1314,1311,3249,2160,1350,1215,1130,1494,1424,2096,1388,1803,1945,1716,3272,1905,1783,1786,1807,1407,1478,1369,1432,1899,1780,1328,1344,2153,1924,1041,1052,1167,1685,1526,1546,1437,1459,3510,2717,1876,1919
bing_querylogs|config_id=976,1560,1502,1772,1715,1463,1635,1364,1358,1450,1563,1863,2255,2974,2967,1577,1918,1454,2005,2570,1275,1371,1865,1814,1125,1102,1119,1175,1601,1672,1806,1464,1659,1922,1264,1244,2077,2144,2070,2262,1532,1558,1445,1579,1982,1738,1429,1392,3158,3109,1211,1299,1573,2234,1490,1663,1685,1622,2680,2011,882,869,1240,1470,2969,2330,1431,1353,1402,1375,1116,1236,2096,1754,1590,1516,1982,1976,1756,1704,1578,1254,1476,1577,1755,1684,1642,1358,1335,1825,2537,1025,1041,1245,1416,1398,1518,1330,1506,2176,2785,1783,1884
bing_querylogs|config_id=977,2385,2492,1371,1459,1285,1452,1787,1771,1786,2239,9150,5085,3241,3401,2796,4089,2345,2423,3409,1888,1463,2194,2177,1173,1276,1797,1785,2018,2037,2221,1893,2027,2047,1857,1858,2400,2453,1768,1657,1667,1594,1978,1775,7553,2830,1532,1622,6289,2547,1241,1268,2389,2774,2609,2248,2217,4524,2258,1998,926,1005,1416,1470,2460,7791,1678,1594,1611,1661,3204,2061,2017,7065,12388,3139,9866,1963,2197,2034,2113,1399,1309,1745,1614,2017,2539,1772,1733,2600,2913,998,1002,1230,1112,2404,2268,1636,1672,4091,11739,2098,1877
bing_querylogs|config_id=981,1627,1670,1300,2190,1286,1222,1402,1429,1571,1410,2439,2469,2527,2163,1493,1875,1560,2508,2143,1341,1471,1552,1702,976,954,1240,1062,1539,1694,1558,1428,1365,1328,1186,1143,1614,1574,1087,969,1038,1147,1559,1255,1622,1843,945,1208,1621,1593,922,1028,1451,1817,2647,2281,1752,1487,1569,1626,814,636,1121,1106,1617,2879,1148,1033,1328,1182,1462,1752,1247,2096,1974,1688,1909,1590,1683,1745,1806,1151,1081,1262,1144,1442,1974,1368,1250,2054,1984,921,811,1437,1204,1169,1238,1040,1093,2238,1944,1504,1455
bing_querylogs|config_id=983,1371,1560,874,941,795,876,1371,2299,1935,2063,2719,2485,4542,6503,1695,1849,1769,2897,3144,2127,1323,1807,1828,831,952,975,1012,1490,1288,1437,1202,1274,1298,33991,1137,1901,1840,2797,4050,1164,3101,1533,34845,1704,1729,884,1076,7618,3309,963,1133,8879,7163,1586,2063,1812,1458,1144,1235,662,626,1219,849,2500,2642,32947,1079,1189,1040,1306,1053,1108,2490,7198,2245,2139,33343,1555,1398,1523,1135,1149,1220,1322,1725,1372,1026,1001,1808,2018,750,2288,769,730,1512,1097,1302,1309,9839,35633,1391,1402
bing_querylogs|config_id=984,1307,1197,921,963,840,843,1159,1119,1593,1421,1697,2197,2871,1922,1641,1651,1644,1544,1954,929,1048,1487,1718,814,907,1242,1097,1358,1363,1374,1612,1189,1214,1361,1442,1484,1625,1635,1594,988,1006,1480,1394,1630,1469,755,745,1779,2503,921,985,2165,2295,3569,3239,1581,1167,1113,1094,805,762,931,1128,2159,1553,1040,990,968,922,1003,1044,888,2156,2013,1550,2151,1313,1309,1430,1815,1116,1146,1068,1003,1546,1830,893,1119,1493,3073,798,798,671,703,1193,1370,1240,1681,1968,2436,1019,1305
bing_querylogs|config_id=985,1265,1282,1535,1603,1287,1268,1215,1306,1508,1460,2057,1684,2250,1974,1226,1136,1475,2453,2149,1080,1246,1269,1772,897,982,1047,1039,1278,1495,1776,1715,1769,1653,1098,1105,1887,1716,1994,1610,1226,1630,1358,1492,1678,1674,1170,1164,2602,2090,1138,1157,1395,1366,1777,1424,1537,1455,1793,1682,728,724,1279,1155,2213,2047,1123,1132,1226,1140,1135,1631,1631,1757,1710,1552,1484,1723,1608,1337,1367,1043,1250,1381,1305,1569,1464,1166,1207,2414,2442,886,885,1261,1096,1049,1144,1268,1158,2094,2396,1566,1726
bing_querylogs|config_id=987,1482,1410,1613,1027,1035,1081,1188,1272,1404,1412,2334,1848,2722,2727,1585,1744,2245,2361,3343,1232,1136,2527,2648,904,915,1197,1229,1306,1445,1699,1603,1627,1885,1360,1110,1847,1824,1643,2910,1249,1241,1468,1465,1662,1899,1175,1293,1919,2486,1036,1131,1381,1390,1330,1214,1308,1578,1770,1610,732,726,1220,1224,18241,2231,1081,1241,1219,1049,943,1611,1716,1887,1804,1844,1470,1869,1698,1589,1506,1383,1522,1344,1332,1559,1540,1230,1197,1612,1925,905,896,1019,1275,1291,1525,1088,1173,1948,1746,1536,1713
bing_querylogs|config_id=988,1590,1236,1255,1604,1027,1011,1160,1269,1434,1433,1661,1619,2241,2088,1375,1645,1358,1745,2403,1311,1285,1517,1702,878,784,1146,989,1254,1295,1713,1634,1574,1639,990,1081,1593,1595,1619,2468,1104,1097,1403,1238,1594,1592,1006,1080,2316,5307,1144,1271,1344,1169,1634,1354,1306,1343,1475,1426,699,762,1063,1187,1963,2010,1239,1300,1051,1067,813,1342,1135,1874,1758,2693,1416,1516,1439,1382,1654,1004,1102,1134,1130,1475,1485,1262,1262,1964,2012,877,884,1084,1006,1097,1309,1103,1217,2112,2071,1479,1767
bing_querylogs|config_id=989,1442,1467,995,1339,1146,1215,1310,1195,1067,1391,1969,1769,2581,2601,1270,1303,1267,2648,2792,1395,1507,1977,2116,937,830,1344,1066,1936,1321,1454,1526,1398,1483,1220,1240,1744,1709,1550,2315,1459,1328,1494,1496,1676,1913,1172,1203,2333,2293,1231,1216,1525,1390,1391,1307,1373,1460,1760,1557,784,784,1224,1163,2074,1970,1162,1620,1654,1128,1161,2245,2012,1470,1497,1567,1631,1942,1664,1512,1496,1168,1428,1411,1327,1573,1490,1287,1326,1776,1695,991,959,1178,1032,1219,1222,1313,1278,2351,2179,1746,1676
bing_querylogs|config_id=990,1327,1349,1111,1465,1098,1010,1454,1202,1077,1063,1973,2611,2532,3234,1245,1324,1485,3062,2126,1045,1129,2236,1926,967,893,1152,972,1322,1126,1622,1745,1611,1794,1118,1120,1563,1721,1584,2610,1180,1172,1223,1820,1796,1678,1271,1313,2800,2723,1216,1020,1555,1603,1402,1414,1363,1353,1615,1578,703,699,1153,1150,1555,1488,1030,1153,1228,1097,985,1720,1693,1710,1505,1557,1815,1455,1793,1324,1412,1210,1258,1360,1276,1532,1456,1262,1158,1698,2045,892,863,1006,1001,1139,1224,1194,1250,1589,2051,1821,1488
bing_querylogs|config_id=991,1410,1455,1390,1363,1098,994,1232,1134,1055,1055,2087,1473,2828,2827,1580,1441,1208,2407,2210,1451,1272,1876,2156,901,982,1123,1207,1343,1609,1645,1518,1557,1563,1070,1066,1680,1590,1854,2298,1377,1161,1230,1795,1896,1855,1020,1283,2276,2188,1177,1047,1407,1330,1382,1425,1340,1525,1366,1556,879,754,1049,1201,1913,3158,1235,1371,1183,1100,970,1257,1338,2149,1621,1464,1800,1537,1738,1324,1292,1256,1255,1237,1031,1378,1471,1144,1148,1894,1858,874,885,989,1075,1169,1233,1142,1179,2262,2469,1546,1581
bing_querylogs|config_id=992,1090,1317,830,904,828,908,1200,1226,1454,1452,2790,2192,2983,2411,1909,1744,1597,2745,3071,1161,1181,1393,1629,1015,840,1092,1285,1307,1213,1138,1128,1277,1127,1082,1444,1906,2771,1637,1337,932,1062,1669,1372,1445,1553,933,814,2200,3150,769,767,1787,2539,2454,1736,1205,1294,1066,1000,723,702,1082,1031,3281,1745,997,780,1102,1676,968,1450,1363,1657,1403,1510,1967,1328,1196,1788,1111,1072,1056,1035,952,1367,1603,1112,1245,2353,1908,762,805,768,933,1424,1476,1479,1357,2409,4078,1181,1223
bing_querylogs|config_id=993,1482,1626,5204,2355,1444,1599,1279,1264,1166,1269,2965,2402,5937,4674,1980,1314,1732,2173,3256,1272,1458,2031,1482,983,898,1166,1234,1418,1437,1706,1839,1592,1598,1277,1295,1995,1937,6635,4937,1289,1309,1543,1493,1786,1923,1309,1308,7980,8507,1141,1203,3961,2005,1478,1522,1630,1598,1875,1640,732,888,1225,1397,3872,13506,1150,1253,1330,1171,1080,1850,1833,2514,2708,5911,2146,1677,1688,1489,1496,1117,1333,1425,1480,1614,1709,1234,1408,2292,2271,925,921,1184,1064,1567,1441,1325,1377,3996,2760,1852,1813
bing_querylogs|config_id=994,2043,1623,1703,1661,1276,1313,1749,1907,1382,1728,2317,1670,2953,5678,2240,1999,1925,2661,3011,1391,1508,2555,2509,1070,999,1104,1250,2134,1758,2271,1915,1697,1898,1461,1502,2344,2280,2812,2084,1350,1399,1714,1830,2018,2030,1425,1471,2835,2620,1218,1252,2150,2068,1900,1787,2188,1860,1770,2379,818,893,2093,2341,3933,2655,1450,1329,1682,1629,1494,1439,1162,2478,2678,2571,1973,2357,2291,1488,2210,1387,1366,1284,1408,2282,1945,1481,1285,2848,2291,1005,1030,1336,1238,1715,2015,1797,1971,2244,2746,2333,1938
bing_querylogs|config_id=995,1393,1243,1062,1627,1243,1013,1156,1253,1448,1404,1725,1606,3023,3004,1245,1499,1226,2438,2387,1628,1289,1603,1657,975,986,1280,1159,1272,1394,1301,1514,1945,1753,1122,1217,1959,1908,2439,2308,1232,1201,1285,1290,1673,1677,1085,1014,2126,1941,1061,946,1367,1536,1313,1305,1439,1421,1741,1701,850,988,1208,1143,1895,1786,1072,1124,1527,1320,1229,1725,1734,1926,1428,1414,1456,1524,1616,1493,1333,1035,1050,1269,1194,1612,1464,1343,1330,1446,2097,901,920,984,1101,1044,1378,1111,1083,1701,1933,1568,1595
bing_querylogs|config_id=996,1394,1637,2092,2200,1177,1599,1221,1257,1576,1582,2552,2415,2708,2944,1790,1737,1820,2349,2231,1306,1474,2243,2474,974,883,1067,1096,1463,1489,1639,1570,1714,1437,1403,1386,1931,1915,1699,2292,1339,1285,1508,1453,1846,1855,1241,1237,2745,2042,1232,1282,1640,1356,1426,1500,1427,1429,1829,1765,865,869,1414,1310,1857,2311,1490,1594,1401,1080,1107,1775,2050,1852,1880,1665,1447,1976,1816,1436,1508,1379,1666,1606,1485,1606,1682,1375,1382,1939,1982,1045,1087,1460,1309,1890,1572,1224,1258,1634,2559,1841,1836
bing_querylogs|config_id=997,1457,1491,1372,1134,1444,1238,1138,1334,1157,1252,1816,1816,2356,2216,1288,1362,1374,2286,2752,1477,1250,1605,1664,957,1025,1262,1122,1537,1382,1701,1601,1589,1807,1260,1240,1806,2019,1810,2176,1311,1421,1475,1665,1712,1627,1289,1398,2240,2234,1399,1147,1545,1577,1585,1573,1432,1434,1887,1747,1010,1021,1207,1172,2222,2154,1382,1275,1364,1091,1266,1312,2028,1587,1483,1621,1666,1700,1650,1701,1486,1368,1261,1399,1146,1493,1547,1209,1224,2184,2151,993,988,1126,1147,1487,1161,1342,1368,1924,2220,1777,1788
bing_querylogs|config_id=998,1254,1285,940,1636,1270,1078,1148,1305,1480,1474,1674,1530,7264,4827,1240,1576,1456,1783,3366,1202,953,1755,1321,881,891,940,1003,1457,1270,1570,1611,1662,1600,1126,1128,1655,1750,1896,1625,1244,1236,1527,1375,1486,1424,1099,1178,2166,2313,1099,1108,1506,1273,1383,1270,1408,1376,1657,1657,769,765,1219,1263,2073,1983,1236,1061,1023,1067,1176,1720,1138,1698,1603,1883,1351,1447,1733,1511,1286,1063,1036,1089,1256,1407,1478,1146,1256,1569,2263,932,1027,994,963,1152,1319,1090,1094,1683,1903,1566,1727
bing_querylogs|config_id=999,1203,1306,895,894,849,917,1006,982,1303,1408,2802,2471,2166,2031,1614,1653,1624,1957,2084,848,996,1640,1390,935,909,1154,1044,1237,1329,1139,1216,1173,1189,1121,1098,1926,1659,1148,982,1001,905,1226,1295,1620,1616,735,684,1955,3514,894,921,1645,1611,1371,1603,1121,1837,1031,1039,604,626,917,922,2082,2712,1005,987,1159,1013,1189,1364,1081,2287,2015,4091,1421,1270,1311,1365,1358,909,899,1037,1029,1161,1582,986,1035,1882,1937,756,772,708,836,960,1410,1076,1272,1527,3976,1108,1216
bing_querylogs|config_id=1000,1546,1488,1477,1366,1138,1172,1217,1251,1237,1533,1985,1551,3132,3225,1103,1566,1324,2009,2296,1038,1176,2206,1440,1251,1091,975,1070,1385,1427,1643,1573,1625,1818,1109,1104,1670,1845,1666,2546,1225,1216,1324,1264,1532,1877,1318,1308,2234,2195,1012,1134,1513,1412,1351,1358,1503,1515,1612,1813,749,765,1260,1226,2426,3118,1326,1234,1465,1152,1153,1978,2086,1862,1869,1732,1762,1615,1853,1410,1320,1292,1048,1127,1434,1555,1555,1235,1223,2184,1829,902,901,1284,1015,1359,1359,1161,1207,2159,2191,1745,1703
bing_querylogs|config_id=1001,1325,1245,2983,1139,1355,998,1095,1170,1434,1077,1536,1718,2232,1923,1528,1692,1465,2209,2106,1144,1128,1341,1365,970,743,1276,1011,1362,1327,1404,1421,1700,1653,1073,1075,1578,1599,1610,1301,1365,1188,1456,1202,1522,1629,1277,1273,1920,2020,968,964,1549,1565,1288,1291,1313,1271,1614,1571,707,709,1092,1103,1872,1924,1196,1225,995,1084,1014,1816,1752,1585,1244,2200,2609,1654,1468,1246,1176,1043,1284,1349,1365,1457,1427,1165,1278,2153,2562,875,878,1016,1198,1267,1256,1612,1094,1603,1994,1510,1488
bing_querylogs|config_id=1003,1702,1605,1728,1282,1410,1595,1446,1426,1856,1844,2725,2600,2502,3037,1876,1987,2020,2309,2600,1488,1666,1663,2069,1365,1112,1171,1307,1759,1801,1731,1858,2768,2629,1404,1405,2139,2330,2010,3029,1513,1673,1762,1719,2145,1805,1561,1541,2759,2575,1214,1309,1760,1709,1728,1724,1701,1542,2012,1954,916,903,1328,1469,2589,2575,1529,1284,1343,1418,1374,1629,2134,1938,2040,1721,2248,1892,2103,1665,1630,1355,1708,1707,1543,1999,1829,1400,1426,2146,2483,1109,1093,1289,1476,1557,1488,1534,1490,2311,2794,1891,1876
bing_querylogs|config_id=1004,1392,1263,1524,1015,1346,1024,1148,1380,1422,1455,1810,2124,3553,2309,1475,1359,1847,1919,2059,1088,1170,1976,1599,893,859,1121,1008,1470,1300,1695,1849,1617,1511,1110,1100,1703,1851,2015,1521,1151,1233,1361,1439,1689,1710,1289,1245,2443,2855,1022,998,1379,1452,1334,1309,1371,1423,1405,1293,901,723,1199,1206,2897,1968,1099,1206,1174,1025,1149,1483,1605,1671,1642,1779,1710,1590,1548,1502,1410,1189,1138,1313,1056,1321,1377,1195,1242,1828,2045,901,977,1010,987,1116,1303,1197,1221,1971,2015,1654,1540
bing_querylogs|config_id=1005,1440,1447,1729,1296,1305,1280,1406,1324,1521,1447,1846,1909,2299,2485,1672,1699,1865,2190,2660,1106,1461,1655,2123,1124,1056,1277,1340,1682,1625,1727,1629,1851,1980,1271,1251,1994,2131,1347,2890,1566,1532,1364,1484,1807,1606,1419,1361,2218,2128,1143,1235,1575,1582,1643,1525,1621,1622,2014,1841,874,902,1412,1354,2086,1974,1303,1206,1442,1312,1381,2214,1287,1957,1555,1587,1533,1575,1805,1657,1453,1255,1282,1422,1422,1568,1601,1345,1345,2373,2901,1049,1047,1201,1562,1392,1357,1265,1171,2190,2112,1739,1971
bing_querylogs|config_id=1006,1466,1478,1339,1132,692,857,1321,1429,1577,1753,2003,2466,4015,6565,1827,1986,1916,2725,2745,1119,1176,1759,1831,899,1123,1083,1593,1626,1534,1509,1354,1193,1207,1238,1111,1380,1389,2635,4806,977,981,1639,1624,5711,6770,1230,1218,2247,2007,1123,1130,1658,3014,3107,3058,1542,1425,1135,1250,682,734,1099,1082,2598,1844,1047,950,1044,935,1035,1042,1078,2030,2306,1936,1626,1905,1915,1401,1620,1059,1116,1041,1055,1440,1806,1233,1286,2190,2276,831,737,711,661,1656,1569,1416,1657,3709,1645,1601,1246
bing_querylogs|config_id=1008,1291,1202,1079,940,919,876,1056,968,1321,1427,4495,3099,2322,1945,1602,1596,1486,1821,2069,1027,926,1551,1421,1233,1095,1230,1081,1327,1353,1278,1229,1173,1199,1360,1113,1875,1607,1012,1126,921,1007,1407,1327,1556,1508,780,849,2826,2491,942,950,1511,1854,1597,1590,1051,1603,1043,879,644,722,906,959,2075,2780,1061,996,1147,961,864,1115,1215,1947,2066,1629,1737,1176,1272,1367,1370,932,1037,1015,1081,1393,1631,959,954,1539,1759,754,774,735,855,1398,1338,1334,1259,1284,3345,1239,1135
bing_querylogs|config_id=1009,1236,1547,831,808,832,785,1049,980,1257,1470,1642,2630,1963,2613,1450,1498,1452,2072,2160,1224,921,1676,1740,942,857,1216,1040,1265,1330,1406,1053,1060,1062,1019,1028,1513,1438,2604,1119,835,917,1373,1163,1876,1663,895,897,1458,1394,954,871,1282,2464,1842,1909,1307,1105,1009,957,614,587,1149,1689,1779,1421,1044,994,1030,974,966,850,1524,1362,1880,1468,1905,1331,1171,1517,1374,1108,752,985,1093,1493,1359,1023,1029,1770,1767,664,692,687,642,1070,1255,1125,1992,1623,1542,729,1109
bing_querylogs|config_id=1010,1223,1077,884,781,797,765,1128,1104,1271,1632,2712,3244,2161,2289,1665,1461,1531,2000,1866,947,1079,1581,1289,944,837,1257,1400,1392,1266,1326,1095,1076,1152,1062,1036,1553,1951,1021,1632,878,883,1184,1342,1549,1821,734,953,5161,1772,839,897,1626,2126,1778,1478,1762,1796,1012,1009,745,751,1140,1082,1854,1194,1116,851,1051,922,955,958,1147,1426,1645,1226,1471,1762,1298,1278,1310,1084,1007,974,1090,1505,1317,1092,968,1676,1648,731,909,714,690,1304,1134,1121,1243,2971,2116,1011,1083
bing_querylogs|config_id=1012,2268,2313,936,1065,986,1013,3025,5706,1756,1732,2968,2674,7583,5198,1806,1803,1880,7801,12354,1523,1579,1626,1764,885,928,1091,896,1995,2018,991,987,1213,1241,1584,1756,1465,1278,6731,5705,1619,1689,1750,1794,5424,4051,1342,1197,11233,15458,1604,1341,10711,2142,2109,2007,1688,1698,1171,1467,700,649,945,1316,5152,3360,898,897,1078,4674,2704,2786,2806,2787,5072,4713,4896,2095,2170,1340,1299,1094,1141,1251,1231,1632,1993,1016,1060,2722,3019,786,780,755,775,1492,1470,1763,1859,3708,11396,2269,2332
bing_querylogs|config_id=1021,2476,2519,1156,1184,1013,1065,1930,1660,1712,3988,2839,3317,6717,4755,1769,1868,1873,7499,8606,1667,1837,1287,2544,1085,990,1242,1177,2357,2361,1687,1574,1251,1278,1826,1806,1539,1559,6505,5909,1808,1860,2056,1679,5408,5115,1271,1242,12701,8366,925,911,2043,2810,3063,3180,2102,2224,1404,1540,866,791,1040,1049,2878,9109,1135,1103,1151,2386,4998,3035,2879,6838,9606,5093,5161,1971,1693,1570,1365,1136,1307,1550,1397,2263,2288,1425,1263,2739,2654,870,800,788,1175,1983,1886,1839,2081,11667,13463,2367,2395
bing_querylogs|config_id=1024,1531,1608,1192,994,1378,1119,1684,1344,1743,1599,2373,2113,4435,4353,1933,1770,1876,4243,4311,1533,1676,1720,2216,1028,939,1329,1126,1657,2169,1675,1642,1407,1298,1519,1721,1672,1447,2447,1540,1127,1464,1857,1831,3228,4288,1305,1603,3014,2909,970,917,1701,1554,4287,4751,1412,2282,1597,1246,886,709,1609,1247,2053,1899,1220,1451,1260,2236,2091,1758,1460,1932,2257,1809,1923,1779,1704,1598,1703,1249,1070,1346,1411,1223,1468,1464,1297,2968,3943,750,749,1491,1336,1720,1560,1749,1522,2128,4777,1505,1960
bing_querylogs|config_id=1025,1383,1561,1039,952,1020,1047,1579,1606,1171,1249,1626,1566,2536,1956,1496,1415,1623,1821,2070,1362,1400,1458,1523,959,977,1065,1010,1816,1688,1490,1432,1434,1476,1096,1164,1617,1375,1166,2021,1236,1172,1368,1341,1477,1351,1166,908,2046,1912,1004,942,1517,1215,1655,1542,2625,1687,1289,1281,754,772,1214,1157,1586,1660,1120,1152,1073,1187,1538,1320,1963,1746,1826,1976,1661,1414,1256,1483,1474,1095,1052,1198,1087,1337,1649,1168,1161,2080,2668,965,958,1033,1233,1270,1329,33679,1553,1465,1827,1662,1442
bing_querylogs|config_id=1026,2103,2184,1015,977,902,860,1686,1639,1463,1447,2013,2015,3415,3541,1472,1453,1589,7021,7599,1567,1640,1306,1405,939,937,1038,974,1883,2056,1140,1114,1384,1420,1606,1628,1175,1221,6395,6165,1489,1305,1589,1611,4998,5570,1186,1140,3140,3166,989,987,1566,1342,2313,3494,1542,1658,1225,1173,769,767,982,987,1523,1723,859,904,843,2413,2356,2952,3011,2126,2121,4912,4945,1391,1532,1294,1267,1042,1053,1270,1261,1579,1757,998,1156,2619,2726,858,859,726,692,1505,1462,1911,2913,3357,3482,2193,1990
bing_querylogs|config_id=1029,2159,2213,973,957,919,1011,6406,4386,1741,1596,9809,2706,3859,5456,1739,1549,1482,7881,8411,1508,1620,1426,1348,870,863,1031,868,2167,2054,997,1055,1203,1227,1591,1602,1313,1374,6610,5957,1590,1582,1698,1690,6355,6826,1335,1356,11876,9914,854,864,1865,1392,2438,2473,1690,1639,1161,1220,670,658,1005,1013,1357,1866,791,785,880,2346,2290,2770,2774,2797,2588,4587,4580,1615,1593,1690,1780,783,838,1269,1215,1399,1736,1040,1035,2877,3104,809,828,726,902,1568,1559,1784,1806,3167,17040,2480,2560
bing_querylogs|config_id=1037,858,872,815,886,656,654,860,880,1337,132308,132408,2147,2147,2483,1470,1521,1531,1426,2945,914,827,1253,1269,951,965,1054,1108,1567,1402,1266,1569,1253,1277,1217,1031,1563,1521,3103,7012,954,946,1133,1137,1414,2092,1017,701,1798,1866,832,969,6613,1320,1371,2717,1058,1535,1061,915,698,703,885,920,1648,1978,932,938,951,933,978,759,818,2019,1884,1281,1644,890,892,1533,1652,970,974,974,941,1400,1398,1167,1034,2686,2917,723,720,686,682,1067,1121,1161,1107,1523,1688,850,856
bing_querylogs|config_id=1054,880,1038,735,751,671,677,910,1014,1539,1373,1452,1518,1805,3651,1342,1330,1406,1810,2172,943,981,1285,1409,859,827,1154,1198,1333,1471,1252,1272,1287,1335,1227,1249,1502,1570,788,910,915,1015,1079,1069,1149,1501,737,766,1290,1347,753,753,3383,2653,1325,1324,1311,1280,926,939,729,730,882,840,1595,1427,949,930,976,688,688,792,1128,1986,2118,1339,1624,883,1406,1287,1488,795,912,952,923,1400,1350,1025,975,1312,1349,751,745,750,707,1047,1068,1104,1186,1559,1885,843,848
bing_querylogs|config_id=1055,1425,1392,1226,1180,1392,1528,1337,1683,1311,1209,1865,2063,2126,1862,1745,1450,1488,1637,1585,1259,1214,1668,2152,954,996,1157,1205,1621,1692,1683,1582,1641,1647,1261,1121,1636,1612,1048,1032,1320,1231,1423,1511,2265,1854,1163,1063,1299,1322,1100,1054,9557,1764,1721,1735,1253,1715,1307,1324,778,779,1139,1133,1792,1756,1484,1025,1071,1081,842,2030,3106,2054,2224,1508,3664,1829,1682,1525,1477,1530,1126,1039,1203,1535,1597,1097,1197,1747,2085,943,1033,1338,1059,1404,1299,1510,1361,1957,2254,1696,1699
bing_querylogs|config_id=1066,1347,1477,798,1063,1079,912,1001,1020,1424,1381,1748,1472,4330,4211,1333,1506,1684,3966,3533,999,1568,1426,1918,853,878,1016,974,1447,1820,1739,1510,1161,1201,1454,1260,1452,1401,1327,1275,1133,1092,1525,1364,1664,2366,1172,1786,2545,2151,937,873,1215,1386,6567,4354,3137,1472,1116,1413,686,671,1110,956,1556,1780,1134,1205,1128,3649,3368,1558,1497,1679,1690,2563,2199,1492,1862,1647,1149,866,822,1229,1141,1224,1637,963,1149,3369,2397,727,727,1003,1030,1268,1354,1594,4395,3175,1750,1378,1138
bing_querylogs|config_id=1086,1217,1338,1000,2137,894,842,1220,1163,1449,1367,3107,2731,2092,2326,1674,1622,1753,1966,1701,1231,995,1381,1392,904,883,1173,1232,1330,1872,1450,1447,1239,1261,1446,1243,1833,1719,2601,2077,958,964,1215,1355,1489,1536,704,705,1374,1469,916,938,1880,2695,2458,1729,1150,1500,893,1017,733,686,973,944,3212,2600,1059,1064,1086,1567,2202,1083,860,2704,2895,1690,1921,2527,1144,1342,1417,845,829,1095,935,1502,1505,1011,1015,1523,2044,854,923,768,725,1206,1233,1022,1035,3124,3160,1018,1154
bing_querylogs|config_id=1101,1898,1937,1492,1247,1078,1579,1551,2554,1680,1772,3284,2217,3287,3834,1981,2318,2228,2923,2459,1373,1472,2003,1791,1251,1150,1525,1398,1792,1931,1780,1948,1451,1346,1550,1630,1653,1830,1817,1629,1329,1285,1675,1807,2608,2773,1561,1162,2234,4670,1084,1063,2543,2066,3822,4271,1472,1600,1541,1616,945,1039,1183,1559,1754,4729,1738,1549,1422,2653,2874,1840,1770,3818,1932,2310,2097,1790,1659,1642,1820,1049,1286,1592,1495,1452,2034,1394,1186,1845,2689,956,891,1334,1338,1656,1587,2137,1787,1953,3135,1763,1660
bing_querylogs|config_id=1144,1110,1030,881,896,611,613,979,1208,1570,1153,1499,1476,1764,1783,1627,1498,1548,1806,2050,1266,1069,1446,1217,848,787,1021,1111,1168,1426,933,1065,1250,1471,1450,1530,1686,1806,1143,997,1073,947,1300,1231,1429,1333,670,824,1322,1447,906,866,1419,1187,2921,2573,1085,1118,1340,1070,839,712,1189,1102,1348,1218,936,879,1066,1007,944,1546,1576,1492,1575,1258,1932,1518,1396,1211,1216,1060,901,1034,981,1294,1345,1517,1142,1535,1409,697,822,899,958,1471,1118,869,1465,1360,1879,877,1040
bing_querylogs|config_id=1145,1164,1219,943,1276,1069,804,1101,2099,1421,1585,1960,2078,3588,3605,1507,1843,1384,2285,38229,1013,907,1592,1463,651,731,961,991,1323,1467,1600,1756,1156,993,1232,1077,1462,1648,1556,1565,986,1001,1283,1527,2397,2279,909,887,1542,1414,869,789,1307,1291,3904,4022,34134,1241,1187,1317,684,33378,984,901,1918,2144,1369,1266,1110,5549,2125,756,1283,1635,1578,1198,982,1206,1628,1456,1151,789,1075,836,1113,1612,1443,929,862,1896,1926,650,650,1027,995,1229,1298,1244,1552,3658,4555,1214,1242
bing_querylogs|config_id=1183,1378,999,988,948,726,768,2062,1483,1250,1241,1605,1505,2519,2011,1484,1530,1189,1845,3375,2094,1660,1295,1286,914,955,1029,1085,1407,1258,1736,2184,1307,1386,1072,1055,1471,1219,1318,5285,1212,1285,1260,1357,1553,1414,1240,1211,3287,2444,926,1004,1387,1195,71765,70908,3679,1215,1404,1251,796,745,954,967,1763,1784,1026,950,1023,1822,1752,1556,1974,2007,1848,1185,2180,1256,1363,1229,1225,1093,1062,1102,1007,1343,1777,1155,1096,2175,2186,901,879,779,749,995,1145,978,902,2518,1866,1445,1394
bing_querylogs|config_id=1184,1513,1366,1201,1117,1062,1001,1661,2032,1509,1403,1619,1583,6722,2903,1605,1544,1682,2221,2932,1523,1730,2193,1600,895,816,1055,1252,1679,1804,1569,1492,1167,1156,1250,1477,1494,1634,1156,3062,1198,1128,1402,1403,1922,2182,951,949,1917,1960,867,1004,1384,1423,2925,2092,3462,4872,1312,1800,760,737,1075,1200,2076,1965,1053,1163,1222,2408,1443,887,1408,1794,1710,1240,1605,1895,1604,1136,1211,1229,950,1190,1151,1502,1366,1277,1171,1531,4533,733,729,996,789,1613,1706,1700,2036,2101,2662,1010,1411
bing_querylogs|config_id=1185,1674,1602,1458,1378,1329,1347,1127,1306,1549,1420,1656,1497,1695,1683,1862,1495,1846,1289,1450,1185,1262,1421,1430,1020,1149,1395,1295,1410,1578,1896,1806,1474,1284,1598,1298,1667,1480,1234,1124,1493,1376,1456,1715,1482,1531,1300,1336,1755,1704,1299,1138,1796,1629,1336,1291,1292,1148,1402,1528,806,936,1267,1188,1731,1833,1368,1310,1451,1114,1132,1187,1203,1861,1438,1468,1050,1463,1456,1585,1583,1261,1179,1360,1219,1884,1891,1218,1434,1608,1634,845,840,1129,1239,1667,1641,2141,1408,1714,1881,1619,1733
bing_querylogs|config_id=1186,1652,1638,1415,1372,1111,1430,4289,3128,1399,1323,4107,3521,5410,7771,1849,1581,1738,16742,18216,1668,1738,1820,1813,1047,994,2289,1261,1819,1916,2019,2039,1419,1442,1525,1281,1915,2667,2701,2622,1467,1433,1760,1734,5316,5698,1162,1179,5246,4428,875,1077,2017,2711,18540,30343,14937,11257,1420,1510,690,688,1914,1498,3381,6152,1069,969,1120,8330,11282,1433,1834,2399,2467,2856,3805,1951,1966,1767,1913,1251,1217,1005,968,1820,1957,1292,1314,4929,3390,966,838,928,1028,1546,1505,1904,2149,4104,4019,1622,1644
bing_querylogs|config_id=1187,1697,1727,1745,995,1159,1115,2377,1338,1198,1202,4238,1968,3174,4391,1531,1563,1542,3228,2489,1848,1523,1560,1820,827,871,1567,985,1355,1945,1636,1959,1377,1385,1185,1201,1648,1487,1406,2826,1018,1015,1385,1907,1452,1996,1076,1094,4157,4257,977,980,1436,3867,3104,1337,2960,1336,1112,1116,837,776,1102,1097,2786,2936,1260,1007,1114,2946,1788,2091,3138,2244,2866,3380,2715,1547,1467,1471,1451,989,994,1046,1062,1423,1977,1073,1092,2900,2390,874,874,1056,1208,1254,1303,2456,2176,3381,2757,1401,1552
bing_querylogs|config_id=1188,1337,1467,915,979,757,727,2167,2164,1240,1265,1846,1753,2844,3539,1863,1551,1915,2173,4355,1378,1603,1640,1811,906,904,1032,964,1613,2259,1766,1992,1226,1256,1168,1005,2269,1117,8449,6556,1885,1258,1407,1851,2535,1548,896,994,4199,2705,955,929,1201,2100,21234,72041,1302,6482,1428,1521,706,736,1014,1227,1566,2650,1108,1045,1212,1933,6931,1361,1823,1813,1856,1197,1025,1576,2127,1306,1294,1318,1356,1006,946,1628,1563,1017,1216,1970,3230,834,831,783,741,1312,1170,987,1091,2441,2457,1548,1601
bing_querylogs|config_id=1189,2333,1747,1376,1380,1216,1551,1734,1522,1684,1944,2383,2643,3212,3836,2223,2216,2086,2385,2898,1489,1625,2998,1720,1394,1156,1186,1124,1892,1950,1969,2046,1824,1554,1623,1805,2138,2036,1411,1246,1798,1777,1975,1960,1771,1862,1496,1497,5442,8444,1395,1521,2697,4903,1625,2086,2453,2455,1565,1402,908,866,2598,1431,2367,3978,1448,1725,1571,1242,1129,1529,1455,3459,3140,1670,1621,1986,1996,1832,1978,1384,1400,1586,1465,2290,2669,1587,1631,2739,2479,985,984,1766,1240,1841,1930,1436,1699,3100,5391,1830,3244
bing_querylogs|config_id=1190,1922,2119,1110,1232,1286,1270,1392,1633,1492,1537,2081,1923,6205,3283,1992,1624,1841,2586,2768,1341,1423,1356,1552,1219,1215,1368,1456,1718,1558,1699,1876,1489,1344,1440,1322,1473,1481,1096,1759,1344,1492,3844,1410,1819,1687,1384,1307,2403,2551,1320,1388,1788,1748,1321,1384,1711,1616,1250,1193,832,982,1360,1210,1854,1908,1202,1480,1472,1005,1003,1316,1530,2343,2136,1267,1345,1619,1418,1655,1720,1207,1237,1126,1087,1785,1892,1340,1466,3379,3513,855,853,1110,1089,1492,1397,1325,1073,1918,2094,1888,1802
bing_querylogs|config_id=1191,1458,1096,958,873,723,734,2383,2043,1124,1133,1553,1350,2055,10081,1521,1576,1365,10219,18255,1209,1061,1686,1736,859,877,1186,1255,1634,1556,1314,1470,1207,1214,1240,994,1332,1414,898,1460,1293,1429,1214,1299,2352,2596,849,846,2790,3237,875,860,2173,1407,17154,31605,1504,1257,1166,1251,739,747,1247,1226,2269,1944,920,1006,904,2739,15137,2190,1792,1815,1902,2208,1884,1527,1863,1276,1329,952,987,1066,1114,1412,1400,1207,1122,3330,3018,789,795,770,779,984,1119,1057,1015,1673,1515,1867,1403
bing_querylogs|config_id=1192,1834,1866,1062,974,1064,1071,1409,1219,1668,1591,2049,2106,1943,1983,1468,1527,1436,2112,2265,957,1162,1295,1915,937,950,1237,1300,1374,1385,1727,1758,1522,1255,1277,1275,1442,1370,1889,1375,1170,1246,1534,1870,1311,1311,1066,1092,2753,1652,1033,1033,1251,1265,1120,1190,1196,1501,1235,1161,797,742,1093,1090,1434,1432,1002,1088,989,946,913,974,982,1827,1894,1030,1147,1403,1380,1465,1587,965,971,1142,1115,1759,1978,1204,1258,2020,2189,845,827,1013,1010,1375,1405,1263,1111,1648,1646,1376,1397
bing_querylogs|config_id=1193,1861,1085,1028,1142,894,944,3725,13403,1303,1436,2298,2043,15360,17956,1944,1627,1523,10120,11281,1550,1589,1721,1589,929,1117,1321,1349,1561,1421,1491,1669,1465,1530,1190,1221,1491,1548,1146,1197,1338,1473,1308,1239,2938,3065,926,924,9466,4284,1267,1240,1546,1704,25299,17441,1023,1259,1225,1203,758,769,1470,1322,2412,2362,1189,1035,1142,3946,3502,1415,1930,2042,2739,3302,1911,1678,1654,1788,1637,1101,1060,947,1171,1915,1871,1350,1298,2804,3007,984,971,914,913,1305,1253,1835,1202,1926,1862,1562,1253
bing_querylogs|config_id=1194,963,1829,837,865,714,605,1645,2157,1269,1401,2201,2464,7946,22252,1334,1291,1589,2934,13065,1202,1242,2345,2210,744,743,1023,1145,1014,990,1158,1481,1076,1094,886,888,1133,1190,946,1769,1191,1235,1030,1015,2391,2226,666,663,2651,9578,751,789,1215,1840,16393,25212,932,1425,1039,1097,670,561,1075,1070,2961,2987,824,894,888,2564,6210,1303,1547,1867,2066,1662,1965,1563,1693,1053,1124,799,794,819,961,1214,1268,1068,987,18944,3152,722,700,616,612,881,1135,746,762,2193,2511,1282,1128
bing_querylogs|config_id=1195,1306,1297,995,1256,1116,1119,1107,1160,1425,1475,1541,2107,3339,3120,1369,1514,2016,1889,2068,998,1350,1854,2083,899,985,931,959,2080,1738,1536,1469,1408,1570,992,1339,1352,1372,1753,2211,1065,1065,1191,1170,1684,1956,1245,1237,2680,18229,985,976,1594,1730,1540,1782,1818,1941,990,994,728,748,1157,1419,2961,4136,1093,1088,1087,2538,1436,1710,1466,2050,1855,1517,1534,2076,2070,1533,1441,1196,1248,1244,1112,1644,1777,1228,1232,3095,2255,828,825,693,690,1304,1299,1337,2201,1774,2210,1368,1184
bing_querylogs|config_id=1196,1873,2015,1211,1327,1458,1568,4671,6406,1643,1543,2049,2167,7453,2414,1484,1593,2402,4756,3349,1784,2386,1768,1524,1019,1045,1458,1427,2299,1760,2035,3099,1487,1595,1450,1424,2303,1906,40133,8122,1768,1441,2588,1806,1925,3833,1678,1571,3651,14200,1171,1196,8724,8302,4734,1837,5906,10350,1548,1629,1233,1270,1499,1454,3028,3625,1133,1364,1050,3926,7509,1480,34103,4942,7532,3020,9433,2141,1965,5506,1964,1509,1365,1377,1416,2002,2223,1521,1492,3237,6686,1292,1485,1492,1812,1566,1457,4780,34050,10028,7180,1928,1893
bing_querylogs|config_id=1197,1744,1692,1156,1172,1342,1397,1919,2098,1359,1281,2272,2152,2817,3062,1517,1649,1606,2856,3639,1950,1693,1862,1753,938,925,1183,1342,2139,2167,1917,1897,1512,1502,1260,1569,1874,1860,2486,1646,1247,1455,1649,1841,1818,1855,1475,1523,3068,2286,1151,1142,1940,1497,2770,2063,2154,31809,1360,1494,978,979,1500,1455,2225,2113,1248,1325,1323,1441,1844,1527,1720,2338,2344,2469,2699,1767,1720,1803,1768,1263,1275,1337,1353,1899,2043,1397,1400,2998,2305,1199,1198,1265,1366,1364,1392,2638,2214,3962,3579,1712,1751
bing_querylogs|config_id=1198,1745,886,1040,973,605,612,2251,3052,1046,1051,1274,2033,20525,4596,1650,1840,1499,31326,20794,1418,978,1944,2252,803,913,1121,1298,979,1080,1160,1143,1118,1136,902,929,1033,1265,1046,3291,1376,1386,1633,1538,3118,3533,691,681,2345,3625,730,799,1310,2126,28044,10868,1768,3000,1427,1296,659,563,1146,1159,3721,1935,1035,806,1084,19023,5240,1244,1410,3898,2457,2168,18517,1706,1606,1320,1093,809,784,1068,1059,1394,1291,1487,1453,2670,3048,672,671,720,684,870,878,792,1699,2134,1429,1911,2612
bing_querylogs|config_id=1199,1661,1597,1201,1195,1270,1120,1416,1377,1791,1563,1710,2044,2586,3571,2036,1934,1855,2759,2958,1286,1414,1902,1433,1080,1082,1346,1443,1730,1715,1722,1670,1418,1705,1421,1508,1850,1566,1115,1222,1608,1550,1837,1967,1509,1813,1390,1301,1831,1878,1366,1360,1253,1657,1204,1352,1428,1333,1327,1272,889,938,1400,1314,1837,2736,1115,1182,1288,1067,1074,1377,1555,2057,2110,1375,1378,1688,1712,1656,1680,1244,1328,1307,1538,1991,1839,1529,1529,2309,2571,852,851,1354,1078,1526,1802,1403,1109,1725,2133,1557,1597
bing_querylogs|config_id=1200,1679,1862,1382,1312,934,1232,1549,1385,1586,1848,2623,1652,3053,3398,2017,2028,2013,2200,3548,1502,1578,1937,2079,1133,1342,1183,1300,1918,1758,1659,2059,1631,1630,2120,2297,1550,1638,2065,1503,1701,1430,1758,1687,2040,1703,1402,1521,1858,2448,1671,1299,1735,1575,1357,1294,1492,1458,1439,1558,860,864,1410,1426,2719,2202,1213,1205,1211,1126,1035,1230,1608,2087,1974,1394,1417,1632,1757,1563,1623,1206,1327,1219,1301,1796,2102,1656,1499,2421,2440,946,951,1206,1064,1701,1718,1301,1071,1727,1575,1472,1441
bing_querylogs|config_id=1201,1119,1285,1321,993,959,1081,1543,2024,1313,1317,1928,1940,2135,2090,1527,1282,1522,1860,1451,1798,1527,1593,1480,915,956,1232,1295,1333,1179,1678,1773,1506,1456,1092,1111,1401,1278,3386,1681,1460,1377,1449,1272,1319,1430,1223,1157,1993,2498,1241,1319,1581,2249,70440,11735,3605,6802,1588,1362,1007,973,1127,1126,1584,2239,1178,1181,1208,1748,3034,1306,1553,1922,2015,1451,1689,1728,1656,1579,1616,1263,1329,998,1379,2031,1857,1039,1225,1977,2310,884,889,958,935,1173,1391,1108,1228,1951,2320,1226,1614
bing_querylogs|config_id=1202,1666,1608,937,867,666,674,1926,2600,1167,1237,2021,2308,4538,2640,1542,1590,1585,9789,2213,1328,1186,2101,1893,977,861,1109,1008,1409,1133,1656,1689,1144,1158,948,1122,2247,1253,1314,74207,1504,1328,1460,1122,1527,1720,766,1272,2320,1839,898,910,1042,1012,23159,69692,5208,7481,1275,1396,718,728,1158,959,1396,1485,1050,925,1185,1878,4683,2400,1669,2197,1641,1350,1433,1497,1707,1469,1283,1267,1120,1018,926,1431,1473,1149,1149,2141,2588,785,716,756,760,923,841,1013,815,2572,2369,1098,1256
bing_querylogs|config_id=1203,1801,1642,949,1124,922,941,1150,1442,1711,1273,1531,2405,3702,2937,2245,1935,1509,2704,3421,1529,1426,2437,2517,981,1017,1175,1244,1979,2302,1676,1543,1508,1555,1013,1105,1464,1649,8407,2339,1496,1574,1459,1579,2101,5779,1079,1043,2905,1749,830,827,1632,1531,1254,1447,5019,2502,1208,1193,752,767,1226,1279,1561,1526,1127,1125,1048,1783,1357,2539,2323,2152,1938,2170,2468,1633,1808,1367,1355,1177,999,1103,1142,1538,1805,1036,1037,19007,2464,1007,860,1003,1024,1197,1067,5160,1905,2397,1696,1155,1742
bing_querylogs|config_id=1204,2120,1914,1436,1420,1089,1325,1761,1761,1657,2076,2582,2559,4512,3484,1885,2124,2503,3636,3166,1547,1580,1984,1942,1293,1427,1367,1387,1976,2037,2169,2193,1968,1818,1578,1578,1933,1835,5300,7270,1705,1729,1839,1716,3262,1737,1722,1707,3372,2551,1559,1559,1475,1873,1876,1810,1805,1790,1617,1585,839,1060,1582,1414,2154,2029,1395,1487,1588,1090,1102,1231,1273,2623,2504,1484,1511,1854,1790,1958,1990,1318,1301,1575,1395,2561,2595,1642,1639,5037,4423,1216,938,1339,1409,1839,1496,1574,1688,2566,2622,1930,2171
bing_querylogs|config_id=1205,1259,1793,1059,1830,658,655,3630,1877,1327,1431,1925,2587,2771,4420,1951,1508,2493,74102,2881,1330,1249,2300,2088,869,837,1007,1083,1148,1126,1508,1652,1133,1150,1663,1127,1505,1653,78265,3571,1330,1486,1437,1567,2319,6922,777,916,2134,2453,880,969,1004,1433,12393,70103,1189,3574,1357,1307,702,663,1048,789,3014,1459,977,908,1044,2855,1203,2301,1794,1714,1868,1563,1125,1684,1386,1214,1329,1261,1255,1106,863,1510,1304,926,1126,2259,2318,769,707,779,758,2259,889,757,1004,2821,3186,1245,1062
bing_querylogs|config_id=1206,1488,1582,1032,1474,1505,1218,1244,1278,1230,1240,1242,1403,1918,1990,1492,1408,1444,1940,2287,957,1326,1503,1586,789,760,994,955,1628,1574,1382,1346,1144,1154,1143,1118,1225,1656,857,986,971,961,1200,1093,2021,2206,1136,891,1800,1280,858,855,1742,1281,1223,1272,1536,1790,1215,1292,740,731,968,949,2115,2150,1073,870,853,853,880,1669,1375,1559,1602,1669,1846,1492,1507,1087,1082,1148,1208,1129,1027,1295,1401,1165,1161,2451,2717,779,693,1131,723,1127,862,841,830,1661,1880,1475,1479
bing_querylogs|config_id=1207,1561,1251,1145,749,657,793,2641,2791,1211,1246,2059,1857,4423,3573,1439,1216,1646,6171,3705,1277,2071,2202,1670,807,876,942,1082,1118,1037,11256,1671,1133,1356,1092,916,1603,1565,7592,3673,982,1256,1785,1228,1813,2016,812,913,2280,3283,937,916,2224,1304,9497,21803,1381,4858,1236,1356,745,690,903,1023,1853,2667,919,1011,1077,3094,4368,1727,1697,1634,1755,1039,1219,1417,1402,1197,1522,1255,1294,946,1059,1497,1407,1135,961,2447,2425,786,717,839,740,995,962,971,1029,2556,2342,1165,1403
bing_querylogs|config_id=1208,1925,1653,1090,1157,1302,1146,1255,1462,1625,1513,1659,1918,2031,3291,1910,2002,1866,2689,2983,1256,1236,2339,1612,1224,1090,1344,1334,1624,1661,1911,1760,1777,1360,1738,1275,1627,1468,1133,1168,1625,1678,1413,1896,1929,1578,1341,1312,1636,1878,1350,1298,2314,2399,1330,1288,1639,1695,1343,1340,917,863,1291,1381,3029,2281,1555,1120,1116,945,1004,1506,1525,1797,2066,1333,1384,2018,1670,1630,1617,1346,988,1177,1146,2006,2040,1442,1556,2493,2365,859,858,1117,1112,1535,1588,1307,1348,2069,2458,1610,1553
bing_querylogs|config_id=1209,1725,1771,805,952,1055,1359,1924,1813,1440,1331,2015,1700,2540,3427,1456,1394,1677,3460,3080,1293,1327,1950,1700,977,961,1002,1148,2075,1810,1930,1722,1465,1357,1023,1059,1314,1401,11562,2822,1441,1423,1502,1608,7856,2613,1061,1007,2849,2616,896,901,1550,1549,1849,1899,1449,1461,1170,1181,879,882,1165,1157,1659,1484,1146,1064,1097,1601,1898,2250,2682,2017,2286,2998,3648,1762,1633,1526,1335,1208,1154,1129,1074,1591,1704,1075,1219,2191,2458,1016,1019,1058,1036,1253,1225,1583,3401,2383,2713,1248,1251
bing_querylogs|config_id=1210,1304,1415,894,943,761,726,2980,2475,1541,1459,1889,1865,4107,4193,1673,1610,1480,1991,2036,1379,1556,1696,1677,907,775,993,1102,1119,1078,1702,1594,1113,1127,1020,1026,1643,1211,18879,2197,1146,1594,1309,1390,6649,1758,858,1228,3493,2766,923,923,1386,978,12076,34095,1719,1140,1247,1369,711,683,889,1124,1930,2128,1068,1105,1032,3584,6986,2113,1911,1792,1522,1697,3166,1738,1634,1254,1314,1170,1212,1148,972,1424,1412,1087,991,2292,2418,763,700,791,956,956,1314,898,986,2632,2204,1395,1461
bing_querylogs|config_id=1211,1322,1341,884,827,650,674,1747,1230,1219,1199,1799,1676,2133,3136,1357,1440,1266,1649,1814,1261,1443,1382,1247,780,803,940,934,1094,1011,1774,1602,1109,1185,939,945,1357,1086,2863,1406,1218,1221,1261,1044,2382,1359,773,976,2714,2712,922,943,1107,1131,9064,66431,7729,1882,1275,1483,744,638,814,866,1482,1755,914,916,1213,5393,1715,1351,1475,1622,1576,1045,1185,1468,1235,1198,1246,1165,1177,1007,967,1417,1408,948,913,2384,2433,805,705,638,655,1105,1091,926,879,2887,2624,1066,1321
bing_querylogs|config_id=1212,1607,1568,1014,1158,922,904,2565,2443,1261,1404,2013,2020,1963,2228,1349,1319,1385,1461,1774,1668,2195,1679,1723,863,1075,1099,1088,1026,1039,1795,1649,1248,1381,1503,1363,1262,1364,8885,8206,1536,1441,1209,1185,1526,1769,1045,1506,2185,2378,1297,1281,1659,1396,67722,10646,1490,1640,1351,1337,812,924,1043,1124,1429,1655,1102,1088,1316,2224,2245,1452,2043,1866,1904,1156,1087,1210,1479,1451,1739,1286,1298,1208,1142,1836,1861,1238,1169,11353,11234,1017,778,1018,1025,1247,1134,1042,1025,2774,2718,1323,1471
bing_querylogs|config_id=1213,1090,1623,1121,1055,946,983,1671,1617,1434,1338,1674,1711,2531,2144,1621,1698,1552,1803,1662,1820,1928,1464,1518,928,968,1087,1152,1393,1134,1880,1733,1335,1364,1223,1371,1387,1834,2183,2363,1472,1653,1483,1415,1630,1319,1251,1238,2480,1947,1286,1205,1531,1494,70567,69213,4775,1355,1404,1424,917,856,1015,1034,1866,2380,1067,1265,1142,2875,1989,1610,2084,2088,1958,1288,1464,1841,1437,1635,1709,1413,1277,1032,1235,1635,2002,1332,1219,2934,2685,1058,824,999,903,1145,1275,885,879,2448,2389,1228,1250
bing_querylogs|config_id=1218,1746,1562,973,963,977,1051,1288,1669,1409,1263,1713,1817,18162,2734,1473,1405,1316,1876,2460,1821,1723,1517,1629,973,987,1662,1132,1693,1704,1693,1789,1487,1584,1142,1164,1553,1436,1265,1127,1176,1186,1421,1309,1580,1544,1222,1216,2854,2732,981,967,1577,1270,1177,1442,1521,1885,1319,1389,844,832,1166,1295,1753,1779,1185,1196,1154,33600,1301,1538,3473,2024,2485,1748,1517,1283,1438,1528,1451,1141,1046,1149,1256,1594,1717,1232,1259,2091,4212,1014,1028,1052,981,1232,1297,1712,1458,1847,2354,1316,1310
bing_querylogs|config_id=1228,1212,1130,2219,1613,799,860,1213,1118,1441,1448,2519,2723,2545,2960,1661,1660,1672,2008,2239,1213,1003,1386,1445,775,845,1150,974,1140,1600,1134,1160,1200,1218,1337,1039,1769,1657,1426,1481,956,924,1261,1333,1980,1174,688,684,3129,2282,843,853,1003,1707,2554,2147,1211,1135,877,977,635,638,915,910,1769,1652,896,1038,1106,1561,1469,929,857,2230,2102,2859,1812,1131,1134,1368,1351,952,933,1045,983,1255,1490,1019,1027,1784,1626,703,703,739,911,1136,1106,1085,1339,1518,3197,836,993
bing_querylogs|config_id=1234,1617,1230,930,1032,1100,904,1438,1042,1406,1619,1626,3863,2963,3778,1791,1413,1884,2258,5550,1052,1754,1630,1897,796,819,929,1080,1498,1630,1579,1566,1217,1289,1394,1288,1846,1474,1712,1687,1046,1030,1204,1413,1988,1169,916,1016,3493,1624,950,969,1038,1338,5020,4476,1409,1294,1279,1169,669,676,1496,1169,1572,1889,1213,1280,1175,1253,2451,1535,1061,1875,1887,2483,2701,1621,1301,1328,1471,947,1027,1280,1192,1289,1516,1217,944,10412,2321,741,740,919,1140,1225,1414,1252,1218,2653,2063,1445,1411
bing_querylogs|config_id=1236,859,1009,667,671,678,625,770,763,1211,1215,1299,1263,1934,1572,1339,1300,1281,1227,1630,799,948,1086,1205,799,797,1023,970,1081,1232,962,972,1245,1273,1160,964,1473,1209,707,894,868,866,1011,955,1361,1015,680,676,1334,1404,695,697,1036,1068,1299,1461,1069,1003,899,899,633,640,855,854,1112,1518,901,902,887,794,664,774,732,1793,1935,1407,1261,855,855,1300,1290,781,741,902,919,1167,1388,982,980,1458,1498,703,710,652,622,981,1272,850,804,1078,1315,804,847
bing_querylogs|config_id=1246,697,700,727,557,587,537,818,606,1158,1236,1043,969,1348,2093,1207,1207,1264,1411,1497,846,655,930,961,607,628,904,968,1064,1012,880,915,1134,936,1186,1046,1177,991,795,726,731,730,884,922,1210,1236,626,624,1251,997,673,687,9179,9179,1112,1144,879,954,692,729,599,587,699,696,1222,1243,777,781,773,619,617,651,654,1435,1877,1296,1248,899,694,966,1229,752,843,789,776,1024,1024,891,827,1365,1368,591,589,555,556,809,1071,740,707,1661,1592,702,704
bing_querylogs|config_id=1249,1361,1333,656,632,619,636,1221,1030,2626,939,1335,1236,3310,2798,1133,1132,1117,2866,1498,813,820,1221,1339,815,813,875,878,1019,1056,1084,1077,1197,1225,998,1059,1065,1068,712,660,833,817,1041,1239,2849,2849,2136,663,1507,1656,756,731,913,913,3641,857,2349,965,913,893,547,569,1237,1984,1081,1320,1050,1075,1026,906,900,1050,999,1553,1678,864,994,863,863,1168,1155,800,836,833,822,1155,1299,896,898,1466,1626,694,677,620,575,1073,1056,831,840,1309,1409,1526,1440
bing_querylogs|config_id=1255,1137,891,682,687,684,673,920,1080,1567,1298,1329,1329,1640,10000,1513,1509,1366,1379,2026,901,1125,1105,1218,823,823,1036,1031,867,1220,1041,1031,1266,1294,1220,1186,1696,1527,856,822,892,880,1080,1064,1055,1015,699,694,1250,1251,739,784,1103,1107,9542,1263,1086,1079,940,944,658,716,882,882,1180,1407,919,913,971,897,818,748,788,1583,1704,9354,1375,1185,1195,1297,1283,1048,911,909,933,1176,1326,992,992,1607,1589,721,722,682,742,972,1160,826,835,1497,1856,852,873
bing_querylogs|config_id=1260,1309,1370,846,850,944,740,1198,1436,1642,1701,1638,1544,1549,1846,1265,1281,1603,1856,2354,1154,1178,1545,1519,1072,1080,1446,1186,1319,1548,1431,1278,1540,1014,1667,1221,1361,1752,963,1160,1508,1292,1552,1367,1847,1800,804,802,1499,2255,1101,1096,1726,1247,1949,1797,1398,1254,945,961,785,783,1256,1027,1811,1519,1156,1207,1210,1285,1932,1443,1250,1545,2141,1929,1546,1196,1197,1352,1321,1223,1227,1230,1263,1422,1440,1506,1446,2005,1985,816,782,950,751,1454,1699,1175,1192,1220,1051,1105,1072
bing_querylogs|config_id=1262,1067,889,682,687,717,654,730,767,1320,1136,1314,1354,1757,1441,1256,1441,1366,1695,2026,914,885,1109,1223,818,852,1024,975,1290,1250,980,976,1288,1300,1222,1284,1275,1235,859,761,920,916,1102,1102,1265,1399,705,704,1439,1387,883,801,1071,1071,1147,1426,1219,1055,952,933,658,709,882,886,1263,1439,942,943,932,691,685,735,813,1889,1452,1313,1333,1278,1195,1253,1289,871,912,950,939,1120,1367,962,962,1512,1595,707,742,671,767,1012,968,836,825,1115,1462,1007,841
bing_querylogs|config_id=1264,1449,1245,814,813,773,629,1074,798,1847,1621,1422,1685,2343,2212,1533,1582,1488,2258,2411,1363,963,1841,1410,850,876,1106,1000,1377,1501,1070,1191,1213,1241,1469,1262,1721,1684,1430,2136,919,1064,1218,1240,1457,1924,883,824,1584,1476,1065,991,1248,1362,1965,2022,1134,1130,926,915,642,725,1177,867,1451,1605,893,954,1021,1014,1043,1079,979,1727,1783,1522,1756,1487,1396,1288,1310,1035,1158,938,1056,1414,1644,979,986,1799,2051,714,723,759,611,1134,1061,797,1084,1893,1512,1024,871
bing_querylogs|config_id=1270,1118,916,709,716,777,743,883,930,1353,1249,1374,1494,1969,1325,1365,1353,1347,1114,1723,819,837,1120,1239,1173,893,1057,1004,1131,1413,1116,1102,1282,1310,1207,1091,1232,1233,732,804,931,979,991,1135,1059,1204,841,803,1389,1388,849,870,1079,1595,1388,1465,1102,1079,930,911,621,619,899,898,1272,1459,940,946,994,708,702,888,868,1718,1940,1323,1367,906,906,1340,1342,901,929,951,940,1197,1422,951,1007,1493,1539,730,740,691,711,1184,1007,851,844,1232,1352,844,896
bing_querylogs|config_id=1281,959,1093,720,725,632,628,1267,1263,1714,1499,1625,1288,1842,2017,1851,1789,2009,1384,1764,889,1036,1273,1411,818,817,1121,1004,1301,1397,995,1012,1212,1241,1126,996,2004,1503,1088,1671,912,908,1047,1225,1682,1479,717,803,1509,1450,832,825,1336,1200,1230,1420,1112,1121,1060,1005,647,640,915,975,1436,1512,911,889,959,876,876,742,876,1725,1442,1203,1109,1351,1263,1196,1208,1036,1013,932,960,1120,1341,1038,1029,1924,1461,728,744,663,683,939,939,818,1186,1596,1353,923,1089
bing_querylogs|config_id=1288,1157,890,685,688,700,783,778,908,1270,1358,1262,1289,2474,1672,1350,1346,1312,1513,1709,884,819,1106,1225,812,813,1037,984,1113,1279,981,1113,1256,1289,1173,1037,1243,1245,777,769,893,884,991,928,1311,1311,698,693,1385,1431,912,730,1393,1107,1367,1449,1074,1034,947,914,715,717,874,861,1289,1469,1083,932,915,650,694,737,890,1455,1451,1355,1352,1117,1184,1268,1271,815,948,921,915,1168,1389,965,963,1509,1704,726,799,670,754,970,1067,801,834,1093,1465,844,822
bing_querylogs|config_id=1290,847,848,684,689,797,777,738,868,1312,1298,1351,1270,1732,2381,1347,1346,1362,1435,1715,1161,871,1101,1220,813,812,1030,985,1225,1367,1097,973,1277,1289,1173,1061,1269,1417,864,811,886,882,1036,1036,996,996,701,694,1371,1271,833,883,1041,1128,1351,1520,1211,1032,942,922,698,812,884,884,1223,1456,917,911,1055,681,687,753,800,1455,1842,1539,1722,1214,1254,1165,1177,845,915,943,935,1136,1357,993,991,1372,1567,725,724,667,716,993,1047,814,829,1365,1549,821,866
bing_querylogs|config_id=1292,1090,1099,705,711,646,737,802,797,1125,1361,1293,1287,1574,1589,1351,1263,1333,1332,1510,819,827,1120,1239,918,893,1045,1004,1125,1248,1116,1068,1290,1310,1077,1095,1231,1232,812,702,926,946,1075,987,1050,1050,706,702,1293,1375,790,790,1501,1347,1571,1363,1031,1081,930,993,617,729,893,892,1273,1460,927,920,921,697,695,829,767,1712,1834,1258,1418,900,900,1360,1359,846,852,918,933,1197,1418,951,1007,1643,1626,725,724,688,656,1126,1007,822,1049,1189,1639,862,883
bing_querylogs|config_id=1297,1634,1349,1087,1165,911,921,1903,1799,1307,1347,1641,1691,1848,2385,1335,1419,1451,2435,7590,1411,1641,1515,1473,1115,1134,1109,1202,1310,1766,1521,1753,1363,1454,1204,1301,1711,1382,71980,71231,1457,1499,1277,1382,1818,1562,1071,1380,2675,2198,1343,1214,1548,1572,23644,71179,3125,1469,1416,1557,827,888,996,1045,1973,1815,1113,1142,1060,3800,8989,1565,1633,2088,1933,1289,2808,2024,1987,1563,1459,1320,1268,1121,1180,1667,1694,1250,1219,2756,1970,820,855,943,888,1149,1295,1069,1240,2013,1699,1402,1162
bing_querylogs|config_id=1306,837,838,673,676,698,742,1266,925,1273,1254,1478,1477,1824,2610,1453,1441,1437,1387,2163,877,935,1102,1220,920,863,949,896,1179,1386,1022,1018,1233,1245,1184,1006,1156,1214,5436,5418,871,873,1087,1206,2252,2161,688,808,1379,1297,732,837,1125,1055,9471,1356,1104,1171,921,901,595,591,853,853,1305,1402,1016,896,894,909,873,744,772,1465,1465,1400,1678,849,849,1426,1539,1004,980,952,914,1151,1390,980,980,2641,2709,692,725,656,611,995,1145,815,824,1310,1261,808,815
bing_querylogs|config_id=1309,1371,1119,733,954,989,632,1203,1616,2674,1740,1432,1459,2379,2055,1884,1803,1688,1787,2077,1087,1088,1401,1417,805,847,1094,1069,1268,1300,1014,1031,1250,1266,939,1635,2088,1694,1225,2008,1096,1073,1188,1188,1447,1395,837,837,1753,1572,768,771,1431,1721,1476,1594,1295,1721,960,961,589,624,944,930,1877,2181,1205,1097,1093,1356,1230,1052,1401,1530,1535,1585,1936,1336,1161,1366,1617,1025,1214,1030,1024,1452,1559,972,974,1831,1586,702,706,659,704,1069,922,803,812,1808,1625,1396,1430
bing_querylogs|config_id=1311,866,1135,673,679,635,646,784,1042,1373,1369,1349,132074,1640,953,1352,1365,1363,1273,1322,806,826,1228,1207,796,829,1089,1128,1578,1286,1170,1180,1241,1277,950,1050,1236,1217,765,862,127124,871,1127,1077,1011,1375,684,682,1242,1430,779,720,9219,9321,1566,1610,1051,1009,925,1061,677,663,857,856,1422,1420,923,902,897,771,711,734,739,1748,1985,1453,1351,1110,1111,1299,1248,964,816,922,908,1329,1327,990,1068,1635,1449,711,712,655,665,970,961,821,828,1607,1585,842,871
bing_querylogs|config_id=1338,1110,1043,716,872,795,990,1052,1074,1003,132001,132305,1549,1056,1807,931,938,893,1699,2079,1172,1120,1437,1590,819,868,1027,1173,1316,1366,1458,1471,1235,1311,970,871,1321,1383,1149,1180,1088,1353,909,880,1302,1351,1160,911,1737,1485,911,930,1420,1291,1291,1088,1547,2148,1355,1150,727,717,1148,1129,1377,1991,1052,976,1083,873,1102,1406,1389,1649,1769,1021,1688,1368,1312,1544,1568,1017,986,894,955,1390,1338,1171,1069,1450,1626,814,825,728,712,1252,936,962,1073,1619,1429,1206,1067
bing_querylogs|config_id=1339,1521,1651,959,1119,1161,1125,1797,1593,1351,1219,1768,1856,5428,3093,1389,1398,1441,2351,2464,1469,1603,2104,1391,976,936,1184,1259,1748,1834,1695,1647,1439,1466,1119,1226,1559,1541,10191,3020,1280,1466,1557,1536,1605,1689,1331,1436,2992,2658,884,848,1856,2265,1379,1419,3258,10110,1215,1108,855,733,1211,1112,1959,1836,1142,1157,1067,1735,1446,2491,3836,1761,1993,1954,3527,1715,1653,1386,1250,940,941,1112,1179,1672,1669,1076,1074,2290,2449,1017,989,1035,1046,1268,1225,1881,2604,2490,2227,1255,1326
bing_querylogs|config_id=1342,2204,2235,1034,1056,1001,888,2787,2671,1338,133976,134183,3391,5825,7061,1800,1779,1862,12468,10635,1739,1969,1428,1377,1064,905,1723,1297,2108,2276,1265,1405,1352,1588,1879,1809,1304,1290,5684,5743,1638,1717,1818,1841,4810,4680,1130,1084,10488,9786,896,880,6101,2017,2127,2631,1692,1722,1549,1354,873,740,1086,1060,2897,3091,1133,1100,819,5369,6225,3063,3357,8034,3412,7561,5037,1647,1690,1293,1706,923,897,1141,1206,1950,1865,1189,1191,3081,3194,788,785,733,707,1507,1589,1988,2192,16256,13286,2095,2292
bing_querylogs|config_id=1344,772,774,814,671,653,654,663,668,1178,1242,1120,1170,1328,1315,1136,1306,1226,1198,1540,691,703,961,1178,700,708,1141,1214,1505,1024,956,1093,1032,1228,1128,1145,1411,1454,1654,1496,824,803,1030,1022,940,1296,627,710,1157,1061,640,640,3788,1061,996,1695,1220,1022,808,860,698,685,754,821,1150,1149,846,783,832,690,608,637,721,1284,1589,2350,1253,876,794,1330,1270,936,835,949,842,1046,1238,916,857,1123,1056,649,647,563,598,976,875,828,753,1900,1245,671,769
bing_querylogs|config_id=1345,1097,1117,687,692,705,706,1881,1683,789,783,2456,1473,1552,1483,730,738,728,1120,2207,806,822,1112,1425,834,833,893,802,1245,1456,1030,1026,1240,1268,791,824,1082,1084,653,632,1831,2335,855,893,1076,1069,921,914,1176,1176,847,832,1080,1084,705,712,847,847,1151,1033,575,577,1119,1114,1852,1502,863,815,857,1062,948,722,709,1712,1763,1067,1004,1060,1060,1164,1175,1498,1358,911,800,973,1193,856,856,1986,2388,750,770,643,613,876,857,1661,1218,2399,1625,1027,1093
bing_querylogs|config_id=1346,1758,1688,1104,1045,668,676,3362,2545,1620,1418,1734,2293,3885,4946,1730,1667,1616,2729,3922,1568,1351,2353,2185,1105,1121,1237,1147,1276,1280,2069,3295,1553,1233,1265,1262,1207,2953,20598,17073,1333,1566,1307,1314,4948,5089,1074,841,3347,3449,1129,1179,1347,1444,32024,9753,5553,1214,1412,1373,648,732,1225,1154,1898,1716,1151,1117,903,2292,2448,1487,2427,2021,2615,1159,1698,2165,2505,1578,1582,1234,1269,1120,1203,1698,1622,1284,1264,5486,2510,812,755,661,680,1073,1320,1022,1040,2653,3163,1633,2128
bing_querylogs|config_id=1347,1023,1414,1085,871,833,841,944,1116,1314,1272,1553,1582,1400,1856,1523,1486,1514,1574,1699,969,987,1353,1306,859,857,1266,1205,1294,1320,1334,1270,1596,1319,1362,1283,1711,1319,960,973,906,915,1530,1410,1438,1521,998,980,1619,1726,1166,1171,1211,1308,1918,1626,1390,1345,1147,1146,816,718,917,917,1281,1832,1255,1198,1029,806,806,1151,877,1888,1974,1446,1489,1572,1325,1695,1566,952,1035,1161,1100,1292,1813,1124,1236,1973,1762,904,909,1529,929,1323,1352,1066,974,1206,1333,1042,1052
bing_querylogs|config_id=1351,1337,1320,931,931,761,767,972,999,1402,1330,1983,2899,1871,2136,1732,1555,1507,1896,1980,1423,1621,1321,1391,966,919,1270,1428,1436,1534,1536,1225,1748,1693,970,1054,1944,1867,1558,1173,1214,1229,1684,1351,1558,1679,1102,1025,1970,1571,1152,1136,1622,1582,2472,2168,1288,1511,1193,1131,750,717,910,921,2074,2184,1161,1180,1200,893,887,928,936,2052,2394,1301,1467,1463,1683,1804,1822,1143,1081,1220,1274,1531,1501,1090,1224,2078,2227,937,923,895,933,1383,1165,1054,1278,1587,1652,1248,1302
bing_querylogs|config_id=1353,1401,1198,1002,923,1013,1175,1247,1254,1130,1137,1610,1367,2015,1781,1133,1047,1131,1378,1773,1236,1238,1227,1180,836,821,948,984,1317,1494,1369,1187,1219,1225,1261,1360,1301,1322,1191,1624,1116,959,1092,1098,1509,1434,876,995,1384,1510,802,931,1054,978,1235,1090,1412,1377,1282,1289,747,793,1046,999,1720,1785,1013,997,980,916,950,1367,1377,1755,1618,1525,1408,1301,1430,1120,1117,1148,1194,962,893,1070,1145,1489,1396,1814,1847,773,785,1005,1115,1176,974,918,961,2603,2776,1164,1194
bing_querylogs|config_id=1356,1523,1316,757,777,673,745,1453,1454,1556,1609,1867,2170,2438,2448,1614,1638,1731,1759,1898,1262,1220,2406,2308,867,889,1081,1118,1668,1395,1264,1202,1254,1286,926,1022,1660,1900,2107,3049,1123,1046,1763,2001,1636,1501,734,785,1837,1758,1006,1012,1511,1568,2011,1595,1846,1648,1810,1148,664,640,940,813,2754,3580,957,1178,950,952,951,1079,1054,2052,2063,2102,1832,1475,1249,1323,1456,1093,1056,958,1023,1460,1489,1086,1168,2038,1812,747,746,720,712,1028,1140,2568,1273,1455,1903,1354,1408
bing_querylogs|config_id=1358,1235,1339,1211,1123,991,990,3555,1338,1271,1380,1699,1688,2070,1717,1498,1577,1491,1635,2022,1845,1798,1779,1784,935,1126,1157,1254,1415,1333,1807,1861,1408,1349,1319,1376,1756,1525,1432,1930,1405,1375,1388,1479,1550,1412,1426,1415,3043,2389,1309,1062,1453,1798,69591,70504,1602,1380,1461,1400,891,930,996,993,2096,2010,1163,1169,1166,1883,1586,1515,2191,1843,1860,1562,1649,1927,1602,1632,1481,1311,1264,1292,1094,1561,1636,1353,1178,3011,2379,1122,1118,969,929,1301,1447,994,1108,2563,2134,1318,1525
bing_querylogs|config_id=1361,1871,2121,1596,1652,1404,1688,2170,1874,1942,1920,2475,2521,6349,8319,4157,3822,3828,4029,3287,4286,2985,2124,2286,1427,1338,2703,2014,2733,2401,2012,3826,2349,2510,1570,1449,2303,2239,22530,4261,1545,1467,2188,3201,3473,3801,1506,1333,4714,6028,1129,1078,2391,3029,3632,3650,2682,2502,1854,1886,831,748,1403,1392,2253,3548,1584,1461,1575,3052,3350,2387,34537,2663,4276,2621,2538,2596,2481,2061,2239,1520,1380,1551,1542,1883,2681,2080,1850,3618,3195,1334,1266,1125,1529,2366,2122,2484,2922,3969,2477,2183,2254
bing_querylogs|config_id=1366,1914,1503,1116,1083,1137,1454,1126,1763,1676,1866,1831,1909,4266,3620,2184,1601,1850,2199,2522,1426,1457,2237,1972,961,951,998,1697,2423,1541,1867,2151,1864,1755,1386,1640,1857,1467,3363,2539,1320,1129,1414,1669,2518,2440,1755,1600,2539,1901,1136,939,2144,2032,2001,2818,2364,2202,1321,1315,732,789,1305,1343,3067,2543,1238,1119,1181,1999,2432,3574,5985,2653,2523,1635,4156,1943,1995,1904,2306,1692,1433,1412,1415,2074,2033,1339,1343,3594,2659,1020,944,769,719,1612,1331,1850,2917,1899,1894,2326,1685
bing_querylogs|config_id=1369,1452,1162,775,881,644,749,1374,1323,1186,1271,1986,2015,2101,2438,1228,1382,1396,1749,1920,1256,1381,1919,1303,767,819,942,936,1227,1003,1969,1527,1101,1140,988,1193,956,1108,67828,1089,1160,1141,1253,1200,2094,2275,773,734,2236,2883,874,869,1233,1405,10612,66369,2977,1085,1258,1101,643,639,817,865,1670,1990,1058,979,1018,1589,2153,1264,1337,1565,1727,1142,944,933,987,1207,1343,1152,1158,997,796,1365,1347,1078,997,2403,2257,782,709,697,651,1118,1121,895,992,1973,2647,1365,1556
bing_querylogs|config_id=1371,1808,1808,830,836,787,788,1327,1361,1277,1217,1748,2432,2849,2844,1436,1244,1210,6068,6387,1328,1395,1161,1259,841,839,917,867,1741,1988,1015,1005,1195,1219,1337,1456,1100,1061,5359,5263,1308,1267,1390,1518,3555,3436,952,952,2391,2114,781,742,992,989,1996,1597,1374,1359,1025,1000,679,684,922,958,1324,1502,771,760,852,2007,1965,2681,2719,1514,1978,4297,4433,1340,1384,1161,1152,737,787,1202,1150,1568,1626,884,888,2022,1886,730,763,640,662,1523,1225,1704,1586,2575,2388,1652,1664
bing_querylogs|config_id=1375,1641,1267,959,928,795,798,1795,2051,872,1013,1607,2039,1275,1488,938,1054,891,1238,1912,1343,1408,1174,1174,680,721,981,1021,1883,1866,1072,1102,1496,1566,955,1072,1162,1260,928,945,2278,2468,1307,1358,1325,1392,1146,1390,1450,1631,1099,1020,1174,1284,1028,1311,1385,1456,1329,1198,711,816,1226,1395,1774,1924,1085,1180,1063,1424,1037,1004,1080,1545,2372,1592,1430,1266,1437,1430,1395,1219,1147,933,930,1689,1660,1046,1034,2753,2498,944,898,633,630,1122,957,1371,1315,1509,1505,2149,1479
bing_querylogs|config_id=1377,3134,2823,1791,2764,1946,1955,1910,2724,1918,2062,2393,2732,3152,4040,2983,2826,2607,3143,3705,2578,2413,2569,2515,1376,1462,1749,2099,2700,3306,2811,2040,1949,2033,2372,2230,2686,2769,2282,2310,1668,1987,2455,2752,2958,2785,1557,1804,2554,2958,1508,1675,2546,35942,2673,2421,2249,2244,2204,2200,1326,1251,2092,2142,2564,2590,1603,1960,1764,1735,1933,2272,2481,3092,2890,2462,3061,2772,3019,3200,2278,1983,2316,2069,1868,2639,2361,2196,2271,2902,3317,1650,1667,1385,1373,2736,2563,2349,1953,3213,2093,2456,2686
bing_querylogs|config_id=1378,881,875,686,685,671,671,997,858,1165,1115,1252,1212,1264,1627,1215,1273,1165,1155,1464,818,827,1168,1176,817,804,997,1013,1116,1113,1229,1165,1178,1204,991,1040,1243,1173,809,729,990,864,986,994,1169,1199,710,708,1378,1190,720,854,1307,963,1300,1096,1113,1086,890,889,696,672,891,908,1278,1272,879,872,863,731,905,750,752,1322,1548,986,836,905,891,1136,1128,768,767,974,945,1303,1305,953,961,1537,1322,733,732,689,684,1086,1085,789,866,1217,1171,858,851
bing_querylogs|config_id=1379,1507,1302,830,901,702,723,2150,2417,1291,1042,2188,1986,3328,6521,1699,1531,1729,4402,2004,1972,2132,1574,1668,809,815,1082,1087,1052,1200,1679,1657,1126,1086,1022,1276,1535,1512,3492,12648,1219,1411,1481,1258,1926,4621,1411,1267,1988,3179,918,914,1122,1146,68996,29350,4196,1335,1373,1364,706,706,797,1004,2084,2048,992,1003,965,3586,2274,2258,1579,1766,1786,1340,1422,1737,1494,1261,1286,1056,1310,1020,1126,1556,1514,967,1166,1817,1876,760,699,814,777,935,1278,888,964,3093,2263,1199,1408
bing_querylogs|config_id=1381,1245,1706,972,1053,665,669,1955,2713,1313,1081,1824,1431,3329,4417,1434,1615,1452,2512,6841,1289,1808,1630,1488,856,826,1091,1053,1508,1028,1629,1650,1163,1226,1218,914,1659,1185,2718,1521,1305,1415,1643,1394,4995,1544,1062,1142,2745,3106,929,910,1221,1277,60936,66167,1219,2035,1399,1367,720,680,886,1038,2254,2041,994,1002,1071,1940,1722,1688,2068,1746,1954,1093,1277,1355,1395,1158,1284,1340,1068,1102,891,1391,1467,1134,1136,2328,2285,779,722,710,812,905,2035,902,1138,2481,3178,1413,1372
bing_querylogs|config_id=1388,2036,1543,1331,1375,927,1188,1500,1435,1642,1472,2222,2461,2986,2246,2124,2033,2201,2624,3465,1366,1537,1808,1696,1155,1121,1310,1281,1681,2657,2711,1868,1567,2082,1503,1636,1608,2647,2252,1790,1709,1519,1715,1603,1646,1687,1475,1382,2014,1848,1532,1380,2167,1744,1439,2020,1543,1782,1636,1385,871,869,1509,1384,1976,2051,1223,1240,1462,1093,1124,1599,1330,2826,2598,1597,1687,1836,1674,1774,1850,1400,1112,1216,1191,2219,2428,1555,1519,3144,3636,1176,1029,1140,1168,1782,1629,1609,1569,2233,2038,1652,1951
bing_querylogs|config_id=1397,1124,995,713,697,649,636,1021,1003,1044,961,1260,1360,1758,732,876,985,998,1648,1549,981,1158,1672,1560,798,792,900,884,909,1077,1025,957,1240,1199,893,950,1095,1143,587,1368,927,867,951,929,1361,1306,746,1052,1355,1791,1083,747,1063,994,1445,1457,9237,1135,1029,1000,620,699,873,950,1311,1513,795,939,900,1741,1184,1059,1043,2026,1595,1488,1105,1042,974,1337,1442,870,945,865,924,984,1176,901,990,1244,1550,763,908,695,800,1013,1007,918,887,1636,1720,1001,1099
bing_querylogs|config_id=1398,1009,1009,845,740,724,727,956,925,1468,1547,1455,1597,1309,1685,1468,1488,1485,1718,1625,859,910,1264,1316,820,827,1299,1122,1141,1346,1059,1046,1298,1328,1084,1221,1924,1355,927,938,941,960,1146,1224,1522,1529,813,780,1547,1599,770,743,1486,1352,1370,1562,1117,1380,992,976,689,681,1044,963,1421,1527,997,1013,1000,882,842,792,806,1996,2042,1425,1484,981,1002,1503,1388,1014,957,999,1030,1249,1482,1038,1037,1280,1289,753,757,730,707,1065,1052,973,1087,1363,1622,971,965
bing_querylogs|config_id=1412,1295,1662,1221,1109,1097,1096,1072,1071,1607,1589,1517,1524,1463,2017,1244,1243,1476,1242,2021,1213,1075,1201,1298,1116,1105,1070,1017,1378,1456,1504,1598,1458,1390,1643,1446,1333,1428,938,1343,1313,1112,1307,1307,1295,1303,1334,1348,1792,1824,1076,1184,1275,1408,1087,1275,1234,1229,1234,1273,770,789,1247,1523,1520,1735,1283,1181,1394,811,811,1107,1575,1715,1777,1080,1139,1630,1584,1559,1549,1215,1144,1444,1192,1623,1723,1319,1231,1768,9893,893,927,977,1050,1483,1477,889,1011,1757,1475,1605,1634
bing_querylogs|config_id=1417,969,987,969,804,688,749,1689,1154,1390,1285,1481,1672,2027,1884,1294,1323,1492,1495,1886,1185,1202,1195,1320,775,841,1105,1000,1242,1453,1033,1018,1208,1239,1286,1150,1292,1278,3072,3351,899,946,1199,1217,1477,1517,809,787,1375,1374,732,741,1066,2788,2000,2853,1156,1341,858,842,687,654,891,891,1436,1638,942,975,954,997,906,1076,1063,1495,1951,2156,2255,1047,999,1339,1392,824,820,1005,1008,1312,1496,912,986,2057,1467,723,723,673,693,1254,1243,944,998,1266,1784,840,842
bing_querylogs|config_id=1418,1018,1009,693,698,833,792,999,998,1823,1247,1320,1275,1843,1829,1557,1859,1541,1909,2108,942,948,1124,1243,833,827,1099,1087,1602,1522,1028,1024,1221,1249,1206,984,1611,2276,999,998,877,881,1187,1203,1451,1557,983,684,1571,1584,818,815,1094,1095,1534,1374,1565,995,921,901,611,611,891,1334,1361,1628,1047,969,960,679,841,1461,1461,1923,2020,1154,1168,1174,1178,1254,1224,979,993,973,962,1299,1504,998,998,1956,2717,712,726,660,735,971,966,1412,1259,1509,1489,884,891
bing_querylogs|config_id=1421,886,889,682,685,793,645,736,735,1553,1400,1248,1265,1902,2744,1500,1332,1344,1438,1524,1027,1203,1091,1210,809,808,1024,967,1178,1038,1107,1203,1250,1292,1164,1066,1280,1397,728,773,910,958,1062,1058,1013,1013,701,696,1418,1407,731,740,1053,1039,1201,1379,1074,1009,919,900,642,644,878,878,1149,1384,897,905,997,974,683,729,779,1690,1700,1542,1496,1201,1210,1378,1295,899,847,909,899,1172,1389,984,984,1508,1518,713,748,669,745,1112,1128,788,791,1202,1691,844,874
bing_querylogs|config_id=1430,1415,1582,911,1070,954,857,1933,1844,1422,1248,1839,1879,2564,2726,1527,1483,1564,1766,1468,1353,1328,1538,1618,825,899,1274,1257,1312,1650,1997,1832,1107,1205,1358,1258,1770,1797,1334,8402,1281,1327,1401,1385,1516,1818,1621,1453,2337,2248,1231,1231,1548,1638,71040,58892,1432,1425,1417,1384,876,871,1036,1009,1914,2035,1167,1189,1145,1422,2054,2013,1631,1674,1772,1322,1490,1498,1561,1931,1524,1247,1238,1213,1250,1829,1764,1174,1089,2229,2280,832,794,901,915,1269,1417,1162,1325,2063,2061,1313,1358
bing_querylogs|config_id=1443,830,841,637,640,769,726,8889,980,1341,1301,1184,1307,1630,1615,1316,1259,1311,1601,1667,830,752,1152,1153,733,741,990,984,1317,1183,1094,1096,1178,1196,1073,920,1077,1478,698,1413,798,779,992,1021,1349,979,662,699,1334,1174,717,705,9231,2773,1154,1450,1008,968,845,748,652,652,750,743,1163,1149,822,819,961,869,653,715,695,1323,1669,1392,9276,919,933,1180,1185,892,851,895,814,1307,1251,935,935,2106,1345,692,627,639,658,910,830,781,760,1461,1244,714,756
bing_querylogs|config_id=1444,1126,838,669,674,780,807,972,1024,1227,1413,1294,1273,1786,1668,1352,1326,1371,1435,2282,861,846,1086,1204,798,797,1023,970,1147,1373,960,956,1245,1281,1044,1100,1219,1362,851,751,871,867,1019,1021,1379,1385,698,695,1245,1340,717,731,1432,1188,1205,1278,1235,1183,932,959,637,639,818,9346,1241,1424,900,894,1000,679,679,939,1139,1469,1469,9258,1655,1204,1185,1186,1262,888,877,928,920,1163,1349,978,976,1447,1404,726,723,663,722,967,961,787,820,1598,1342,812,819
bing_querylogs|config_id=1448,1269,1283,953,787,605,612,2036,2908,1331,1333,2293,2406,3426,2832,1435,1682,2417,73545,5318,1313,1429,2104,2044,806,758,1116,1214,995,986,1768,1761,1056,1117,879,869,1072,1675,2097,1117,1286,1192,1459,1408,1882,3280,997,723,1873,2490,845,846,905,1011,15586,26620,1172,80707,1349,1353,629,665,872,1112,1664,2494,881,1027,1002,3023,2026,1384,1677,1999,1521,1142,17525,1994,1297,1215,1281,1183,1379,935,1067,1298,1253,1088,1094,18330,2213,715,714,785,781,911,902,728,759,2130,2580,1252,1269
bing_querylogs|config_id=1449,1968,2028,1385,1361,1508,1195,1428,1468,1612,1320,2296,2139,2533,2652,1666,2064,1949,2787,2438,1249,1420,1526,1513,1210,1195,1288,1399,1700,1722,2189,1849,1671,1324,1569,1540,1753,1760,1459,2356,1451,1589,1510,1516,1692,1682,1373,1496,2469,2125,1303,1332,2021,1649,1619,1403,1354,1343,1371,1367,818,788,1200,1582,2043,1946,1147,1113,1130,986,1062,1234,1350,1881,1738,1455,1443,1711,1731,1923,1673,1283,1223,1169,1183,2285,2055,1449,1371,1936,3646,878,880,1118,1065,1687,1704,1314,1383,2163,2273,1633,1895
bing_querylogs|config_id=1450,2047,2214,1346,1411,1316,1395,1655,1570,1516,1613,2424,2412,3757,3911,1951,1954,2010,2803,2956,1298,1415,1758,1855,1165,1340,1367,1358,2011,1906,2241,2281,1639,1293,1611,1484,1838,1887,2992,2672,1553,1530,2023,1884,4318,3414,1702,1731,3605,3607,1488,1468,1802,1786,1861,1708,1747,1838,1430,1420,832,922,1188,1224,1761,1809,1359,1224,1382,1015,1044,1177,1160,2095,2611,1785,1689,1678,1790,2160,2146,1255,1259,1284,1301,2221,2428,1456,1405,4640,3845,890,867,1348,1058,1906,1910,1604,1368,2180,2161,1843,1802
bing_querylogs|config_id=1451,972,984,765,759,752,730,947,1065,1306,1218,1432,1379,1699,1626,1487,1491,1454,1723,1925,1000,1024,1152,1270,879,875,1132,1007,1196,1462,1216,1193,1336,1364,1053,1325,2662,1315,1227,1054,996,990,1126,1070,1436,1297,859,861,1376,1445,1005,988,1351,9538,1210,1475,1188,1459,1030,1030,704,754,946,945,1279,1585,970,1009,970,915,832,909,1054,1608,1610,9475,1327,1308,964,1434,1379,919,894,993,985,1180,1380,1039,1095,1787,1670,802,805,752,749,1774,1036,996,1160,1561,1712,888,911
bing_querylogs|config_id=1455,1140,1185,689,694,603,650,1090,1316,1308,1383,1244,1284,1908,1838,1350,1390,1375,1544,1599,971,816,1216,1217,810,815,985,996,1365,1361,1166,941,1265,1289,1138,1120,1818,1216,779,854,905,868,1078,1033,1178,1170,827,790,1390,1411,747,757,1406,9307,1691,1506,1065,1075,921,931,674,651,861,761,1233,1464,941,909,900,856,689,879,899,2126,1451,1518,9302,1249,1125,1253,1252,816,911,873,908,1309,1309,916,994,1614,1228,716,724,670,669,1171,980,821,981,1544,2201,854,861
bing_querylogs|config_id=1461,1351,1554,632,1003,601,602,2021,1755,1134,1168,1620,1633,2245,2023,1277,1257,1443,1601,1623,1272,1038,1167,1181,735,687,1022,1097,1180,1022,1671,1556,1020,1070,1030,870,1323,1590,67062,1016,1194,1229,1181,1198,1393,1387,754,987,3204,3113,881,861,1050,1348,66348,66439,978,3734,1169,1249,584,670,866,829,2005,1791,987,869,1163,2797,1813,1524,1016,1637,1646,819,1775,1373,1220,1110,1134,1092,1093,929,947,1264,1291,913,913,1575,2046,728,770,578,577,1072,826,771,865,2371,2116,1080,1322
bing_querylogs|config_id=1462,2032,2112,1567,1587,1579,1573,1581,1533,1731,1685,2055,1865,2220,2101,1776,1818,1723,1890,2013,1976,1452,1853,1819,1394,1453,1524,1448,1968,1662,2242,2133,1712,2107,2155,1942,1811,1975,1407,1440,1446,1676,1733,1813,1658,1585,1731,1537,2045,2027,1695,1619,1904,1893,1689,1605,1817,1706,1488,1511,1198,1231,1720,1590,1800,1903,1356,1640,1697,1250,1239,1378,1223,1929,2096,1426,1544,1677,1687,2081,1999,1488,1611,1536,1710,2022,2141,1613,1826,2080,2084,1402,1378,1536,1542,2091,1877,1446,1555,1980,1805,1926,1925
bing_querylogs|config_id=1463,1460,1262,925,925,959,968,1075,1073,1148,1143,1186,1186,1868,3324,1162,1174,1011,2634,2701,903,903,1259,1823,842,848,1069,1126,1420,1267,1208,1208,1213,1255,1047,1047,1205,1205,1184,983,901,941,1055,1027,1353,1731,902,882,1114,1115,825,836,905,963,1604,1502,1354,1386,1217,1217,687,688,952,938,1548,1541,1000,994,988,852,858,1029,1097,1656,1679,1352,1487,1219,1219,1156,1259,950,1073,1014,1009,1176,1284,1328,1256,3766,1841,785,796,934,933,1015,1011,934,1189,2023,1910,1298,1334
bing_querylogs|config_id=1464,861,852,698,703,711,630,958,943,1349,1211,1553,1509,1488,1544,1367,1336,1347,1541,1687,802,832,1089,1206,800,818,1032,987,1152,1021,992,961,1253,1279,1225,1253,1651,1293,729,790,946,879,1058,1013,1362,1382,683,679,1250,1407,713,731,1559,1297,1847,1252,1074,1044,907,913,636,638,852,901,2029,1636,895,962,916,813,692,779,759,1605,1868,1625,1490,1030,1093,1340,1423,887,796,930,895,1147,1299,984,984,1823,1456,710,717,666,626,964,958,874,845,1161,1687,846,813
bing_querylogs|config_id=1466,878,879,679,684,643,644,901,1456,1298,1353,1240,1698,2859,1389,1350,1350,1366,1853,2185,938,873,1212,1213,795,805,989,1020,1264,1381,1359,1142,1277,1281,1218,1116,1696,1467,677,955,881,875,1303,1034,1009,1503,796,786,1248,1248,743,743,1131,9279,1263,1391,1113,1143,917,917,674,665,869,869,1239,1424,921,917,915,720,717,740,745,1447,1676,9384,9272,1133,1195,1294,1248,1048,1030,1081,930,1305,1305,992,992,1568,1473,701,700,657,649,976,970,819,834,2082,1540,854,861
bing_querylogs|config_id=1476,1220,1211,894,899,1020,1021,1135,1134,1226,1168,1294,1278,1706,1414,1132,1113,1098,1280,1865,1036,934,1214,1356,823,822,968,920,1378,1648,1320,1296,1317,1345,1108,1116,1144,1144,997,919,946,942,991,973,2007,2001,1190,1177,1164,1190,913,902,937,1052,1089,1211,1461,1443,1262,1242,668,646,976,1011,1340,1462,1046,998,1020,840,840,1078,1419,1928,1691,1398,1390,1134,1134,1125,1137,1072,1069,1039,1009,1076,1279,1207,1187,9651,9845,771,767,708,985,978,972,917,944,1768,1627,1420,1332
bing_querylogs|config_id=1479,1343,1532,867,826,889,973,2181,1680,1341,1151,1487,1447,2240,9952,1493,1097,1181,1206,1409,1542,1423,1302,1428,835,833,939,886,1414,1596,1390,1388,1427,1419,1020,1036,1364,1264,1370,1855,1039,1023,1271,1359,1497,1489,1125,1167,2104,1684,944,873,1178,1134,1145,1071,33754,1458,1107,1065,674,674,1035,1037,1261,1465,1015,983,981,830,1019,1256,33547,1718,1650,1860,2073,1517,1509,1321,1314,940,918,1052,1032,1195,1493,1034,1028,9578,1603,887,886,961,825,1115,1084,1404,1252,2003,2477,1467,1437
bing_querylogs|config_id=1482,883,884,808,689,769,772,687,790,1281,1388,1035,1919,1782,1109,1285,1464,1384,1480,1213,712,939,1019,1051,615,623,1239,1011,1137,1063,858,1145,1001,1027,1120,938,1252,1287,1145,1011,937,948,1015,1081,859,1671,711,647,1090,1383,742,723,1368,790,1156,1852,1047,1328,716,874,715,676,800,887,1213,1097,856,919,936,905,787,818,931,1636,1888,1346,1640,1021,1042,1061,1075,775,836,951,918,1280,1280,939,974,1536,1219,672,732,787,584,775,773,1075,870,1293,1759,781,969
bing_querylogs|config_id=1485,886,1007,663,668,649,640,887,849,1279,1417,1333,1240,1920,1342,1843,1845,1787,1607,1763,964,977,1400,1483,874,887,1051,1003,1145,1295,1006,1066,1215,1243,1392,1436,1293,1708,1374,1479,912,959,1250,1345,1079,1123,694,689,1336,1308,816,788,1197,1199,2482,2261,1037,1000,918,915,595,722,876,876,1358,1481,955,876,924,966,812,836,760,1440,2018,1189,1261,1202,1146,1182,1228,972,1026,980,883,1196,1388,1019,1000,1473,1298,732,720,664,619,1051,1123,973,1010,1453,1449,851,885
bing_querylogs|config_id=1491,2025,2073,855,925,832,834,1457,1455,1238,1240,2031,2145,3943,4229,1506,1484,1562,6673,6895,1439,1480,1203,1246,837,853,1103,923,1945,2038,999,997,1248,1268,1581,1476,1066,1064,5479,5477,1226,1221,1527,1584,3649,3651,976,974,2682,2691,824,891,1289,1286,1753,1777,1568,1594,1012,995,652,655,951,931,1772,1856,781,780,773,2231,2220,2849,2850,2302,2081,4744,4797,1418,1401,1161,1166,787,790,1273,1199,1474,1658,918,919,1948,1930,776,747,633,620,1303,1294,1768,1798,2693,3264,1931,1939
bing_querylogs|config_id=1499,1256,1051,857,860,935,1179,954,1048,1672,1601,1541,1496,2337,2102,1524,1506,1558,1723,1881,1051,978,1271,1389,1072,1084,1208,1155,1470,1428,1268,1236,1431,1458,1385,1399,1432,1515,985,956,1095,1090,1213,1192,1520,1231,1015,954,1604,1604,1020,969,1255,1285,1317,2067,1306,1263,1092,1131,868,933,1105,1106,1501,1708,1089,1085,1155,855,860,911,1171,1624,1828,1446,1576,1389,1415,1535,1389,1108,1011,1107,1107,1348,1534,1229,1135,1724,1711,895,893,840,907,1135,1129,1197,1007,1230,1471,1003,1012
bing_querylogs|config_id=1500,773,764,802,632,600,604,991,1228,1421,1391,1538,1374,1984,1558,1282,1308,1520,1188,1192,802,755,1026,1028,690,695,1129,1184,1256,1262,972,1147,1270,1290,1234,987,1514,1077,756,1190,900,1023,1030,1036,929,1299,710,700,1266,1087,759,747,988,985,1211,1099,1033,1036,942,946,655,721,783,869,1421,1278,845,834,859,679,683,681,685,1739,1240,1528,1028,1171,1210,1310,1080,996,971,876,865,1310,1366,990,912,1675,1043,660,718,670,623,1012,1275,895,813,1588,1436,824,828
bing_querylogs|config_id=1508,838,839,679,684,787,769,1748,1746,1351,1161,1253,1712,1070,1805,1382,1324,1303,1390,1675,913,1107,1094,1212,805,803,1029,976,1152,1239,961,1095,1248,1276,1147,995,1259,1205,853,851,880,876,915,915,1000,993,836,793,1385,1385,732,741,1042,9264,1186,1269,1106,1012,909,943,601,597,859,858,1230,1378,931,914,1007,680,748,732,737,1441,1793,1570,9483,1206,1062,1256,1293,892,861,912,906,1165,1351,984,972,1530,1542,708,783,685,741,992,1205,853,838,1518,1862,843,850
bing_querylogs|config_id=1509,1086,990,1143,1000,956,676,2319,3980,1246,112833,89328,2492,15769,11523,1757,1854,1755,11850,7831,1815,1793,1918,2217,917,929,1273,1224,1606,1610,1734,1817,1210,1230,968,988,1623,1552,1132,1734,1596,1345,1591,1698,4843,3174,744,721,7731,4882,914,830,1496,1724,26453,21948,1680,1783,1594,1366,660,633,1420,1421,2452,2707,973,940,862,7335,6940,1572,1707,3327,2150,1861,2272,1888,1741,1440,1584,911,1210,1151,1200,1433,1402,1552,1275,3018,3550,750,771,870,804,949,1009,965,1032,2537,2313,1454,1657
bing_querylogs|config_id=1512,1974,2188,1316,1307,1407,1335,1299,1213,2002,1774,2099,1940,2497,2846,2356,2079,2194,2204,2898,1923,1945,2070,2338,1053,1149,1873,1771,2113,2299,1959,1910,1817,1887,1833,1986,2206,1928,1819,2248,1479,1601,2413,2235,2003,2616,1316,1216,1886,1847,1320,1458,42713,2172,2314,2479,1662,1808,1677,1882,1059,913,1665,1641,2446,2164,1508,1351,1349,1276,1466,1829,1774,2548,2197,1837,1939,2445,2407,2348,2423,1499,1570,1363,1316,1932,2196,1756,1701,2264,2816,1243,1301,1012,1189,1851,1911,1324,1427,2293,2230,1946,2015
bing_querylogs|config_id=1514,2028,2043,835,862,725,730,1408,1344,1394,1394,2442,2084,3769,3867,1393,1377,1359,7948,8710,1373,1473,1426,1423,704,748,966,1041,1895,2009,1203,1203,1117,1133,1509,1518,1111,1022,5789,5952,1583,1581,1608,1590,5667,5671,990,988,2427,2735,810,721,1092,1254,2267,2055,1489,1513,992,992,631,635,817,813,1418,1547,733,733,692,2413,2429,3040,2833,1581,1592,4673,4739,1464,1516,1527,1150,1034,1033,1078,1086,1716,1693,890,890,2938,2886,737,742,587,580,1286,1276,1732,1817,4284,3959,1939,1991
bing_querylogs|config_id=1523,862,863,739,734,753,754,1072,1096,1503,1319,1319,1280,2018,1322,1521,1303,1313,1425,1806,1487,901,1115,1290,827,827,1089,1036,1142,1120,1059,1055,1429,1303,1256,1276,1426,1374,792,844,947,980,1045,1045,1043,1209,740,735,1511,1605,864,847,9313,9347,1304,1377,1194,1248,1169,1025,715,709,914,914,1405,1443,1010,933,1036,704,704,766,1132,2098,1851,1895,9258,1238,1298,1266,1278,1007,938,962,960,1230,1416,1009,1073,1596,1719,728,885,802,761,1182,1280,820,837,1916,1377,876,882
bing_querylogs|config_id=1526,960,946,713,693,643,693,842,921,1292,1320,1349,1252,1248,1214,1282,1285,1337,1230,1844,809,812,1081,1173,784,781,1059,1002,1190,1284,975,973,1203,1223,1151,964,1192,1497,792,843,901,912,1078,1038,1009,1009,686,689,1375,1327,728,712,1710,1062,1275,1133,1119,1188,866,850,653,651,886,856,1238,1562,926,911,901,832,768,734,735,1626,1751,1478,1326,960,988,1253,1378,780,787,931,913,1158,1340,917,916,1334,1376,711,719,669,694,972,1240,804,999,1272,1452,808,837
bing_querylogs|config_id=1553,1067,908,822,747,648,651,838,855,1108,1165,1304,1312,1745,1505,1321,1414,1380,1415,1587,809,829,1213,1234,844,844,978,1023,1043,1251,1250,999,1248,1278,1085,949,1325,1150,903,702,966,857,1142,1019,1061,1158,761,780,1372,1328,754,732,1098,1039,1096,1134,1109,1179,944,1016,698,666,908,801,1242,1417,883,879,884,780,769,772,918,1554,1718,1166,1200,981,976,1192,1201,899,758,825,914,1371,1298,924,910,1291,1279,738,743,754,733,882,1065,914,918,1116,1343,922,923
bing_querylogs|config_id=1554,1267,1248,962,1098,1182,921,1423,1374,1227,1507,2279,1970,3774,2226,1165,1003,1147,3519,6694,1177,1321,1665,1619,1173,898,1090,985,1544,1656,1433,1505,1163,1387,1076,1181,1685,1582,4434,2479,1275,1371,1458,1280,1896,1677,1076,1274,9333,9758,1867,1607,2027,3903,1553,1720,1631,2012,1337,1446,649,708,1259,1133,2678,9052,1068,980,1499,1365,1332,1100,1040,3464,4670,2187,1447,1902,1692,1613,1885,978,1450,1026,1190,1452,1923,1139,1301,3771,3031,844,834,941,794,1153,1146,1375,1441,3572,2687,1540,1755
bing_querylogs|config_id=1560,1916,1421,1210,1259,1302,1372,1396,1312,1352,1383,1707,1926,2192,1935,1622,1524,1413,1433,1938,1373,1273,1408,1466,996,1176,1196,1109,1458,1587,1708,1654,1396,1415,1871,1713,1512,1597,1052,1106,1259,1478,1451,1385,1704,1440,1316,1261,1745,1751,1152,1206,1460,1341,1503,1241,1297,1338,1374,1496,836,792,1405,1218,1550,1676,1206,1333,1408,1042,1078,1033,1076,1842,1838,1365,1595,1355,1522,1573,1660,1109,1210,1355,1292,1812,2028,1276,1405,1844,1808,883,921,1029,1066,1590,1791,1415,1401,1561,1691,1541,1583
bing_querylogs|config_id=1563,958,957,751,759,675,681,1174,1008,941,932,2184,1774,1867,1700,1380,1020,1027,1367,1743,1153,1037,1256,1453,834,830,902,898,1057,1092,1448,991,1301,1289,910,915,1147,1150,1084,1460,917,877,1279,985,1204,1327,752,750,2714,1748,812,724,1443,1406,1351,1605,10378,709,1070,1106,666,708,960,819,1307,1636,963,980,980,1110,959,1158,1307,1699,2392,1176,1252,1079,1129,1121,1142,1027,850,921,986,1409,1319,828,902,1128,1063,731,800,733,680,1056,1060,845,969,2178,2715,1273,961
bing_querylogs|config_id=1565,1102,1285,948,949,931,778,978,897,1313,1431,2285,2066,1805,2544,1496,1507,1633,1626,1950,883,899,1256,1220,1077,854,1261,1362,1251,1365,1311,1105,1239,1169,1292,1086,1665,1567,1905,2342,941,902,1456,1358,1290,1151,970,981,2440,1456,885,932,1669,2389,1495,1582,1305,1682,780,1115,837,799,973,914,1722,1803,1056,1121,1119,1433,967,922,795,1613,1668,1372,1447,1109,1548,1133,1086,906,848,1190,1267,1483,1433,943,1006,1494,1346,733,751,1015,1301,1509,1134,1054,1284,1136,2187,1141,981
bing_querylogs|config_id=1573,945,1098,837,1947,740,1016,843,1017,1322,1308,1254,1171,2071,1933,1502,1456,1598,1394,1583,822,1227,1177,1144,619,650,925,1009,1163,1224,1346,1207,1079,929,1411,1457,1398,2132,938,2775,842,871,1145,1247,1189,1360,650,640,3082,1290,772,743,1274,2221,1081,1074,1148,1112,817,820,557,557,789,1238,1595,1741,810,759,764,938,885,983,940,1265,1923,1542,2160,1555,1561,1226,1052,999,737,1050,780,1120,1102,977,894,2002,2320,605,760,588,673,1119,1070,1083,1224,3851,2916,880,1201
bing_querylogs|config_id=1574,1485,1607,1263,1244,988,1033,1199,1339,1479,1543,1913,1959,2257,2007,1711,1738,1861,2145,2333,2005,2167,1572,1675,1241,1263,1287,1400,1582,1700,1704,1565,1649,1585,1616,1585,1936,1690,1506,1202,1439,1471,1631,1568,1786,1530,1192,1351,2111,1834,979,1050,2441,17709,1725,1712,1528,3740,1361,1253,922,934,1398,1398,1563,2316,1297,1220,1348,913,984,1754,1386,2536,2087,5813,4074,1699,2217,1938,1930,1265,1175,1303,1216,1439,1985,1396,1359,1759,1805,1144,1062,1051,992,1687,1326,1561,1532,1700,1834,1315,1404
bing_querylogs|config_id=1576,1952,1054,997,1094,747,707,2603,4154,1087,1193,1524,2717,13723,19539,1848,1878,1928,11684,17867,1538,1558,2045,1676,810,828,1196,1307,1306,1425,1673,1267,1086,1102,1053,1070,1512,1041,2066,2374,1403,1454,1421,1700,9837,7771,779,772,8115,5296,827,763,1989,2461,24238,29712,1852,2028,1330,1388,671,603,1263,1611,2442,2767,1164,825,859,2271,1153,1595,1615,2079,1993,1937,2605,1864,1672,1303,1323,856,857,1114,1168,1297,1330,1083,1251,3389,2879,689,693,721,745,1194,933,3440,1040,1617,1805,1441,1482
bing_querylogs|config_id=1577,1499,1662,1196,2013,818,816,1374,1364,1541,1679,3011,3561,2405,3223,1627,1561,1587,2321,2164,1113,1269,1625,1690,1223,1407,1229,1319,1275,1739,1456,1554,1183,1201,1487,1156,2173,2138,1003,4338,1091,1025,1403,1481,1416,1679,1304,1498,3264,2554,1008,1144,1921,2093,1875,1594,1333,1649,1427,1204,706,680,921,916,2099,4945,1190,1240,1290,1043,1018,1111,1063,3042,1837,1514,1911,1347,1315,1455,1526,1057,1000,1069,1135,1422,1418,1052,1046,1854,1858,916,1061,746,750,1200,995,1361,1192,3620,2250,1261,1483
bing_querylogs|config_id=1578,1902,2156,1346,1318,1099,1079,2512,2263,1416,1538,3607,9200,5850,4433,1847,2188,2002,2629,3986,1337,1363,2880,3318,1142,1007,1253,1632,2025,2557,3315,2956,1676,1782,1405,1267,3403,2216,2410,9303,1758,3642,1612,1558,5845,5816,1101,1068,3433,3833,1895,1682,2113,2087,1548,2119,11279,4259,1492,1753,838,914,2057,1983,2795,3337,1586,1399,1604,1459,1286,2511,2545,2870,2635,2004,1880,2860,2262,1890,1928,1174,1451,1392,1362,2101,2292,1474,1473,2241,2988,1175,1174,1697,1447,1851,1684,1653,1580,3214,5367,2528,3242
bing_querylogs|config_id=1584,1153,1167,857,756,674,717,1329,1828,1744,1687,1443,1424,3138,2672,1790,1940,1884,1952,2351,996,1177,1220,1828,1140,900,1137,1207,1513,1637,1158,992,1191,1240,987,1640,2137,1710,1335,1656,1016,1022,1873,1746,1387,1677,758,774,2018,1788,881,1126,1432,1543,1873,1590,1396,1471,960,1161,722,889,955,954,2067,1663,1123,1076,1110,1187,1087,1021,1007,1573,1779,9210,1667,1405,1197,1251,1166,1191,1523,1172,1033,1106,1078,947,1162,1544,1839,777,771,682,853,1360,2126,1005,1348,1411,1566,1278,1298
bing_querylogs|config_id=1585,1421,1534,1061,975,729,716,1002,1678,1514,1585,1875,1588,3695,2350,1683,1671,1814,2364,2557,971,1370,1596,1642,822,845,1545,1678,2462,2095,1292,1290,1270,1253,1382,1340,2234,2245,3078,5593,1150,1148,1928,1542,1555,2193,1049,932,1752,1659,1079,1026,2173,2102,2433,2731,1230,1282,970,992,784,774,1044,1031,1887,1868,1080,1081,1072,1067,1033,985,918,2058,2538,2317,2485,1763,1542,1666,2004,1005,1011,1068,1078,1676,1732,1145,1151,1833,2326,860,853,739,743,1255,1078,1665,1142,1969,1724,1456,1291
bing_querylogs|config_id=1587,1330,1489,1077,1039,918,1055,991,996,1650,1550,1758,17811,1903,1822,1904,1958,2230,1985,2282,1119,1194,1515,1554,1016,1014,1147,1376,1628,1772,1520,1312,1567,1474,1634,1567,2051,2196,1007,1037,1219,1101,1474,1461,1725,1649,989,967,1848,1570,1021,1041,2082,17743,1503,1505,1417,1361,1199,1068,844,894,1162,991,1616,2462,1139,1141,1109,1076,952,1206,1209,2435,2344,1405,1583,2297,17386,1473,1476,1077,1152,1162,1157,1726,1726,1309,1239,1610,1651,944,957,865,949,1464,1520,1143,1372,1968,1804,1158,1171
bing_querylogs|config_id=1589,2021,2131,1549,1602,1142,1403,1882,2331,1542,1686,2253,1452,2455,1858,1814,2097,2089,2056,1881,2149,1960,1675,1799,1160,1170,1319,1617,1922,1327,1961,2315,1782,1652,2220,2004,2056,2106,1283,1484,1473,1531,1516,2226,1745,2281,1311,1462,2167,2095,1421,1405,1415,1875,1960,1244,1887,1905,1632,1629,903,974,1481,1503,2049,2335,1355,1343,1248,1482,1208,1241,1438,2526,2615,1794,1959,1917,2377,1818,1857,1626,1402,1618,1506,1569,1600,1783,1952,2358,1827,1358,1325,1581,977,1808,1777,1970,1527,2140,2002,1777,1725
bing_querylogs|config_id=1592,1073,1210,853,968,799,804,1006,1448,1426,1493,2601,2691,3063,2639,1686,1614,1624,1904,2608,986,1076,1394,1399,970,903,984,1027,1319,1447,1742,1130,1213,1234,1455,1441,1979,2091,1844,2466,964,975,1322,1172,1256,1254,712,735,3965,3921,852,742,2050,2380,1227,1340,1181,1273,936,936,730,708,949,880,1466,2801,1033,1115,1029,1273,973,1013,1055,3276,3041,3336,1684,1246,1104,1312,1312,943,905,995,922,1386,1530,928,983,1309,1312,774,750,695,711,1203,1207,1085,1158,1372,2900,1088,1119
bing_querylogs|config_id=1596,1826,1287,832,710,594,601,1963,1962,1220,1189,1641,1766,3430,2374,1549,1445,1640,2295,1293,1282,1791,1330,1919,974,908,956,1804,970,1067,1312,1363,1068,1088,909,1068,1244,1050,78273,4919,1072,1178,870,1783,1561,1461,958,881,2722,2247,872,875,1022,1026,70308,73281,2818,1090,1066,1100,625,608,831,844,2249,2445,850,859,901,4234,5160,1460,1591,1971,1665,1253,1072,1002,1260,1162,1027,890,1029,832,919,1377,1393,844,903,3202,1648,671,670,588,578,1178,1065,879,1027,2222,1543,1100,958
bing_querylogs|config_id=1600,1245,1051,859,866,890,889,911,1076,1543,1537,1457,1450,2869,1987,1474,1463,1503,1315,1946,1051,977,1388,1389,1112,981,1137,1324,1575,1207,1413,1409,1449,1507,1377,1307,1903,1776,969,1189,1094,1115,1191,1229,1535,1455,918,957,1494,1494,1020,1020,1203,1241,3328,1422,1416,1388,1091,1103,907,918,1105,1094,1697,1699,1091,1211,1077,938,855,910,1040,1833,1828,1312,1492,1385,1411,1423,1445,974,963,1107,1096,1569,1569,1138,1132,1729,1705,894,893,836,831,1264,1214,1222,1800,1794,1471,1003,1010
bing_querylogs|config_id=1605,1600,1528,1156,1056,1198,1332,1325,1324,1432,1268,2087,1805,1704,1905,1362,1290,1561,2332,2310,1138,1231,1526,1569,884,874,1100,1064,1331,1501,1515,1458,1383,1723,1169,1200,1349,1270,1067,1040,1008,1067,1291,1339,1780,1792,1055,971,1465,1313,936,977,2271,17337,3435,4524,1936,1928,1299,1281,762,826,1147,1135,1670,2051,1179,1082,1067,852,853,1615,1259,1901,1991,2118,17709,1839,1427,1228,1517,1208,1232,1066,1164,1329,1662,1177,1180,2459,2174,841,831,1138,1170,1289,1199,1670,1993,1862,2175,1362,1391
bing_querylogs|config_id=1609,892,869,826,747,681,677,860,935,1206,1266,1472,1491,1716,1956,1362,1362,1362,1802,1770,892,829,1194,1190,773,781,1163,1236,1137,1259,1217,1179,1204,1224,1182,968,1592,1256,1153,937,886,923,1000,1002,1451,1059,765,701,1313,1355,853,868,1629,1898,1280,1235,1346,1288,920,902,696,718,838,887,1612,1380,940,917,902,697,779,856,852,1597,1543,1578,1616,866,866,1182,1384,900,900,939,900,1418,1372,955,987,1515,1494,746,735,761,722,1050,1129,903,1662,1229,1236,947,1034
bing_querylogs|config_id=1611,1678,1538,1057,1087,694,752,1580,2458,1252,1399,1846,1919,4312,6557,1555,1451,1565,1691,2150,1289,1649,1389,1602,731,768,974,1229,1025,1058,1701,1988,1006,1026,962,1172,1639,1102,4067,4224,1671,1331,1429,1444,1907,4559,823,842,2852,3353,856,858,1055,1139,14946,9098,1320,6013,1232,1226,661,615,825,1000,1873,2721,945,1006,994,3251,38372,1593,1621,2188,1888,1114,3659,1514,1695,1212,1183,1169,1128,921,1000,1561,1358,1126,1106,2363,2150,709,701,647,828,880,1476,832,892,2249,2637,1348,1442
bing_querylogs|config_id=1617,1400,1342,972,1003,1016,810,1391,1055,1672,1549,2520,2332,2414,2546,1975,1874,1932,2443,2740,1413,1553,1363,2191,1090,1044,1203,1216,1531,1973,1180,1154,1424,1528,1709,1731,1948,3365,1207,1252,1419,1278,1813,2052,2613,2135,1104,814,1834,1697,983,983,1383,1384,2050,1690,1323,1375,1152,1248,730,730,1266,1262,2226,2547,945,1081,982,982,979,1173,1551,1914,2450,1586,1759,1645,1210,1370,1393,1313,1234,1109,1012,1298,1501,1366,1346,2236,1661,843,831,910,875,1154,1997,1210,1230,2300,1870,1344,1528
bing_querylogs|config_id=1620,959,1102,865,875,581,582,2123,1828,1072,1074,1287,1340,1624,2612,1271,1333,1202,2509,6814,1196,1198,1215,1230,690,698,1030,1009,924,947,1351,1243,1092,1018,856,858,1481,1481,5345,7748,1119,1067,1013,1063,1469,1282,896,897,2002,1874,812,812,934,1001,10318,2715,15648,994,1204,1179,562,638,787,867,1283,1304,849,982,1085,1253,1997,1259,1281,1310,1331,2388,858,1429,1310,1165,1075,1070,1070,941,941,1267,1210,833,810,2346,1839,689,700,562,585,811,808,688,696,1627,66969,1138,1019
bing_querylogs|config_id=1624,1531,1339,1219,1240,1492,1511,1171,1266,1314,1176,1894,4731,2329,1796,1370,1389,1324,1523,2094,1207,1202,1752,1799,939,961,1113,1105,1641,1673,1819,1778,1914,1485,1190,1153,1540,1703,1089,2171,1185,1193,1328,1295,1548,2016,956,934,2164,1930,1290,1370,2863,1308,1018,4746,1251,2634,1449,1454,753,737,1355,1220,1667,1927,1158,1190,1239,1320,1567,1489,1273,2919,2123,2011,1646,1701,1721,1680,1817,1047,1042,1290,1256,1505,1903,1329,1087,2121,2119,1083,1112,1124,1365,1295,1553,1273,1257,1703,1875,1718,1866
bing_querylogs|config_id=1626,1088,1060,1049,739,837,815,990,1141,1364,1408,1515,1845,1879,1497,1534,1577,1674,1818,2232,1121,1238,1289,1390,840,807,1183,1257,1268,1328,1528,1282,1348,1334,1146,1330,1339,1377,1791,17480,1138,1008,1484,1311,1476,1580,907,760,1512,1837,1049,998,2459,3397,1429,1301,1352,1462,1071,939,751,748,1193,1376,1485,1716,1058,1064,1022,937,862,1071,1078,1679,1800,3715,7105,1320,1987,1342,1472,1162,1096,1065,1032,1652,1619,1086,1088,1982,2100,816,847,784,706,1291,1398,1171,3066,1520,1765,972,1127
bing_querylogs|config_id=1628,1046,872,817,777,942,793,996,873,1732,1543,1663,1346,1364,1759,1315,1603,1561,1321,1814,946,941,1133,1373,773,856,1341,1121,1440,1388,1328,1317,1424,1396,1335,1267,1641,1568,1089,1154,972,973,1476,1163,1142,1348,823,862,1571,1621,787,750,1218,1156,1653,1625,1123,1225,926,1329,814,1005,978,1038,1328,1716,1113,954,941,808,803,825,843,1665,1713,1306,1175,925,925,1402,1203,913,959,1023,949,1353,1204,1109,1049,1160,1210,774,776,810,925,1211,996,934,1019,1474,1597,940,1019
bing_querylogs|config_id=1633,1676,1065,827,931,655,814,1719,1461,1232,984,1564,1444,10380,13631,1607,1413,1550,21696,14921,1401,1736,1568,2455,747,726,1058,1119,1086,1388,1535,1255,1019,1041,978,969,1511,1275,2644,1400,1272,1155,1303,1213,2139,6683,711,756,2789,2215,766,805,2357,1470,22166,26833,8538,1045,1239,937,666,668,1154,864,2645,2393,1045,920,801,14216,4453,1298,1704,1786,1849,1478,2635,1606,1739,1091,1185,836,839,942,951,1268,1269,1030,1204,2573,3074,687,680,646,611,929,883,868,1000,1455,1841,1282,1441
bing_querylogs|config_id=1634,1029,964,1032,829,588,646,3222,1596,1039,903,2644,1447,10287,13059,1499,1335,1611,1530,25424,870,920,1376,1574,688,736,1030,1120,1470,1018,1330,1218,1077,1017,912,888,972,1271,1018,1067,1049,1040,1369,1141,4934,4294,688,727,3000,2910,743,737,1136,1482,18419,23030,1213,1244,1008,1010,603,624,837,1107,2443,2379,873,810,772,4669,4370,2312,1205,1580,1521,1669,2055,1316,1788,1240,1119,755,819,800,978,1281,1280,1075,1290,2629,2654,669,713,602,595,855,889,881,969,1986,1899,1295,1161
bing_querylogs|config_id=1645,1131,890,689,715,702,746,778,745,1334,1076,1320,1292,1774,1663,1356,1346,1372,1149,1798,911,887,1097,1216,805,804,1026,973,976,1028,1030,999,1253,1285,1224,1088,1256,1531,888,1281,881,889,1064,1064,1001,1271,845,810,1447,1371,734,866,1066,1084,1193,1472,1064,1090,920,926,642,644,874,879,1207,1377,931,917,929,690,679,735,790,1814,1444,1252,1808,1178,920,1364,1282,819,847,912,921,1338,1358,983,981,1630,1580,729,741,675,724,968,954,1007,825,1470,1691,844,851
bing_querylogs|config_id=1646,859,972,691,799,632,639,736,735,1360,1364,2052,1694,2579,3961,1346,1327,1294,1259,2070,869,826,1296,1218,807,806,1037,979,1221,1381,985,981,1261,1290,969,1224,1492,1206,871,1315,918,929,1054,1060,1024,1497,695,690,1405,1421,721,730,997,1039,1297,1217,1056,1136,907,942,646,644,864,869,1249,1711,902,925,909,1022,1040,794,811,1988,2038,1386,1914,870,870,1492,1299,759,814,910,927,1194,1397,939,939,1476,1591,719,719,661,637,1300,999,962,1102,2420,2123,818,862
bing_querylogs|config_id=1663,1120,879,683,689,640,643,1756,2330,1428,1393,1240,1333,1762,1309,1360,1350,1345,1281,1749,947,828,1241,1241,795,821,997,1024,1109,1381,1160,1142,1253,1289,1236,1040,1696,1914,720,789,881,877,1023,1025,1039,1403,696,692,1240,1420,751,750,1123,977,1112,1610,1080,1101,917,925,673,669,883,880,1467,1337,931,920,907,843,897,740,745,1791,1509,1651,9342,1214,1195,1246,1305,940,962,920,909,1305,1341,1014,1014,1455,1462,721,718,662,659,1274,946,801,830,1505,1814,841,849
bing_querylogs|config_id=1674,1163,890,680,685,644,645,1757,1755,1395,1392,1273,1273,1789,1631,1515,1350,1346,1210,2024,899,875,1186,1216,809,808,1080,1023,1171,1251,971,981,1262,1290,1167,1073,1462,1740,861,910,882,878,1068,1024,1278,994,695,690,1349,1377,744,744,978,1102,1206,1307,1101,1076,923,890,648,699,888,887,1186,1380,930,927,972,688,686,739,828,2018,1920,1474,9317,1215,1196,1267,1351,827,820,927,909,1120,1306,989,989,1812,1606,717,711,664,714,976,999,822,805,1150,1818,829,836
bing_querylogs|config_id=1692,1028,874,675,680,716,996,743,738,1353,1379,1285,1297,1817,1302,1219,1347,1295,1580,1733,888,864,1092,1211,804,803,1029,976,1282,1268,967,963,1244,1272,1224,1104,1222,1465,854,835,877,871,1015,1027,1211,1171,836,793,1278,1260,730,743,1012,1169,1188,1255,1083,1193,902,897,643,645,875,874,1246,1401,989,900,991,678,678,742,789,1707,1416,1585,1591,1207,1247,1370,1498,897,902,919,926,1169,1390,988,986,1449,1467,708,715,660,709,968,1025,817,826,1563,1786,1007,816
bing_querylogs|config_id=1695,846,847,678,685,768,637,813,1087,1178,1253,1304,1266,9472,1656,1578,1536,1850,1562,2092,830,877,1094,1212,803,807,1026,973,945,1432,1139,1135,1263,1275,1138,1015,1672,1630,996,1033,957,949,1111,1157,1357,1356,694,691,2093,1450,729,700,1467,1531,1213,1214,1125,1252,967,948,604,628,966,906,1265,2279,908,902,966,960,992,801,832,1581,1657,1378,1167,1210,1145,1188,1311,911,943,891,921,1184,1252,977,977,1497,1628,712,706,665,728,960,1045,1094,851,1369,1607,817,847
bing_querylogs|config_id=1697,1191,898,693,698,643,831,1072,1071,1447,1395,1400,1411,2001,1998,1361,1351,1373,1333,1940,1063,902,1112,1231,810,809,1081,936,985,1254,972,982,1265,1297,1244,1046,1626,1494,878,915,883,879,933,1025,1289,1345,790,793,1280,1290,741,741,9263,1125,1072,1679,1129,1039,967,955,707,667,889,888,1626,1470,926,920,918,675,723,792,917,1463,1819,1651,1643,1124,1122,1272,1266,927,843,921,926,1125,1363,992,990,1514,1545,742,736,679,634,1075,990,847,864,1523,1837,1003,837
bing_querylogs|config_id=1699,1282,1272,662,667,674,698,1501,1419,1114,953,1450,1472,1797,1936,1144,1187,1090,1618,3743,1279,1445,1375,1471,793,793,908,821,1120,1362,1373,1555,1201,1278,879,906,1059,1311,1969,75631,1066,1229,1079,1088,1373,1492,994,770,1610,1899,950,914,1102,1118,71750,70653,1814,2543,1196,1177,587,623,908,912,1210,1439,1062,912,940,2096,1880,1213,1462,1898,1587,1902,1142,1441,1285,1364,1342,1041,1048,1004,1049,1363,1502,926,898,2720,2061,755,766,653,692,952,947,798,807,1919,2350,1065,1253
bing_querylogs|config_id=1710,1040,1089,909,989,731,764,5038,1734,1149,1186,1551,1559,21715,1983,1636,1887,1597,12203,4802,1798,1463,1475,1691,735,730,1091,1168,1502,1399,1080,1565,1174,1211,1116,968,1511,1553,1514,2884,1268,1192,1567,1598,4647,1989,830,804,7827,2834,828,817,2411,2253,22327,19915,1387,1154,1256,1340,617,743,1337,1296,2566,1882,944,888,964,6705,8730,1904,1584,1853,2023,1569,1929,2097,1529,1220,1063,959,962,972,888,1412,1519,1128,1012,2649,2817,739,776,679,649,1124,1236,965,1158,2306,1963,1309,1578
bing_querylogs|config_id=1731,1123,1115,874,883,769,884,1087,1086,1195,1234,1740,2045,1830,1624,1370,1440,1560,1559,1748,937,1181,1488,1435,854,928,1011,1075,1181,1346,1461,1142,1238,1270,1029,1183,1240,1244,1727,5627,1061,942,1274,1299,1200,1514,871,875,5066,1690,862,795,1686,1860,1187,1498,1661,1476,1099,1041,702,666,907,804,1642,4373,959,880,884,890,889,891,837,2270,1987,1102,5125,1263,1220,1274,1318,902,794,936,983,1374,1564,870,984,1373,1487,766,770,1025,800,3138,1310,1108,1095,5929,3156,1024,1022
bing_querylogs|config_id=1736,1559,1633,1066,1153,1428,1401,1598,1834,1097,1202,2187,2468,3445,4038,1097,1145,1235,1685,2175,1515,1411,2567,1834,1295,1311,1040,1067,1697,1987,1588,1315,1430,1550,1047,1221,1277,1358,1257,1438,2659,2312,1229,1233,1583,1567,1267,1242,9432,6596,1161,1131,4592,1839,1223,1143,1446,1819,1408,1425,805,761,1567,1381,1790,2138,1141,1247,1215,1944,2061,1266,1258,4244,3148,1642,1875,1821,1871,1584,1650,1765,1379,923,1200,1733,1679,1333,1319,2117,2045,1183,1127,1151,1025,996,1281,1642,1593,8042,3644,1610,1632
bing_querylogs|config_id=1741,1159,1295,762,770,952,958,1466,1569,858,860,1532,1435,1729,1353,839,835,833,1347,1466,818,852,1333,1321,835,830,896,1111,1353,1393,1201,1191,1381,1424,903,875,1379,1266,697,998,2522,1794,1069,972,1248,1253,967,959,1442,1331,804,804,1374,1331,2699,867,1049,1063,1194,1040,696,692,1167,1201,1776,1691,869,829,849,831,747,952,741,1548,1429,1132,1108,1754,1442,1184,1159,1268,1450,852,865,1302,1302,1051,1043,1726,1654,832,766,749,749,942,884,1353,1900,1450,1525,1454,1194
bing_querylogs|config_id=1746,1032,908,653,727,674,691,1255,1383,674,753,1662,1398,1161,1177,656,675,650,1275,1462,1288,875,1182,1145,742,736,753,814,1420,1148,1000,965,1087,1174,695,753,993,965,641,1580,2129,2015,869,877,1055,1039,889,983,1278,1101,829,832,1569,1787,3199,1018,992,885,996,859,532,575,1050,998,1559,1474,801,769,734,1184,1163,652,646,1712,1910,1273,1959,1300,1115,1176,944,1993,1571,661,619,918,884,719,791,1941,2150,714,692,612,568,804,779,1027,1156,1434,1207,980,860
bing_querylogs|config_id=1755,1086,1115,1100,1374,952,1081,1573,1421,950,998,1762,2059,1788,1798,1134,1015,1011,1542,17536,942,873,1318,2003,918,914,935,1021,1701,1501,1125,1331,1410,1437,940,1006,1583,2310,764,1970,2431,2028,1493,1762,2482,1251,1006,1001,1603,1564,912,841,1739,1868,1046,1061,1075,953,1250,2203,720,694,1242,1242,2775,1596,865,868,863,1346,1315,1007,1020,2083,2006,1262,1065,1351,1264,1074,1074,2538,1259,902,895,1150,1320,1089,1091,2112,2108,866,841,785,739,909,907,1459,1383,2493,2105,1164,1171
bing_querylogs|config_id=1776,1172,1598,873,814,964,1139,1503,1405,911,895,1572,1493,4306,4292,880,993,1107,1359,1755,917,1043,1228,1235,824,824,1107,1159,1486,1642,1042,1147,1216,1234,892,1048,1053,1086,793,956,1690,2487,1283,1204,1440,1592,1055,1013,2551,1234,975,986,1666,1253,984,953,1365,1563,1077,1061,711,708,1230,1286,3016,1168,975,909,971,4275,3684,1001,1139,1442,2074,1514,1243,1334,1395,1190,1306,1041,956,878,1010,1027,1039,1002,1031,1642,1576,842,827,831,803,881,1064,1395,1353,4116,9348,1507,1218
bing_querylogs|config_id=1781,1153,1147,973,751,831,853,1688,1698,825,821,1559,1638,1432,1329,884,838,816,1241,1479,934,921,1282,1354,849,863,1144,1009,1232,1424,1195,1075,1312,1342,915,895,1315,1177,782,863,2360,2126,942,911,1275,1229,1138,1116,1527,1452,1016,998,1358,1392,1836,1858,966,997,1130,1414,632,641,1182,1166,1538,2559,912,944,906,1461,1508,813,850,1718,1678,1105,1208,1341,1279,1330,1288,1404,1311,830,817,1230,1366,974,964,2053,1745,785,799,737,714,1000,999,1328,1362,1453,1727,1050,1039
bing_querylogs|config_id=1793,1349,1312,1492,1023,1052,999,1989,1901,944,954,2683,2424,2416,2173,928,994,1104,1920,3164,1040,1121,1552,1583,1093,1020,1010,1229,1575,1595,1494,1458,1374,1442,1330,1037,1445,1675,1414,1116,1843,3034,1240,1236,1420,1389,1079,1191,3193,2306,1159,1180,2219,1902,2898,1444,1068,1293,1260,1190,839,817,1558,1361,2622,3941,989,1042,1136,1086,1823,1185,1088,2919,2943,1594,1606,1564,1578,1476,1440,1731,1905,1240,1259,1435,1846,1111,1099,1936,2181,951,892,821,821,1150,1159,1319,2107,3771,3611,1290,1233
bing_querylogs|config_id=1802,1764,1715,1283,1154,1605,1999,1466,1477,1493,1589,1947,2936,2892,4073,1703,1797,1746,1975,2552,1185,1373,1769,1988,935,1030,1201,1025,1990,1915,1520,1358,1301,1359,1388,1224,1624,1629,2082,2226,1170,1200,1404,1443,2161,2089,1433,1198,2581,2671,1011,1016,1597,1444,1489,1716,31121,31674,1594,1602,692,766,1282,1259,2604,2514,1444,1301,1433,1074,1179,1624,1856,3952,2323,1844,1862,1662,1712,1422,1459,1416,1610,1455,1438,1333,1683,1298,1296,2971,2569,883,939,1106,1071,1410,1124,1104,1172,2340,2001,1731,1778
bing_querylogs|config_id=1807,1687,1532,1090,1168,1496,1356,1285,1324,1306,1379,1585,1877,3191,2868,1774,1824,1637,2184,2357,1027,1137,1378,1297,949,1008,1752,1555,1687,1708,1779,1868,1436,1602,1330,1137,1661,1351,1107,1320,1089,1200,1303,1378,1826,1636,1228,1205,1570,1364,1079,1094,1437,1530,1452,1214,33385,1593,1403,1685,1026,935,1073,1011,1956,2128,1124,1329,1238,1064,1041,1136,1339,1746,1576,1853,1554,1425,1424,1405,1151,1021,1005,1051,1373,1583,1731,1342,1326,1955,1991,998,970,1587,1103,1481,1353,1305,1416,1904,1809,1605,1807
bing_querylogs|config_id=1812,1707,1747,1411,1491,1258,1287,1946,1906,1428,1437,1837,1417,2730,3641,1541,1680,1748,2660,2732,1507,1712,2223,1596,1011,939,1056,1203,1839,1937,1818,1570,1302,1583,1202,1204,1398,1469,1300,1314,1092,1082,1477,1470,2241,2444,1353,1333,1532,1602,1154,1074,1321,1395,2909,2527,2968,34351,1631,1474,877,923,1186,1179,2040,1754,1361,1329,1327,1213,1217,1640,1420,1825,2567,1737,1791,1755,1866,1322,1346,1632,1601,1228,1343,1271,1614,1496,1496,2252,2386,1056,918,1521,1495,1282,1199,1827,3014,2127,1718,1632,1465
bing_querylogs|config_id=1821,1311,1138,974,974,986,986,1128,1180,1052,1125,1518,1331,1952,1963,1515,1550,1384,1826,2081,995,941,1282,1480,791,813,1019,1247,1720,1736,1540,1231,1511,1361,1078,1068,1315,1405,966,971,945,1037,1333,1401,1790,1735,893,880,1173,1336,1058,1081,1370,1127,1260,1047,1519,1500,1344,1344,683,715,945,945,1720,1707,1085,1206,1159,824,942,1541,1878,1232,1271,1429,1547,1292,1276,1273,1409,1143,1078,1170,1176,1236,1554,1378,1309,1719,1862,876,950,1216,984,1224,1298,851,872,1430,1554,1266,1443
bing_querylogs|config_id=1826,1228,1098,791,787,1162,1261,1590,1586,883,869,1331,1483,1690,1743,799,808,792,1409,1543,1144,1228,1658,1672,851,862,856,899,1394,1545,1342,1096,1246,1489,762,826,1134,1255,804,754,1666,1574,1086,1087,1582,1672,998,980,2432,2063,829,826,1686,1525,1164,1221,1688,1681,1039,1012,654,618,1141,1118,2188,2464,860,828,839,968,954,1260,1123,1698,1909,1358,1460,1483,1525,1249,1242,1076,1033,808,1031,1346,1340,1036,1105,1976,2274,795,784,636,685,837,916,1644,1648,1684,1731,1565,1564
bing_querylogs|config_id=1831,1373,1430,903,946,935,1068,1106,1431,999,1231,1562,1658,2363,1654,1430,1564,1517,1998,2218,909,915,1428,1504,903,1037,1136,1290,1289,1506,1310,1553,1297,1116,1083,953,1173,1305,1154,1502,1134,960,1220,1257,1623,1476,971,843,1293,1531,895,970,1347,1462,3525,4126,1595,2586,1203,1276,688,745,1081,1131,1804,1707,1006,952,863,1022,1093,930,1164,1544,1748,1937,1885,1554,1450,1165,1193,1148,1241,982,981,1534,1500,1198,1239,1889,2018,700,701,1051,1120,938,1260,1097,972,1759,1674,1242,1330
bing_querylogs|config_id=1836,1343,1415,1018,1118,1518,991,1590,1702,847,880,1731,1928,4198,4907,1111,1065,985,3958,1591,1220,1482,2121,1374,990,1028,840,856,1558,1767,1159,1123,1134,1153,888,794,1047,1154,909,2128,2530,2688,1329,1263,2743,1999,846,843,1275,1660,815,837,1999,7792,6150,7201,1010,1112,1020,1066,640,643,1141,1219,1752,1507,747,770,830,2243,1361,1314,1293,3225,3009,1626,2255,1800,1830,1180,1385,1315,1356,914,729,1917,1402,1205,1287,2621,2377,690,701,621,618,779,766,1642,1518,1644,1758,1346,1315
bing_querylogs|config_id=1841,884,893,780,824,707,884,1277,880,1164,1034,1020,1258,2329,1921,1007,961,828,2198,1432,1127,1127,1380,1134,797,810,1037,1128,1573,1197,1229,1372,1185,1209,762,884,1162,1091,1295,1815,1095,1061,954,927,1359,1424,836,1097,1513,1370,913,971,1026,1013,1132,1144,1189,1186,1040,1080,688,699,834,875,1252,1512,789,804,807,888,1256,1023,1032,2111,1606,1095,1174,1190,1020,1199,1220,998,931,812,885,1442,1429,995,1116,2811,2300,791,802,732,614,921,813,754,1234,1413,1073,987,853
bing_querylogs|config_id=1850,1720,1751,1405,1454,1414,1615,2019,1990,1482,1490,1940,2004,2380,2446,1849,1855,1903,2952,2998,1363,1459,1894,2010,1142,1164,1231,1205,1932,1800,1634,1712,1680,1819,1607,1629,1632,1828,1215,1375,1519,1363,1603,1593,2307,2269,1503,1359,1956,1906,1114,1114,1515,1486,1323,1349,2075,2169,1786,1771,866,872,1277,1277,2417,2153,1476,1471,1425,1116,1140,1810,1666,2654,2659,1776,1942,1904,1863,1580,1549,1436,1457,1559,1558,1446,1641,1663,1671,2739,2773,1006,1278,1339,1237,1395,1517,1652,1468,2062,1870,1900,1862
bing_querylogs|config_id=1866,1800,1503,1032,1114,1137,1019,1323,1298,1201,1112,1756,1612,2479,2954,1284,1743,1496,1748,2217,1029,1145,1525,1654,913,1017,1044,974,1511,1679,1523,1473,1278,1320,1038,1201,1179,1308,1468,995,1058,874,1242,1261,1540,1660,940,1066,1699,1478,953,931,1306,1131,1595,1856,2347,2420,1364,1434,773,674,985,891,1661,1738,1097,1180,1072,1046,1130,1178,1258,1794,2290,1434,1579,1548,1650,1597,1174,1024,970,1046,1139,1667,1614,1334,1254,1646,1940,880,774,1158,1090,956,1154,1026,1141,1529,1980,1310,1441
bing_querylogs|config_id=1879,974,945,673,678,941,812,1654,1708,760,764,1894,1724,962,946,735,765,750,1200,1424,875,812,1163,1270,811,810,848,799,1232,1284,1165,1130,1240,1268,792,802,1080,1080,1304,1293,1852,2431,860,856,1066,1064,1076,931,1178,1177,811,844,1469,1367,832,861,840,828,995,996,574,570,1281,1184,1220,1495,719,720,780,1544,1509,751,789,2403,1474,1026,1054,1218,1221,1258,1308,1300,1967,730,903,984,1205,901,871,2806,1304,721,744,638,717,900,864,968,33532,1271,1478,907,914
bing_querylogs|config_id=1883,930,921,752,757,714,747,970,797,1530,1339,1465,1343,2240,1862,1669,1554,1486,1570,1776,945,871,1157,1276,979,993,1054,1029,1449,1465,1164,1147,1332,1372,1796,1377,1349,1335,944,792,1004,1008,1151,1151,1315,1131,734,949,1451,1496,862,842,1508,9334,1553,1270,1149,1111,930,1054,747,727,1002,1001,1338,1565,1019,1013,1098,733,733,969,920,1785,1605,1347,1361,1269,1350,1337,1444,929,960,1021,1025,1251,1456,1130,1128,1721,1649,788,823,732,809,1139,1394,888,905,1455,1654,905,936
bing_querylogs|config_id=1899,1036,879,693,668,682,629,1025,1260,1340,1267,1225,1456,1967,2095,1738,1787,1675,1763,2006,952,958,1073,1444,868,867,1081,1023,1658,1576,1215,1032,1219,1239,1305,1202,1667,1309,991,971,863,861,1146,1373,1253,1585,685,773,1183,1721,857,985,1255,1329,1851,2116,1120,1064,1116,986,610,606,1085,866,1218,1587,961,904,903,991,863,942,927,1686,1620,1376,1269,1372,1114,1287,1312,985,969,886,875,1268,1480,945,962,1652,2009,707,732,680,702,1744,940,1078,1114,2714,1565,844,1154
bing_querylogs|config_id=1901,1124,893,683,688,710,756,1765,1685,1348,1394,1244,1264,1895,1734,1354,1373,1349,2116,1335,906,866,1216,1217,799,809,1133,1190,1275,1035,1150,1146,1263,1289,1220,1170,1667,1514,858,811,899,895,1071,1027,1367,1391,698,693,1410,1426,743,754,9283,1522,1444,1670,1084,1048,921,895,678,698,865,865,1377,1447,929,906,974,899,725,744,749,1470,1727,9284,1902,1218,1199,1245,1252,935,823,914,939,1309,1309,1000,1000,1480,1465,720,714,667,666,999,950,825,834,1549,1341,858,827
bing_querylogs|config_id=1905,1250,1264,1199,896,1005,852,1042,1002,1280,1111,1707,1685,1934,1956,1594,1917,1569,1834,2105,1101,1214,1158,1292,875,888,1417,1150,1300,1956,1557,1358,1825,1652,1335,1477,2174,1906,1000,998,1152,1126,1411,1529,1740,1740,1153,1418,1617,1540,1216,1370,1762,1682,1695,1638,1359,1812,1284,1221,710,813,1253,1185,1537,2115,1033,1056,1179,864,949,970,942,1813,1881,1324,1663,1324,1518,1711,1706,931,1057,1203,1115,1335,1493,1219,1272,1775,9823,924,962,979,909,1211,1206,1173,1060,1834,1793,1216,1434
bing_querylogs|config_id=1912,2223,2286,1225,1089,1036,1052,1380,1853,1589,1502,2075,2129,2655,1663,2220,2058,2180,1856,2203,1210,1847,2138,2093,1025,1024,1675,1604,1819,1698,2125,1830,1909,1937,1645,1810,1935,2144,1477,1707,1716,1564,1731,1708,2060,2190,1630,1244,2050,1933,1213,1123,1443,1704,2005,1479,1751,1554,1972,1965,864,888,1579,1367,2229,2370,1481,1176,1283,1467,1539,1898,1950,2165,2165,1704,2140,1805,2736,1840,1998,1299,1386,1284,1279,1899,2013,1497,1383,3067,3267,1198,1089,947,1235,2096,1840,1873,1462,1763,2477,1926,1737
bing_querylogs|config_id=1913,1036,1031,853,810,835,869,2075,1342,1517,1379,2637,3251,2928,3272,1420,1425,1637,1976,2590,879,1026,1295,1479,806,979,1233,990,1283,1180,985,981,1256,1280,1183,1135,1542,1582,6212,3724,980,1038,1253,1199,2607,3204,825,806,7871,5875,771,820,3117,11036,2330,4566,1324,7767,941,991,657,643,1002,1025,1541,2023,1010,1043,1043,3891,4566,841,869,3352,6291,1904,9913,1413,1052,1541,1449,838,827,1028,1052,1174,1445,1058,1061,2277,1779,719,728,867,913,1314,1304,1240,1269,1434,12061,856,1013
bing_querylogs|config_id=1937,1133,891,682,689,804,656,1153,1174,1459,1306,1264,1292,1797,2300,1319,1243,1360,1382,1732,890,863,1105,1224,815,816,1078,975,1215,1246,976,959,1274,1292,1168,1066,1612,1562,724,809,918,906,1046,1078,1016,1001,844,786,1316,1253,815,748,1014,1015,1488,1223,1071,1080,962,904,658,666,886,881,1208,1361,1018,895,1005,683,687,743,742,1690,2231,1651,9262,1209,1227,1303,1277,881,837,935,907,1346,1403,992,996,1533,1593,730,715,669,694,944,1064,832,821,1446,1724,852,827
bing_querylogs|config_id=1938,1116,843,665,699,789,634,855,810,1061,1070,1205,1279,2152,1776,1291,1409,1405,1391,1680,778,916,1023,1134,793,790,982,945,1286,1284,998,983,1198,1224,1077,1131,1660,1325,1270,837,851,984,956,932,1257,1231,699,775,1267,1155,749,823,1264,9301,1366,1119,1049,1065,908,907,645,618,873,919,1123,1281,837,990,920,782,804,718,806,1595,1355,1288,1621,997,1057,1183,1178,854,810,928,847,1142,1355,929,936,1614,1347,708,705,659,684,934,1077,988,1081,1464,1329,812,832
bing_querylogs|config_id=1953,988,990,848,800,644,645,5272,1918,1108,1314,1307,1417,2633,8748,1267,1685,1307,6945,19341,1145,1325,1384,1873,816,819,939,899,1053,1131,1098,1094,1290,1306,884,1071,1271,1140,824,1370,1155,1154,1421,1337,1896,3622,700,696,3218,8299,937,902,1444,1393,16227,26967,1194,1043,1207,1051,581,628,1266,1160,1433,1881,877,930,1021,4544,6323,1215,1196,1713,1929,2387,3775,1625,1230,1202,1223,887,1024,851,1103,1259,1641,1136,1201,2783,2852,712,779,664,693,912,1036,1001,803,1640,1485,1274,1531
bing_querylogs|config_id=1979,1550,1499,1045,1267,1485,1533,1566,1497,1530,1775,1809,1881,3072,3655,1634,1531,1560,2763,4298,1666,1163,2048,1900,981,958,1162,1077,1638,1575,1609,1736,1168,1196,1259,1474,1611,1613,2633,2015,1189,1347,1573,1403,1744,2247,1414,1222,2361,2454,900,956,1472,1396,2731,4925,1623,3743,1641,1500,894,808,1265,1283,2937,1965,1291,1323,908,2067,2046,1574,1520,2516,1641,1150,2269,2014,1573,1687,1557,1076,1093,1443,1250,1563,1687,1233,1427,6194,3644,706,822,1088,2026,1562,1696,1248,1334,1868,2097,1368,1603
bing_querylogs|config_id=1987,1827,2001,1129,1628,986,1000,2966,2390,1796,1492,1947,2005,3459,12115,2505,2181,2026,16815,5679,1960,1365,2525,2523,1048,1039,1738,1810,2184,2214,2101,2165,1737,1770,2262,1991,1984,1877,5285,1551,1888,1969,2114,2095,6155,8348,1358,1200,3518,3042,1466,1466,2043,2712,15524,25307,1724,1599,2072,1524,1035,895,1659,1813,2957,2755,1550,1402,1851,6315,2613,1784,2024,2895,3330,2266,3059,2509,2593,2030,1863,1384,1229,1610,1532,1974,2247,1650,1952,4097,3569,1459,908,980,950,2098,2268,1315,1445,2553,1886,2143,2587
bing_querylogs|config_id=1992,1611,1604,1165,1166,772,837,1363,1362,1676,1775,1745,1951,1971,2247,1707,1768,1710,1812,2113,1448,1783,1672,1670,908,1010,1517,1486,1713,1536,1306,1401,1297,1338,1516,1447,1780,1695,2720,32120,1268,1167,1848,1891,2401,1810,1294,1308,1883,1747,994,1083,1843,1978,2237,2164,1588,1388,1102,1123,822,820,1134,1083,1863,2011,1162,1162,1140,1014,971,1528,1162,2108,2605,1897,1676,1462,1755,1944,1981,1276,1344,1126,1148,2059,1614,1183,1194,1784,2281,930,907,900,797,1474,1476,1097,1367,1906,1755,1393,1786
bing_querylogs|config_id=1997,1429,1229,869,1014,1493,9385,1507,1562,981,981,1828,1651,2183,2318,1533,1411,1472,1612,1889,1148,1096,1911,1880,837,875,1129,1190,1578,1608,2333,1819,1326,1365,1208,1102,1469,1578,980,1053,1457,1467,1373,1278,2012,2416,776,774,2073,3160,1444,1261,1190,1208,1092,1161,3284,2068,1214,1217,677,726,1132,1181,2064,1652,1111,1020,1025,989,1007,2615,1123,1993,2532,1759,1625,1878,1870,1255,1436,920,964,1052,1046,1558,1466,1311,1231,1685,1844,921,960,1316,1293,1202,1211,1176,1186,2145,2052,2090,2125
bing_querylogs|config_id=2007,1766,1810,1109,1119,1393,1124,1657,1240,1058,1078,1832,2483,2549,3099,1368,1432,1325,2253,2129,1204,1427,1848,1920,1031,982,1501,1628,1455,1632,1805,1995,1559,1619,1455,934,1566,1480,1107,2180,1244,1306,1666,1649,1752,1526,1511,1327,1846,2610,1006,1545,2155,1896,1568,1806,1652,1586,1328,1414,861,801,1711,1409,1787,1952,1218,1235,1263,1525,1257,1400,1141,2095,2266,2937,2008,1816,2490,1767,1852,1657,1952,1544,1269,1958,1951,1129,1455,2666,2261,1118,1034,843,1023,1596,1635,1469,1526,2056,2163,1774,1527
bing_querylogs|config_id=2012,1501,1350,994,988,902,912,1210,1688,1509,132409,132667,1656,2428,2588,1556,1545,2961,1857,3551,1711,1207,1745,1650,846,895,1172,1181,1760,1898,1658,1986,1247,1348,1517,1512,1906,1542,3527,1178,1238,1244,1613,1583,1659,1781,1378,1259,1544,1524,813,806,1845,1591,6651,5860,1169,2976,1853,1503,727,787,1368,1248,2093,2454,977,1252,1415,3089,2991,1082,1578,2036,2218,1892,2307,1613,1663,1488,1513,1011,1089,1125,1024,1694,1550,1256,1187,1920,2301,852,793,1508,1329,1449,1523,1264,1178,1785,1784,1119,1501
bing_querylogs|config_id=2017,1345,1372,1202,1472,824,854,1173,1054,1249,1241,1487,1469,1668,2203,1704,1495,1574,1918,1952,1005,1163,1758,1694,914,927,1274,1592,1471,1481,1687,1533,1661,1621,1267,1712,1519,1555,3367,1454,1007,1089,1411,1634,1754,1442,995,954,2399,2645,1067,1068,2353,3045,3693,1928,1377,1693,1210,1015,706,736,957,971,1944,2325,1114,1096,1092,860,874,1488,1276,2330,1982,1217,2388,1353,1602,1598,1578,1423,1075,1103,1297,1501,1477,1260,1238,2366,1568,942,942,933,956,1399,1326,1139,1842,2164,2135,1229,1268
bing_querylogs|config_id=2022,1216,1122,1064,758,867,767,1155,1019,1051,1175,1510,1519,2164,1948,1593,1460,1081,2696,2580,1071,1510,1547,1342,737,709,1121,1161,1304,1636,1270,1460,1066,1058,1290,1039,1276,1163,1029,3425,1078,945,1294,1128,1310,1819,1060,784,2146,1981,829,760,1233,1002,2853,4788,1360,1071,1187,1121,690,639,935,884,1389,1480,998,845,873,3865,2532,712,1436,1444,1267,1043,1766,1342,1493,1101,1186,867,898,999,1272,1642,1632,1244,1091,1926,3634,664,658,900,807,1121,1164,1087,1421,2895,2770,1080,962
bing_querylogs|config_id=2027,1424,1421,1043,1616,1011,1011,1604,1830,1404,1386,1720,1869,2461,2170,1771,1768,1779,1942,2146,1253,1728,1740,1728,960,957,1505,1564,1814,1634,1592,1805,1875,1730,1497,1518,1519,1540,1288,1497,1184,1060,1613,1769,1837,2239,1481,1154,2160,2408,1189,1365,2196,2060,1605,1704,1724,1464,1155,1249,724,799,1021,1004,2200,1827,1311,1197,1299,900,890,1097,1139,2335,2340,1487,1516,1930,1773,1798,1950,1035,1057,1262,1367,1640,1674,1144,1149,1854,2145,987,926,896,914,1377,1739,1192,1491,1724,1768,1306,1378
bing_querylogs|config_id=2032,1797,2299,1356,1058,1111,1244,1834,2607,1981,2209,3710,4918,3876,2964,1887,1911,2153,1997,3814,1606,1594,2576,2241,1067,1194,1587,1784,1987,2029,2754,2268,1700,1785,1923,1770,2171,1977,4753,2039,1529,1381,2053,1932,2457,2230,1753,1741,4812,4911,1449,1695,2059,2956,2038,3670,2182,1888,1922,1988,1051,1086,1433,1361,2284,2305,1723,1751,1631,1684,1371,1399,1549,2992,2709,2511,2101,2279,2185,2491,2644,1366,1483,1789,1880,2386,2131,1764,1563,2157,2411,1332,1270,1495,976,2035,1954,1699,1589,2913,3488,2056,2090
bing_querylogs|config_id=2046,1517,1457,1084,1025,819,796,1129,1350,1670,1596,1859,1632,3707,1602,1721,1616,1691,1725,2470,1377,1045,1553,1663,910,908,1576,1440,1518,1704,1142,1121,1321,1375,1329,1334,1575,1575,32796,1540,1188,1207,1365,1830,1762,1853,1004,985,1735,1780,1066,1049,1796,1927,2331,2343,1415,1440,1257,1157,745,774,1026,1069,1733,1998,1123,1123,1115,1787,1070,1113,1409,2223,2276,1521,1771,1389,2235,1902,1927,1287,1011,1089,1128,1699,1849,1211,1190,1786,2306,911,883,801,777,1149,1457,1090,1275,1813,1969,1370,1411
bing_querylogs|config_id=2056,1635,1276,1151,1299,791,794,855,845,1287,1328,1958,1572,2156,1933,1691,1820,1490,1575,2069,1092,1018,1295,1635,872,881,1145,1201,1381,1839,1678,1403,1707,1794,1396,1151,1877,1373,1052,1034,948,1066,1468,1553,1912,1578,1093,1101,1808,1713,1318,1210,1385,1869,1893,1545,1439,1634,1415,1116,686,764,964,810,1468,1830,1063,1162,1221,883,903,1438,1790,1748,1956,1193,1247,1521,1646,1652,1688,1117,1009,1171,1168,1522,1771,1191,1310,2271,1927,925,922,871,858,1266,1542,1081,1495,1643,1646,1080,1358
bing_querylogs|config_id=2063,1905,1942,2054,1285,1261,1076,1193,1340,1951,1897,2838,2390,3026,6649,1805,1609,1905,3891,3542,1755,2105,1980,2056,989,1095,1464,1387,2026,2102,2286,2306,1818,1461,1533,1676,2550,1732,2344,2132,1364,1317,1915,1536,2900,2220,1371,1541,3529,2948,960,1023,1430,1713,3326,4864,3527,2968,1576,1475,995,973,1241,1472,2537,2944,1385,1710,1374,2061,1632,1829,1761,2366,2494,1678,1423,1726,2062,1538,2178,1222,1149,1632,1352,1447,2295,1501,1275,3459,3151,993,1153,1915,1680,1809,1999,1855,2059,3882,3553,1701,2006
bing_querylogs|config_id=2068,1905,1707,1625,1875,864,1301,1514,2001,1553,2036,3234,2306,5031,5579,2693,2571,1645,2757,4389,1937,2325,2233,2130,1447,997,1599,1331,2509,1881,2300,1845,1612,1917,1648,1751,2214,2036,2798,5169,1349,1188,1993,1756,1976,3741,1742,1374,2654,2154,1014,983,2754,1627,4216,5297,4031,1873,1623,1653,1053,990,1590,1568,2331,1919,1370,1451,1520,2998,2668,2061,1689,2436,2217,1716,2195,1842,1959,1479,1920,1054,986,1423,1536,1995,1994,1207,1875,2510,6463,1069,1042,993,1537,1895,1758,2255,2125,2561,3309,1439,1734
bing_querylogs|config_id=2086,1476,1671,1161,1134,2011,1087,1134,1223,1357,1695,1797,1837,3305,5603,1635,1735,1507,3871,2257,1608,1692,1922,2493,941,939,1078,1216,1957,1954,1939,1606,1513,1320,1407,1545,1596,1506,1915,2092,1170,1132,1348,1728,1767,1803,1031,1487,10979,2367,1001,976,1461,1478,5117,4383,1230,2973,1572,1441,813,838,1215,1305,1704,1640,1186,1048,1115,2743,1342,1409,1159,2206,2147,2394,2158,1514,1785,1432,1614,1018,1084,1484,1109,1857,1784,1389,1210,2955,2692,819,822,1296,1054,1284,1373,2194,1652,3011,1950,1600,1481
bing_querylogs|config_id=2095,1806,1957,1572,1454,1345,1583,1610,1667,1753,1796,2393,2454,3358,4202,1647,1843,1815,3387,2982,1310,1651,2112,2144,1229,1209,1334,1441,1946,1955,2063,1964,1724,1630,1725,1715,1841,2508,2171,2263,1178,1159,1848,2001,3432,2068,1411,1455,2789,3635,1254,1169,1711,1812,4050,5068,2701,1824,1828,1658,964,925,1171,1438,2628,2745,1391,1305,1477,2166,2847,1766,1528,3053,2497,1526,1596,2437,2026,1633,1768,1157,1137,1469,1402,2046,1904,1334,1343,2647,5605,1002,929,1150,1476,1644,1724,1723,1865,3173,2942,1442,1652
bing_querylogs|config_id=2100,1442,1459,1126,1004,1003,1081,1028,971,1138,1537,1315,1643,2548,1883,1192,1621,1557,1624,1509,1434,1250,1311,1314,691,792,900,998,1576,1152,1414,1291,1223,1234,1233,1283,1055,1316,1645,1133,968,1062,1126,1151,1437,1493,1319,1211,1573,1437,1045,1002,1973,1263,1499,1829,1162,1252,1218,999,649,685,1319,1122,1493,1252,1001,1083,1061,1337,1463,1580,9922,1380,1372,9981,1038,1511,1553,1407,1423,1301,1245,1051,1081,1368,1299,1417,1206,3062,2202,823,882,615,624,1052,1194,1131,2198,1849,2888,1153,1327
bing_querylogs|config_id=2105,2001,1966,823,840,773,790,1481,1404,1487,1397,2222,2133,3307,3334,1667,1665,1711,7555,7641,1761,1732,1338,1352,758,759,1049,1118,1780,1809,1185,1193,1029,1047,1435,1407,1010,1012,5812,5660,1240,1229,1514,1554,4120,4101,1062,1051,2584,2755,723,722,1725,1701,1883,1912,1417,1634,1134,1037,666,676,802,802,1921,2636,748,779,757,2135,2126,2632,2668,1527,1643,4581,4515,1437,1350,1020,1018,857,723,1251,1249,1609,1617,884,881,2471,2446,719,685,581,580,1269,1371,1628,1755,3220,3005,1915,1968
bing_querylogs|config_id=2106,1185,1370,873,790,729,644,1138,1306,1119,992,2195,1691,2230,2331,1405,1461,1509,2057,1754,903,1155,1272,1565,681,714,1177,1040,1089,1098,1224,1357,1164,1153,896,1061,1231,1599,1501,1352,1090,1048,1414,1216,1273,1912,1119,820,2039,2685,809,833,1236,1556,1124,1254,1313,653,1414,1425,690,821,1002,989,2085,2641,873,1046,791,1160,876,1212,1017,1950,2588,1277,2167,1255,1190,1282,1030,1022,1023,1061,1027,1309,1410,904,1043,1132,1346,784,755,664,883,1233,1151,903,997,1744,2873,1263,1363
bing_querylogs|config_id=2107,1007,985,652,837,661,669,1428,1846,810,867,1380,1874,2667,2020,896,836,834,1918,2151,789,1165,2289,2031,698,747,988,1098,941,1065,1451,1582,1088,1078,886,866,1267,2506,1664,3487,1206,764,1590,1064,1473,1421,906,811,2247,2296,806,1140,836,845,1466,1450,1449,1692,1064,1077,606,616,886,863,2400,1817,747,748,741,1331,1256,2620,828,1679,1913,876,1079,1381,1551,1322,1249,777,1020,774,834,1263,1330,832,811,1612,1657,687,685,690,702,859,864,2334,1967,2711,2829,1573,1329
bing_querylogs|config_id=2108,1144,1179,999,1053,719,714,1711,1778,1616,1097,1669,1886,3704,11124,1684,1614,1754,6078,6080,1208,1884,2122,2042,847,827,988,1019,1245,1346,1455,1364,1162,1192,1110,1071,1069,1570,1174,1507,1347,1213,1537,1351,2986,4313,1211,1119,3826,4002,912,807,1934,1627,23913,26971,1260,1384,1211,1121,630,720,1218,1251,2474,2828,944,1052,1073,3552,2351,1813,1704,2055,1932,1651,2201,2296,1763,1221,1206,909,909,1061,1093,1430,1410,1107,1141,3211,3072,793,747,715,668,958,1072,977,1080,1921,2457,1724,1401
bing_querylogs|config_id=2109,1436,1149,801,946,662,670,1227,1236,1180,1484,2141,1726,2331,2734,1401,1587,1430,1601,1346,2027,1409,1422,1375,871,884,1006,1048,1020,1274,1362,1327,1015,1031,1087,1073,978,1337,989,2106,896,1067,972,1046,1842,1538,922,778,2436,1948,878,878,1094,888,34482,49746,1430,1056,1122,1107,637,631,851,847,1420,1663,861,825,751,3358,2711,1944,1280,1561,1407,1168,1048,1518,1739,1370,1223,910,942,914,864,2161,1675,836,874,1862,2049,696,698,609,604,957,870,848,962,2180,1639,1396,1139
bing_querylogs|config_id=2110,1927,1932,861,834,789,882,1436,1441,1502,1375,2068,2185,2986,3326,1639,1674,1655,7647,7802,1563,1827,1332,1374,752,796,995,1070,1771,1944,1215,1220,1030,1046,1445,1408,995,1067,5601,6475,1197,1201,1548,1586,3990,3988,1037,1029,2736,2777,710,729,1153,1467,1862,1934,1419,1440,1069,1071,656,661,775,810,2678,2333,742,769,771,2109,2110,2581,2889,1880,1920,4664,4602,1383,1423,1014,1006,1087,837,1249,1243,1696,1642,871,879,2461,2460,692,675,578,577,1252,1301,1642,1737,3720,3342,1878,1917
bing_querylogs|config_id=2111,1153,1206,1197,1166,739,763,1512,3647,1204,112375,89093,2209,3450,6751,1987,1885,2195,21141,3993,1588,1797,2411,2059,916,920,1235,1226,1278,1566,1430,1361,1211,1253,1158,1098,1251,1136,1412,1233,1365,1572,1739,1113,5514,12950,806,894,3226,3929,894,818,2484,1953,23241,17372,1982,10726,1627,1469,709,651,1259,1491,2724,2102,961,961,1001,5750,20156,2677,1794,1983,2712,2800,2474,2369,1814,1446,1523,923,987,1217,1156,1793,1388,1542,1199,2860,3069,759,715,835,786,1072,1091,1341,1076,2265,1934,1829,1468
bing_querylogs|config_id=2112,1269,1206,824,637,622,626,1168,2503,1540,1165,1710,1921,2896,2700,1330,1746,1317,1243,17383,1285,1263,1119,1266,960,937,1015,1069,951,1309,1313,1384,965,1114,1123,1006,1083,1245,9048,4848,1111,1310,1236,1176,1301,1157,742,874,2031,1462,1039,937,1137,1137,4884,71941,1192,1228,1184,1219,658,693,932,940,2886,2774,845,871,925,72336,2534,1853,1330,1818,1359,1135,898,1359,1485,1375,1167,1107,1066,978,913,1445,1438,861,1019,2270,2497,686,683,607,606,1197,1076,1010,795,2636,2795,1328,1176
bing_querylogs|config_id=2113,1448,1703,922,771,644,646,1413,1924,1170,132147,132349,1629,1954,1818,1332,1339,2010,1750,1985,1447,1360,1963,2069,822,836,1028,1074,1977,1931,1511,1485,1157,1180,1694,1125,1098,2688,3665,1295,1136,971,1242,1729,1624,2454,982,974,3145,3055,883,884,1172,1064,66510,66443,1079,1063,1812,1703,631,633,931,923,2371,2104,1038,1064,1005,2080,2226,1579,1407,1749,1676,1178,1279,1399,1540,1304,1425,1152,1118,888,895,1361,1404,1156,1034,1950,2119,774,774,637,645,1184,929,767,792,2925,2827,1413,1422
bing_querylogs|config_id=2114,1659,903,1243,818,610,603,2071,1808,1182,2042,1210,1949,2852,6318,1179,1224,2225,6683,3083,937,1054,2238,2537,1005,927,1283,1047,1076,1287,1495,1161,1128,1152,913,910,1229,1207,35427,20100,1146,1151,1333,1342,3134,2310,666,658,4346,3715,835,765,1743,1300,7467,26100,1206,2024,1792,1078,636,554,1100,925,1998,2762,801,814,805,5646,9611,1426,1560,1758,2010,2449,2774,1242,1179,1469,1514,805,802,982,917,1232,1419,1012,1005,2885,2961,657,839,600,601,887,831,961,1668,1931,2242,1488,1040
bing_querylogs|config_id=2115,1422,1502,812,837,714,716,1920,1960,1339,112323,88887,1954,2625,3115,1596,1694,1503,2005,73100,2605,1427,1491,1508,1010,981,1011,1050,1442,1455,1863,1569,1151,1174,1130,1230,1100,1056,7084,3076,1116,1185,1236,1212,1928,1402,995,911,3382,3257,929,932,1185,1161,110129,45953,1239,1184,1322,1296,657,655,936,931,1852,1985,1000,953,909,3295,2210,1854,1748,1785,1879,2207,2724,1636,1446,1473,1419,1114,1156,982,977,1306,1397,1084,889,2216,2305,734,728,644,646,1197,1240,900,1023,2246,2205,1238,1321
bing_querylogs|config_id=2116,1318,1267,808,848,720,739,1918,2215,1453,1120,1758,1926,2805,4219,1581,1603,1444,6323,3429,1373,1413,1509,1606,739,750,1233,1095,1396,1377,1665,1596,1170,1045,1387,962,1712,1729,4347,2450,1731,1515,1299,1595,1990,1942,1024,814,3032,2050,940,940,1213,1261,31916,70889,1545,1227,1507,1343,706,763,823,846,1886,2382,1044,1050,865,1616,4419,1775,1307,1599,1623,4645,997,1762,1653,1323,1323,1159,1349,1060,1105,1335,1397,1135,874,1713,2565,744,790,736,830,1059,1252,923,1050,2202,3716,1416,1529
bing_querylogs|config_id=2117,1094,1726,907,673,744,646,2002,1613,1212,1284,1653,1766,1999,2021,1256,1308,1445,1375,11418,2345,1198,1293,1344,728,705,1080,1153,1014,1159,1554,1572,1171,1233,1061,1136,1343,1080,68019,2586,1360,1343,1397,1269,1493,1492,1124,993,2363,2964,928,847,1527,1198,66630,5082,1197,1015,1337,1191,634,656,869,914,1649,1908,1105,856,842,2297,1654,1080,1780,1580,1305,1745,1051,1584,1697,1295,1175,1191,1124,1003,1022,1526,1606,1033,1198,2158,2328,795,794,651,619,906,880,926,927,2134,2125,1331,1623
bing_querylogs|config_id=2118,1085,1136,936,881,753,720,2884,4753,1265,1201,1486,1465,11847,2507,1719,1916,1989,16565,16046,1513,1438,1737,1851,791,798,1106,1195,1218,1303,1618,1484,1245,1297,1066,1038,1187,1224,1507,1306,1319,1368,1520,1629,3308,2780,801,783,4424,14810,912,860,1403,1508,28077,19621,1200,1183,1148,1314,754,762,1122,1364,2573,2294,1021,883,836,2697,2690,1627,1934,2690,1700,1732,2352,1380,1768,1424,1109,1064,1010,1008,932,1570,1568,1250,1119,3030,2769,793,873,746,746,966,973,1071,1016,2049,2057,1458,1457
bing_querylogs|config_id=2119,1234,1398,767,1074,663,667,1701,2391,1015,1127,1884,2096,5450,3099,1741,1536,1842,1769,3717,1374,1427,2215,1571,760,878,1138,1243,1009,1082,1601,1722,1009,1097,1203,951,985,1456,5651,751,1249,1345,1568,1349,1744,1622,1382,871,3559,3020,860,874,2072,1063,65610,74228,1304,1214,1277,1249,615,641,1012,1030,2069,1468,985,1044,926,2429,2271,1769,1680,1567,1534,1202,1294,1369,1548,1307,1211,1192,1254,1157,1067,1312,1420,1199,1081,1755,1950,721,701,717,662,883,899,866,956,2259,3572,1405,1203
bing_querylogs|config_id=2120,1580,1617,1055,1118,1166,1276,1303,1310,1148,112233,88701,1777,2439,2446,1655,1497,1469,2144,2179,1561,1174,1584,1585,817,827,1123,1126,1541,1960,1418,1414,1208,1231,1109,1150,1674,1476,1309,1395,1103,1114,1120,1153,1821,2063,1208,1221,1908,2034,878,871,1557,1378,1254,1291,1410,1365,1460,1302,734,769,1065,1065,2076,2729,1176,1026,943,919,930,1539,1419,1765,1824,3918,2062,1635,1842,1176,1212,1179,1195,1164,1155,1328,1447,1340,1214,3176,3001,775,772,1598,1433,1097,1074,932,1247,1829,2843,1489,1557
bing_querylogs|config_id=2121,1231,1294,936,962,867,894,2143,1573,1308,1187,2269,3172,4301,3983,1627,1844,1567,8753,3098,1931,1703,1603,1669,875,863,1097,1060,1116,1173,1849,1629,1233,1297,1298,1303,1500,1198,3528,2363,1706,1420,1420,1467,1990,2039,1074,1206,2588,2834,954,941,1755,1214,67662,70701,9999,1242,1532,1464,708,708,988,1192,2253,3412,1155,1137,1105,2670,5153,2354,2612,1798,1789,1594,2066,1910,1752,1422,1508,1110,1268,1066,1005,1618,1838,1227,1135,2323,2559,775,806,856,787,1467,1090,954,1034,2503,2473,1279,1534
bing_querylogs|config_id=2122,2117,2169,1080,1036,880,871,1510,1523,1511,1499,1882,1882,4544,4182,1478,1483,1500,7242,7373,1513,1634,1682,1651,938,956,926,1061,1960,2098,1443,1431,1247,1254,1559,1574,1159,1152,5539,6360,1336,1328,1662,1622,3954,4075,1079,1143,2764,3145,895,879,2632,1847,2499,2183,1577,1548,1123,1105,783,769,946,946,1626,1670,925,876,934,2741,3275,2920,2849,2193,2085,4773,5662,1368,1393,1469,1579,1115,1159,1214,1190,1752,1749,1044,1021,2596,2513,795,809,668,660,1462,1512,2033,1917,3179,3463,2045,2107
bing_querylogs|config_id=2123,1253,1287,715,792,667,650,1985,1886,1139,1064,1630,1607,3438,2096,1367,1226,1426,1592,1711,1206,1482,1310,1203,696,721,1083,949,1024,1145,1550,1730,1191,1163,1169,969,1552,967,1035,1148,1296,936,1325,1405,1697,1441,1022,1053,2808,2295,926,931,1318,1426,63404,2692,1237,1071,1427,1372,739,689,997,860,1626,2618,1057,981,992,1974,2074,1369,1450,1549,1418,1165,1143,1567,1574,1316,1261,1192,1073,871,983,1363,1453,968,1044,1818,2180,942,755,705,623,1166,1317,917,774,2175,1969,1452,1381
bing_querylogs|config_id=2124,1632,1595,1005,1013,1345,1162,1645,1220,1115,1084,1500,1616,1908,1990,1356,1369,1433,1823,2371,986,1196,1403,1406,722,738,1050,1123,1454,1465,1385,1262,1084,1114,1116,994,1423,1195,963,1035,958,983,1034,1087,1951,1861,1152,834,1780,1189,822,822,1062,1221,1368,1463,1293,1275,1314,1263,660,715,980,1017,1667,1911,1071,1116,983,840,842,1353,1253,1559,1545,1421,1500,1525,1748,1024,1028,1167,1118,1082,1091,1260,1477,1162,1162,3099,3115,729,721,665,656,1035,1034,867,1000,1516,1514,1448,1459
bing_querylogs|config_id=2125,1504,1574,993,1054,1058,1621,1318,1303,1191,1133,1370,1442,2277,2427,1421,1383,1508,1907,2161,1278,964,1334,1394,727,766,1099,976,1466,1623,1230,1322,1224,1248,1155,1104,1238,1136,1157,975,1105,1123,1222,1176,1769,2023,1140,1105,1648,2076,883,884,1465,1447,1277,1249,1387,30285,1378,1375,747,771,1054,1072,2478,2209,1107,1069,1038,911,890,1143,1148,1524,1530,1659,1712,1655,1641,1142,982,1183,1196,1076,1032,1173,1257,1186,1179,2222,2222,803,802,1365,1225,972,954,943,972,2250,1705,1514,1284
bing_querylogs|config_id=2126,1570,1633,975,1062,1108,1443,1266,1327,1217,1131,1550,1418,2024,1982,1407,1453,1509,1922,2119,1035,907,1405,1469,731,742,1109,1190,1436,1727,1236,1424,1237,1261,1044,1078,1296,1176,1080,1233,1077,1086,1216,1238,1710,2068,1030,883,2078,1698,895,893,1804,1547,1579,1518,1400,1270,1346,1430,768,840,1085,1120,2456,1930,857,1118,894,918,881,1217,1258,1529,1573,1591,3068,1632,1643,1157,1002,1240,1169,911,1063,1100,1261,1165,1155,2364,2126,799,798,696,687,1003,939,977,957,2281,1917,1326,1572
bing_querylogs|config_id=2127,2415,2427,1203,926,821,1093,1900,1791,1629,1615,2768,2887,3404,4560,2040,2013,1819,8679,8525,1477,1611,1651,1624,878,889,1144,1152,2086,2094,1202,1226,1309,1552,1691,1690,1033,1037,7295,6966,1435,1516,1710,1709,5867,5058,1018,1126,3307,2658,741,740,1394,2302,2821,2838,1704,1718,1198,1197,672,683,1136,1073,1832,1570,844,787,764,2381,2442,3207,3231,1762,2020,4899,5112,1782,1672,1292,1288,957,956,1139,1163,1945,1923,835,945,2885,2870,749,741,711,727,1554,1529,1745,1862,3734,4068,2124,2132
bing_querylogs|config_id=2128,1323,1449,764,1071,669,674,1984,1978,976,1131,1489,1696,2669,2581,1330,1393,1309,67559,1768,1271,1198,1384,1335,735,720,1022,1099,983,1316,1603,1592,997,1042,1140,1086,1562,999,1268,3381,1316,1212,1270,1289,1416,1581,975,799,3028,2081,875,867,1213,944,43034,66470,2810,1046,1214,1268,598,603,892,892,1309,1827,957,1129,962,1784,1859,1225,1362,1673,1322,1058,22031,1488,1385,1171,1246,1111,1128,1041,1033,1320,1317,990,1023,1989,1607,712,717,586,585,1230,952,956,937,2352,1756,1318,1411
bing_querylogs|config_id=2129,2024,1982,843,844,825,822,1383,1367,1528,1481,2235,2159,3620,3441,1696,1774,1702,6929,7847,1846,1624,1451,1465,742,754,1008,1083,1897,1912,1205,1209,1052,1068,1480,1461,1016,1020,5618,6705,1234,1244,1570,1572,4198,4158,1083,1029,2745,2519,719,723,1225,1383,1884,1920,1485,1439,1044,991,679,680,808,804,2109,2260,802,799,774,2101,2172,2588,2617,1922,1523,4808,4643,1381,1353,1074,1102,754,750,1174,1176,1672,1626,901,885,1998,2114,798,809,593,592,1453,1330,1627,1778,2849,2980,1965,1988
bing_querylogs|config_id=2130,1592,799,826,1005,573,582,3753,2361,1012,1018,1528,1432,17676,7543,1734,1834,1522,14281,23736,1003,1469,2037,1922,865,760,1077,1008,1126,1220,1098,1201,1065,913,832,800,1590,1461,1296,1265,1550,1295,1534,1384,2861,2229,694,724,4214,6805,756,759,2081,1835,30223,23456,998,17231,1323,1313,540,618,1647,1085,1791,2602,761,914,894,6253,8841,1992,1829,2575,2169,2439,2443,1199,1538,1167,1315,801,784,1033,1015,1203,1147,1427,1246,6738,2519,611,706,692,703,832,893,947,941,2103,2210,1414,1775
bing_querylogs|config_id=2131,1709,1554,755,768,564,572,1908,1547,808,814,2020,1291,3029,4228,1062,1075,1435,17353,3709,1567,1110,1673,1707,763,757,964,949,992,1253,1400,1499,1011,894,832,756,1589,1392,1182,847,1017,1134,1321,1341,2396,2772,748,757,3556,6987,1075,959,2088,1869,25060,11343,7254,7147,1260,1047,528,598,972,1110,2084,1657,1042,875,859,5850,5517,1859,2443,2484,1765,1736,1514,1458,1611,995,1080,766,781,1059,951,1031,1387,1296,1020,2792,3085,627,695,574,576,849,830,1865,1472,1656,2184,1346,1651
bing_querylogs|config_id=2132,1079,1032,894,904,790,746,1387,1596,1166,1079,2089,2490,5297,3397,1544,1619,1157,10237,5273,1391,1370,2121,1665,740,734,1039,1114,1097,1174,1335,1475,1036,1052,954,961,1619,1154,1580,2261,1273,1235,1300,1351,4774,2609,777,774,10818,12435,827,969,1901,1745,14875,18116,2418,3447,1322,1171,727,576,1037,1140,1559,3130,912,930,881,6554,7114,1742,1505,1979,2046,1619,2064,1542,1622,1161,1195,773,833,1075,1100,1192,1717,951,1021,2538,3001,727,697,655,634,902,956,1320,2044,1969,1924,1456,1431
bing_querylogs|config_id=2133,1942,2025,1643,1543,1534,1516,1553,1623,1595,1651,1958,1982,2038,1919,1852,1913,1749,1901,2014,1452,1531,1724,1648,1507,1546,1788,1716,1648,1862,2272,2036,2059,1937,1979,1873,1906,1791,1458,1537,1601,1445,1752,1786,1536,1536,1634,1632,2023,1898,1530,1524,1915,1765,1562,1400,1726,1835,1461,1448,1046,1071,1544,1424,1967,2001,1598,1490,1457,1177,1217,1337,1399,1842,1915,1515,1736,1800,1821,1998,2040,1406,1418,1484,1451,2274,2226,1788,1787,1996,1932,1379,1437,1569,1508,1871,1873,1342,1383,1889,1810,1946,1956
bing_querylogs|config_id=2134,1181,1176,980,1175,890,976,2434,7600,1338,1197,2035,3262,2277,8136,1875,1858,2114,19418,6593,1282,1720,2097,2302,1105,1190,1126,1194,1526,1548,1851,1796,1267,1295,1120,1164,1771,1329,1895,1666,1433,1577,1489,1502,2996,5645,910,861,9975,3319,1159,1052,4508,7254,34365,18685,4959,2421,1360,1421,951,855,1491,1194,5572,5804,1286,1094,1100,15385,8240,2303,2201,8633,4161,1939,2691,2013,1894,4439,1519,916,913,1204,1292,1525,1585,1415,1403,3328,4172,787,777,847,855,1194,1135,1612,1743,12048,4528,1657,1493
bing_querylogs|config_id=2135,1090,1033,722,675,677,675,997,1788,1085,937,1628,1509,1914,2500,1404,1513,1015,2185,1757,935,896,1609,1536,828,856,1027,978,875,1111,1200,1230,1171,1203,888,935,1425,1425,994,913,914,1009,986,1070,1434,1476,732,717,1413,1210,881,906,884,966,66452,3004,2301,66604,1034,1138,657,664,957,973,1462,1383,858,1059,881,1648,1897,872,914,1988,1903,952,1043,1557,1498,1285,1281,902,953,990,1016,1098,1294,1150,1148,1655,67480,762,774,657,673,968,874,812,1044,1164,2079,1288,1246
bing_querylogs|config_id=2136,1643,1656,915,1013,987,1000,2047,1884,1228,1304,1415,1905,2447,4034,1231,1237,1227,1763,3980,1403,1605,1484,1331,939,949,1062,1085,1638,1645,1677,1567,1381,1396,1059,1072,1438,1581,1322,1367,1315,1333,1330,1452,1508,1580,1193,1260,2311,2654,955,998,1499,1503,1589,1389,4171,2961,1241,1305,834,800,1038,1135,1651,1544,1138,1140,1136,1433,1446,1420,1443,1955,2015,2864,3092,1617,1598,1356,1363,1092,1073,1274,1204,1436,1472,1261,1236,2041,2070,958,939,1021,1018,1156,1145,33783,1940,2894,2502,1361,1214
bing_querylogs|config_id=2137,1613,1483,976,1010,634,768,1809,8429,1356,1004,2465,2348,11497,9947,1379,1935,1638,3840,21608,1015,1439,2472,2292,826,832,941,1015,1477,1499,1550,1217,1169,1185,895,917,3456,1319,1323,1130,1084,1258,1235,1530,2655,8912,704,724,2522,3233,944,961,1543,1564,23255,14487,46969,5833,1162,1168,681,664,1163,1250,1914,2264,947,859,951,3396,4517,1782,1215,2179,2199,1878,2239,1868,2059,1452,1817,872,878,1033,991,1272,1336,1113,1125,2813,3073,698,670,649,646,827,861,941,987,2418,2429,1260,1255
bing_querylogs|config_id=2138,1060,989,934,921,734,733,5856,2783,1083,1206,1655,2689,5917,12638,1706,1537,1477,13431,4879,1158,1184,2534,1384,1036,1046,944,952,1050,1626,1589,1606,1297,1346,1009,1023,1449,1324,1232,1391,1282,1179,1364,1229,2221,1850,837,847,4004,2592,888,888,1577,1450,21895,30271,1191,1037,1267,1163,710,702,1004,1246,1879,2813,1026,1031,1038,10659,3849,1504,1735,2217,2443,2037,2192,1472,1656,1333,1400,956,1009,915,1048,1363,1398,1313,1106,2833,2990,818,825,726,717,981,1213,1045,1143,1497,1811,1541,1566
bing_querylogs|config_id=2139,1518,1573,987,1042,1132,1202,2928,8035,1434,1333,9224,2128,5779,11375,1315,1451,1351,3117,2237,1604,1677,1542,1546,867,874,1127,1392,1897,1925,2130,1773,1294,1329,1187,1157,1475,1386,1406,6295,1498,1116,3097,2177,1526,3493,1249,941,10775,5967,985,943,2175,9194,5073,3268,1417,1452,1258,1242,690,691,1068,1079,3034,2304,1101,989,1052,8131,1427,33805,34054,2473,6682,8597,1743,2656,3923,1454,1392,985,1247,1092,1094,1553,1657,1056,1056,1985,3587,903,894,1119,967,1366,1195,6011,5931,12606,5928,1604,1432
bing_querylogs|config_id=2140,1051,1194,1017,1097,836,859,8131,1958,1118,1259,1838,2926,8935,11078,1511,1930,1846,19796,26103,1375,1149,1532,1915,943,890,1075,1138,1484,1199,1486,1457,1169,1189,893,1282,1323,1430,1729,1461,1306,1244,1348,1034,2852,6775,814,791,14663,15902,887,893,3175,2279,18571,24249,1097,1917,1354,1159,676,671,1196,1186,2580,2450,1017,918,1069,11175,6473,1292,1305,8310,6143,1835,3067,1639,1556,1429,1422,1050,1023,958,1050,1574,1456,1262,1235,3983,3811,720,778,884,696,1012,1070,1051,1013,10388,12100,1609,1598
bing_querylogs|config_id=2141,1258,1819,1092,1222,914,860,4071,2236,1357,1507,1705,1808,6370,16548,1803,1630,1909,23208,13931,1163,1622,1881,1923,1001,1088,1090,1115,1584,1485,1749,1784,1372,1401,1185,1094,1494,1448,1142,2414,1406,1434,1401,1395,6987,4237,1058,1056,9800,11167,1120,1051,1993,7316,31123,25142,1741,1577,1406,1310,838,709,1373,1184,3279,2892,955,959,1122,9090,6319,1468,1462,6553,2781,2461,1654,2185,1694,1442,1507,1058,1061,1527,1219,1737,1714,1287,1314,2851,3106,938,935,821,1111,1170,1206,1274,1144,8796,3319,1581,1686
bing_querylogs|config_id=2142,877,1280,852,898,796,635,3911,8430,1101,944,1894,1149,2015,1864,1470,1732,1214,13740,7545,1126,1216,2083,1988,779,799,889,1096,987,1119,1124,1291,1045,1041,880,882,1135,1245,1882,1215,1240,1128,1343,1037,2057,2884,714,712,7975,3879,846,852,1210,1144,27507,26836,2089,1453,971,974,561,688,1029,1005,1854,1312,910,815,943,7876,9966,1583,2360,1884,1303,1051,1867,1484,1137,1178,1004,852,806,959,985,1115,1058,1020,1055,2437,2538,703,701,643,640,832,839,991,1030,1900,2632,1264,1178
bing_querylogs|config_id=2143,1349,816,885,913,632,636,2732,9218,1210,982,1110,2194,20494,5787,1418,1560,1634,15047,13216,1339,1026,2377,1851,811,817,901,974,1190,1201,1137,1220,1016,1036,847,813,1358,1146,1357,1432,1110,1034,1341,1221,2038,1988,703,706,3923,3471,819,818,2134,1236,26312,34557,956,10593,1182,1516,651,649,1234,827,1503,1553,934,907,733,13150,6282,1773,1217,1908,1976,979,991,1263,1326,1137,1005,838,809,949,918,1066,1203,1101,1005,2692,2655,701,699,627,624,821,792,782,800,2381,1400,1382,1384
bing_querylogs|config_id=2144,917,1510,948,931,640,644,11830,1605,988,976,1922,1689,1525,2158,1366,1418,1217,5052,23164,1092,1019,2023,1905,799,803,965,1036,991,1151,1142,1350,1020,1040,883,871,1147,1178,1201,1814,903,1121,1166,1082,2063,4645,736,728,4640,4717,908,829,1266,1195,29128,22045,1274,1123,995,944,769,616,1046,1043,1523,1309,840,771,765,7943,5962,2516,1614,2128,1744,1925,1894,1227,1272,1140,1153,894,875,945,981,1105,1214,1073,1039,4363,3458,721,800,648,645,861,803,849,859,2225,2081,1385,1167
bing_querylogs|config_id=2145,1182,1192,1045,1067,905,1034,2214,7387,1282,1293,1870,2134,3278,8706,1836,1618,3093,6927,15631,1272,1687,2157,1360,1054,1023,981,1032,1554,1672,1543,1604,1312,1340,1124,1004,1926,1736,6127,1533,1252,1333,1584,1394,3642,3274,952,896,7830,12342,956,988,2440,2988,14491,23252,23437,6891,1299,1317,740,715,1090,1504,2268,5225,993,991,933,3150,9840,2017,1564,7810,8098,1450,2654,1876,1733,1456,1526,1037,1560,1157,1184,1434,1575,1278,1237,4236,2975,863,910,811,789,1134,1104,1077,1186,3073,3777,1612,1689
bing_querylogs|config_id=2146,1032,1035,1053,1108,820,789,2559,2140,1247,1160,1399,1467,2850,3444,1632,1447,1490,2799,16731,1274,1320,2310,2191,933,947,1037,1168,1373,1845,1639,1333,1360,1394,1080,1061,1520,1597,1308,4028,1317,1333,1940,1124,2620,2565,868,888,9779,3817,1021,982,1485,1478,24870,24918,1360,10006,1341,1234,726,780,1417,1150,2150,1758,1056,998,921,9795,4811,1379,1677,2672,2651,1119,2780,1810,1648,1345,1318,951,971,1162,1213,1380,1443,1268,1300,3350,3617,895,866,841,836,1101,1074,906,1115,1752,1764,1414,1387
bing_querylogs|config_id=2147,1256,1271,1054,1130,870,1014,2623,3940,1224,1250,2888,2198,13921,7622,1911,1909,1934,21189,19420,1598,1512,2068,1796,1062,992,1006,1073,1369,1415,1734,1548,1321,1353,1155,1133,1522,1145,1186,873,1390,1201,1709,1433,4841,3324,954,930,6363,13982,965,969,2297,6003,31118,23391,1328,1362,1152,1341,796,761,1086,1053,2029,2719,961,1030,959,4997,10280,1984,2358,7502,4392,2970,2861,1700,1867,3151,1481,962,1165,1297,1228,1584,1699,1231,1309,3076,3553,840,865,843,808,1154,1190,1387,1255,8393,10170,1496,1543
bing_querylogs|config_id=2148,1089,1727,1078,1001,927,907,1776,5367,1289,1384,1692,1743,15736,2796,1435,1475,1274,12412,24312,1514,1260,1606,2375,959,951,1028,1086,1515,1243,1539,1613,1383,1428,1060,1031,3689,1363,1016,1677,1411,1241,1560,1593,5479,2061,876,877,2943,5524,1018,888,1445,2187,25239,21430,1319,16095,1374,1341,888,812,1309,1325,2020,1921,993,1134,1088,3033,16070,1446,1456,2120,2935,1695,1699,1792,1690,1357,1582,992,984,1181,1161,1453,1452,1265,1224,3794,3399,911,890,827,813,1138,1249,985,1217,1812,2109,1633,1330
bing_querylogs|config_id=2149,1064,1033,1001,1084,959,849,2135,1905,1113,1110,1420,1434,2483,12676,1648,1595,1328,12051,22315,1436,1323,1888,2769,945,1010,1096,1133,1276,1251,1518,1393,1352,1388,1007,1045,1334,1491,1348,1638,1262,1424,1358,1454,6986,2148,892,845,3175,5239,1007,908,1420,1398,24891,22446,15106,1176,1332,1313,780,699,1304,1429,1787,3086,1014,948,1072,6964,16776,1442,1771,2325,2264,1969,1728,1305,1554,1303,1330,978,956,1157,1102,1380,1412,1189,1256,3114,3244,825,818,842,822,1096,1054,1856,1235,1990,2063,1341,1341
bing_querylogs|config_id=2150,1532,1197,1287,1237,817,1502,2727,2168,1303,1134,2011,2380,23519,22596,2107,2068,1977,8062,3972,1585,1910,3150,2097,1181,1151,1133,1048,1275,1380,1682,1478,1278,1302,1074,1155,1619,1193,1264,1138,1574,1807,1698,1631,7275,6225,748,802,9355,11545,877,930,2401,5755,13327,20400,2064,18821,1560,1141,745,759,2452,2014,4606,4633,899,1146,1220,12973,2465,2274,2331,3668,4500,2760,1928,2409,2393,1616,2941,1301,1387,1205,1211,1488,1516,1286,1223,3782,3476,804,801,823,794,1239,1218,1196,1359,5660,10908,4572,5287
bing_querylogs|config_id=2151,1536,989,943,1076,739,742,1825,1723,1323,1261,1694,2569,4288,2862,2073,1617,1869,21041,12947,1227,1409,2048,2381,928,1056,961,1004,1270,1300,1442,1536,1318,1345,1027,982,1205,1352,1808,1874,1139,1252,1398,1341,2470,1988,781,859,3763,3868,886,957,1488,1381,20189,18960,1059,1340,1163,1237,716,712,1231,1017,2104,1620,1031,987,1029,2716,3993,1409,1244,2089,2290,2261,1380,1448,1727,1332,1355,927,964,1078,1071,1458,1485,1179,1230,3452,3649,825,801,734,731,985,1159,1440,985,2447,1845,1388,1725
bing_querylogs|config_id=2152,1063,1056,934,936,741,742,2006,1890,1294,1216,1733,1560,10957,2143,1519,1520,1643,13442,25979,1439,1342,1547,1541,962,990,982,1029,1283,1414,1630,1434,1323,1351,1017,1007,1481,1233,1221,1892,1202,1290,1414,1298,6113,1999,783,777,2599,3043,886,904,1502,1726,15614,17324,1148,6925,1172,1157,686,736,1022,1209,2063,2519,970,1013,1004,9778,9227,1338,1358,1971,2072,1404,3144,1699,1638,1397,1377,999,1009,1077,1125,1429,1467,1261,1234,2620,3064,841,803,734,731,1046,1138,1075,1147,2475,2347,1237,1478
bing_querylogs|config_id=2153,1152,1999,1349,1106,912,938,17593,2200,1529,1716,2845,1894,17265,23844,1422,2308,1745,12518,4160,1343,1414,2092,2286,981,875,931,1003,1295,1346,4020,2990,1340,1367,1245,1226,1173,1173,1345,1473,1337,1289,1321,1392,5461,11255,899,1496,14036,11789,1038,826,5141,1903,19464,18268,1278,1529,1480,1524,663,826,1264,1286,2138,2339,996,1295,954,7116,4910,1955,1773,5127,3537,1709,2250,1953,1964,1443,1351,1574,975,1073,1022,1738,1691,1201,1212,2653,3314,815,808,767,718,1046,1291,1361,1168,10571,6883,1467,1537
bing_querylogs|config_id=2154,1795,1624,955,1114,700,847,1991,3566,1046,1155,2062,2206,19373,22394,1459,1576,1767,6070,23036,1337,1473,2563,2570,831,839,963,1052,1218,1591,1398,1850,1321,1307,958,961,1177,1310,906,1456,1172,1188,1911,1593,2269,3244,714,740,3581,3210,789,886,1916,2070,17465,14882,1209,1992,1237,1251,704,787,1175,1033,2727,2168,906,1011,1037,9121,10731,1510,1382,1909,1828,3353,2400,1727,1577,1272,1311,1039,894,998,919,1427,1518,1163,1198,3235,3216,783,791,711,735,1204,1025,1112,1057,2006,1959,1562,1798
bing_querylogs|config_id=2155,1013,1111,812,847,722,855,1081,968,941,872,1161,1135,1466,2187,923,901,857,1754,1941,1100,967,1110,1227,819,792,964,967,1140,1465,1354,1166,1171,1195,792,903,1021,1205,961,833,994,1087,952,873,1829,1328,888,991,1079,1078,1109,868,9306,984,1403,1223,1368,2008,1037,1119,659,668,1103,1110,1139,1402,939,1024,936,933,1548,899,1119,2091,1543,871,2122,923,1450,1346,1369,1283,1187,925,988,1409,1448,927,988,2098,2648,770,769,630,676,936,919,827,1564,1268,1407,853,1130
bing_querylogs|config_id=2158,1158,852,676,689,722,658,742,996,1420,1166,1288,1286,1327,1803,1400,1373,1342,1427,1678,901,841,1099,1218,813,812,1030,977,1258,1377,980,976,1246,1286,1330,1198,1157,1195,912,867,925,882,1076,1060,1209,1005,693,694,1244,1245,735,744,1063,9217,1175,1361,1117,1194,915,898,650,654,876,875,1265,1401,917,935,996,683,687,831,842,1480,1446,1442,9230,1208,1248,1251,1277,888,855,943,935,1136,1322,1032,990,1624,1788,725,724,673,740,1020,978,818,803,1376,1798,820,835
bing_querylogs|config_id=2216,1159,1212,927,877,949,1089,1295,1039,872,1097,2924,1721,3533,6984,993,943,1218,1626,2639,1144,1258,1459,1573,858,873,1240,1182,1550,1594,1378,1407,1150,1178,1036,1008,1340,1062,1644,3396,1202,1098,1135,1224,2822,1492,1035,917,12035,9102,805,866,1304,5411,1366,1563,1714,2956,1029,1042,802,717,1227,1129,1706,6132,1021,955,1020,1422,1887,1362,1149,5279,6450,1234,4104,1482,1347,1231,1520,5860,4824,1058,978,1365,1734,1013,1138,2656,1978,829,843,727,783,894,1047,880,1074,3083,3350,1299,1284
bing_querylogs|config_id=2217,2474,2549,1030,1006,1022,1068,1858,1789,1703,1719,4349,3428,4801,5412,1922,1623,1510,10392,8516,1497,1604,1656,1818,921,1075,1698,1233,2098,2235,1152,1160,1284,1392,1809,1806,1425,1517,6779,6610,1641,1565,1693,1706,5352,5257,1073,1239,4239,5198,839,908,1933,1782,2607,2926,1654,1817,1399,1277,721,698,1114,1071,1723,3380,910,858,1026,2588,2513,3373,3255,2254,2583,5109,5149,1893,1984,1412,1377,1064,1103,1199,1304,1785,2059,1068,1079,2964,2855,814,816,807,995,1648,1595,2002,2156,4925,4642,2264,2271
bing_querylogs|config_id=2226,1106,1121,1070,1027,740,844,1468,12171,1183,1361,2024,1592,6634,2163,1464,1793,1728,18499,21700,1529,1378,1645,2469,872,954,1025,1114,1137,1455,1614,1437,1339,1358,1074,985,1288,1221,2631,1204,1273,1287,1416,1196,1856,6848,803,852,3463,7463,964,968,2025,1527,29338,18668,1954,1592,1223,1142,757,712,1203,1424,2555,2567,905,1089,1080,12143,13956,1394,1497,2127,2099,1278,1733,1858,1596,1499,1427,909,1061,1074,1184,1494,1606,1300,1200,2882,3417,875,795,767,738,1041,1140,893,1156,2090,2340,1647,1483
bing_querylogs|config_id=2229,1190,979,964,1077,662,668,2508,4166,1911,1366,2442,2249,2752,6513,1302,1571,1654,33275,3977,1121,1225,2865,1558,826,832,959,1045,1699,1349,1487,1436,1245,1384,1038,1041,1272,1586,1089,1024,1268,1366,2188,1629,2127,6780,735,720,10889,13149,994,1003,2173,2493,19044,24237,1359,1290,1208,1275,676,688,1006,1295,3194,3204,978,1019,1000,3922,5298,1787,1311,2910,2846,2191,2380,2152,1592,1745,1351,857,891,1196,1035,1514,1478,1124,1106,19368,3139,735,744,686,674,1032,977,841,854,2182,2629,1766,1903
bing_querylogs|config_id=2253,835,835,655,657,620,622,751,711,1323,1196,1264,1217,1262,1468,1308,1272,1258,1309,1372,765,773,1068,1160,770,768,1028,982,837,1222,962,960,1192,1212,996,1000,1269,1263,720,1108,901,856,992,1025,996,996,673,671,1286,1379,697,697,999,999,1166,1057,963,1051,853,871,631,634,828,828,1215,1262,891,905,875,661,699,719,714,1602,1610,976,1081,829,829,1257,1240,730,734,887,909,1145,1311,957,955,1223,1223,706,706,649,625,1310,1226,758,779,1070,1258,792,794
bing_querylogs|config_id=2254,1311,1807,1143,1099,735,1018,2070,2347,1542,1154,2565,2063,11372,3225,1768,1882,1918,8874,12434,1291,1618,1676,1686,954,1006,1048,1048,1684,1405,1873,1486,1322,1370,1081,997,1786,1151,2016,1576,1310,1371,1527,1512,10246,6278,790,786,10532,3792,969,973,2010,2615,32188,10595,1285,1426,1303,1255,687,739,1030,3740,3513,2329,1200,1142,1227,5469,9914,1383,1427,7166,7523,2309,2843,8558,2186,1598,1542,1004,1179,1094,1152,1565,1762,1192,1246,2907,4138,835,832,819,753,1090,1222,1085,1326,7918,4910,5075,1587
bing_querylogs|config_id=2286,1045,1598,936,943,733,753,4527,2710,1170,1058,1368,1459,10291,2390,1478,1610,1545,21412,4391,1460,1533,1604,1826,950,960,1019,1007,998,1467,1458,1480,1328,1351,966,1040,1363,1243,1294,1810,1212,1321,1241,1244,2349,2719,767,828,3992,7205,886,903,1991,1461,12312,35747,1406,1272,1128,1180,738,644,1229,1207,3318,1922,1037,1059,1021,6831,2282,1659,1303,2040,7541,2251,2370,1673,2132,1388,1339,999,971,1102,1078,1463,1359,1224,1173,2833,3185,836,817,746,717,980,1071,1050,1145,2880,2289,1506,1468
bing_querylogs|config_id=2296,1877,1889,1308,1231,1201,1248,1625,2475,1571,1601,2388,2113,4488,5332,1167,1908,1772,3533,4820,1749,1662,1949,1819,1238,1237,1517,1511,1549,1422,2043,1805,1698,1654,1614,1618,1535,1392,3128,34204,1782,1903,1574,1608,3843,2459,1304,1457,3496,4447,1373,1378,5747,2191,2924,2994,2568,2424,1116,1150,1091,842,1568,1791,1924,2543,1426,1352,1573,5056,7763,34522,2502,3848,4001,5593,9740,1828,2430,1576,2016,1439,1452,1595,1584,2065,1822,1800,1734,4628,5737,1108,915,907,846,1831,1932,2892,2934,3053,2271,3414,4021
bing_querylogs|config_id=2298,1202,1423,959,979,1050,1043,2249,1363,1383,1211,1654,1643,2285,2268,1409,1217,1355,3072,2243,1631,1518,1438,1521,1041,1057,1097,1126,1864,1808,1701,1666,1457,1483,1154,1172,1385,1475,33831,1378,1175,1198,1229,1400,1515,1656,1180,1020,18496,2340,983,989,1312,1320,1374,1645,1497,1462,1265,1265,814,810,1227,1148,1593,2155,1202,1066,1169,1421,1146,1454,1639,2177,2508,1601,1950,1583,1591,1395,1413,1016,1038,1113,1158,1585,1667,1184,1183,2931,2316,959,1064,1049,1014,1140,1153,1828,2229,2525,2016,1639,1631
bing_querylogs|config_id=2301,1663,1746,1177,1145,1397,1297,1434,1430,1336,1316,2121,2098,4425,6929,1425,1567,1685,3569,2887,1234,1366,1748,3019,968,985,1061,1492,1584,1687,1610,1652,1400,1420,1153,1305,1290,1581,1166,1659,1110,1124,1447,1291,2298,3215,1245,1212,2030,2879,1123,1019,6829,9467,6262,3470,9291,12237,1551,1576,827,819,1394,1185,1833,2154,1251,1003,1181,1076,1242,1555,1440,6675,3642,3298,8833,1716,1745,1418,1463,1336,1258,1300,1163,2569,1622,1550,1475,2887,2860,874,886,1074,859,1132,1305,1289,1335,10502,12862,1448,1686
bing_querylogs|config_id=2303,2529,2462,2006,1964,1858,2163,2215,2401,1852,1822,2684,2479,3090,3648,1986,2228,2076,2930,3399,2355,2766,2618,2620,1547,1845,2073,2149,2901,3040,2680,2496,2291,2380,2281,2281,2502,2741,1583,2055,2206,2051,2224,2313,2411,2483,1955,1953,2368,3042,2139,1934,2057,2063,2297,2697,2290,2318,2140,2148,1810,1207,1999,1997,2707,2747,1797,1723,1758,3660,4012,2785,2227,2773,2772,2073,2061,2476,2379,2095,2165,2041,1907,2052,1942,2758,2776,2062,2130,3999,3359,1586,1527,2381,2072,2499,2570,2744,1778,2465,2254,2223,2231
bing_querylogs|config_id=2313,1588,1717,1056,1022,730,754,6398,10539,1203,1323,2460,2452,16764,12655,1531,1534,1607,3964,25222,1081,1379,2392,2475,1037,834,1016,977,1172,1615,1403,1429,1325,1352,991,1025,1367,1271,3508,1080,1244,1255,1391,1475,1972,6334,809,793,4542,9919,946,896,1506,1570,24980,27614,1142,1207,1088,1227,754,716,1203,1203,2258,3422,948,1083,1049,4129,7647,1348,1422,2324,2284,1679,2222,2018,1659,1404,1432,993,1048,1084,1071,1501,1519,1127,1114,2978,2905,796,857,747,738,992,978,1064,960,1641,2496,1528,1888
bing_querylogs|config_id=2315,989,1634,889,918,739,736,1717,1632,1319,1133,2254,2289,25525,2641,1484,1774,1493,30395,9432,1391,1416,2563,1885,912,976,981,1779,1407,1128,1531,1440,1297,1346,1040,1016,1281,1463,1027,902,1433,1279,1413,1434,2055,2734,775,777,3072,6888,882,913,1598,1517,18153,26757,1071,5445,1132,1225,698,710,1420,1015,1872,1910,936,1103,1047,4961,8761,1284,1297,2191,1683,1553,2349,1383,1266,1360,1309,931,948,1098,1081,1518,1504,1183,1350,2470,2811,800,798,734,731,1020,982,901,1228,2139,1967,1698,1321
bing_querylogs|config_id=2317,1483,1759,976,982,736,730,1495,2157,1218,1115,1646,1794,2527,2199,798,826,776,2652,2071,1299,1370,1877,1782,1041,1081,1414,1173,1415,1602,1658,1572,1448,1478,1117,1106,972,1089,1022,1287,1694,1456,1324,1294,1767,1863,1096,1061,1375,1844,1201,1290,1280,1326,1326,2592,2206,1660,1210,1044,957,790,1398,1529,1467,1348,1189,1200,1081,9905,9980,1757,1392,2040,1626,1458,1543,1298,1465,1563,1515,1380,1503,1372,1292,1587,1499,1494,1641,2798,18583,1053,852,995,720,1306,1320,2056,1649,1118,1155,1414,1589
bing_querylogs|config_id=2322,1998,1779,1632,1445,1353,1259,2100,2071,1630,1641,2276,2144,5152,2672,1579,1910,1422,2580,4411,2496,2094,2236,2307,1095,1274,1325,1584,1458,1534,2423,2250,1530,1539,2048,1707,1586,2075,1748,1657,1863,1777,1913,1981,1870,2277,1655,1690,2415,3431,1322,1337,2001,1836,4977,4924,1569,1944,1602,1629,1314,998,1456,1653,1913,2217,1730,1571,1661,2356,2662,2440,2161,2102,2379,2324,2516,2065,1882,1870,2104,1441,1630,1632,1718,2136,1775,1870,2072,3666,4209,1185,1071,1480,2034,1439,1759,2420,2107,2466,1847,2204,1745
bing_querylogs|config_id=2327,1600,1532,1182,985,823,673,1265,1259,1669,132712,132695,1743,3940,3758,1954,2084,1964,2873,2853,1251,1353,2425,2517,1025,1041,1648,1312,1459,2239,1618,1579,1391,1385,1348,1267,1714,1689,8039,3431,1022,1029,1646,1602,3395,1715,1277,1222,1943,1643,1093,1206,1648,1678,2503,2015,1543,1566,1241,1106,893,721,1224,1207,1978,2497,1098,1090,1107,1083,908,1220,1034,2158,2048,2304,1524,1679,1795,1685,1691,1139,1123,1106,1091,2043,2088,1379,1348,2234,2309,806,802,852,702,1299,1460,1347,1566,1833,1516,1575,1591
bing_querylogs|config_id=2336,1744,1739,859,781,739,752,1313,1319,1183,1417,1630,2155,2448,2516,1240,1217,1137,6159,6201,1242,1260,1035,962,743,746,1013,1042,1740,1754,908,902,1100,1101,1270,1287,909,1005,5161,5240,1204,1162,1318,1316,3430,3341,905,893,2523,2083,688,691,877,2757,1546,1544,1288,1265,999,834,654,680,768,805,1406,1241,727,731,730,2081,2212,2543,2639,1704,1221,4313,4384,1088,1096,994,999,657,670,1136,1051,1336,1337,923,927,1979,1903,698,683,593,593,1140,1151,1506,1517,2281,2334,1628,1647
bing_querylogs|config_id=2341,1638,1652,1154,1018,1251,1309,1429,1364,1537,1485,1641,1650,2109,2133,1760,1299,1475,1812,2066,1071,1478,1550,1744,1014,1126,1240,1597,1587,1618,1660,1857,1593,1545,1555,1486,1583,1709,1497,1598,1220,1290,1442,1587,1874,2031,1152,1396,2377,1857,1043,1060,1775,1552,1495,1995,1549,1747,1176,1154,849,788,1363,1238,1596,1863,1266,1084,1310,1462,1621,2807,2629,1671,1742,1394,1322,1713,1567,1654,1478,1127,1164,1358,1179,1696,1634,1360,1287,2185,2262,848,1129,831,858,1263,1273,1864,3555,1852,1942,1351,1517
bing_querylogs|config_id=2344,1004,969,893,905,741,716,1764,1607,1217,1104,1573,1407,2249,2981,1407,1674,1647,27292,17645,1507,1380,1803,1942,709,719,1067,1301,1108,1214,1328,1430,1342,1362,1031,1070,1311,1124,1231,1885,1235,1218,1626,1890,3649,2151,817,733,3175,3110,969,1003,1410,1351,15365,12906,1140,1077,1181,1270,777,863,1204,1253,1940,1755,1024,1005,944,9237,5213,1263,1226,1941,2147,2536,2611,1446,1460,1100,1275,978,985,1076,997,1250,1337,1123,1252,2818,2754,892,844,707,712,896,914,1577,1318,2566,2323,1386,1569
bing_querylogs|config_id=2347,2439,2442,1004,1004,852,858,1801,2075,1523,1523,2000,1970,3466,3068,1216,1205,1492,7023,6977,1659,1653,1616,1603,884,1032,1074,1089,1948,1924,1337,1220,1527,1483,1823,1712,1017,1113,5521,5727,1648,1518,1807,1778,3921,3820,1078,1081,2311,2963,1092,1092,1183,1247,2097,2050,1640,1624,1096,1113,906,772,1152,1149,1623,1629,987,987,1022,2907,2795,3303,3208,1766,1738,4911,4921,1533,1545,1180,1203,1060,922,1433,1461,1761,1936,1349,1343,2612,2584,821,805,869,705,1506,1683,2030,1951,2740,2392,2202,2231
bing_querylogs|config_id=2361,1944,1921,877,935,806,810,1343,1337,1377,1909,2197,2758,3057,2847,1395,1291,1323,6386,6077,1356,1358,1259,2297,949,926,881,915,1818,1957,1446,1024,1226,1278,1298,1275,1095,1083,5252,5459,1247,1113,1474,1437,3449,3667,977,1070,3066,3258,749,759,996,1007,1631,1805,1374,1376,963,1041,696,713,913,879,2390,2449,781,774,759,2248,2148,2665,2670,2436,1610,4319,4609,1260,1198,1133,1115,785,664,1060,1211,1668,1666,827,919,2050,1983,774,765,666,669,1157,1229,1581,1610,3285,2568,1701,1677
bing_querylogs|config_id=2364,959,1070,1035,880,746,735,1966,11275,1096,1205,1415,2494,8162,6190,1590,1883,1569,8063,28410,1105,1328,1517,2247,909,897,1246,1312,1352,1400,1406,1562,1143,1370,1010,1080,1387,1266,1310,1869,1243,1436,1455,1296,2536,4500,872,1045,1455,11373,999,969,1383,1484,26392,21204,1246,1072,1278,1354,773,729,1411,1120,2400,1904,975,936,945,6292,4533,1275,1715,1989,1762,859,2888,1769,2179,1302,1182,929,956,922,905,1421,1504,1116,1200,2796,3113,773,844,829,808,977,955,1132,909,1729,1527,1809,1571
bing_querylogs|config_id=2371,1824,1911,889,836,785,794,1392,1311,1200,1252,2776,2264,2744,2788,1130,1261,1322,6872,7198,1359,1355,1218,1251,771,814,914,904,1854,1862,1143,1114,1188,1177,1312,1329,931,1052,5223,5275,1086,1211,1385,1369,3376,3534,947,979,2438,2508,744,744,961,963,1576,1581,1312,1374,950,1054,723,721,749,827,1533,1653,683,695,777,2110,2170,2654,2632,1754,1692,4279,4307,1084,1104,1135,1170,731,734,1091,1000,1601,1570,870,877,2752,2146,748,687,641,646,1187,1128,1732,1860,3472,4222,1596,1611
bing_querylogs|config_id=2377,1260,1220,1090,1114,905,1195,2744,2332,1358,1195,2148,2093,12821,5853,2255,1955,1798,18241,18541,1390,1689,2036,1928,946,1007,1088,1106,1547,1446,1665,1621,1398,1442,1027,1276,1244,1232,1926,1536,1562,1448,1680,1311,4942,2873,1073,940,11148,12624,985,1087,3644,7481,27935,20758,1826,1455,1267,1260,847,917,1431,1404,2894,6599,1066,974,1284,7179,5553,1512,1587,8337,5700,2392,2856,2494,2052,1653,1457,1088,1149,1058,1211,1455,1572,1252,1266,3599,3369,899,831,843,798,1209,1282,1067,1153,12731,9852,1549,1629
bing_querylogs|config_id=2384,2525,2530,1357,1353,1250,1326,1735,1757,1948,1808,2647,2561,4090,4986,2068,2078,1901,8497,8504,2314,2307,1871,1884,1073,1069,1467,1400,2450,2335,1450,1332,1544,1714,2040,1988,1711,1987,6701,6489,2037,1953,2118,2319,5400,5765,1723,1780,3479,3483,1132,1134,1802,1998,3072,2826,2619,2159,1424,1441,1396,1271,1137,1023,2130,2103,1210,1205,993,3697,2847,3774,4076,2373,2675,6019,5444,2749,2629,1532,1604,1279,1230,1536,1539,2011,2328,1412,1502,2736,2835,1199,1190,951,961,1749,1853,2339,2712,3529,3738,2427,2414
bing_querylogs|config_id=2389,2015,1991,1229,1370,861,1324,1911,2302,1467,1421,1706,1846,2773,2867,1138,1231,1553,2362,2152,1490,1435,1740,1712,1042,1107,1883,1609,1665,1893,1762,1747,1594,1756,1469,1413,1293,1553,1840,2535,1696,1576,1543,1540,2136,2115,1351,1368,2236,2865,1347,1182,1883,1935,2170,2045,1907,2159,1101,1083,982,905,1564,1551,1853,1758,1565,1377,1491,2126,2261,2062,2926,2035,1960,1565,1892,1741,1573,1620,1604,2020,1711,1477,1511,1772,1853,1701,1665,3382,3173,977,1097,830,837,1767,1804,2560,1701,1452,1487,1800,1599
bing_querylogs|config_id=2398,2043,1990,1067,872,751,757,1528,1366,1391,1327,1906,2075,4250,3387,1444,1350,1474,7771,8045,1691,1711,1189,1200,751,752,978,1057,1914,2078,933,1011,1141,1099,1581,1668,1019,1070,5996,6145,1321,1312,1632,1622,6265,4873,943,992,3023,2591,812,747,1715,1225,1985,2623,1661,1491,1027,913,654,662,825,837,1508,1390,749,703,718,2210,2271,3062,3088,1429,1463,4715,4852,1505,1536,1002,1130,1166,680,1105,1110,1527,1512,982,932,2929,2628,775,729,613,611,1287,1283,1723,1812,3720,3494,2051,2046
bing_querylogs|config_id=2407,1086,1327,1110,1144,707,970,1759,1840,1342,1238,2529,2327,3747,7411,1697,1630,2034,23077,21671,1408,1313,1580,1746,988,1002,985,930,1498,1323,1581,2662,1258,1203,1061,1080,1423,1458,1602,1383,1389,1326,1547,1658,2492,3234,943,915,14298,13294,927,984,2117,3271,26530,30001,2210,2320,1361,1595,704,735,1247,1460,2691,2208,1118,1009,1018,9804,12741,1458,2347,3320,2833,2156,1965,1889,1671,1576,1462,954,1104,992,947,1426,1256,1228,1210,4629,3849,796,795,713,710,1300,1045,1303,1281,2327,4494,1588,1541
bing_querylogs|config_id=2409,2245,2333,1066,1048,1055,1164,1697,1715,1300,1309,2294,2210,3570,3572,1834,1930,1749,7871,7990,1666,1700,1411,1429,1101,1016,948,975,1991,1977,1500,1572,1376,1338,1684,1890,1182,1260,5887,5968,1484,1409,1896,1983,4424,4206,1397,1402,2655,2767,862,1017,1321,1297,2262,2518,1941,1661,1262,1268,708,1036,1016,1000,1918,2104,965,871,855,2704,2760,2983,3045,2134,2151,5660,5488,1930,1912,1275,1284,812,832,1497,1381,1895,1800,1052,1052,2471,2529,946,881,723,693,1512,1668,1850,1937,3217,3183,2305,2338
bing_querylogs|config_id=2418,1611,1547,957,882,1144,874,1180,1179,1442,1532,1432,1960,1593,1531,1412,1070,1051,1813,2145,1315,1351,1456,1334,920,930,1134,1009,1602,1382,1531,1441,1417,1436,1253,1241,1392,1317,1188,1424,1026,1059,1163,1264,1561,1591,1184,1080,1842,1483,956,984,1559,1372,1424,1369,1444,1760,951,945,693,769,1286,1254,1893,1696,1045,1064,1160,1123,1313,1632,18818,1668,1661,2184,1496,1382,1236,1561,1602,1098,1455,1200,1211,1599,1500,1092,1144,2149,1340,781,782,673,667,1153,1276,1119,1152,1627,1886,1274,1264
bing_querylogs|config_id=2423,1690,1573,897,893,1038,985,1348,2874,1293,1229,1653,1663,2127,2875,1525,1451,1445,1807,2457,1782,1758,1573,1978,1041,981,1081,1332,1910,1495,1577,1575,1496,1476,1118,1121,1401,1396,1839,3110,1168,1158,1293,1322,1591,1637,1327,1158,3087,2081,1009,964,1733,1303,1384,2685,1879,1602,1210,1343,826,802,1170,1244,1806,1735,1086,1142,1018,1297,1846,33795,33825,2069,2771,1628,2412,1690,1509,1499,1425,1018,1018,1226,1113,1596,1687,1163,1179,2070,2209,977,994,1043,1020,1241,1163,2069,1646,2027,1764,1493,1290
bing_querylogs|config_id=2424,1927,1920,910,841,779,791,1396,1818,1394,1441,1891,1931,2683,4070,1468,1450,1389,6551,6566,1325,1337,1394,1503,992,896,1002,979,1853,1851,1178,1178,1232,1281,1485,1673,1127,1105,5372,5884,1295,1243,1495,1462,3647,3638,1042,1031,2047,2419,766,753,1053,1206,1856,2360,1565,1609,1095,1230,779,775,868,864,1764,1614,786,789,784,2192,2157,3103,2755,3325,3833,4556,4593,1412,1405,1315,1101,786,760,1213,1144,1649,1756,953,940,2052,2048,753,750,633,629,1447,1292,1576,1583,2707,2671,1906,1890
bing_querylogs|config_id=2433,913,1086,2067,830,858,830,2399,1104,981,1087,2907,4038,1686,1792,1251,1358,1545,1755,2067,822,858,1259,1239,778,802,1238,1429,1379,1092,1231,1198,1034,1044,1025,1015,1423,1365,1924,2683,1022,864,1070,1105,1133,1293,717,656,2524,3188,806,802,1864,2115,2660,1290,1070,1037,770,994,648,656,809,822,1707,2152,919,859,909,1281,878,1046,761,1660,2120,1175,1218,1268,1394,1194,1165,722,907,969,905,1365,1326,846,905,1607,1427,890,937,792,630,1101,944,874,1174,4350,3110,957,992
bing_querylogs|config_id=2447,1139,1107,945,883,795,757,4894,1918,1489,1382,1681,1329,12205,7264,1416,1552,1462,24451,16441,1405,1559,2304,1777,935,825,1212,1261,1631,1215,1272,1623,1261,1191,1072,1044,1295,1408,1021,2238,1291,1268,1815,1378,3993,2315,890,921,3198,2461,1137,917,1371,1593,16363,30673,2124,1087,1358,1357,757,827,1332,1357,1878,1961,1001,1019,927,17109,8357,1150,1302,2056,2656,2299,1806,2367,1715,1353,1190,1022,1091,951,1122,1437,1551,1097,1268,2768,3061,861,846,802,791,1206,1058,1126,930,1631,1532,1560,1562
bing_querylogs|config_id=2448,2357,2372,1119,1172,846,837,2069,1783,1692,1756,3001,3469,12014,8829,1950,1887,1956,10731,8573,1707,2553,1860,1818,965,848,1104,1668,1938,1958,1475,1728,1113,1096,1642,1586,1221,1097,7886,6567,2737,1808,2055,2037,6519,4870,1507,1452,12179,8745,1092,1011,3551,4057,4536,2737,1858,2181,1325,1516,761,761,999,992,2433,2949,931,933,838,3336,3175,3492,3475,2972,4127,5088,5268,2529,6830,1421,1423,1091,1482,1365,1247,2248,2209,1170,1057,2926,3971,997,1080,709,706,1808,1667,1987,2023,12860,12926,3904,5076
bing_querylogs|config_id=2453,1659,1653,1063,964,829,948,1160,1114,1339,1327,1557,1783,1928,1841,1177,1800,1696,1752,1787,1267,1412,1365,1640,881,1041,1266,1112,1548,1232,1458,1517,1465,1555,1258,1280,1423,1522,3147,1752,1111,1095,1313,1254,1736,1755,1093,1267,1723,1678,895,883,1371,1401,1560,1495,1498,1991,918,942,662,694,1054,1466,1999,1753,1141,1128,1021,1795,1526,3625,1807,1540,1470,1486,1128,1343,1357,1649,1625,1047,1204,1089,1072,1592,1691,1087,1186,1836,2221,739,841,642,639,1125,1041,2277,2268,1871,1638,1288,1530
bing_querylogs|config_id=2456,1056,1061,920,1053,746,879,5428,2564,1185,1302,1443,2059,2631,15987,1677,1395,1581,16039,4429,1508,1645,1928,1663,909,951,1048,1095,1467,1467,1575,1535,1377,1405,1015,1040,1517,1538,957,1643,1337,1375,1665,1336,7778,4351,930,864,11648,12718,877,1055,1623,1487,31930,32600,1603,1309,1293,1238,727,774,1133,1134,2564,2144,999,974,947,6930,14523,1417,1408,2403,2149,3067,1871,1719,1635,1315,1324,980,1025,976,1222,1431,1511,1210,1316,3330,2914,819,863,837,814,1103,1028,1618,1192,2321,1586,1718,1573
bing_querylogs|config_id=2464,2344,2366,1141,1182,1085,1221,1611,1792,1681,1863,2346,2328,3607,3305,2057,1840,1841,6889,7073,1752,1847,1799,2081,1273,1268,1082,1267,2235,2185,1572,1426,1766,1948,1800,1775,1517,1376,6196,6061,1597,1462,1877,1835,4167,3998,1418,1374,2719,3082,1249,1152,1757,1550,2268,2210,1832,2010,1467,1383,954,984,1107,989,2344,2257,1066,1058,1006,2507,2734,3117,3332,2143,2132,4952,5305,1807,1830,1989,1533,1318,1019,1395,1464,1894,1992,1171,1212,2579,2277,960,965,896,900,1700,1639,1927,1984,3472,3274,2367,2396
bing_querylogs|config_id=2469,993,1091,763,723,705,711,868,1009,953,937,1369,2163,1821,849,961,1020,1021,822,1583,1175,1199,1641,1405,860,862,958,968,884,987,1293,1169,1222,1334,941,899,1331,1216,1579,1102,1005,936,845,974,974,1032,880,835,1675,1824,734,819,929,941,1336,1153,1342,947,1073,974,892,742,875,825,1223,1284,1055,922,991,818,1043,854,1086,1577,1632,943,996,1127,1085,1165,1148,838,819,758,897,1200,1284,773,882,1070,955,855,795,765,774,1032,942,746,734,1816,1490,1011,1100
bing_querylogs|config_id=2474,1238,1249,645,639,665,668,1094,1341,1469,1415,1541,1388,2062,1914,1481,1505,1653,1624,2035,1043,967,1342,1339,694,701,1310,1342,1234,1534,1186,1198,1048,1212,922,979,1702,1861,1174,1397,1024,1074,1441,1403,1430,1472,775,706,1666,1455,671,786,1307,1278,1946,1746,1284,1245,1038,1035,638,662,870,870,2004,1981,896,1040,1001,1520,1313,920,1028,1520,1625,1272,1177,1232,1092,1345,1032,1051,1205,1062,1134,1262,1301,955,1139,2347,1465,672,731,647,657,1023,1018,1007,758,1283,1869,1161,1340
bing_querylogs|config_id=2480,1029,987,681,685,622,635,1362,880,1011,1108,1903,1074,3033,2473,1297,1246,1288,1778,1325,739,816,1150,997,834,828,945,918,1281,1087,1071,1133,1100,1094,985,897,1060,1087,845,719,832,830,1011,1010,1178,974,699,705,1240,1394,827,705,1110,1093,1228,1098,1017,1188,872,951,662,636,807,916,1063,1122,869,855,912,768,804,744,755,2044,1953,948,943,965,847,1220,971,1016,767,808,789,1099,1064,917,953,2386,1559,664,662,639,636,845,1004,1041,892,2477,1831,1294,1025
bing_querylogs|config_id=2485,881,753,670,580,572,591,981,957,1344,1304,1082,1593,1783,2072,1333,1388,1375,1735,1620,1090,871,1283,1314,688,862,1028,1114,1106,1098,1039,1041,1024,929,1185,1257,1502,1351,2371,999,843,782,1175,1170,1354,2782,640,845,1659,1425,728,860,1085,1279,1312,1821,1027,965,871,722,584,584,1020,960,1471,1485,876,801,896,935,930,800,975,1466,1275,1197,1028,1139,1170,1642,1372,1084,749,921,873,1271,1320,871,831,1618,1541,609,669,670,581,1179,1011,1169,1232,1932,1553,820,809
bing_querylogs|config_id=2496,2266,1958,1397,1465,1282,1671,1873,1947,1974,2105,2281,1693,3593,2929,2448,2353,2247,2207,2219,1649,1843,2106,2009,1105,1009,1386,1746,2058,2059,1727,1467,1780,1682,1824,1929,2228,1997,1819,6955,1700,1634,2254,2100,2033,2056,1135,1278,2641,2477,1043,1280,1919,2189,2103,2616,1912,2058,1783,1498,1087,1192,1462,1480,2550,2652,1367,1468,1302,1711,1504,1569,2158,2583,2466,1734,2253,1866,2269,2106,1543,1961,1648,1799,1562,1501,1869,1687,1782,3203,2545,1139,1209,1144,990,1566,1562,2147,1626,2083,2074,1941,1998
bing_querylogs|config_id=2501,1511,1789,1094,927,867,866,1017,1400,1788,1454,2031,2722,2160,2300,2086,1788,1779,2055,3079,1025,1060,1692,1706,822,828,1606,1973,1224,1893,1239,1139,1246,1263,1538,1565,1897,1957,2173,3148,1033,1249,1458,1640,1867,2267,1035,1047,1925,1974,1078,1088,2450,2974,2654,2804,1348,1362,1237,1055,733,737,1146,991,2276,1865,1197,1180,1185,2448,1221,1632,1930,2168,1657,1742,1378,1950,1436,2011,2031,1439,972,1086,1186,1957,1825,1286,1400,2296,2384,952,869,835,786,1155,1561,1280,1227,3493,2435,1017,1223
bing_querylogs|config_id=2505,951,1029,904,1129,753,716,1871,1815,1311,1370,1272,1921,9662,20910,1529,1336,1445,16103,19138,1537,1385,1662,1596,834,832,1213,1194,1211,1152,1246,1531,1325,1129,1039,1058,1383,1028,1186,1802,1340,1258,1521,1287,2592,7124,811,738,2814,3429,903,833,2063,1546,27907,21635,1826,1101,1186,1249,702,773,1417,1049,1718,1934,1060,898,1034,3593,11421,1320,1261,2295,2090,2275,2238,1851,1358,1316,1180,1076,1019,975,1040,1472,1498,1162,1242,2924,2667,755,875,813,765,952,914,1056,1140,1984,3112,1544,1747
bing_querylogs|config_id=2507,895,1092,861,1249,713,645,946,1053,1339,1240,1624,1367,2363,1542,1607,1534,1781,1898,2111,980,974,1045,1088,760,851,1297,1354,1473,1369,1578,1563,1417,1454,1468,1342,1833,1428,901,843,1097,920,1430,1607,1363,1751,1105,1084,2160,1282,1073,1110,1821,1715,1654,1549,1799,1385,1183,1383,772,686,952,859,1922,1514,1032,1058,990,780,768,917,911,1531,1935,1499,1682,1582,1050,1295,1431,1087,1014,1144,1213,1238,1453,1081,1026,1916,1764,837,840,635,658,1567,1271,981,999,2020,2056,1037,1345
bing_querylogs|config_id=2516,1277,1315,1202,1241,922,1008,1222,1383,1626,1574,1689,1848,2215,2911,1678,1682,1720,2051,2451,1142,1355,1423,1442,1118,1134,1350,1472,1756,1644,1729,1419,1434,1711,1587,1472,1490,1742,1187,1905,1259,1195,1464,1616,1550,1652,1206,1185,1726,1686,1246,1447,1752,2873,5420,17732,2109,1914,1300,1194,931,934,1184,1081,2052,1580,1147,1095,1206,1390,1031,1110,1120,1902,1939,2064,3006,1505,17472,1637,1775,1129,1034,1167,1150,1407,1419,1411,1403,2237,1654,976,1124,829,869,1383,1479,1327,1457,1718,1652,1562,1639
bing_querylogs|config_id=2521,1565,2296,1217,1241,1411,1200,1833,2137,1265,1277,1919,1994,4137,3290,1801,1970,1793,2372,2274,1682,1840,1753,1902,1197,1153,1279,1114,1832,1843,2174,1428,1245,1256,1376,1588,1388,1726,4511,1215,1622,1429,1628,1301,2117,1822,1247,1279,2116,2848,1309,1300,1184,3802,1913,2438,2458,2003,1755,1456,873,1056,1619,1447,1849,1981,1155,1274,1330,3923,1466,1389,1623,2210,2295,1543,2818,1892,1957,2215,1273,1459,2396,1215,1108,1504,1435,1544,1625,1777,1903,1159,1118,1322,1158,1492,1620,1902,1691,2489,1736,1727,1964
bing_querylogs|config_id=2525,1135,1092,1055,955,955,787,2910,2293,1256,1126,1417,1581,11760,2479,1507,1613,1777,16132,25440,1515,1377,1820,1556,963,1020,1146,1075,1457,1225,1597,1528,1397,1609,1138,1076,1315,2595,1252,2092,1267,1406,1056,1306,3559,4130,902,886,12471,3241,947,931,1600,1534,29307,30085,1219,1503,1276,1287,807,771,1332,1315,2542,2813,1082,1077,985,7074,6023,1697,2036,2413,2177,1890,1996,1784,1688,1409,1176,988,970,1103,1138,1399,1624,1294,1243,2757,2817,856,876,810,825,1091,1115,1157,1171,2132,1800,1345,1434
bing_querylogs|config_id=2527,2331,2283,1164,1106,881,890,1821,1983,1856,1769,2207,2263,4663,3951,1787,1607,1822,8352,10364,1634,1867,2147,2172,909,958,1229,1293,2485,2488,1302,1636,1698,1338,1752,1657,1320,1328,5903,6775,1652,1516,1958,2314,4588,4340,1451,1541,3535,3540,1049,992,1412,1350,3625,3609,1838,1789,1317,1288,823,819,1001,997,2048,1922,1003,935,999,2912,2840,3526,3459,1665,1843,4931,4927,2586,2527,1200,1440,1270,1383,1348,1276,2027,2106,1466,1206,2820,3216,968,971,763,756,1611,1483,1874,2568,3747,4417,2057,2033
bing_querylogs|config_id=2535,1114,1116,1024,1037,872,1005,1729,4143,1334,1208,1681,2268,2563,5897,1708,1465,1436,27173,25375,1462,1628,1925,1605,940,1037,1050,1177,1208,1754,1689,1539,1395,1395,1064,1095,1392,1243,1279,1934,1287,1425,1232,1463,6829,5153,906,878,18663,3290,917,961,1502,1642,28883,27427,1276,1447,1371,1294,810,763,1369,1344,1760,2473,1097,1080,1081,11232,17840,1965,1473,3580,2129,2273,2284,1845,1670,1317,1386,1025,1016,1023,1122,1603,1445,1242,1339,3124,3038,861,876,818,791,1078,1111,1063,1099,1567,1600,1392,1526
bing_querylogs|config_id=2537,1031,1124,1419,861,784,930,1067,986,1419,1383,1189,1416,3122,2875,1574,1548,1508,1764,2086,789,878,1815,1403,738,759,1217,1287,1257,1230,1401,1342,1072,1214,1097,1055,1610,1674,2737,2805,915,999,1130,1341,1604,1656,826,1164,1710,2262,826,939,1430,2131,1704,2265,1122,1408,920,725,616,751,1064,1158,1804,4075,960,936,924,1092,863,1128,893,1592,2326,1738,1730,1412,1418,1246,1334,1035,1052,1142,1082,1450,1252,911,962,1916,1883,675,789,862,692,1261,1257,1006,1195,1391,1710,1102,1054
bing_querylogs|config_id=2542,1579,1067,944,989,762,864,1921,1565,1247,1054,2480,1611,15705,13669,1434,1755,1379,22623,18060,1209,1431,2099,1829,921,921,1167,1274,1217,1253,1584,1570,1429,1391,1032,1030,1386,1305,3550,3299,1148,1267,1215,1308,3646,4400,929,889,2468,1599,979,970,1384,1574,28816,27120,1203,1250,1211,1241,689,718,1261,1466,3570,2243,1076,1051,1068,11160,11011,2103,1352,2158,1985,1719,2231,1880,1706,1324,1401,963,956,1008,969,1424,1453,1201,1171,2630,2366,825,824,813,823,1017,1060,1097,1256,1532,1638,1400,1308
bing_querylogs|config_id=2543,1632,1366,1074,686,838,1000,1634,2166,1841,1552,2523,2734,12587,3130,1703,1479,1693,3238,4713,1509,2331,1712,1629,982,1055,1206,1328,1307,1177,1785,2184,1293,1259,1193,1207,1342,1629,9509,12298,1241,1233,1305,1422,2505,2783,1383,1333,6980,2950,1242,1185,4063,1530,2164,2360,5830,1485,1118,1456,831,847,1378,1338,1889,1619,997,995,939,1527,1644,1327,1563,2726,2530,4689,1686,1599,1344,1714,1592,1116,1316,1116,1167,1660,1616,1227,1140,2054,17792,825,815,1171,868,1339,1297,1518,1219,3679,2940,1397,2131
bing_querylogs|config_id=2546,1315,1432,860,864,1017,1056,1786,1276,1207,1314,1706,2244,2333,2111,1373,1447,1579,1840,1969,1484,1476,1439,1329,851,861,1632,1730,1677,1712,1670,1633,1497,1528,1099,1129,1400,1255,1423,2219,1207,1357,1177,1195,1496,1542,1188,892,2384,3268,904,984,1547,1260,1592,1597,3138,2113,1196,1401,804,822,1138,1148,1621,1522,1106,1092,1132,1217,1292,1362,3794,1903,1766,1726,1545,1257,1632,1437,1241,1035,988,1138,1059,1615,1565,1182,1249,2203,3109,1079,978,1063,1180,1082,1018,1449,1565,3253,2197,1450,1630
bing_querylogs|config_id=2550,928,929,788,787,724,727,978,1001,1296,1361,1694,1436,1689,1869,1476,1525,1568,1651,2064,934,1059,1380,1273,879,885,999,1028,1344,1336,1344,1302,1319,1353,1084,1413,1277,1421,1076,2314,985,920,1060,1070,1226,1265,748,744,1807,2199,861,868,1336,1370,1285,1265,1163,1139,925,924,707,697,994,953,1746,1575,951,948,943,1069,1057,846,806,1972,1957,1441,2013,938,938,1427,1396,1053,1071,964,947,1676,1623,993,986,1580,1684,791,788,732,729,1072,1843,1102,1084,1865,1864,920,911
bing_querylogs|config_id=2555,1239,1233,1216,945,970,1089,1334,1281,1236,1260,1406,1675,18059,1987,1290,1294,1346,2692,2660,1034,963,1441,2021,813,822,1001,1047,1523,1665,1477,1774,1586,1573,1148,1155,1288,1205,1056,1084,1121,1084,1205,1167,1803,1615,1049,1065,1407,1316,896,985,1200,1199,1623,1352,1527,1525,1455,1401,736,746,1123,1143,1739,1649,1074,1141,1136,996,911,1362,1143,1769,1576,1592,1875,1312,1312,1233,1063,1179,2659,989,1094,1613,1634,1247,1316,2381,2644,932,945,1046,1057,1019,1006,1071,1058,1493,2341,1319,1359
bing_querylogs|config_id=2556,1492,1415,1478,941,834,966,1834,1573,1471,1541,3241,2105,4113,1937,2040,1836,1842,2826,4215,1300,1921,2313,1781,1003,1068,1297,1608,1701,1276,1844,1753,1422,1501,1332,1234,1759,1539,3327,3554,1541,1356,1395,1385,2057,1870,985,1236,4101,4069,1181,1060,1994,2239,3294,2104,1678,2448,1449,1668,877,947,1142,1524,2762,3656,1355,1145,1425,1265,2213,1310,1177,3965,3121,1621,2492,2607,1421,1872,1830,1144,1112,986,1514,1857,2132,1107,1109,1574,1974,1113,997,1004,938,1541,1416,1355,1179,1838,2238,1549,1626
bing_querylogs|config_id=2561,1945,2056,1133,1341,1001,1607,1380,1465,1691,1721,1637,1988,3358,3518,1976,1921,2140,2222,2847,1754,1796,2343,1814,1000,970,1635,1083,1546,2279,2023,1783,1729,1629,1656,1666,1464,1910,2402,5313,1495,1465,1528,1721,2330,2488,1263,1465,3670,1990,1192,1170,3822,2984,2477,3060,2885,2195,1345,1366,828,840,1283,1364,2698,2761,1431,1439,1115,2799,1787,19217,8067,2538,2475,4175,3838,2442,1923,2089,2157,2518,1621,1463,1769,2039,2146,1301,1390,4248,1725,1152,951,785,785,1641,1914,2029,3099,2587,3239,1662,2439
bing_querylogs|config_id=2565,1544,1565,1272,1127,1265,1485,1381,1377,1191,1179,1806,1841,6318,6129,1537,1510,1576,4468,3257,1170,1256,1656,3321,957,955,1022,1638,1678,1836,5083,1903,1450,1465,1362,1313,1296,1620,2474,1674,1169,1208,1372,1377,1824,1939,1238,1366,2274,4457,1010,1036,2957,12267,4100,3576,1403,9606,1554,1565,772,758,1271,1183,1840,3566,1082,1224,985,1108,1095,1354,1367,5851,5501,5942,6822,1557,1541,1232,1279,1500,1298,1300,1290,2541,3063,1359,1350,3425,7836,901,869,931,1220,1428,1283,1301,1359,10149,6633,1373,1485
bing_querylogs|config_id=2571,1467,1447,1272,970,958,1330,1069,1051,1228,1319,1653,1656,2256,2013,1283,1267,1502,1670,1949,1157,1415,1426,1451,750,745,1045,1434,1596,1546,1706,1480,1273,1388,1323,1177,1246,1220,2206,2158,982,1155,1135,1217,1592,1571,1073,1196,2385,2205,888,929,1756,17612,2519,3566,1785,1581,958,847,700,706,1160,1001,1717,2817,1146,1213,1161,1262,17728,1232,5202,2132,1778,1762,7672,1284,1409,1366,1432,1252,2079,1155,1172,1558,1637,1106,1056,4809,1512,714,841,693,699,1172,1135,1635,2138,1530,1600,1918,1249
bing_querylogs|config_id=2575,1500,1560,1018,944,1058,1051,1415,1239,1355,1353,2250,1490,4072,5297,1346,1351,1556,6111,2589,1231,1281,2572,1482,821,831,1221,1270,1788,1623,1614,1651,1401,1288,1140,1156,1521,1784,2451,2029,1184,1470,1401,1389,1861,1868,1053,1049,3663,2869,968,1053,7059,5647,3827,8088,8323,1871,1411,1600,795,892,1188,1324,2667,2230,927,890,890,1010,1007,1368,1303,2962,2807,4506,9032,1570,1658,1394,1398,1447,1450,1125,1319,1626,1900,1468,1373,3337,5149,823,994,1200,1247,1084,990,1264,1322,10257,2875,1447,3378
bing_querylogs|config_id=2578,1947,1929,900,908,931,865,1491,1438,1497,1591,1821,1816,2846,2948,1574,1635,1578,6685,6803,1394,1371,1290,1280,1065,877,1064,1164,1861,1814,1189,1146,1263,1134,1522,1549,1106,1249,5434,5434,1291,1293,1630,1604,3691,3759,1242,1254,2251,2094,870,913,1216,1186,1978,1941,1496,1549,1088,1040,874,874,864,861,1586,1514,841,841,833,2315,2364,2841,2878,1478,1482,4567,4682,1381,1305,1139,1005,999,883,1365,1207,1487,1545,967,919,1917,1892,805,851,720,815,1371,1276,1660,1646,2782,2606,1967,2001
bing_querylogs|config_id=2586,1109,1161,961,890,863,1062,1103,1343,1490,1493,1781,1562,1929,2037,1641,1663,1888,1539,1897,1049,1224,1335,1475,943,982,1113,1096,1365,1523,1387,1265,1363,1398,1369,1201,1336,1389,1790,17204,1075,1040,1312,1320,1575,1654,898,917,2147,1555,860,867,17448,3007,1659,2413,1461,1390,970,950,835,744,1009,1006,1798,1713,1023,1021,1033,1171,902,910,1000,2103,2294,4244,5527,1160,1973,1753,1545,936,1237,1035,1027,1352,1621,1037,1093,1929,1743,855,817,816,802,1400,1407,1088,1318,1543,2213,1745,1672
bing_querylogs|config_id=2589,1535,1610,1101,1142,1247,1105,7432,1387,1208,1205,2010,2190,5976,8832,1526,1582,1595,3428,3674,1180,1268,1735,2702,934,948,1057,1117,1761,1691,1805,1778,1600,1399,1314,1317,1296,1747,1429,1719,1212,1178,1378,1372,3156,3043,1109,1096,2702,3267,1024,1018,5451,9603,1596,1598,10459,35883,1530,1393,771,814,1258,1377,2922,1980,985,1111,1316,1162,2914,1397,1646,8501,7801,7277,8717,1657,1553,1334,1313,1305,1217,1172,1179,2259,1828,1794,1377,3770,3178,867,933,846,875,1113,1287,5656,7216,9238,7733,3872,4419
bing_querylogs|config_id=2592,2005,1908,1121,1220,1323,894,1522,1476,1757,1620,1831,1820,2540,2414,1942,1992,1960,2123,2097,1854,1810,2073,2039,937,1056,1792,1730,1873,2019,1972,1859,1593,1675,1864,1907,2060,1729,1733,1581,1278,1445,1924,1851,1986,1997,1212,1134,1884,1801,1181,1238,1908,1743,1925,2573,1514,1483,1618,1533,1037,959,1291,1345,1954,2101,1396,1362,1388,1139,1125,1727,1656,2040,1882,1788,1737,2079,2184,1966,2182,1392,1181,1366,1288,2067,2168,1550,1504,1938,1842,1163,1240,949,950,1824,1927,1825,1256,1760,1785,1598,1692
bing_querylogs|config_id=2598,1801,1775,758,769,731,723,1278,1243,1116,1122,1770,1715,2568,2991,1140,1202,1161,6089,6135,1234,1239,1160,1228,702,699,995,1064,1746,1747,1086,1080,1023,1025,1244,1258,968,1002,5312,5285,1131,1118,1294,1280,3378,3349,863,863,1982,1979,706,713,1770,2415,1543,1525,1322,1327,882,896,653,661,736,744,1408,1318,766,701,760,1925,1928,2600,2574,1094,1293,4193,4290,1127,1053,950,1114,777,667,1041,1037,1510,1669,802,833,1669,1815,660,670,574,574,1117,1077,1543,1507,2398,2361,1611,1575
bing_querylogs|config_id=2599,1086,1061,925,946,752,776,1816,2241,1242,1122,1895,1588,2756,1787,1670,1560,1558,13866,13930,1271,1374,1883,1716,943,957,1049,1115,1243,1273,1599,1631,1348,1431,1066,1039,1319,1734,1103,1621,1356,1302,1387,1370,2971,2200,860,872,3288,3624,908,909,1424,2128,15727,18819,1884,1956,1287,1367,742,730,1330,1308,2433,1721,971,946,920,4720,3810,1450,1792,9287,2912,1111,2616,1783,1735,1315,1381,963,1049,1000,949,1480,1520,1425,1213,2763,3531,856,854,881,880,1109,1281,1595,1881,1893,1976,1392,1435
bing_querylogs|config_id=2609,1449,1569,880,922,976,1028,2234,2003,1249,1545,1577,1474,2505,2193,1435,1587,1669,1627,2086,1388,1427,1256,1342,855,867,2021,1282,1609,1904,1820,1704,1317,1427,1126,1175,1433,1261,1473,1763,1196,1200,1412,1570,1565,1538,1418,1105,2072,1952,1028,972,1345,1369,1581,1533,1429,1853,1324,1310,808,832,1128,1185,1716,1751,1024,966,1082,1408,1907,7853,2238,2028,1629,1408,1276,1380,1469,1384,1251,1037,1021,1031,1123,1779,1610,1104,1104,2046,3314,1081,1002,1063,1111,1236,1023,3419,1602,2419,2229,1542,1632
bing_querylogs|config_id=2610,1688,1706,1409,1406,1115,1239,1912,1930,1355,1417,2061,1816,3064,3154,1765,1831,1605,1955,2587,1545,1475,1795,1724,1103,1081,1173,1362,1666,2295,1922,1462,1286,1686,1528,1624,1734,1929,2110,1732,1791,1636,1764,1643,1850,1650,942,1103,2320,2060,1197,1211,2467,1962,3407,1879,2021,1793,1480,1394,902,933,1565,1586,1914,1876,1334,1287,1473,1512,1344,1275,1748,2277,2700,2007,2675,1551,1877,1830,1324,1522,1436,1263,1368,1788,1489,1724,1711,2909,2491,1151,1312,1204,1114,1728,1374,2115,1668,2171,2187,1671,1628
bing_querylogs|config_id=2615,1333,1341,1365,1448,949,946,1056,1104,1454,1260,2110,1674,1933,2560,1592,1720,1676,1727,1900,1098,1802,1445,1501,1121,1084,1478,1653,1439,1493,1759,1665,1749,1788,1390,1466,2207,1570,1126,1241,1267,1146,1498,1600,1607,1523,1152,1269,1733,1899,1034,1185,1931,1917,1611,1792,1708,1537,1338,1260,762,810,1019,944,1882,1939,1254,1111,1180,958,934,1012,1443,2081,2726,1478,1450,1762,1775,1875,1784,1243,1042,1221,1324,1852,1570,1134,1129,2083,2177,1005,997,940,906,1596,1343,1332,1118,1418,1772,1284,1234
bing_querylogs|config_id=2620,2158,2137,1711,1540,1182,1698,1353,1382,1827,1902,2528,2078,2814,2549,1826,1857,1950,2157,2679,1465,1462,1949,1953,1273,1291,1392,1452,2061,2086,2156,1996,1881,1748,1687,1568,2038,2012,2265,3764,1550,1538,1651,1807,2744,2277,1552,1866,2687,2942,1292,1127,2510,2536,2264,1756,1893,3005,1284,1509,1012,993,1828,1579,1836,1904,1715,1606,1232,1846,1813,5998,2914,2140,2653,2248,2677,2344,2051,2022,2072,1640,1918,1692,1813,2326,2306,1478,1577,2668,2160,1227,1149,1034,1078,1722,1679,2287,2415,2210,2845,2272,1726
bing_querylogs|config_id=2628,1764,1655,1035,1100,1142,1204,6994,1760,1136,1336,1919,2214,13629,7580,1537,1458,1753,2596,4501,1672,1841,1789,1627,1050,969,1252,1089,1895,1751,1911,1906,1457,1483,1286,1125,1780,1668,7645,3772,1554,1470,1606,2766,2116,1789,1343,1346,7856,10178,1025,1052,3793,8467,7368,11117,7766,2991,1342,1306,821,839,1235,1236,1844,2315,1219,1215,1165,33660,2759,34107,4417,2813,10318,9358,6544,2606,1693,1593,1648,1172,1123,1278,1227,1820,1762,1226,1224,8756,5730,1007,1023,1225,1039,1423,1538,4976,4143,10437,9125,1503,1527
bing_querylogs|config_id=2635,1613,1717,1059,1200,915,1016,1319,1483,1691,1845,7706,5714,2932,4129,1878,1796,1937,2908,2989,1175,1372,1893,1888,969,1035,1618,1696,1610,1905,1288,1287,1338,1368,1580,1562,1755,2643,7598,6635,1391,1360,1667,1668,3300,2598,1270,1139,4180,2413,1138,1198,7155,3757,4166,4466,1458,1748,1138,1273,775,740,1201,1277,2335,8767,1234,1217,1250,1373,4201,1102,1336,3375,4583,2634,2640,2130,2202,2155,2110,1323,1453,1175,1206,1869,2225,1292,1318,2864,3577,951,975,960,833,1784,1651,1493,1349,2405,13398,1908,1652
bing_querylogs|config_id=2637,1052,1117,1141,1030,838,753,3808,2183,1250,1241,2263,1886,11017,15133,1450,1341,2032,18030,8862,1571,1167,1769,1911,790,844,1236,1300,1191,1459,1372,1604,1346,1500,1033,1049,1290,1345,991,1361,1300,1289,1548,1414,4124,4183,861,836,2436,3033,943,919,1360,2466,33614,25687,2001,1515,1285,1393,747,729,1330,1113,2980,2334,1015,1008,1031,7654,13318,1339,2008,1779,1852,2228,2123,1662,1776,1254,1167,1118,1052,1165,1074,1535,1478,1140,1183,8238,2601,882,869,849,822,1030,1000,1053,897,1957,1988,1620,1556
bing_querylogs|config_id=2640,1324,1316,940,990,998,965,1245,1249,1226,1214,1835,1495,2052,1738,1185,1120,1356,1900,2484,1035,910,1194,1194,811,821,1126,1181,1709,2364,1251,1428,1148,1362,1051,1079,1267,1267,2202,1871,1029,1039,1212,1037,1647,1657,895,955,1551,1381,857,896,1005,1131,1736,1715,33934,1380,1310,1290,696,731,1021,1061,1591,2139,898,887,998,842,890,1053,1086,1826,2092,1529,1643,1504,1467,1405,1148,1160,1156,892,879,1338,1628,1266,1276,2163,2319,832,821,1117,1046,1015,1010,1082,1165,2039,1868,1282,1327
bing_querylogs|config_id=2645,765,775,613,611,602,612,721,787,1044,915,1083,994,1612,1052,1221,1169,1161,1056,1238,700,708,1062,1046,724,704,980,973,857,991,1111,1104,1079,1091,912,903,1015,1301,1108,716,775,755,950,944,1176,1239,654,597,1146,1054,679,744,905,853,1163,1318,1040,972,792,761,627,649,705,702,963,983,751,849,864,763,797,667,678,1183,1179,840,824,756,721,1063,1061,827,834,926,761,1169,1143,858,814,1226,982,682,619,639,657,829,789,771,727,1032,1085,715,709
bing_querylogs|config_id=2650,1619,1688,951,949,1167,1003,3916,2005,1656,1487,2075,2013,5521,5504,1459,1543,1742,2354,2565,1636,1620,1300,1380,849,859,987,1407,1892,1810,1932,1438,1507,1520,1306,1223,2037,1401,7753,1727,1608,1398,1686,1815,2940,2878,1450,859,2829,2941,976,962,2260,8510,5365,7973,7016,1505,1353,1537,987,835,1232,1296,3493,4632,1050,1094,1134,1415,5713,34440,1799,1843,1927,5680,8777,1890,1690,1431,1343,1123,1144,1118,1206,1709,1751,1097,1217,4368,4191,987,1104,1321,1263,1214,1121,7932,1663,9638,2093,1744,1496
bing_querylogs|config_id=2651,1243,1300,1246,1057,776,759,5020,2098,1150,1324,2746,2136,7838,10371,1588,1909,1831,16595,19199,1633,1372,1843,1620,950,965,1119,1128,1803,1824,1752,1782,1398,1400,1074,1055,1327,1232,7312,1735,1217,1549,1361,1305,2579,3021,1015,1150,11681,14384,1060,1042,2259,2630,17225,30835,13341,7039,1510,1366,741,795,1318,1142,3646,2285,1079,1116,1025,8136,16031,1990,2489,3439,5423,1355,2472,1949,1744,1537,1496,1079,1091,1168,1189,1633,1424,1336,1244,3074,3123,870,889,833,827,1136,1016,1147,1251,8568,11828,4074,1669
bing_querylogs|config_id=2661,1521,910,948,969,728,752,11575,1849,1079,1180,1306,1248,1939,1826,1436,1239,1231,7313,16809,1207,1429,1667,1431,860,932,1061,1204,1320,1367,1267,1693,1271,1316,984,1156,1438,1553,1555,1018,1270,1357,1432,1245,4200,3266,820,802,2824,10139,848,777,1397,1905,29581,27272,1779,1229,1225,1173,692,641,1308,941,2140,2020,889,927,1055,3414,14167,1286,1300,1873,2099,1073,1986,1715,1689,1214,1248,934,870,896,1164,1191,1636,1284,1257,2904,3332,776,808,739,716,1149,1162,932,933,1680,1561,1346,1872
bing_querylogs|config_id=2682,1583,1336,941,940,1127,1004,1443,1428,1422,1449,1481,2032,4531,2506,1140,1449,1323,1934,2526,1168,1305,1353,1327,837,913,1155,1175,1371,1665,1601,1516,1373,1389,1313,1359,1451,1337,3456,1967,1107,1050,1359,1327,1656,1850,1374,1045,2769,2466,966,1027,1779,1754,3262,1745,2675,1619,1073,1552,760,754,1347,1616,1624,3346,1143,1088,1111,1417,1444,5053,1915,1701,1946,2109,1737,1390,1493,1681,1573,1322,1328,1199,1330,1577,1736,1164,1134,3138,1744,864,869,691,726,1130,1127,2260,1415,2066,3040,1460,1332
bing_querylogs|config_id=2728,954,1440,768,845,626,655,1587,2078,1027,1107,1555,1490,2803,2183,1402,1402,1332,1640,2558,1020,1478,1340,1317,799,807,1052,1038,1235,1242,1619,1559,1144,1124,847,849,1337,1440,2205,74750,989,1091,1107,1095,1170,1471,770,798,1310,1628,912,905,1617,1329,60917,72670,1147,3571,1086,1067,672,662,889,949,1361,1578,1024,992,856,3293,956,1348,2510,1673,1637,1065,1220,1541,1261,1158,1193,1018,993,952,1082,1254,1276,996,1029,2238,1885,710,709,637,683,852,947,955,1004,1846,2295,1414,1389
bing_querylogs|config_id=2732,1048,1340,856,869,737,696,1939,1628,1231,1250,1470,1420,2219,1911,1445,1189,1185,1773,1639,1475,1357,1719,1750,820,820,1126,1088,1186,1297,1673,1545,1151,1235,918,954,1129,1128,1472,4883,971,1328,1172,1057,1817,1309,991,869,3009,2999,980,1018,1152,1034,73061,72503,1118,1195,1119,1155,697,714,950,941,1405,1513,1064,972,1067,1535,5598,1193,1294,1973,2011,1035,17475,1498,1445,1217,1342,1006,1029,883,976,1324,1340,971,1114,2427,1664,771,752,699,685,1233,1216,769,815,1533,1477,1217,1448
bing_querylogs|config_id=2735,1396,1400,1134,1187,996,1038,5697,3616,1219,1153,2597,3477,7173,4892,1288,1259,1235,11895,10055,1413,1421,1462,1593,862,862,1042,1262,1671,1675,1971,1798,1313,1397,1364,1368,1563,1563,3121,2888,1238,1230,1524,1454,4099,2864,1004,1009,2508,2606,954,915,1320,1491,16328,24052,7994,7338,1283,1240,685,679,1293,1167,4233,2305,1017,939,987,7823,6091,1445,1410,2025,1988,2149,2163,1764,1741,1568,1695,1099,1093,846,842,1882,1758,1113,1090,19598,3061,771,767,955,1313,1223,1337,1552,2568,13922,4048,1340,1752
bing_querylogs|config_id=2740,1403,1640,993,963,1107,1066,1326,1567,1273,1477,1712,2032,2252,1950,1325,1601,1325,1918,2721,1649,1824,1595,1491,961,983,1133,1127,2059,1854,1714,1657,1477,1494,1144,1170,1541,1342,1410,1264,1174,1155,1467,1341,1503,1613,1262,1246,1847,18412,1046,969,17864,1356,1421,1435,34369,1511,1191,1342,850,848,1285,1166,1747,1758,1128,1170,1063,33792,1278,2033,1431,2127,2110,1438,1517,1301,1683,1466,1463,1088,1124,1214,1125,1584,1665,1208,1215,2138,2289,1009,1054,1058,1009,1241,1240,1425,1745,2500,2503,1275,1715
bing_querylogs|config_id=2752,938,960,1248,1051,683,735,1594,2521,1104,1182,1473,2073,16133,12313,1272,1280,1575,16055,2963,1166,1115,1286,1502,707,738,971,1100,920,1184,1234,1259,1076,1090,935,1437,1173,1192,1176,3865,1204,1249,1169,922,15650,1621,800,782,1724,5458,916,937,2373,1793,18490,30594,1149,1530,1128,1123,646,675,1271,1266,3286,3212,990,1070,944,2794,14061,1282,2024,1861,1884,2466,1995,1470,1602,1091,1188,982,924,1056,1043,1444,1238,1404,1484,3025,3346,732,860,720,705,890,937,824,833,1403,1453,1639,1209
bing_querylogs|config_id=2755,1488,1373,1162,1154,1006,1098,2058,1134,1388,1412,1857,2080,3297,2722,1573,1703,1696,2248,3160,1649,1758,2148,2500,975,970,1068,1418,2308,2008,1897,1865,1330,1447,1696,1460,1872,1380,1368,1648,1186,1176,1528,1437,2014,1450,1053,1364,1649,2943,966,952,1367,1431,6107,4801,1271,1413,1335,1490,847,751,1254,1045,1719,1766,1107,1232,1287,2402,2877,1549,1648,2217,2343,2408,1490,1338,1537,1510,1381,1086,994,1141,1122,1936,1998,1328,1107,2858,1778,791,792,976,958,1403,1272,1363,1993,2004,2153,1119,1388
bing_querylogs|config_id=2765,1049,1515,896,986,666,788,1627,2016,997,1206,2085,1737,2547,2027,1668,1480,1370,20907,13020,1336,1325,1515,1855,817,828,931,1102,1167,1135,1446,1728,1268,1234,942,992,1230,1144,26147,3291,1225,1184,917,1038,2798,7398,716,714,6509,15649,799,812,1325,1367,18276,18092,1154,15941,1315,1052,795,667,1020,1014,2000,2107,1078,933,850,3685,4123,1233,1140,3362,2065,1685,1103,1583,1827,1154,1221,982,861,1005,1135,1178,1527,1145,1217,3235,3021,717,715,691,690,992,925,894,952,1675,1729,1499,1462
bing_querylogs|config_id=2772,1134,1237,885,909,955,938,1341,1048,958,112225,88731,1649,2698,1879,900,909,1016,1787,2610,1321,1120,1338,1210,836,787,1078,1029,1763,1723,1558,1515,1136,1212,896,861,1146,1223,1432,1397,1085,2145,968,1064,1444,1258,1070,974,1493,1219,842,956,1495,1730,1535,1833,2498,1439,1094,970,709,716,916,1164,1859,2296,918,839,890,1740,2034,1445,1265,2067,2153,2341,2102,1553,1232,2556,1474,1507,1195,922,1003,1323,1549,1080,987,2784,2315,795,794,646,658,1020,933,1649,2565,2390,2317,1326,1050
bing_querylogs|config_id=2784,1275,1569,975,857,962,1039,1043,1466,1509,1251,1380,1452,4625,4714,1749,1783,965,2892,2557,1601,1310,1555,1453,758,713,1160,1182,1291,1589,1422,1683,1066,1198,1248,1164,1458,1364,1104,1311,1032,1120,1416,1345,1781,1591,969,1061,2333,2338,850,770,1115,1269,4488,3244,1283,1116,1184,1430,680,674,890,932,1841,2046,1050,1326,1161,3843,2471,956,1322,2403,1950,1859,1350,1388,1104,1383,1078,851,895,1125,1137,1481,1408,1029,1054,2723,1398,656,750,978,1264,1324,1477,1218,1319,1813,2550,1262,1342
bing_querylogs|config_id=2793,1939,1567,1172,1157,826,827,2389,1677,1185,1417,2667,1492,3833,3046,1429,1394,1466,12682,11400,1320,1660,1895,2252,990,998,1099,1079,1283,1270,1579,1374,1448,1400,1103,1178,1449,1591,1059,1166,1412,1282,1628,1644,7673,2732,868,863,2299,1929,910,1199,2134,1493,16377,26247,15493,1510,1596,1313,812,842,1551,1492,2660,1987,1027,1006,1227,9793,6510,1429,1485,1919,2479,2216,2743,1703,1533,1480,1492,1131,1099,1080,1252,1385,1817,1282,1449,3336,3570,930,1016,847,889,1218,1105,1119,1342,1988,1629,1338,1316
bing_querylogs|config_id=2798,1619,1877,1560,1559,1480,1595,1849,2247,1670,1696,2300,2079,3988,4804,2122,1704,1823,3920,2983,1737,2094,2137,1872,1125,1349,1473,1438,1699,1891,1931,1754,1487,1598,1738,1810,2196,2147,1612,1783,1392,1625,1863,1669,1972,2225,1793,1336,2157,3657,1357,1367,1600,1665,3446,3623,2316,3802,1762,1653,1134,1101,1339,1665,2469,2570,1467,1516,1929,4123,3916,2310,1207,2256,1909,1604,2136,1987,1817,1788,1853,1344,1306,1526,1320,1890,2071,1554,1789,10082,2498,1161,1168,1406,1531,1691,1701,1656,2320,2372,2522,1616,1335
bing_querylogs|config_id=2807,1548,1485,1067,797,1034,1019,1583,1523,1374,132504,132355,1793,3726,6194,1585,1626,1421,3180,2150,1880,1283,1704,1900,805,884,1086,1155,1704,1886,1673,1838,1221,1230,1464,1296,1405,1792,2529,1792,1125,1136,1526,1468,2615,1718,1200,1026,2925,2433,952,963,1191,3092,3007,3058,5985,3699,1467,1476,729,779,1169,1253,2090,2440,1147,1148,1344,1006,2440,1106,1178,2509,2016,1170,1330,1876,1733,1365,1320,970,1008,1117,1300,1469,1535,1294,1097,2403,2628,731,780,1040,1031,1422,1514,1610,2483,2210,4388,1433,1339
bing_querylogs|config_id=2817,2057,1955,1349,1456,721,572,2786,3942,1450,1413,1902,1902,69006,69002,1388,1388,1384,6252,6291,1285,1293,1507,1373,964,972,938,1003,1612,1618,1069,908,1080,1101,1287,1461,892,954,1011,1130,1155,1153,1482,1482,3222,3297,901,1695,1842,1721,624,621,1179,1179,2326,2809,1422,1040,993,993,544,542,769,687,1939,1937,728,718,724,2796,2796,1656,1657,1463,1462,4597,4614,1237,1237,1316,1165,840,840,1042,1028,958,958,805,799,2573,2913,673,657,573,572,1498,1495,1492,1435,67337,1815,1144,1145
bing_querylogs|config_id=2819,2023,2024,1949,1543,829,617,3211,3205,1505,1473,2015,2015,7866,69051,1449,1461,1445,6303,6350,1360,1372,1606,1451,1047,1057,955,850,1719,1768,1156,1152,1240,1268,1358,1540,1103,1139,1130,1603,1210,1208,1543,1543,3365,3381,948,1732,1952,1952,669,669,1282,1260,3949,2874,1509,1127,1087,1087,581,577,842,839,2079,2076,767,768,761,2839,3672,1794,1800,1802,2139,4669,4687,1307,1331,1441,1452,887,887,1084,1075,1255,1255,882,882,2595,3008,711,710,620,617,1591,1584,1548,1890,67464,1942,1198,1201
bing_querylogs|config_id=2832,2162,2036,923,1362,771,633,4554,5092,1470,1486,2057,132960,68959,5097,1468,1468,1450,6661,6473,1454,1393,1635,1614,998,1020,1061,987,1921,1774,1194,1190,1200,1228,1358,1506,1082,1175,1050,1382,127455,1262,1724,1572,3347,3347,958,1743,1741,1727,743,699,1451,1303,2487,3491,1499,1198,1086,1238,586,674,863,856,1979,1981,784,787,782,2793,2607,1811,1819,1747,1774,4502,4523,1680,1537,1132,1185,949,949,1087,1079,1256,1220,876,936,3216,3234,720,777,632,629,1606,1599,1740,1773,1922,7566,1894,1347
bing_querylogs|config_id=2835,841,852,1197,738,618,619,1218,1134,1079,132057,132135,1363,2571,1782,1603,1423,1273,2157,2193,870,874,1230,1237,951,965,1017,1062,1471,1410,1236,1414,1213,1241,1020,1198,1527,1548,712,1492,886,882,1115,1282,4371,1383,684,677,1412,1438,695,696,1146,1186,2705,1291,1163,1197,1073,885,621,627,854,847,1412,2068,903,903,901,1153,847,1244,1248,1529,66987,1921,4635,861,861,1707,1718,915,857,934,911,1339,1339,1108,986,1761,1950,695,692,654,651,1007,1082,918,891,1520,1242,804,808
bing_querylogs|config_id=2848,1948,1854,1886,1478,721,578,3155,3149,1452,1418,1760,1736,7807,68996,1399,1388,1384,6246,6285,1282,1287,1342,1344,974,985,940,808,1609,1618,1069,1067,1080,1098,1293,1467,994,1056,1087,1317,1147,1147,1422,1476,3211,3211,894,1689,1839,1839,618,618,1173,1173,2489,2972,1412,1034,1007,990,538,536,763,760,1933,1787,714,724,718,2796,2790,1725,1729,1631,1462,4586,4600,1230,1230,1316,1321,843,834,1036,1030,958,1124,805,805,2780,2914,667,665,571,566,1498,1495,1487,1429,1664,1815,1137,1138
bing_querylogs|config_id=2850,1952,1926,1307,1243,767,617,2421,2684,1274,1421,2005,133135,7820,3096,1266,1396,1359,5904,5517,1408,1344,1571,1559,781,797,979,1016,1820,1686,1216,1170,1162,1190,1181,1345,1206,1083,5246,1029,127372,1171,1384,1391,3206,3172,937,1582,1531,1701,714,669,1316,3449,1602,2041,1432,1254,1038,1202,595,591,833,944,1711,1678,748,786,760,2878,2485,1635,1639,1610,1485,4067,4072,1110,1393,1122,1088,857,882,1066,1064,1244,1252,852,852,1859,1995,734,735,627,615,1477,1458,1411,2300,2413,2649,1624,1118
bing_querylogs|config_id=2852,2037,2045,886,1301,770,635,2647,2800,1239,1872,2223,198513,12734,68448,1910,1917,2266,5111,6699,1406,1341,1856,1884,833,906,988,1027,1824,1869,1557,1147,1156,1184,1351,1389,1444,1335,1094,1322,127525,1375,1734,1562,3637,3635,951,2062,1991,2044,974,1270,1858,1477,2999,2688,1495,1308,1140,1438,578,662,1118,1002,2379,2784,786,789,784,3122,3289,1710,1709,1997,2525,4609,4669,1591,1360,1134,1145,968,948,1068,1069,1268,1232,902,911,2472,3855,725,712,625,624,1456,1449,1494,1427,2154,3234,2939,1395
bing_querylogs|config_id=2856,1942,1945,1362,1370,739,597,2454,2454,1526,1524,1862,1859,3455,3432,1402,1402,1386,6314,6261,1371,1383,1459,1462,960,1068,832,893,1731,1740,991,1197,1208,1236,1296,1570,1090,1151,6306,1371,1154,1266,1554,1490,3287,3287,951,1743,1963,1819,694,622,1271,1271,2571,2829,1520,1048,1098,1118,566,562,762,760,2096,2094,714,717,712,2818,2820,1667,1811,1813,2150,4680,4389,1229,1228,1242,1253,898,848,1033,1022,1044,1266,905,887,2599,3010,778,721,627,586,1510,1505,1462,1453,2740,1767,1129,1136
bing_querylogs|config_id=2860,2070,1992,868,836,788,796,1529,1396,1492,112525,89304,2014,3218,3018,1437,1437,1441,7883,7868,1466,1399,1422,1415,887,888,1047,1073,1939,2009,1179,1246,1361,1433,1539,1562,1169,1152,5935,5943,1549,1547,1543,1541,5681,5681,962,950,2381,2280,756,746,1228,1145,2056,2069,1573,1499,1171,1056,678,678,873,848,1661,2075,787,784,760,2257,2361,2776,2831,1683,1824,4652,4669,1461,1435,1291,1217,964,1005,1134,1129,1702,1702,1014,915,3180,3053,778,777,630,627,1287,1284,1713,1732,2878,2855,1988,1852
bing_querylogs|config_id=2863,2067,2034,1362,1301,768,623,3255,3648,1449,1681,1937,132737,69005,7380,1413,1407,1395,5049,5977,1440,1378,1536,1515,801,823,1151,1044,1905,1758,1160,1156,1187,1215,1258,1574,1103,1129,5404,1376,192995,1426,1936,1463,3384,3390,962,1938,1644,1646,741,665,1651,1320,1639,2653,1453,1142,1083,1235,581,625,840,832,1850,1741,775,778,773,2499,2427,1711,1714,1647,2136,4669,5020,1275,1189,1125,1106,903,903,1112,1104,1271,1235,872,872,2363,2497,739,736,616,615,1589,1582,1492,1504,5306,6981,1265,1293
bing_querylogs|config_id=2873,2166,2195,1637,1488,951,868,2851,2857,1634,1631,2284,89300,5740,5170,1442,1558,1788,6391,6466,1845,1843,1792,1776,1044,1039,966,1023,1980,1892,1418,1465,1145,1225,1506,1516,1625,1144,2147,1789,85456,1243,1654,1696,4056,3886,940,1870,3608,3757,760,790,2256,1734,2429,2939,1611,1604,1126,1295,1140,579,915,914,2252,2659,963,950,944,2921,2903,1802,1844,2266,2474,5438,5096,1450,1293,1390,1447,954,994,1175,1362,1364,1332,915,881,2774,3203,736,806,633,665,1795,1764,2030,1997,3799,4077,1972,1457
bing_querylogs|config_id=2874,2023,2024,1949,1543,763,617,3211,3205,1515,1483,2015,2015,7866,69051,1461,1460,1445,7400,6350,1350,1372,1488,1607,1058,1057,957,824,1634,1728,980,976,1193,1221,1360,1540,1077,1139,6208,1360,1210,1208,1543,1543,3365,3365,940,1732,1952,1952,735,661,1260,1260,2560,2874,1509,1127,1107,1087,549,551,840,839,1865,2083,767,768,761,3143,2837,1794,1800,1802,1767,4669,4687,1307,1307,1440,1452,887,887,1084,1075,1033,1219,884,882,2647,3010,767,766,618,588,1603,1598,1548,1494,3367,2726,1218,1201
bing_querylogs|config_id=2877,2321,2275,1070,1015,887,957,2290,2133,1648,1724,3436,4926,6593,7956,2015,2145,2100,8470,8670,1692,1710,1667,1679,1008,863,1260,1341,2110,2119,1628,1321,1266,1424,1689,1687,1517,1957,14764,17104,1653,1633,1838,1885,6620,7550,1284,1243,5306,5094,1091,1082,2268,3042,3300,3488,1761,1776,1142,1234,810,810,1086,1024,3576,2013,955,893,965,3999,3123,3200,3198,1927,2145,5026,5114,2282,2525,1380,1376,1109,1115,1255,1437,1864,1667,1098,1060,2888,2825,746,764,793,766,1621,1603,1938,1949,3449,4459,2492,2496
bing_querylogs|config_id=2880,1941,1944,1643,1450,772,596,2851,4007,1531,1489,1861,1841,4049,3409,1401,1401,1461,6203,6236,1363,1310,1422,1425,945,955,983,854,1583,1744,990,986,1210,1238,1363,1563,1089,1030,6218,1376,1240,1238,1556,1559,3274,3274,964,1756,1791,1818,751,621,1276,1276,2407,2828,1522,1039,1120,1100,571,557,762,846,2091,2089,713,702,711,2853,3072,1666,1670,1841,1839,4370,4388,1320,1320,1422,1252,847,903,1032,1021,1232,1232,810,810,3062,2885,793,790,638,635,1509,1504,1563,1490,2739,2739,1867,1215
bing_querylogs|config_id=2887,2088,2002,1496,1491,758,896,1742,2538,1511,132489,135083,2997,11590,9488,1363,1369,1373,7976,7963,1440,1443,1450,1457,805,819,961,1006,1953,2156,1200,1166,1253,1281,1552,1538,1141,1164,6214,6218,1284,1280,1547,1547,5787,5956,972,965,3643,5897,747,713,1166,1166,2373,2636,1511,1511,1173,1068,669,669,850,843,1672,2271,761,761,759,2504,2552,2780,2784,2777,2484,4713,4730,1367,1367,1163,1194,981,985,1134,1123,1717,1717,1052,930,3013,3006,745,742,628,625,1313,1306,1690,1662,2728,2728,1850,1854
bing_querylogs|config_id=2891,2013,1914,1949,1486,668,575,2876,2783,1425,1393,1837,1823,4183,3412,1379,1379,1377,6171,6350,1360,1372,1412,1415,935,945,797,824,1634,1582,980,942,1022,985,1276,1448,941,933,1130,1361,1135,1232,1471,1471,3267,3267,868,1684,1780,1780,601,669,4952,1797,2560,2874,1395,1013,969,969,549,547,842,738,1865,1860,689,692,691,2801,2801,1794,1800,1600,1819,4669,4687,1218,1205,1197,1204,827,843,1004,997,995,995,789,789,2595,3008,643,640,572,569,1603,1494,1457,1480,1957,2028,1295,1743
bing_querylogs|config_id=2893,2113,2002,835,839,758,774,1592,1645,1511,132489,132636,2004,3531,3313,1453,1453,1463,7710,7858,1455,1377,1450,1457,805,819,961,1006,1969,2053,1200,1166,1253,1281,1552,1557,1141,1171,5960,5966,1596,1784,1547,1547,5974,5966,938,938,2562,2627,747,752,1184,1184,2396,2362,1634,1558,1235,1089,669,688,859,852,1661,2231,761,762,759,2322,2272,2827,2800,2066,1874,4783,4834,1384,1384,1127,1138,981,985,1134,1123,1729,1729,1052,930,3264,3281,775,772,620,617,1313,1306,1638,1867,2759,2771,1850,1872
bing_querylogs|config_id=2894,2026,1867,1481,1474,1286,533,2659,2824,1447,1426,1787,1766,68942,3553,1408,1407,1464,6125,6211,1281,1406,1421,1422,870,1052,828,873,1607,1527,958,936,1548,934,1277,1449,972,984,1167,2079,1145,1146,1480,1554,3372,3202,891,1708,1694,1695,696,724,1082,1155,2187,2881,1968,1112,890,1068,584,583,743,771,1909,1911,792,795,713,3500,3152,1721,1670,1741,1710,4600,4598,1201,1199,1126,1213,912,851,1023,1100,1004,1202,799,799,2428,2987,667,735,599,524,1533,1581,1628,2100,1687,1657,1215,1108
bing_querylogs|config_id=2935,1857,1859,1055,1530,671,529,2777,2379,1363,1328,1740,1724,3363,5178,1326,1326,1372,6131,9171,1257,1223,1326,1357,862,883,758,822,1478,1463,898,865,896,917,1216,1388,880,942,6153,1305,1068,1066,1410,1410,3210,3210,886,1677,1803,1709,680,606,1150,1150,2477,2739,1334,946,899,882,501,585,678,675,1781,1778,633,647,629,3084,3006,1713,1717,1459,1401,4563,4475,1134,1142,962,967,822,777,959,953,946,946,725,769,2367,2789,650,709,521,518,1413,1411,1475,1412,2553,2587,1709,1057
bing_querylogs|config_id=2940,2142,2150,1453,1364,769,631,2422,5098,1458,1488,2119,132960,68886,6802,1612,1612,1594,8134,9362,1489,1417,1745,1822,1140,1162,1088,1005,1917,1770,1196,1192,1193,1221,1354,1512,1087,1173,1078,1122,127414,1220,1899,1618,3380,3380,960,1733,1779,1779,746,702,1460,1310,2398,2649,1505,1007,1096,1260,586,588,860,853,1841,1866,792,795,782,2798,2603,1805,1813,1748,67272,5248,4809,1681,1538,1473,1474,899,899,1095,1087,1258,1222,873,871,3167,3213,726,781,624,623,1578,1571,1839,1771,3276,68294,1319,1347
bing_querylogs|config_id=2954,2160,2158,1482,1373,783,645,2508,3161,1436,1494,2179,132881,68893,5591,1472,1620,1530,6669,6916,1472,1398,1753,1830,968,998,1096,1013,1925,1778,1204,1200,1208,1238,1366,1516,1093,1179,1052,1773,127463,1270,1558,1616,3357,3363,966,1751,1755,1982,757,713,1885,1266,2381,2845,1485,1099,1094,1260,602,592,871,860,1987,2070,792,795,790,2793,2609,1809,1817,2880,3596,4452,5605,1235,1545,1476,1451,952,960,1093,1085,1270,1230,884,888,2311,3405,732,785,634,633,1592,1589,1509,1779,1930,7574,1327,1241
bing_querylogs|config_id=2956,2199,2232,1071,1172,921,964,1950,2310,1716,114994,90644,4786,4976,5046,1526,1636,1660,7953,8415,1503,1885,1714,1669,907,1035,1211,1199,2038,2071,1356,1244,1207,1454,1718,1715,1636,1601,6356,6158,1827,1607,1703,1728,5896,5880,1071,1055,4355,4123,957,797,1577,1677,2301,2694,1736,1596,1349,1180,777,716,1198,1072,2108,2787,1100,1040,916,2389,2412,3023,3021,2756,3673,7013,4859,1593,1607,1468,1812,1039,1026,1284,1238,2012,1880,1079,906,3145,3157,837,829,834,667,1486,1472,2180,1997,5077,3844,2067,2095
bing_querylogs|config_id=2971,1983,1984,1915,1507,745,601,3193,3187,1477,1443,1925,1774,3385,3376,1423,1423,1419,6275,6320,1308,1316,1554,1559,993,1001,844,838,1640,1645,1112,1114,1126,1144,1325,1496,941,1121,1113,1344,1134,1135,1509,1509,3329,3329,916,1797,1874,1878,647,647,1202,1202,2518,2832,1449,1063,1019,938,565,563,731,722,1972,1788,683,685,737,3125,2819,1691,1758,2595,2003,4615,4629,1171,1174,1359,1364,867,871,1056,991,1173,1173,837,837,2536,2949,687,630,602,601,1533,1452,1516,1458,67366,1840,1103,1107
bing_querylogs|config_id=2973,2103,2060,1918,1360,780,637,2421,3523,1548,1508,2180,132981,68964,4687,1660,1660,1642,7484,7193,1386,1388,1747,1726,816,838,980,1019,1924,1777,1205,1201,1197,1225,1359,1472,1095,1183,1052,1128,127419,1225,1562,1578,3356,3356,968,1739,1889,1889,717,711,3058,1291,2187,3087,1477,1077,976,1128,596,592,860,862,2188,2190,788,791,786,2666,2663,1823,1831,67279,67273,4560,5525,1219,1241,1464,1445,905,905,1107,1099,1290,1254,883,883,2706,3091,734,721,630,629,1601,1594,1509,1523,3182,3869,1203,1236
bing_querylogs|config_id=2992,1939,1830,1104,1166,962,1276,1516,1454,1992,2000,2185,1804,3362,3211,2276,1894,2012,2559,2536,1879,1888,2079,2277,1008,1259,1964,1703,2157,2317,1596,1660,1772,1596,1911,1808,2121,2227,1755,1602,1392,1415,2008,2061,1954,1956,1176,1126,1828,1758,1213,1347,1765,1882,2077,2046,1553,1592,1331,1298,1069,1115,1195,1247,1976,1762,1421,1499,1479,1415,1390,1694,1664,1853,2151,2105,2170,2152,2275,2058,1822,1430,1393,1357,1326,2136,2108,1516,1527,1996,1666,1300,1247,993,920,1977,1972,1353,1390,1655,1657,2229,1567
bing_querylogs|config_id=2994,1304,1069,869,992,788,785,1332,785,1345,1287,2260,3458,5042,2299,1490,1462,1476,1879,2106,1023,1819,1525,1271,1003,1053,928,1180,1190,1139,1283,1329,1236,1276,1111,1299,1739,1404,6874,4663,1069,1110,1707,1333,1440,1580,1008,920,1492,2670,848,1061,2946,2147,1605,1493,3001,1856,1283,1383,832,641,1020,981,1767,2083,1221,1005,1207,2937,1211,1260,1309,2083,2820,1236,1352,1526,1233,1215,1345,1121,816,1014,1189,1574,1506,1112,1131,1581,1866,1045,900,788,833,1195,1017,1263,2359,1714,1746,1427,1236
bing_querylogs|config_id=3003,1440,1592,1074,932,1146,1172,1415,1518,1403,1128,2938,3196,2297,3063,1403,1249,1263,2193,2218,1837,1827,1614,1671,1026,911,1820,1458,1745,1823,1646,1567,1303,1327,1185,1200,1612,1625,33585,1235,1204,1155,1340,1335,1479,1649,1193,1178,3811,3452,914,903,1553,2323,1451,1286,2005,28911,1083,1194,760,767,1207,1448,2476,2338,1194,1141,1153,1083,1227,31260,1691,1958,3265,1631,1494,1533,1496,1415,1314,946,946,1159,1143,1497,1605,1111,1063,2033,2260,975,945,979,1177,1194,1229,2973,1771,4192,4303,1454,1774
bing_querylogs|config_id=3009,3077,3040,2426,2429,1811,1646,3090,2520,2055,2156,2517,3028,4710,4307,2654,3863,3456,2598,5265,2615,2535,2309,2758,1928,1801,1715,1710,2603,2989,2917,2480,1916,2698,2600,2370,2146,2628,1697,2476,1830,2028,2531,2477,4255,4367,1739,1892,3533,3421,1780,1631,2173,3690,3204,2229,2298,2136,2446,2258,1252,1285,1984,2169,2373,2633,1855,2181,2161,2621,2287,2829,4103,3038,3031,2257,2907,3040,3128,2658,2320,2274,2150,1889,1533,2388,2438,2189,2339,2963,3522,1961,1896,1672,1402,2962,3112,2453,2085,4173,3804,2949,3724
bing_querylogs|config_id=3022,1257,1256,1014,1010,1004,1057,1374,1495,1770,1763,1823,2138,2137,2401,2102,1909,1881,2001,2355,1203,1346,1533,1582,1031,1050,1324,1349,1521,1784,1497,1372,1675,1779,1742,1756,1866,1955,1140,1468,1198,1169,1424,1567,1527,1875,955,962,1769,1832,1022,956,2094,1547,1473,1699,1565,1655,1455,1438,901,872,1169,1173,2003,1979,1232,1184,1153,1028,1009,1088,1119,2496,1902,1882,1780,1500,1333,1550,1544,1014,1044,1214,1238,1586,1790,1239,1235,1672,1639,973,982,922,908,1424,1558,1320,1281,1704,1935,1360,1223
bing_querylogs|config_id=3039,1649,1711,897,762,828,880,1025,1297,1225,1076,1654,2155,2667,2684,1601,2006,1630,3096,2739,1028,909,1936,2013,915,1032,917,866,1436,1331,1604,1288,1230,1140,1085,985,1168,1293,1061,940,1133,1022,1341,1253,3171,3025,740,775,1960,2023,992,983,1086,2089,6797,1788,1285,1274,999,984,557,578,1367,1343,1271,1622,1023,1134,1109,1233,3809,1419,1271,1701,2278,2161,2260,1257,1384,1660,1794,981,857,881,823,1424,1667,1124,1167,2082,2117,687,790,726,750,1437,1324,1199,1096,1531,2105,1478,1669
bing_querylogs|config_id=3055,2817,2730,1348,1812,1356,1441,1808,1792,2078,2067,2609,2858,3296,3825,2710,3091,3021,3795,4307,2138,2278,2222,2368,1854,1847,1862,1909,2197,2360,2545,2426,2227,2418,2106,2290,2184,2106,49862,3112,1683,1694,2220,2209,9920,4149,1747,1856,3139,2747,1621,1574,2089,2050,2608,8018,2099,2124,2140,2426,1134,1124,1396,1395,2292,2893,1823,1758,1764,2030,2267,2255,1957,2924,3330,2414,3040,2162,2016,2470,2592,1666,1790,1684,1610,2691,2924,1924,1904,3383,3673,1532,1625,1225,1200,2237,2220,1591,1638,3107,2812,3055,2639
bing_querylogs|config_id=3060,2995,2557,2118,1942,1421,1542,5991,2992,2056,2314,2405,2390,3241,3733,2604,2649,2449,12473,18411,2430,3041,2624,2956,1305,1258,2007,1733,2611,3565,2720,2818,1979,2441,2404,2642,2300,1827,2568,3155,2554,2357,2570,2743,4802,3532,1485,1865,12313,10769,1766,1804,6505,2488,18344,32889,6938,4243,2591,2426,1282,1101,2066,2061,3130,3225,1586,2147,2104,9126,31030,2475,2761,2799,2685,2707,2390,3799,4104,2810,2555,1785,2008,2335,1570,2769,2949,2165,2583,3413,4363,1884,1845,1418,1391,2280,2190,2030,1919,3165,2352,2707,2943
bing_querylogs|config_id=3065,787,783,665,620,555,557,889,677,1206,1253,1215,1811,2011,1768,1587,1326,1392,1880,1665,740,688,2089,1857,681,689,956,1004,1696,1304,953,983,1103,961,870,870,1540,1225,17680,17250,903,809,1044,1036,1055,1280,674,663,1357,1465,706,663,1056,1041,1263,1262,965,937,766,804,599,606,728,726,2222,2482,791,878,802,786,826,698,665,1287,1889,996,983,838,1326,962,1084,717,1291,819,818,1039,1077,928,890,1336,1409,624,691,580,577,842,955,724,768,1701,1802,802,786
bing_querylogs|config_id=3071,1518,1511,942,927,1020,964,1266,1064,1250,1418,1737,2471,18561,2231,1103,1332,1046,1627,2396,1341,987,1284,1295,802,875,963,897,1064,1224,1231,1215,1359,1383,1099,17472,1285,1280,1842,1955,1071,1031,1128,1205,1685,1682,1051,958,1702,1790,911,911,1500,1232,1320,1682,1450,2513,976,978,691,637,1169,1053,2221,1870,1134,974,1172,1492,1429,3761,1204,1633,2293,1332,1785,1188,1368,1494,1496,1074,1204,1146,1099,1457,1519,1083,1136,1411,2119,755,813,666,666,1177,923,2229,2984,2868,2016,1233,1449
bing_querylogs|config_id=3076,1730,1625,1378,1435,1254,1295,2063,1716,1545,1465,2045,1584,3242,4484,1942,2127,2073,2225,2427,1555,1379,1596,1627,1101,1073,1296,1306,1694,2253,1916,1433,1368,1567,1654,1755,1661,1575,1808,1614,1807,1552,1767,1575,1676,1701,1057,1299,1866,1749,1258,1329,1598,1936,3554,1672,1696,1759,1518,1416,921,939,1683,1685,1733,2111,1230,1461,1483,1488,1394,1266,1404,2220,2086,2417,2090,1598,1670,1965,1420,1452,2344,1324,1463,1919,1716,1577,1618,2176,2346,1238,1173,1210,1133,1673,1796,2105,2086,1934,1743,1727,1814
bing_querylogs|config_id=3085,2521,2506,1172,1271,1181,1443,1689,1820,1840,1611,3059,3580,4713,5272,2412,3924,2100,5312,3177,1670,1858,2131,2461,1080,1132,1557,1574,1771,1830,2273,2446,1822,1830,1795,1619,2077,2146,1562,1736,1628,1616,1869,2036,4441,2315,1314,1277,9075,3106,1173,1158,4829,4347,5458,2371,1884,8541,1766,1838,905,886,1464,1430,3465,4236,1443,1429,1777,5362,10188,1864,1863,6448,10559,3162,5473,2609,2305,1906,1923,1338,1383,1421,1409,1959,2289,1509,1584,2240,2291,1175,1154,1212,1270,1947,1997,8191,1855,2619,5291,1977,2039
bing_querylogs|config_id=3094,2719,2795,2507,2027,1832,1770,2700,2799,2357,1989,2518,3291,4046,3406,2703,2578,2543,3151,2920,2575,2402,2447,2612,1570,1349,1725,1742,2688,3089,2305,2563,1931,1988,2666,2604,2131,2882,1824,34011,2311,2217,2376,2725,3144,2673,1529,1665,2470,2667,1508,1614,2234,2644,2596,3131,2198,2218,2230,2132,1322,1316,1760,2279,2583,2993,1677,1897,1853,1863,1953,2067,2546,3144,2833,2287,10642,3521,2777,3087,2454,1845,2116,1792,1708,2456,2425,2247,2283,10666,2715,1705,1780,1608,1301,2314,2774,2319,1954,2576,2517,2764,2226
bing_querylogs|config_id=3103,916,912,896,909,654,653,3967,1385,1007,1098,2065,1914,9142,11732,1199,1178,2007,25715,6904,906,1080,1645,2133,800,802,974,910,1112,1195,1194,1299,1201,1228,913,970,1070,1269,4198,1291,1150,1157,1222,1214,2118,1624,730,705,1736,4796,771,776,1123,1625,20229,23648,1363,1266,1084,1145,590,680,1081,1182,1970,3086,954,958,852,21811,6776,1736,1834,1862,2104,2198,2279,2011,1361,1194,1179,825,835,987,1003,1109,1370,969,1216,3051,3115,738,756,676,648,949,935,815,830,2183,2161,1376,1195
bing_querylogs|config_id=3108,1376,1524,2340,2141,1381,1363,1157,1763,1567,1644,1927,1750,3038,4041,2339,3031,2735,1888,2420,2138,2019,1629,1825,1023,1012,1510,1693,1741,1694,1798,1867,1897,1457,1432,1368,2123,1774,34973,2394,1361,1470,1554,1615,2198,2326,1577,1598,3297,3211,1012,1142,2055,12623,3090,3108,2161,10139,1614,1428,762,780,1385,1348,2623,2014,1264,1367,1273,4383,2849,34885,12260,2130,1947,2848,2282,2064,2120,1463,1384,1056,1022,1381,1537,1923,1774,1525,1527,35480,3002,1059,1020,1131,1166,1748,1294,2061,2091,2048,3263,1867,1744
bing_querylogs|config_id=3113,2166,2373,1236,1373,1151,1159,1495,1554,1695,1720,2979,2776,2826,2173,1805,2142,1916,2236,2195,1284,1860,1942,1897,1088,1098,1652,1876,1761,1808,2081,2072,1733,1639,1505,1690,2236,3292,1641,1779,1599,1584,2242,1984,2369,2306,1605,1440,3271,3368,1144,1343,1860,1930,2120,2273,2373,3141,1570,1528,1101,1055,1482,1477,2954,2082,1363,1530,1529,1833,1542,1368,2051,2198,2111,2278,2873,2100,2209,1764,1754,1240,1382,1362,1390,2156,1960,1543,1523,2263,2321,1102,1142,1107,1087,2383,1988,1635,1422,3350,2663,1825,2071
bing_querylogs|config_id=3119,1592,1331,1268,1205,1057,961,982,1281,1613,1586,1644,1909,5154,2235,1591,1989,1622,3244,4783,1261,1082,1475,2159,884,930,2040,1116,1345,1527,2191,1905,1223,1301,1307,1608,1488,1683,2284,2090,1198,1186,1438,1564,2536,2270,1153,1837,2270,2061,840,814,1440,1400,4134,3654,1513,1567,1375,1437,772,749,1047,1036,1691,1939,1298,1059,1498,2564,4476,1577,1044,2127,1785,2098,2092,1689,1676,1217,1899,891,919,1553,1373,1666,1610,1532,1184,2636,2259,738,1003,991,1150,1359,1780,2281,1205,3103,5342,1385,1273
bing_querylogs|config_id=3124,1375,1397,1247,1065,728,739,1108,1301,1704,1718,1648,1475,2753,1938,1671,1664,1696,2347,2599,1411,1311,1560,1561,930,849,1501,1311,1614,1627,1433,1154,1134,1097,1447,1310,1504,2153,31948,3225,1187,1241,1868,1899,2143,2034,938,1035,1527,1627,968,995,1862,1892,2013,2205,1209,1460,1065,1071,747,750,1076,1006,1921,1890,1068,1085,1088,1092,996,1409,1413,2297,2010,1765,1539,1701,1726,1458,1201,1066,999,1081,1034,1505,1578,1164,1136,1855,1788,1011,881,884,839,1416,1441,1224,1081,1753,1617,1421,1613
bing_querylogs|config_id=3129,1068,1094,1040,1040,749,744,5575,10196,1054,1127,1842,2203,2832,3392,1535,1349,1568,31296,17815,1342,1196,1551,2319,942,1053,1177,1046,1365,1338,1584,1555,1365,1393,1051,1066,1222,1286,3556,1824,1253,1306,1368,1031,4359,3186,849,876,18205,3710,995,1001,1520,1523,22867,35289,2358,2022,1279,1241,768,756,1315,1305,1833,2125,1168,1132,1139,18784,5361,1502,1476,2128,2171,2495,1333,1498,1773,1321,1471,962,988,1109,1114,1410,1555,1286,1144,3177,2932,930,847,952,790,1106,1036,1360,1223,1685,1576,1399,1734
bing_querylogs|config_id=3142,977,1090,846,837,838,879,901,868,1311,1062,1436,1957,2243,2483,1432,1516,1489,1576,2383,1000,1114,1238,1316,837,883,1138,1224,2127,1296,1182,1374,1290,1392,1155,1327,1304,1658,1875,1103,973,1025,1184,1242,1258,1281,896,874,1639,1516,792,786,1306,1290,1753,3993,1403,1235,944,941,643,638,859,886,1633,1677,975,1004,862,954,1452,927,928,2108,1814,3515,4262,1135,1029,1194,1160,981,1031,962,1023,1301,1483,1037,1038,2095,17438,822,774,700,672,1133,1232,1105,1199,1681,1420,1019,1041
bing_querylogs|config_id=3150,1094,1097,757,742,650,653,1041,1032,1237,1108,1579,1942,1774,1747,1473,1441,1430,1799,1946,1178,1179,1188,1280,891,1034,1103,1055,1252,1035,1085,1078,1297,1240,1391,1259,1631,1382,886,890,897,928,1217,1218,1434,1446,855,856,1974,1764,732,732,1237,1239,1608,1475,1495,1232,901,928,635,638,927,913,1371,1562,982,981,966,685,805,1276,1304,2095,1806,1131,1133,1087,1016,1276,1257,934,986,995,953,1269,1399,983,999,1559,1657,721,721,685,769,983,1121,1216,1312,1226,1292,1252,1257
bing_querylogs|config_id=3172,2073,2095,881,876,812,815,1611,2088,1614,1743,2299,2430,3641,3312,1673,1642,1693,6883,7109,1339,1356,1486,1527,870,896,1018,925,1786,1904,1088,1032,1202,1224,1410,1413,1282,1156,5272,5423,1568,1549,1588,1609,3938,3892,988,1032,2909,2940,864,865,1151,1337,1827,1884,1509,1480,1203,1151,667,670,891,890,1992,2140,824,817,800,2272,2260,2678,2654,2020,2114,4508,4615,1824,1619,1220,1357,883,899,1192,1169,1724,2093,943,946,2944,2265,763,765,664,662,1267,1293,1639,1730,2622,2944,2116,2128
bing_querylogs|config_id=3194,1818,1336,1079,1576,742,755,1056,1270,1427,1773,1898,1308,3237,1745,1761,1791,1758,2209,1830,999,1100,1757,1590,890,937,1413,1521,2294,2163,1330,1174,1221,1213,1401,1377,1627,2108,5665,1879,1269,1029,1937,2042,2019,1718,1319,1291,2126,1798,1030,1072,7891,1799,4303,2891,1487,1543,1385,1334,767,794,1129,1024,2093,1805,1100,1103,1104,985,1298,1140,1533,2657,2920,2937,67203,3170,1874,2008,2019,1219,8847,1084,1055,1563,1858,1248,1263,2402,3468,865,998,780,791,1388,1132,1494,1430,1841,2266,944,936
bing_querylogs|config_id=3203,2526,2140,1125,1310,1113,1390,1540,1556,1439,1460,1811,1935,2304,2369,2148,2393,2135,2172,2619,1994,2020,1886,1907,1071,1055,1778,1896,1760,1949,2139,2036,2009,1943,1660,1707,2771,2547,1866,1649,1585,1555,1862,1726,2046,2169,1378,1471,2381,2196,1110,1088,1966,7651,2044,17939,2061,1934,1999,1820,1074,1144,1323,1440,3207,2728,1284,1455,1455,1473,1381,2283,2367,2243,2384,3000,4243,2429,1871,1894,1878,1323,1968,1338,1223,1883,1915,1596,1578,3699,3141,1025,1062,1076,1077,1756,1818,2015,2096,2157,2341,1930,1927
bing_querylogs|config_id=3213,1839,1793,1461,1232,961,932,1235,1216,1826,2167,1911,2070,1960,3303,1841,1822,1851,2665,2560,1190,1266,1857,1956,1000,1071,1675,1805,1836,1874,1576,1550,1323,1432,1661,1604,2385,2586,7869,49782,1321,1376,1874,1906,2492,1868,1128,1085,1854,2034,1003,1048,1955,2114,2616,2340,1697,1527,1166,1345,775,849,1294,1241,2362,2209,1164,1161,1203,1018,1152,1437,1220,2779,3147,1762,2937,1916,2136,1470,1658,1061,1511,1268,1186,1957,2032,1291,1271,2047,2329,957,867,924,904,1874,1334,1573,1657,1936,3365,1678,1730
bing_querylogs|config_id=3225,1151,1159,683,689,652,655,1246,1381,1620,1425,1342,1583,2689,2190,1652,1486,1592,1629,1554,1076,1067,1472,1488,821,830,1088,1108,1684,1270,1371,1086,1232,1266,935,928,1960,1867,1249,1734,1073,978,1555,1552,1477,1516,750,731,1784,1739,1126,1053,1302,1561,2920,1751,1456,1346,1141,955,643,619,1086,1107,1754,1916,983,1075,1068,1066,946,1084,997,1550,1843,1626,2019,1222,1253,1366,1372,1043,1113,845,1126,1685,1306,896,1011,1819,1527,736,735,688,687,918,1232,1093,909,1742,1792,1174,1282
bing_querylogs|config_id=3234,1307,1412,832,838,639,712,1447,1600,1749,1782,1769,1795,2782,1866,1557,1536,1662,2163,1901,1024,1107,2238,2196,745,752,988,1113,1417,1441,1242,1150,1196,1234,1343,1077,1460,1900,1194,2461,820,928,1555,2100,1510,1680,726,673,1493,1607,1071,948,1139,1221,1902,1518,1279,1394,1154,1266,646,706,777,773,1476,2368,865,1007,919,1287,1152,938,913,1934,1955,1897,2074,1134,1273,1175,1318,1059,1076,1093,816,1232,1238,947,971,2778,1817,692,635,664,693,966,883,1081,1044,1781,2113,1070,1080
bing_querylogs|config_id=3239,2333,2285,1235,1355,2069,1236,1615,2031,1587,1576,2421,2305,3570,2573,2772,2495,2159,2245,2382,1784,1760,1983,2146,1213,1210,2738,1729,1699,1952,2094,2038,2005,2085,1541,1805,2007,2136,1649,1870,1568,1538,1919,1910,2407,2139,1536,1545,2193,2376,1236,1241,1960,2141,2188,1883,3680,2326,1869,1710,1056,1108,1532,1552,2292,2251,1566,1458,1508,1585,1274,1965,1435,2369,2405,2424,2793,1910,1839,1921,2015,1335,1458,1569,1588,1955,2165,1495,1586,2125,1988,1193,1171,1149,1145,2198,1883,1561,1584,2636,2877,2618,1838
bing_querylogs|config_id=3297,1416,1244,976,821,678,685,1312,1357,1473,1627,1633,1554,2172,2301,1612,1709,1666,2313,2059,1044,1127,1653,1659,752,749,1245,1219,1483,1879,1299,1261,1130,1169,1009,1160,1998,2124,1369,2125,906,982,1252,1456,1630,1670,785,752,1547,1626,736,729,1826,1723,2461,1484,1386,1355,945,916,623,622,898,1016,2225,1845,1089,987,1080,1089,1083,941,932,1834,1881,1820,2711,1161,1230,1273,1264,1043,978,1032,1157,1373,1277,971,966,2518,1760,704,624,916,693,1009,846,918,1241,1576,1792,1199,1186
bing_querylogs|config_id=3312,959,940,755,808,616,627,1004,1038,1252,1323,1197,1366,2290,1501,1471,1432,1456,1712,1771,809,819,1241,1248,849,818,1040,1152,1702,1202,1038,1201,1182,1217,901,986,1497,1437,980,823,858,965,1134,1228,1332,1154,736,729,1643,1631,781,697,1105,1148,1180,1117,1112,1015,915,944,623,621,840,840,1688,1794,878,879,872,821,830,747,783,1457,1586,1156,1043,1110,921,1018,1027,966,981,879,822,1168,1329,1005,995,1971,1359,760,750,684,648,1175,1020,774,774,1461,1129,867,854
bing_querylogs|config_id=3380,1865,1867,1435,1474,797,649,3100,2979,1522,1496,1974,1975,3572,3557,1384,1384,1380,6254,6185,1357,1288,1583,1523,960,1054,1011,1068,1462,1696,1147,1063,904,924,1307,1396,1072,1052,1093,1313,1160,1246,1558,1472,3290,3372,891,1685,1917,1695,696,614,1255,1177,2485,2799,1412,1112,1068,1068,532,618,776,837,1929,1927,792,797,790,3199,2786,1721,1729,1633,1970,4582,4596,1248,1248,1155,1429,839,842,1105,1026,954,1152,817,817,2532,2940,736,661,563,644,1576,1419,1634,1805,67333,1811,1155,1244
bing_querylogs|config_id=3392,1334,1352,719,1128,621,622,1395,1691,1407,132408,132410,1478,2489,2780,1551,1551,1541,1899,2273,1108,1062,1517,1450,826,799,1061,1215,1597,1566,1292,1180,1244,1262,960,1422,1871,1906,1281,66800,886,988,1351,1335,1355,1505,750,720,1625,1635,705,706,1178,1298,2150,4721,1409,1346,1254,993,617,617,1073,1101,1858,2516,1082,1102,1104,1328,1238,970,980,1687,3351,1737,1417,1421,1499,1282,1313,1118,1200,979,968,1302,1302,1098,978,2257,2253,704,757,655,654,1070,1187,1170,1109,1465,1604,1560,1434
bing_querylogs|config_id=3449,1104,981,872,995,660,678,7630,2960,1105,1088,1266,1340,9968,21406,1307,1258,1446,16709,7133,1322,1083,1861,1898,847,836,1047,923,1101,1249,1084,1237,1210,1297,934,1081,1073,1496,1224,1072,1182,1247,1043,1847,2549,3679,735,713,1814,2199,925,799,2004,1662,24789,18381,1057,7320,1670,1454,633,638,969,1137,2209,3135,891,960,960,4225,5524,1255,1682,1934,4066,2171,2279,1655,2073,1250,1268,948,841,955,1010,1173,1398,1243,1110,2785,3191,739,727,708,674,992,1120,1042,1092,1676,2153,1410,1833
bing_querylogs|config_id=3466,1787,1722,5053,1441,1204,1056,1154,1314,1258,1872,2188,132787,10261,4379,2359,1781,3476,2143,4617,5117,36248,2165,1988,1057,1366,1927,1409,1948,1614,1805,1833,2030,2017,1303,1333,1824,1806,2995,3173,127447,1253,1667,1810,2523,2081,1308,915,3353,5165,1029,1023,2539,7158,3003,3279,2071,1971,1749,1781,688,682,1284,1287,3438,2474,1254,1257,1303,1987,4576,9183,4336,1902,1952,5574,3404,2088,2082,1560,1558,1043,979,1317,1309,2105,1966,1323,1384,3028,3479,968,1020,1032,1024,1457,1348,4246,3405,2602,7531,1631,2006
bing_querylogs|config_id=3467,1378,1988,1052,2779,1102,1337,66612,1467,1432,132410,132743,2895,6208,4291,1762,1768,1772,1322,2998,1271,1190,1595,1608,910,924,1232,1065,1318,1399,1703,1583,1341,1528,1196,1177,1411,1453,1674,1702,1623,2104,1404,1445,2749,1579,842,841,2812,1948,1590,1685,1704,1217,1968,987,1587,1861,1478,1322,689,689,1125,1155,1887,3079,1158,1088,1150,1326,1882,1079,1844,2779,67764,1922,2415,1975,1835,1490,1489,905,909,975,964,1728,1770,1219,1008,1929,2757,960,957,1053,1213,1414,1120,2238,1932,1973,2492,2055,2134
bing_querylogs|config_id=3468,1527,1549,887,1218,879,889,1790,7902,1227,1383,1640,132298,4249,3969,1349,1415,1409,2048,1590,1325,1338,1538,1483,1027,1049,967,1042,1949,1799,1626,1498,1339,1411,1028,1398,1239,1257,4328,1788,127255,1462,1273,1290,1497,1508,1042,1152,1770,1850,811,825,1335,1556,1087,1040,1980,3392,1291,1341,670,682,1028,1017,1463,2019,1038,1041,1036,4358,4607,1424,1099,1590,4929,1218,1680,1544,1401,1217,1272,854,1029,1082,1151,1743,1757,1061,1034,2223,3353,867,854,878,917,1131,1124,982,3797,1851,1743,1166,1415
bing_querylogs|config_id=3469,1224,1349,956,958,779,926,1287,1276,1212,1214,1428,132228,1753,2127,1382,1382,1364,2298,2635,987,963,1403,1382,934,956,966,1001,1642,1413,1267,1263,1249,1277,988,984,1178,1202,2521,2916,127380,1059,1231,1301,1808,1636,881,979,1168,1309,809,809,1497,1477,1173,996,1911,1218,1238,1390,652,650,993,985,1707,1710,860,849,862,1136,958,1261,1262,1718,1684,1374,1395,1370,1362,1452,1463,1700,1326,1047,1039,1274,1238,1465,1461,3517,68062,760,747,705,700,1028,1021,1735,1160,1465,1949,1153,1186
bing_querylogs|config_id=3470,1357,1141,1228,1011,700,701,1561,1922,764,131740,1592,132548,5631,5742,744,744,758,3428,2940,1536,1569,1225,1232,940,954,906,951,1331,1362,1203,1199,1234,1270,822,808,1094,1132,1875,2797,1992,1796,1504,1382,4632,1824,855,848,1359,1173,742,742,1555,1621,3510,3531,1138,1138,1018,1170,612,618,1149,1143,1515,1917,744,744,742,1945,1743,2330,2332,2084,2122,1751,1055,1092,1358,1390,1401,11692,14485,755,859,2094,1982,1507,1293,2627,3665,722,699,641,640,826,819,1065,2070,1661,1398,949,1854
bing_querylogs|config_id=3472,2275,2118,1793,1804,947,798,2613,2744,1809,1666,2229,198514,6684,5677,1838,1838,1820,8254,8448,1541,1559,1833,1812,974,996,1150,1189,2089,1942,1388,1384,1367,1395,1488,1625,1278,1409,1242,1324,193129,1741,1728,1744,3864,3864,1170,1919,1906,2083,853,881,1593,1458,2342,3169,1650,1225,1258,1494,821,783,1027,1029,2004,2007,950,953,948,3238,2992,1985,1993,1978,2663,4796,4948,1496,1524,1318,1301,1118,1118,1281,1273,1460,1424,1055,1055,1977,2198,894,881,793,802,1778,1771,1877,1681,6887,2035,2044,1473
bing_querylogs|config_id=3474,2094,2051,1376,1313,767,629,2504,3913,1455,1485,2016,198333,68869,6801,1415,1415,1397,7570,6990,1366,1384,1606,1585,1003,1025,1056,990,1918,1771,1191,1187,1186,1259,1355,1523,1087,1173,6190,1100,127408,1216,1709,1557,3355,3355,950,1730,2009,2009,706,700,1449,1301,2558,2648,1502,1056,1089,1241,587,583,838,837,1931,1933,785,788,783,2788,2602,1804,1812,1823,2891,4501,4522,1257,1279,1465,1446,895,895,1080,1072,1253,1217,876,876,3549,3522,853,702,628,627,1592,1585,1710,1514,2771,67381,1318,1346
bing_querylogs|config_id=3482,2407,2330,1900,2865,888,737,2894,2712,1564,1835,2194,132911,10017,7441,1803,1994,1903,6506,5987,1557,2057,1913,1825,828,850,1201,1084,2143,1993,1745,1783,1632,1580,1614,1894,1292,1274,6254,3109,127694,1390,1855,1600,4025,4000,1070,1990,2002,1935,1101,1130,3434,1562,3554,2889,2026,1620,1133,1450,674,670,993,1143,2197,2244,1007,1006,1001,3652,2599,2032,1712,2079,4110,4632,4867,1658,1549,1374,1355,981,971,1361,1158,1833,1792,961,1015,3967,2300,812,896,676,677,1936,1931,1827,2676,3485,4203,2182,1260
bing_querylogs|config_id=3484,2117,2002,1545,1690,790,657,3825,3541,1537,1562,1887,132688,68955,4938,1583,1583,1570,5527,5404,1428,1452,1711,1690,883,905,966,1005,1999,1852,1349,1345,1231,1259,1379,1467,1116,1181,5566,1379,127468,1279,1994,1527,3319,3319,978,1748,1844,1844,781,775,1336,1223,2597,3093,1459,1257,1109,1261,600,596,870,867,2014,2017,849,852,847,2737,2733,1719,1722,3885,1765,4625,5203,1268,1288,1319,1300,931,931,1113,1148,1391,1297,891,891,1919,2047,793,754,648,647,1672,1665,1500,1512,7555,4393,1876,1324
bing_querylogs|config_id=3485,2307,2054,1431,1347,874,632,2736,2626,1635,1715,1953,133501,8769,8853,1679,1661,1661,6900,7047,1372,1388,1696,1675,853,875,1007,1019,1910,1763,1486,1370,1205,1233,1334,1571,1130,1151,6970,1126,127447,1245,1786,1569,3986,5237,1106,1966,3386,3634,809,659,1430,2902,1810,2465,1435,1922,1184,1336,600,596,891,912,1956,1961,817,820,815,3770,2969,1710,1715,5328,2399,5217,5388,1450,1303,1390,1479,903,903,1103,1095,1567,3051,864,864,1965,2998,737,720,624,623,1681,1700,1500,1512,4059,4055,1298,1331
bing_querylogs|config_id=3488,2798,2718,1681,1844,1248,881,3029,3382,1745,1678,2293,2431,3776,5482,1654,1654,1960,6742,6514,1987,2047,1883,2387,1208,1222,1087,1204,2117,2128,1855,1799,1402,1430,1531,2182,1647,1585,1285,1290,1703,1830,1748,1786,3618,3890,1178,1973,2126,2126,1247,1070,1471,2622,2492,3556,2104,1663,1260,1387,751,747,1006,1431,2258,2288,939,940,933,3404,3310,2204,2164,2322,2067,4980,7471,1479,1479,1468,1966,1179,1179,1256,1418,1919,1262,1517,1469,2763,3699,1138,1130,878,826,1828,1837,2416,2673,2532,2542,1370,1373
bing_querylogs|config_id=3489,2035,2036,1961,1555,775,631,3228,3222,1517,1495,2027,2027,7878,69063,1461,1461,1457,6315,6362,1372,1384,1618,1619,1059,1069,987,1044,1732,1741,1168,1164,1211,1237,1378,1560,1083,1145,6220,1372,1236,1234,1555,1555,3371,3371,952,1744,1966,1966,673,673,1272,1272,2572,2886,1521,1139,1099,1099,591,587,846,843,2098,2095,779,780,773,3155,2849,1806,1812,1814,1779,4681,4699,1319,1319,1421,1430,899,899,1096,1095,1231,1231,902,902,2652,3015,779,722,630,629,1603,1596,1560,1506,2738,1954,1210,1213
bing_querylogs|config_id=3490,2100,2004,906,855,775,910,2097,1912,1512,1517,1835,1836,68327,8784,1465,1476,1461,7293,7913,1368,1455,1438,1439,813,823,842,876,1833,1970,1180,985,1269,1297,1470,1460,1145,1145,6217,6330,1610,1498,1553,1564,5782,5782,958,954,2340,5911,828,828,1182,1182,2495,2510,1517,1517,1099,1105,733,651,840,740,1479,1633,763,764,757,2517,2531,2796,2800,1808,1779,4822,5150,1390,1390,1399,1118,981,921,1066,1143,1707,1707,838,940,2853,2881,775,774,636,635,1231,1322,1795,3491,3779,2738,1862,1866
bing_querylogs|config_id=3491,2031,2032,1367,1367,778,635,3219,3213,1523,1491,2023,2023,7874,69059,1469,1469,1453,6311,6358,1368,1380,1640,1643,1067,1081,851,878,1727,1736,1164,1160,1201,1293,1394,1556,1085,1147,6216,1369,1218,1216,1551,1551,3389,3389,956,1748,1960,1960,669,669,1268,1268,2795,2882,1517,1135,1095,1119,589,585,869,864,2094,2097,783,786,781,3151,2845,1802,1808,1810,1775,4677,4695,1315,1315,1423,1426,895,895,1102,1091,1227,1263,916,916,2655,3018,785,726,628,625,1614,1592,1564,1502,2734,1950,1230,1237
bing_querylogs|config_id=3492,2031,1994,965,1551,771,621,3219,3213,1513,1501,1831,2023,69045,9296,1465,1465,1444,6311,6358,1348,1380,1614,1615,1055,1065,843,874,1593,1736,1164,1160,1201,1293,1368,1550,1085,1147,6213,6242,1218,1582,1553,1551,3604,3695,956,1753,1960,1960,743,669,1268,1268,2491,3354,1517,1135,1095,1095,587,723,848,847,1873,2096,759,776,753,3141,3147,1802,1808,1810,1775,6031,5290,1315,1315,1105,1114,895,895,1092,1079,1227,1227,888,932,2655,3018,765,718,620,619,1599,1592,1623,1992,2734,2734,1862,1209
bing_querylogs|config_id=3493,2085,1954,965,1551,736,603,3449,4226,1449,1489,1828,1831,68951,4067,1457,1469,1453,6199,6261,1283,1380,1614,1455,1055,1065,805,828,1681,1892,1014,995,1069,1081,1282,1460,986,1008,6216,1272,1265,1272,1551,1551,3289,3289,948,1740,1788,1960,701,669,1268,1268,2568,2882,1403,1143,1043,1107,589,643,748,929,1873,1869,685,700,689,3151,2845,1802,1808,1810,1775,4677,4695,1227,1221,1105,1114,887,896,1012,1007,1005,1003,888,936,2880,3014,707,648,586,583,1479,1474,1487,1502,2615,67348,1772,1127
bing_querylogs|config_id=3496,2020,2021,1458,1362,761,629,2883,2704,1503,1478,2055,149221,3897,3847,1453,1453,1437,6473,6694,1364,1399,1633,1611,1050,1072,963,1020,1917,1772,1190,1270,1197,1223,1367,1548,1084,1170,1102,1210,143790,1274,1543,1559,3364,3519,956,1738,1952,1951,726,719,1260,1280,2085,3018,1515,1252,1079,1229,583,579,886,862,2077,2080,775,778,773,2860,3105,1737,1726,1941,1828,4789,4839,1309,1336,1544,1541,898,898,1094,1085,1254,1218,888,888,2840,3147,722,710,632,621,1604,1596,1806,1778,2229,2254,1387,1231
bing_querylogs|config_id=3499,2029,2161,1422,1412,772,634,2705,2851,2428,1490,2062,132862,5661,4944,1468,1468,1450,6639,6748,1384,1393,2170,2449,1058,1152,952,991,1922,1775,1197,1211,1198,1226,1363,1548,1094,1180,5918,17445,127461,1243,1556,1568,3370,3370,952,1747,1963,1963,705,676,1269,1289,2018,3031,1532,1136,1092,1244,590,588,883,850,2096,2099,782,785,780,2882,2888,1786,1747,1808,1802,4967,4933,1312,1522,1448,1430,904,904,1101,1093,1260,1224,895,901,2652,3204,784,720,639,630,1603,1595,2101,1766,2737,3844,1404,1496
bing_querylogs|config_id=3546,18400,2203,1798,1549,1486,1922,1480,2162,1581,1728,2388,2468,2818,2421,1964,2041,2139,2929,2503,2254,2158,1923,1883,1059,1192,1117,1508,1745,2117,2000,1697,1678,1591,1783,1920,1735,1884,2020,1966,1772,1810,1871,1676,2010,2348,1491,1662,3325,3165,1336,1375,1833,2358,2065,2007,2524,2026,1658,1623,1018,977,2083,2051,2523,2311,1491,1730,1805,1941,1841,2258,6045,2342,2508,1906,1947,2595,2203,2012,1604,1667,1667,1620,1409,2059,2046,1850,1764,2961,3458,1156,1342,1212,984,1728,1880,4568,2738,2196,2509,2029,2096
bing_querylogs|config_id=3551,1495,1566,1120,1356,1205,1703,1496,1293,1277,1240,2011,1848,2290,2510,1718,1581,1551,1566,1903,1287,1440,1839,1792,1038,992,1289,1394,1920,1899,2310,2215,1411,1485,1292,1284,1833,1827,1328,1193,1419,1243,1525,1359,1861,2145,1144,877,2297,3615,1311,1377,2493,1926,1689,1797,1204,1149,1454,1395,856,875,1121,1234,2039,2814,1424,1239,1266,1194,1318,1343,3989,2429,2747,1641,1704,1713,1647,1733,1699,971,1408,1218,1102,1754,1876,1216,1292,1835,2435,990,990,1254,1287,1255,1497,1299,2131,1953,2309,1875,2014
bing_querylogs|config_id=3566,1898,1904,2201,2013,1658,1568,1744,1488,1676,2191,2351,2247,2838,2275,1873,2638,2148,2230,2420,2390,3496,2363,2168,1402,1469,1848,1927,2246,2265,2120,2242,2503,2461,1621,1946,2290,2558,2201,2000,1739,1690,2068,2638,2471,2195,2137,1750,2925,2741,1303,1237,2723,3452,2835,2643,2655,2086,1962,1986,1100,1003,1614,1730,2663,2969,1543,1774,1559,3429,2512,4343,2752,2153,2221,2715,2840,2447,2339,2341,1735,1433,1330,1681,1570,2121,2296,1891,1807,2393,2862,1592,1305,1600,1529,1832,1801,2031,2750,2173,2071,1979,2071
bing_querylogs|config_id=3575,1102,1218,1253,829,827,985,1069,2516,1360,1415,1979,13145,22544,2008,1760,1787,1866,2032,2943,1142,1235,1475,1357,809,792,1171,1253,1475,1473,1400,1267,1552,2489,1439,1671,2069,1962,1091,1049,1075,1073,1247,1664,1335,1749,885,843,2871,2613,756,960,23727,19211,24459,2757,2161,1365,1232,1818,849,929,22766,2006,24479,2711,1077,1083,1020,1189,1507,1127,1129,2949,3423,3528,2845,1823,2854,1453,1903,1014,1036,1034,1013,12706,1458,1370,1297,20506,2202,804,771,799,727,1523,1273,1351,1275,2444,2438,1071,2927
bing_querylogs|config_id=3588,1466,1377,812,814,962,970,1392,1207,1252,1180,1625,1485,3047,2092,1330,1214,1548,1538,2680,1319,1300,1311,1304,820,878,1167,1214,1589,1582,1581,1499,1346,1368,1010,1102,1352,1374,1180,1312,1069,1153,1289,1213,1611,1426,1097,1141,1767,1627,874,860,1147,1193,67271,1403,1772,1440,1270,1254,739,743,1218,1118,1486,1500,1036,1112,1075,1211,1282,1211,1459,2158,2077,2041,1989,1240,1190,1357,1320,961,943,1137,1028,1584,1684,1094,1053,2083,2738,880,903,959,1034,1020,1023,4059,1679,1986,1513,1157,1340
bing_querylogs|config_id=3593,1088,946,769,866,633,617,2295,2464,1133,1098,1957,1329,1852,1836,1037,1100,1643,4331,1411,1358,1723,1350,1503,890,848,928,1031,966,1218,1544,1061,1093,1114,842,1040,1047,1306,11036,977,1138,1018,987,1318,1893,1452,695,693,1972,2035,912,916,1039,1178,70892,8977,3298,9120,1125,1114,625,636,874,956,2311,2505,773,867,858,1916,2718,1208,1404,1101,2167,968,1203,1610,1279,1116,1145,1050,1023,798,820,1298,1137,1027,1027,2100,2039,697,696,597,592,873,1033,741,753,1712,1597,917,1264
bing_querylogs|config_id=3610,2138,2002,1496,1357,763,625,3458,3230,1511,132489,135083,132854,69061,4855,1453,1459,1441,7845,8176,1361,1379,1630,1609,1049,1071,1056,982,1913,1766,1188,1184,1189,1281,1356,1538,1085,1171,1123,6218,127404,1592,1547,1559,3361,3378,953,1738,1954,1954,673,667,1418,1280,2373,4067,1511,1210,1083,1235,581,577,838,835,2088,2091,761,776,771,3095,3141,1796,1804,2998,2155,4680,4845,1303,1331,1439,1420,895,895,1092,1084,1251,1215,886,886,2872,3006,719,706,618,617,1593,1586,1735,2126,4873,2728,1194,1227
bing_querylogs|config_id=3757,960,985,712,753,663,676,1142,1160,1064,1185,1380,974,1671,1928,1144,1039,1209,1184,2328,897,1515,1087,1132,822,840,1086,900,956,1035,1404,1155,1113,1088,1007,941,1098,1176,1351,1205,888,1098,1023,894,1547,1095,767,753,1110,1238,791,788,908,911,998,1119,1343,1309,1023,1105,755,642,854,959,1344,1255,775,824,899,924,1028,1280,1344,1258,1327,1178,1015,1111,1389,1116,1133,714,877,802,768,1201,989,915,890,1542,1410,757,760,781,993,1017,968,1448,727,1036,1484,1112,1113
bing_querylogs|config_id=3768,971,1076,989,958,659,664,1837,28859,956,1456,1371,1651,2196,19660,1722,1419,1346,27577,20378,1124,1446,1397,1885,817,831,1048,1171,1325,1491,1227,1403,1250,1330,905,1208,1247,1141,6318,6025,1280,1220,1401,1456,2318,4645,705,701,2543,2511,748,748,1500,1421,12008,23496,1190,1281,1197,1239,675,840,1178,1276,1896,2004,1024,1017,1010,6550,3951,1983,1478,2171,1860,927,1652,1770,1408,1155,1208,958,849,1059,1031,1392,1340,1335,1063,2371,3119,740,739,684,683,1178,955,820,1014,1615,1550,1313,1173
bing_querylogs|config_id=3786,1574,1560,1412,1828,1651,1204,1332,1758,1798,1514,1809,2749,4573,4393,1874,1876,1697,3227,2952,1881,1683,1860,1606,937,948,1469,1206,1815,1518,1758,2317,1036,1054,1573,1358,1740,1583,1915,2141,1169,1290,1437,1529,2038,2507,1332,1095,2572,3275,1111,1118,2336,1945,4929,2371,2380,2284,1540,1587,950,922,1087,1185,1837,1871,1371,1407,1179,3498,3134,1302,1393,2282,2007,1511,1302,2030,1520,1736,1378,1136,1057,1335,1283,1870,1613,1151,1465,7722,2450,838,830,1084,1295,1615,1710,1961,1495,4895,5076,1905,1779
bing_querylogs|config_id=3800,947,991,719,713,686,705,1576,1642,742,833,1705,1292,2072,1349,703,793,691,1267,1366,898,754,1100,1105,698,718,1827,1003,1227,1268,918,1213,1107,1109,746,730,997,1002,636,688,2270,1562,778,797,1156,993,750,769,1050,1068,714,733,866,1214,801,703,838,1015,953,909,613,605,989,1027,1242,1170,749,854,840,830,853,984,1060,1356,1374,1006,1029,981,1148,1367,1123,845,874,852,724,1225,1216,834,1103,1335,1299,690,688,661,644,871,896,1134,1088,1293,1950,1110,1117
bing_querylogs|config_id=3805,1564,1351,947,914,1015,1222,1483,1526,1196,1474,7162,1815,2335,5557,1566,1551,1678,1817,2193,1420,1831,1422,1538,1002,946,1000,957,1785,1952,1734,1778,1227,1155,1169,1311,1396,1544,1307,1365,1255,1219,1385,1490,5301,1967,1311,775,4711,3924,814,923,1788,1552,1997,1412,2478,3612,1332,1234,825,693,1099,1025,2377,2020,1083,965,1158,1584,2507,1397,3164,2740,1969,1610,1662,1534,1588,1356,1360,1006,970,1056,1133,1477,1434,1017,943,1742,2407,800,797,1067,1045,1264,1010,3656,1517,2040,3066,1481,1519
bing_querylogs|config_id=3810,1468,1494,1167,1159,1148,1300,1256,1298,1312,1313,2552,1754,1944,1990,1386,1276,1258,1693,1757,1097,1222,1453,1460,966,1045,1091,1143,1476,1454,1693,1696,1563,1661,1429,1393,1367,1560,1012,1089,1181,1224,1261,1262,1408,1421,1319,1310,2053,1985,1099,1091,1599,1846,1919,1560,1467,1928,1438,1250,854,851,1328,1359,2088,1703,1247,1274,1211,1006,1052,1047,1079,1632,1966,1880,1425,1484,1651,1527,1616,1058,1087,1217,1205,1587,1756,1300,1292,1666,1673,918,906,1005,976,1516,1511,1537,1109,2368,2269,1457,1485
bing_querylogs|config_id=3815,1364,1364,1066,1170,978,1607,1162,1150,1007,1025,2780,1753,2482,4217,1460,1667,1468,1285,1296,1152,1003,1760,1639,877,892,1006,1384,1339,1366,1822,1863,1491,1388,1108,1116,1592,2194,1145,1314,1329,1311,1324,1262,1275,1451,1052,905,1457,1446,1236,1237,1425,1489,1618,1722,1278,2967,1319,1289,789,763,1137,1048,1748,1693,1235,1203,1156,1609,1327,1689,1429,1765,1707,1942,1643,1516,1405,1370,1563,991,975,1203,1183,1615,1635,1363,1109,1887,1578,1014,998,1211,1562,1425,1380,1717,1899,1724,1928,1406,1721
bing_querylogs|config_id=3820,1879,2485,1617,1356,1263,1377,6708,2262,1572,1472,1861,2054,2637,2474,1904,1923,2319,19519,20630,1986,1815,1829,2087,1046,1045,1465,1236,2218,2144,2458,2106,1588,1548,1609,1646,1659,2423,1574,2120,1954,1818,1683,1696,3047,3151,1123,1345,3852,3254,1467,1426,1484,2015,26676,17058,1748,2195,1587,1862,948,873,1793,1780,2598,2800,1355,1648,1617,4193,7534,2130,3032,2513,2419,1874,2877,2184,2994,2297,1659,1614,1463,1746,1416,1996,2102,1718,1783,3473,4667,1164,1148,1215,1072,1642,1802,1629,1872,2139,2325,1969,1914
bing_querylogs|config_id=3833,2073,1807,2419,1406,1514,1975,1435,1908,2015,2093,2697,3320,5903,5380,2059,2761,2446,8258,3582,4233,2863,1850,1787,1343,1270,1792,1711,2119,1737,2464,2482,1482,1961,1597,1611,2531,2481,8698,6587,1418,1489,1900,2236,2986,2487,1639,1348,7171,11129,984,892,2674,3508,2690,2514,3168,4174,1815,1873,673,681,1181,1112,5721,9829,1239,1389,1286,4028,2164,9513,4030,4432,5599,10025,10930,2465,2325,1687,1726,1465,1073,1405,1479,1974,2184,1923,1969,3140,3250,1303,1189,1114,1114,1512,1495,4067,2362,2875,2380,2616,4419
bing_querylogs|config_id=3839,1481,1483,813,880,956,972,1371,1604,1016,1286,1602,1592,2913,4604,1351,1329,1185,2338,1752,1407,1545,1353,1324,818,853,1177,1178,1548,1741,1340,1444,1222,1250,1018,1005,1224,1251,1256,1078,1116,1060,1449,1308,1566,1510,1026,893,2284,25525,869,925,1506,1647,1037,1288,1261,1216,986,1165,707,659,961,961,1647,1715,1001,1001,913,1253,1177,1105,1202,2360,1919,1551,1709,1513,1489,1345,1345,952,989,1005,983,1521,1386,934,966,1778,1970,831,807,965,893,1162,949,1272,1440,1995,1929,1431,1434
bing_querylogs|config_id=3844,1171,1537,966,1148,1000,976,3849,1807,2220,1350,4733,3454,11876,12023,1425,1724,1661,2694,4148,1810,1307,1843,1815,1057,1077,1201,1304,1107,1320,1751,1629,1278,1301,1272,1397,1631,1581,21402,15296,1443,1314,1205,1632,7557,3620,1126,1203,3579,3722,1114,1195,2448,2524,2157,2013,1421,1642,1117,1309,650,805,1288,1230,4090,4295,1139,1069,979,1225,3444,1414,1230,3782,3150,5028,1832,1568,1714,1905,1941,1100,1061,1038,981,1572,1918,1316,1169,1790,1675,904,862,1109,821,1445,1412,1031,1577,18617,3205,1610,1466
bing_querylogs|config_id=3868,1841,1759,1234,1326,1393,1760,3306,3212,1636,1664,2257,2469,6009,8351,2071,1678,1626,3763,7290,1746,1770,1905,2093,936,971,1647,1672,1169,1739,1704,1988,1370,1806,1320,1401,1538,1617,11393,12060,2046,1624,1422,1534,4530,4007,1406,1615,4142,6780,1165,1191,2663,2114,2556,2737,3281,2440,1170,1311,882,714,1657,1749,3595,7202,1105,1407,1457,1823,2047,3476,3919,5022,4959,1876,2604,1913,1951,1999,2117,1637,1673,1520,1155,1832,1950,1203,1365,8313,10062,1071,774,735,656,1330,1344,2360,3795,4491,3510,2245,2287
bing_querylogs|config_id=3873,1060,1035,972,1017,1061,1039,1481,1574,1091,1118,1482,1365,1446,1316,896,913,900,1036,1350,872,891,1293,1336,915,896,999,1047,1316,1382,1377,1241,1290,1317,808,813,1236,1275,866,1027,1806,1884,935,1088,1250,1262,982,989,1340,1332,1011,1021,1198,1152,1421,1395,1173,1328,1135,1183,736,712,1299,1187,33963,1587,857,1046,1044,981,947,3550,30789,1479,1536,1302,1447,1181,1408,1253,1243,1320,1184,939,1027,1338,1279,1085,1117,1364,1459,872,857,762,808,864,940,1371,1393,1263,1481,1229,1217
bing_querylogs|config_id=3891,1671,1689,1101,998,1065,1074,1159,1550,1609,1549,1818,3081,4288,2644,1476,1439,1352,2097,2742,1492,1293,1420,1648,910,1063,1364,1310,1810,1888,1547,1486,1459,1433,1363,1512,1589,1677,2030,1854,1638,1296,1585,1511,2717,2316,1302,1539,2405,2272,1040,1081,1452,1822,1566,2079,1709,1578,1239,1128,815,793,1276,1258,2079,2283,1093,1362,1397,1462,1460,1687,2666,2123,1896,2032,2509,1513,1488,1470,1382,1162,1296,1243,1227,1617,1625,1208,1457,2322,2779,762,781,808,751,1317,1398,2206,1944,2231,1695,1662,1635
bing_querylogs|config_id=3900,1786,1486,1359,1364,872,865,1773,1774,1278,1301,2429,2538,3925,3788,1835,1814,1800,2375,2830,1763,1878,1817,1816,983,998,1125,1182,1982,2359,1528,1524,1497,1521,1565,1583,1719,1725,915,904,1298,1441,1357,1360,2672,2756,1252,1105,2048,2074,950,950,1297,1307,2792,2806,1876,1838,1503,1909,639,637,1366,1238,1805,1996,1187,1139,1175,1183,1293,1577,1612,1882,2316,1512,1728,1769,1775,1663,1519,1168,1136,1210,1209,1557,1565,1368,1307,2130,2034,848,852,1038,1024,1428,1382,1239,1019,2394,2622,1438,1618
bing_querylogs|config_id=3909,1357,1412,806,810,910,1284,1267,1723,1184,1513,1700,1776,1915,1806,1604,1686,1594,1637,1820,1371,1585,1466,1438,906,910,1472,1456,1414,1697,1410,1600,1337,1511,1523,1612,1981,2024,1468,33656,1130,1304,1109,1629,1886,1830,878,973,1829,1500,839,751,2295,1575,1559,1648,1236,1328,1045,1041,734,713,887,819,1590,1779,1081,932,1052,784,695,1373,1370,1738,2361,1443,1156,1451,1364,1722,1566,953,1098,1136,1161,1452,1496,1220,1180,2899,1910,813,827,838,1043,1878,1179,1122,1234,1735,1823,1311,1491
bing_querylogs|config_id=3918,2280,2231,1224,1171,1224,1773,1692,1687,1497,1636,2362,2759,2536,2493,2310,2419,2357,2085,2542,1686,1900,1836,2096,958,1241,1512,1610,1861,1782,2050,2041,1964,1922,1683,1681,2023,2049,1438,1526,1575,1524,1887,1732,2200,2336,1629,1487,2580,2792,1152,1178,1581,1800,1573,1774,1964,1561,1942,2192,932,1229,1385,1546,2398,2433,1387,1381,1378,1584,1300,1295,2377,2085,2196,2399,2548,1774,2017,1799,1818,1261,1226,1423,1388,1765,1949,1604,1546,2303,2443,1163,1128,1101,1083,1987,2012,1597,1734,2682,2733,2170,1903
bing_querylogs|config_id=3932,1307,1270,784,667,739,768,1466,1291,873,955,3904,2861,3898,3715,1176,1392,1662,3217,2780,808,824,1252,1135,848,851,788,1053,1014,1032,1174,1131,1039,1057,1126,930,952,884,891,1727,827,831,1172,1157,8752,2998,666,762,2581,2701,717,728,2258,1706,731,7261,993,1020,926,841,586,543,1299,894,1745,1319,1156,1082,1157,1669,2943,2837,2773,1369,1527,2131,2400,1308,1589,1456,1860,769,709,789,799,1271,1270,993,982,1503,1491,721,721,642,695,1273,1356,1194,1527,1707,3638,1382,1378
bing_querylogs|config_id=3955,2521,2394,1386,1395,1389,1382,2172,1917,1413,1404,2455,2195,3814,4396,1677,1798,2003,6653,6871,1901,1757,1437,1495,976,979,1083,1114,2213,2639,1622,1368,1408,1457,1844,1789,1284,1570,5511,5949,1919,1755,2014,1839,3958,3898,1185,1270,3335,3223,989,1151,1288,1646,2068,1850,2032,1836,1455,1366,921,927,1486,1376,1654,2706,1074,1219,1162,2542,2649,2961,3022,1821,2033,4766,4881,1766,1987,1704,1168,1295,1459,1664,1405,1923,1951,1306,1399,2989,2487,1146,1161,1024,940,1633,1855,2852,2232,3860,3057,2374,2448
bing_querylogs|config_id=3960,1493,1797,1025,1128,1083,1072,1086,1079,1293,1425,1321,1242,2640,1820,1414,1348,1421,1656,1651,1029,969,1232,1224,967,1075,1290,1353,1353,1441,1986,1561,1634,1061,1372,1323,1449,1431,1794,1453,1031,1031,1425,1390,1372,1274,1299,1275,1449,1565,1158,1081,1292,1366,2868,1599,1160,1358,1038,1140,797,708,1129,1308,1611,1468,1188,1189,1037,1303,1054,953,955,1678,1656,1273,1000,1133,1233,1332,1369,988,1037,1163,1206,2194,1687,1268,1159,1904,1826,877,1261,1043,960,1330,1490,1178,1629,1263,1315,1537,1407
bing_querylogs|config_id=3976,2177,2209,1218,1231,1345,2497,1583,1710,1804,1549,2337,2545,2941,3304,2724,2851,2731,2408,2340,1953,2070,1952,2110,1011,1066,1867,2203,1815,1814,2453,2604,1786,1662,1928,1698,2689,2266,2315,1556,1509,1541,1834,1900,2659,2625,1541,1399,2826,3120,1214,1268,1943,2679,2285,2275,1892,2312,2204,1935,962,921,1461,1315,2558,2739,1558,1431,1372,1546,1612,1880,1742,2641,2113,2543,2475,1831,2016,1926,1650,1477,1334,1561,1469,2151,1923,1597,1482,2239,2591,1318,1241,1034,1043,2000,2212,1656,1482,2546,3606,1903,2076
bing_querylogs|config_id=3981,2279,2499,1438,1493,1444,1479,1888,1877,1683,1640,2926,2474,2954,2956,2450,2351,3049,2594,2633,1916,2103,2467,2591,1435,1448,1952,1918,1776,2021,2413,2318,2321,2199,1870,1639,2175,2503,1844,1710,1860,2020,1958,1878,2652,2742,1765,1743,2748,2585,1355,1327,2398,2539,2564,2515,2250,2139,1872,1888,1050,1027,1647,1560,2562,2773,1434,1481,1473,1704,1707,2298,2341,2252,2170,2687,2764,1920,2224,2098,2239,1489,1410,1518,1555,2557,2498,1549,1766,2930,2829,1145,1144,1346,1394,2411,2090,1641,1636,2708,2735,2025,2022
bing_querylogs|config_id=4117,2094,1875,1456,1671,1146,1200,3160,1741,1434,115255,90131,3091,3576,4400,1885,2946,2390,2717,2954,1667,1867,2521,2128,1049,1087,1969,1844,2104,2277,3008,2338,1679,1720,1852,1908,2159,1618,1965,1844,1741,1393,1859,2225,2030,2650,1465,1669,3109,1661,1146,1342,2713,1841,1533,1365,1954,2549,1820,1834,1207,1330,1828,1393,3375,2854,1719,1680,1498,1638,1306,1691,1417,3452,2534,2204,1990,2662,2661,2177,2553,1570,3570,1557,1799,2518,2452,1698,1755,3653,3788,998,1179,993,942,1911,1949,1723,1811,3684,4367,2116,2142
bing_querylogs|config_id=4122,2550,2611,1271,1251,1080,1182,2459,2677,2029,134158,135528,2968,6308,5475,2018,2019,2008,10003,10277,1941,1946,2212,2132,1020,1033,1244,1161,2357,2787,1761,1875,1911,1955,2014,1974,1701,1431,6081,6263,2225,7332,2178,2256,5444,5410,1531,1595,12358,9248,1116,1136,2385,1677,3917,6603,2129,2098,1606,1545,979,864,1147,1147,3080,4760,1465,1194,1014,4839,3323,3627,3600,3811,5312,5514,5363,2689,2705,1644,3036,1572,1525,1487,1371,2478,2493,1557,1277,2981,3053,1090,1118,835,832,1975,1884,2071,2749,13198,11129,2482,2549
bing_querylogs|config_id=4127,2676,2673,1173,1222,1146,1358,2164,2128,2039,2094,2745,3237,4521,5536,1906,1751,1900,8625,8901,2044,2165,1754,2248,1282,1508,1270,1251,2282,2654,1361,1328,1581,2160,1925,2108,1699,1772,6649,6455,1859,1859,1924,1982,5211,4587,1464,1558,3313,4298,1007,1010,2019,1841,2803,3059,2138,1973,1718,1746,997,1008,1512,1655,2587,2486,1284,1114,1360,2791,2833,4262,4344,2631,2658,5433,5537,2376,2214,1520,1632,1283,1288,1464,1457,2047,2311,1400,1362,3219,3322,1018,1016,1073,1013,1832,1891,2323,2408,3451,3732,2877,2779
bing_querylogs|config_id=4140,1333,1377,1076,1028,978,1062,1054,1054,1380,1556,1996,1651,2442,2006,1603,1722,1548,2085,1884,1151,1095,1445,1370,965,1032,1290,1315,1772,1922,1715,1719,1764,1750,1752,1408,1832,1697,1036,951,1092,994,1758,1661,1798,1904,1210,1171,2062,1950,1162,1239,1400,1560,1488,1630,1521,1511,1210,1469,821,871,1252,1235,2115,1871,1239,1223,1148,936,967,985,1038,2289,2102,1468,1520,1497,1497,1697,1765,1127,1182,1285,1272,1699,1571,1344,1243,1939,1972,1036,1087,1124,1089,1736,1491,1552,1246,1967,1850,1443,1397
bing_querylogs|config_id=4156,2294,2354,1309,1220,1124,1121,1792,1736,1671,1681,2024,2058,3378,3248,1643,1654,1709,7292,7407,1955,1974,1665,1674,1121,1106,1219,1299,2396,2336,1551,1569,1425,1465,1750,1735,1375,1370,5987,6175,1527,1538,1816,1824,4334,4246,1248,1242,3337,2741,982,982,1421,1931,3365,2718,1817,1821,1304,1306,926,924,1105,1130,2481,2277,1154,1070,1098,2353,2331,3289,3081,2344,2016,4973,5044,1712,1715,1366,1372,1222,1157,1390,1378,1898,1920,1201,1201,2492,2394,991,1016,883,850,1634,1642,2241,2058,3815,3528,2219,2230
bing_querylogs|config_id=4165,2264,2274,1096,1107,1015,1014,1880,1739,1638,1633,2396,2427,3388,3243,1855,1613,1744,7529,7836,1694,1817,1633,1624,1011,1020,1219,1380,2230,2217,1499,1413,1390,1426,1811,1809,1379,1323,6519,6531,1429,1508,1753,1822,4351,4222,1409,1429,3085,3103,1037,1045,3335,17523,4366,3356,1674,1635,1354,1284,842,837,1073,1072,2138,2199,990,951,1029,2417,2672,3194,3134,2371,2327,4978,5059,1558,1554,1276,1288,1116,1109,1375,1453,1868,1897,1172,1131,2640,2675,1036,916,835,757,1710,1649,1955,2086,3286,4287,2179,2175
bing_querylogs|config_id=4187,1967,2225,1060,1053,856,859,1688,2233,1315,1320,1973,1972,3963,3859,1549,1694,1670,7552,7850,1480,1393,1344,1374,906,918,882,916,1969,1993,1274,1071,1270,1302,1536,1807,1146,1136,6363,6527,1329,1327,1655,1729,4522,4909,1307,1273,2559,2316,751,761,1323,1236,1788,1806,1490,1469,1306,1198,742,704,906,809,1432,1663,803,882,798,2418,2462,2856,2875,1895,1934,4717,4745,1682,1551,1116,1131,795,735,1196,1361,1719,1700,908,888,2767,2993,754,753,653,652,1296,1381,1677,1694,3170,3801,2176,2221
bing_querylogs|config_id=4193,1946,1947,838,843,837,803,1648,1491,1210,1213,2269,3059,3562,2988,1511,1289,1285,8113,8462,1396,1450,1334,1335,771,785,928,914,1903,1990,1159,1161,1223,1246,1544,1544,965,1072,5411,5421,1210,1193,1451,1433,3680,3669,978,903,2898,2669,740,733,960,949,1885,1847,1386,1460,1041,1167,665,663,778,771,1659,1335,703,701,757,2155,2061,2763,2762,2342,1931,4609,4622,1019,1265,1052,1061,699,740,1173,1199,1625,1625,901,901,2104,2095,744,660,619,634,1270,1188,1612,1796,4208,4399,1844,2093
bing_querylogs|config_id=4197,3472,2969,1776,1816,1703,1517,2944,1851,2369,2107,2932,2912,4305,8855,2751,3367,3407,3075,4367,2013,2415,2731,2597,1359,1491,2260,2207,2203,3109,3226,3044,2539,2448,2134,2160,2966,2684,2184,4213,2133,2105,2500,2579,3601,3359,2350,2229,2686,3287,1530,1332,4308,3215,2714,3201,7119,4006,2929,2584,1517,1493,2065,1831,3612,3451,1806,1800,1810,2015,3514,2243,1983,2945,5409,2774,7656,3068,3030,2677,2566,1752,1689,1920,1985,2824,2889,2256,2173,3116,4726,1564,1563,1642,1732,2879,3429,2127,3279,3751,3785,3276,4016
bing_querylogs|config_id=4202,1746,1804,1927,1561,1744,1409,1894,1864,2887,2460,2876,2430,15797,8582,3200,3432,3462,3023,4051,2778,2020,2149,2131,1412,1404,2003,1775,2691,2127,2259,2631,2227,2304,1422,1471,2313,2280,10369,18255,1812,1551,1642,2117,3890,6150,1345,1471,4906,3580,1065,1075,3194,3772,4921,3457,3819,4661,1865,2049,969,855,1359,1291,2575,2672,1617,1539,1466,3454,3731,4077,3435,2982,3185,3309,3400,2820,2659,2106,2045,1519,1473,1474,1524,2052,2169,2233,1853,2944,2981,1213,1285,1402,1502,1750,1706,4282,2416,8836,4887,1930,2019
bing_querylogs|config_id=4210,2606,2609,2066,1337,1215,1270,1616,1704,1716,1697,2347,2346,2780,2417,2545,3081,2424,3550,1906,1751,1773,2377,2442,1333,1347,1641,1749,1767,1910,2344,2340,1942,1968,1579,2079,2451,2385,1593,2222,1760,1752,1851,1835,3170,5548,1788,1810,2308,2311,1229,1247,2776,2048,2976,2773,3213,2097,2050,2026,1065,1083,1566,1566,2113,2551,1402,1405,1567,2088,2169,2345,2119,2138,2328,5340,2890,2169,1746,2201,2102,1354,1354,1561,1548,2262,2304,1754,1668,2354,2027,1181,1180,1115,1160,2383,2368,2017,2019,2333,2333,1969,1973
bing_querylogs|config_id=4216,1871,1970,828,793,790,791,1785,2086,1632,1587,1907,1839,3948,3717,1635,2065,1666,7558,7031,1460,1388,1397,1495,884,895,1149,1302,1853,1877,1203,1322,1043,1299,1557,1517,1103,973,6269,6918,1305,1471,1593,1520,4513,3499,1037,1298,2170,2232,841,845,3791,1302,2432,2133,1499,1448,1229,1168,765,737,1086,1194,1717,1958,770,835,761,2131,2275,2647,2651,1796,1987,4638,4249,1605,1559,1275,1429,1085,1099,1097,1162,1611,1598,1017,945,2114,1925,696,759,600,649,1354,1332,1593,1599,2698,2577,1707,1884
bing_querylogs|config_id=4221,1575,1467,1202,1008,996,975,1522,1097,1274,1297,5081,1808,1441,1542,1296,1741,1396,1332,2487,1501,2144,1675,1689,959,948,1350,1300,1382,1423,1584,1514,1664,1725,1219,1391,1593,1462,1593,4956,1287,1172,1332,1247,1673,1775,1129,936,2837,2165,983,945,1463,1222,1278,1519,1884,1567,1457,1423,872,901,1198,1062,2106,2093,1219,1288,1339,1648,1183,1687,1152,1438,2080,1436,1598,1769,1472,1615,1689,1232,976,1393,1288,1656,1943,1269,1174,1357,1521,1075,1092,1497,1759,1430,1319,1514,1207,3561,2070,1465,1317
bing_querylogs|config_id=4241,2568,2482,1492,1376,1352,1747,2153,1593,1980,1586,2527,3332,2809,3046,2587,2295,2379,1972,2488,2212,2304,2237,2342,1281,1242,1769,1774,1893,2257,2479,2365,2021,2172,1667,2001,2451,2471,1669,1876,1694,1514,2032,1802,2728,2521,1589,1709,2467,3094,1187,1260,2249,2226,2097,2366,2181,2021,2054,2193,1019,1103,1478,1441,2805,3038,1654,1618,1761,1629,1603,2614,2723,2750,2662,2872,31130,2022,2213,1801,2464,1419,1468,1671,1707,2332,2644,1765,1871,2824,2656,1122,1309,1245,1215,2096,2280,1595,1631,2755,3082,2043,2117
bing_querylogs|config_id=4271,1077,1093,708,753,734,740,1547,1787,830,898,1688,1488,1615,1548,794,847,1045,1137,1354,799,1233,1246,1229,822,822,842,892,1160,1425,1282,1126,1256,1300,780,815,1123,1101,746,748,1692,1493,1074,1086,1436,1207,962,929,1233,2024,794,791,1855,1188,813,966,1033,1315,1025,1038,684,665,1108,1005,1628,1806,835,804,880,758,717,902,1284,1919,1649,983,1031,1336,1271,1143,1183,2013,1559,853,886,1228,1243,919,894,1271,1375,777,780,730,700,774,1049,1085,1738,1475,1482,1145,957
bing_querylogs|config_id=4280,1503,1476,929,971,914,824,1128,1355,1111,1151,2331,1828,18460,2575,1083,1080,1379,2176,2219,1306,1252,1490,1250,827,840,995,942,1529,1543,1261,1294,1321,1344,1019,1017,1248,1389,1426,1269,1093,1010,1107,1110,1408,1543,1037,1072,2863,2573,839,835,1121,1057,992,1034,2441,2365,1075,1064,697,725,1019,1018,1531,1377,949,974,967,1390,1916,1150,2640,1574,1941,1465,1886,1147,1592,1223,1325,875,976,1063,983,1226,1471,1018,1002,1824,1633,873,875,916,909,1080,1078,1101,1131,2250,2534,1166,1099
bing_querylogs|config_id=4291,1724,1818,1910,1640,1397,1381,1143,1232,1324,1443,4625,3316,3533,2793,2036,2194,2437,2155,2043,1309,5052,1802,1872,1117,1170,1408,1828,1732,1824,2116,1759,1850,2051,1376,1466,2104,2093,2098,2862,1457,1264,1545,1548,1898,2165,1288,1191,3932,2781,1136,1039,3585,2667,2754,2711,1680,2894,1680,1682,755,842,1250,1186,3799,4408,1376,1398,1429,3114,4057,4776,4981,3057,2237,3381,2122,2285,2189,1689,1609,1099,1156,1375,1473,1858,1949,1269,1439,1836,2610,1238,1018,1359,1277,1838,1712,2352,2470,4084,4635,1791,1786
bing_querylogs|config_id=4311,849,823,642,626,626,632,1129,1294,922,864,1327,1159,1819,1546,863,896,1052,1174,1452,1222,1007,1172,1103,780,742,1048,1121,892,909,1187,1000,1053,1075,812,822,859,1039,1173,1254,974,834,1016,1056,1017,1063,704,849,1620,1844,760,765,849,846,1277,1461,1352,977,1008,983,634,611,863,949,1332,1101,836,852,807,977,1258,1036,934,1203,1092,856,897,1285,1128,868,1223,880,864,1081,880,981,983,825,934,1345,1228,707,722,593,728,985,920,878,962,1670,1437,1099,1177
bing_querylogs|config_id=4322,1375,1287,1026,1249,995,963,1384,1194,1289,1304,1960,1612,3225,4801,1456,1461,1435,3253,2094,1061,1128,1646,1672,805,824,1013,1031,1549,1790,1781,1399,1191,1222,1039,1169,1450,1501,1667,3491,1178,1029,1183,1422,2360,2765,1195,1150,2191,2118,890,913,1313,1394,5757,6126,1467,1814,1173,1165,774,851,1154,1036,2122,1683,1055,1118,924,875,1105,1674,1719,2313,1727,1042,1684,1503,1689,1239,1489,906,865,1139,1235,1480,1484,1099,1229,14228,5420,805,777,1074,872,1114,1100,1797,1483,1783,3449,1079,1075
bing_querylogs|config_id=4363,1184,1176,879,890,930,989,1072,1068,987,1001,1217,1230,2131,2352,998,1020,995,2692,2489,988,950,1232,1266,830,840,893,948,1498,1381,1277,1241,1239,1267,971,992,1181,1179,1152,1254,959,947,1120,956,1346,1410,1004,1028,1157,1171,887,888,1110,1007,1327,1175,1419,30348,1179,1189,714,719,1007,1028,1324,1485,984,1074,978,892,1129,1325,1101,1426,1907,1321,1228,1358,1170,1128,1135,1051,1043,871,1006,1293,1277,1042,1096,1587,1537,774,763,721,899,1094,1023,881,1069,1307,1325,990,1205
bing_querylogs|config_id=4396,1890,1890,821,821,833,786,1401,1356,1425,1366,1757,1589,2411,2451,1290,1290,1340,6499,6742,1364,1318,1190,1193,725,732,1075,941,1821,1952,1021,1178,1202,1327,1568,1616,1075,975,5429,5428,1347,1230,1493,1487,3472,3472,997,927,2214,2104,747,763,1075,1071,1795,1733,1457,1358,1099,1082,672,696,856,856,1521,1388,736,723,730,2205,2141,2764,2744,1406,1510,4645,4590,1267,1273,1144,972,718,743,1146,1141,1663,1481,817,817,1709,1669,772,810,611,610,1227,1224,1654,1628,2762,2317,1986,1988
bing_querylogs|config_id=4423,2021,1969,865,843,845,728,1677,1598,1391,1504,1774,1802,3161,3725,1320,1429,1317,7219,6854,1283,1332,1272,1420,879,747,1044,1122,1763,1749,1284,1300,1097,1025,1397,1393,1120,1044,5409,5728,1218,1273,1536,1495,3796,3780,1000,942,2095,2208,795,855,2312,2462,2016,1994,1374,1389,978,978,677,677,854,738,1355,1442,804,746,796,2239,2367,2796,2785,1925,1953,4627,4773,1127,1045,1411,1458,964,1124,1187,1137,1661,1597,1040,946,2029,2327,748,748,610,607,1338,1204,1658,1884,3228,3286,1802,1884
bing_querylogs|config_id=4433,1550,1803,1118,1141,1170,1327,1299,1235,1209,1201,1723,2326,1926,2003,1563,1383,1700,2125,2295,1070,1216,1613,1664,888,911,1264,1108,1457,1609,1406,1385,1298,1328,1113,1356,1470,1536,1056,1057,1088,1112,1310,1307,1819,1699,1193,1143,1566,1523,908,897,1614,1482,1879,1629,1729,2759,1413,1454,809,689,1154,1026,1873,2321,1231,1310,1185,1169,1079,1219,1248,2311,2008,1492,2007,1737,1668,1324,1503,1106,1022,1217,1198,1503,1905,1351,1396,2276,1895,815,795,844,1115,1176,1151,1161,2874,2111,1746,1349,1324
bing_querylogs|config_id=4443,1686,1651,1178,1152,1209,1399,1261,1235,1157,1323,1704,1651,2327,2201,1470,1898,1394,2120,1975,1081,977,1710,1532,1069,1076,1077,1105,1856,2180,1677,1427,1343,1377,1162,1270,1471,1563,1113,1187,1180,1019,1336,1537,1840,1608,1224,1132,1390,1370,1209,1176,1829,1466,1582,1499,30160,1773,1445,1521,747,872,1102,942,1648,1728,1171,1220,1166,1006,1077,1378,1267,1746,1752,1637,1592,1776,1634,1340,1358,1281,1302,1125,1137,1645,1709,1372,1493,1956,1784,837,835,1155,877,1015,1126,1039,1292,2050,1730,1372,1431
bing_querylogs|config_id=4458,2323,2220,1140,1142,949,952,1756,1897,1728,1735,2199,2146,11354,3514,1621,1827,1807,7469,7457,1487,1612,1576,1563,755,842,933,983,2183,2279,1389,1295,999,920,1682,1682,1279,1256,6184,6667,1157,1455,1981,1600,4387,4842,1046,1065,2777,2707,1021,968,1349,1374,2229,2305,1790,1880,1042,1062,842,759,848,850,1813,1790,1030,1031,1061,2504,2417,2903,2922,1868,1587,4950,4852,2102,1641,1339,1067,911,922,1240,1356,2069,2119,1033,979,2451,2479,914,1124,654,947,1839,1380,1974,2029,2831,3220,2204,2204
bing_querylogs|config_id=4467,1333,1493,970,968,1016,1295,1546,1422,818,914,1594,1720,1821,1785,974,779,762,1224,1604,1180,1209,1622,1703,900,1041,999,1037,1258,1443,1320,1332,1411,1333,876,810,1099,1172,1393,1864,2539,2449,1438,1381,1370,1655,1141,1077,1892,1870,877,898,1695,1732,1832,1901,1535,3846,1168,1258,668,685,1245,1249,1390,1879,880,893,968,1659,1292,1437,1665,1566,1846,1276,1322,1557,1768,1565,1473,1451,2186,760,1166,1570,1442,1129,972,1840,1933,987,909,666,796,741,1076,1426,1418,1988,1917,1564,1508
bing_querylogs|config_id=4472,1436,1473,1111,1158,1256,1265,1301,1252,1187,1223,1516,1292,1889,2065,1303,1404,1247,1843,1975,1064,1172,1530,1394,837,806,1117,1044,1574,1499,1471,1453,1497,1367,1128,1172,1350,1181,1089,900,1050,1044,1240,1155,1721,1536,1033,1019,1582,1465,936,921,1138,1842,1063,1109,1393,1504,1323,1170,798,818,1060,1010,1836,1658,1117,1090,1118,870,878,1429,1242,1667,1700,2845,1410,1317,1805,1197,1180,1004,1125,1184,1087,1302,1344,1099,1062,17772,2560,957,861,1072,846,1152,1098,1223,4361,1991,1926,1167,1761
bing_querylogs|config_id=4482,2143,2056,1140,1053,839,986,1581,1940,1238,1226,4725,4359,4425,3164,1231,1264,1385,8496,7106,1435,1430,1386,1534,736,739,1148,1092,1917,2072,1352,1476,1095,1247,1707,1754,1594,1234,5617,5893,1354,1367,1719,1661,3620,3669,1142,1127,2409,2682,745,940,2240,2271,1800,1771,1625,1573,1212,1195,756,969,951,943,1868,2791,1073,870,1118,2199,2148,2916,2805,1701,1455,4849,5084,1449,1468,913,1063,871,891,1358,1225,1823,1801,1060,1023,1705,3252,834,852,825,773,1310,1329,1955,2079,4641,3308,2121,2123
bing_querylogs|config_id=4487,1363,1275,907,852,950,964,1164,1035,1031,1073,1641,1412,1799,3433,999,1005,1057,2239,1931,853,851,1212,1235,785,789,967,912,1276,1428,1334,1372,1196,1208,872,943,1039,1142,1008,1068,809,776,1053,1028,1477,1306,929,805,1073,1275,851,834,1281,1112,1346,1082,1315,1335,1059,1076,713,710,873,851,1328,1485,798,988,864,1285,907,1013,999,1622,1824,2040,1504,1025,1033,1065,1053,992,1054,1052,986,1244,1284,1042,1035,1591,1546,784,695,952,954,906,866,958,1102,2463,2262,941,1102
bing_querylogs|config_id=4492,1943,1807,2657,2381,1442,1798,1350,1464,2169,1889,2808,2891,4969,3130,2971,3057,2195,2697,3541,3456,3725,2047,2499,1297,1299,2349,1873,1855,2025,2801,2082,2571,2678,1620,1843,2555,2246,2346,3430,1445,1500,1900,1938,2735,3004,1625,2024,3668,2952,982,982,3903,4151,19732,3294,3072,2838,2133,1517,842,850,1393,1411,2983,3443,1551,1552,1591,3547,20225,1489,2110,2405,2384,4150,18285,2427,2460,1961,2865,1158,1120,1621,1584,2500,2711,1769,2041,3720,3950,1268,1320,1846,1479,2055,2101,2493,2155,2846,4488,1904,2162
bing_querylogs|config_id=4497,1894,1895,971,940,867,872,1557,1295,1524,1572,1736,1672,3146,2914,1449,2069,1532,7602,7064,1534,1574,1219,1222,934,942,920,980,2210,2013,1374,1546,1348,1376,1398,1494,1172,1124,5673,5890,1352,1360,1594,1589,3907,3976,1019,1045,3306,5155,958,795,1424,1843,2199,1858,1505,1463,1151,1178,734,704,835,835,2850,1956,831,834,829,2230,2282,2877,2923,2122,2100,4692,4618,1182,1150,1304,1108,1097,1055,1161,1153,1572,1798,1108,1010,2417,2414,823,823,732,643,1334,1336,1822,1697,4075,3581,1833,1832
bing_querylogs|config_id=4517,1145,1434,893,861,760,875,1246,1003,955,1040,1533,2228,2705,2052,948,963,1137,1532,1609,1698,1105,1378,1440,893,888,1148,1118,1311,1349,1667,1372,1285,1222,933,966,1028,1113,1314,1165,1154,1245,997,996,1580,1327,955,884,1351,1260,951,863,1474,3013,1310,1418,1642,1560,1149,1117,812,722,1277,1092,1435,1579,930,941,1019,1057,999,1092,1088,1694,1770,1462,2000,1464,1459,1686,1285,2207,1384,924,963,1558,1495,910,1351,1581,1865,818,831,790,765,868,947,992,1500,1788,2174,1066,1130
bing_querylogs|config_id=4529,1206,1109,858,827,896,884,1129,1128,1012,918,969,1219,2453,1878,1055,1030,933,1554,2053,837,818,1002,1054,762,767,1041,899,1374,1373,1324,1053,1126,1168,914,915,1110,1116,1040,795,896,862,867,923,1522,1462,928,852,1028,1042,804,805,1061,1235,1311,1008,1443,1308,1022,1087,640,675,880,893,1290,1306,939,949,826,966,817,1069,1260,1265,1385,1300,1294,1199,1114,1038,1024,958,967,954,932,982,1007,1004,999,2900,1557,747,714,875,853,934,1066,1281,978,2725,2294,1016,1080
bing_querylogs|config_id=4548,1621,1529,1079,981,1012,1003,1226,1146,1200,990,1401,2041,2964,2899,1294,1586,1201,2041,1755,1870,1303,1503,1443,824,829,1089,1182,1770,1791,1481,1261,1622,1459,1136,1140,1511,1575,1003,945,1368,1324,1496,1277,1645,1837,1139,1229,1515,1812,1152,1114,1511,1398,1192,1103,1674,1707,1455,1419,697,728,1021,1029,2388,1830,1163,1261,1202,1108,871,1667,1933,1307,1399,1428,1743,1334,1543,876,1060,1140,1004,1197,1189,1230,1234,1214,1388,9895,2348,785,949,1110,865,1254,1276,989,1287,1443,1720,1682,1656
bing_querylogs|config_id=4563,1645,1502,1090,1149,1223,1256,1536,1464,1333,1567,1950,2009,2406,1918,1475,1455,1394,1854,1946,1799,1858,1564,1615,962,1055,1157,1319,1860,1695,1618,1739,2275,2387,1284,1279,1527,1679,1560,1690,1216,1203,1429,1630,1771,1719,1147,1346,2192,1952,1130,1042,1321,1305,1554,1204,1793,33930,1287,1203,849,864,1173,1166,2115,1827,1249,1238,1172,1606,1475,1731,1683,2018,1866,1635,1943,1610,1524,1396,1378,1289,1228,1271,1331,1558,1575,1265,1178,2034,1984,989,1057,1153,1112,1368,1403,1961,1311,2300,1864,1334,1680
bing_querylogs|config_id=4572,1229,1265,936,897,946,852,1147,1171,1046,1090,2442,1853,1761,1696,1031,971,1042,1518,1569,989,1026,1281,1274,827,841,976,999,1402,1550,1261,1429,1383,1355,1099,1094,1306,1360,861,1095,1036,1018,992,996,1520,1511,960,990,1257,1222,876,1050,1315,865,1025,1030,1366,1348,1238,1252,739,829,1062,1028,1413,1624,1035,896,996,885,879,1064,1468,1906,1654,1676,1451,1408,1374,1143,1136,993,1021,1022,1015,1268,1450,1175,1104,1481,1465,784,822,801,966,966,1061,882,894,1948,1504,1081,1306
bing_querylogs|config_id=4721,2334,2186,1774,1608,1183,1083,1723,2252,1905,2167,2035,2035,2686,2576,2146,2288,2124,2371,1901,2142,1853,2159,2322,1569,1589,1561,1605,2298,2322,1530,1323,2210,2244,1898,1720,2575,2491,67343,5760,1644,1520,2085,2151,2320,2360,1426,1315,2079,2101,1110,1110,4196,6109,3378,2651,2120,1883,2153,2326,1174,1088,1598,1441,1892,2183,1399,1398,1509,1183,1127,2114,2325,2455,2441,5308,2772,1909,1769,2096,2115,1294,1234,1467,1486,2219,2328,1689,1718,2507,2128,1172,1338,1368,1295,1737,1824,1582,1991,2030,2218,2691,2786
bing_querylogs|config_id=4733,1041,1165,848,1119,731,611,856,848,1131,1232,1943,1742,1707,1951,1504,1628,1640,1850,1354,974,1184,1139,1294,832,804,1304,1249,1167,1140,1248,1247,1219,1415,1918,1362,1844,1704,802,1819,963,994,1173,1245,1374,1480,674,672,1421,1463,719,696,2088,2330,1048,1117,1052,1114,1158,1141,765,771,981,814,1453,1602,1061,985,1030,742,743,1111,1231,1837,1248,1367,1821,945,1039,1192,1326,933,1005,906,887,1348,1315,1129,1121,1340,1921,782,697,756,895,966,910,1107,1021,1415,1583,849,875
bing_querylogs|config_id=4748,2251,2328,991,1025,1042,989,1928,1621,1726,1604,2234,2607,4027,3565,1639,1700,1681,7531,7725,1542,1452,1508,1642,747,833,1000,1293,2272,1936,1498,1677,1313,1184,1762,1559,1162,1322,5897,7143,1551,1526,1527,1531,3865,4885,991,1030,3363,3330,989,1060,1746,1699,2265,2274,1908,2095,1079,1050,873,789,904,818,1901,2195,905,956,883,2115,2208,3379,2960,1617,1812,4824,4965,1392,1963,1348,1241,931,926,1426,1136,2081,1693,1103,1076,2458,2385,838,859,700,618,1440,1566,2163,2094,3614,3375,2277,2256
bing_querylogs|config_id=4754,1560,1181,994,910,1285,1090,1237,1218,1275,1306,1949,2389,2569,1879,1582,1554,1519,1777,1898,1088,1202,1448,1525,787,913,1503,1546,1606,1794,1410,1418,1577,1787,1345,1639,1524,1920,1711,1200,1142,1214,1828,1699,1953,2017,995,974,3159,1790,928,946,2337,4546,2455,1856,1324,1328,944,1084,762,771,1001,912,1691,1642,1126,1202,1306,1486,1184,1498,1517,3041,2271,1289,1175,1458,1706,1640,1512,1091,1151,1100,1195,2102,2227,1497,1173,1835,1421,903,894,888,947,1538,1513,1237,1405,1898,1499,1664,1335
bing_querylogs|config_id=4766,2065,2008,987,2203,1075,1085,3378,2191,1807,1706,3532,1872,3461,3260,1766,1800,1765,7182,8235,1517,1575,1677,1717,934,881,1023,903,1816,1846,1308,1268,1090,1097,1502,1563,1007,1379,6219,6197,1544,1488,1629,1732,3891,4057,983,1016,3747,3054,1282,1252,1670,3082,2038,2166,1661,1564,1100,1240,710,663,1016,855,3821,1815,714,714,974,2360,2301,2712,2852,2453,2596,4738,4511,1501,1571,1063,1363,976,985,1222,1038,1859,1900,938,993,2962,2946,704,655,695,766,1342,1251,1733,1817,3225,3480,2009,2088
bing_querylogs|config_id=4778,929,892,701,703,723,728,781,940,1418,1375,1378,1518,2980,3100,1549,1593,1682,1593,2143,917,1019,1362,1247,859,869,981,1165,1394,1436,1309,1303,1280,1358,1782,1995,1700,1595,830,1075,948,964,1134,1557,1224,1212,726,739,1823,1929,728,723,1559,2696,3265,1179,1915,17633,1040,1047,741,750,948,978,1576,1502,981,970,961,785,785,759,841,1722,2235,1374,1985,959,961,1320,1209,781,908,966,955,1425,1425,1100,1032,1408,1601,755,761,688,690,1086,1070,1066,1700,1912,1857,861,867
bing_querylogs|config_id=4783,1959,1962,831,826,891,902,1277,2206,1553,1377,1878,2118,4469,3786,1488,1484,1544,7885,7803,1384,1324,1143,1146,721,731,1026,1101,1823,1984,1020,1195,1307,1335,1456,1484,1143,949,6975,6721,1189,1206,1577,1577,3921,4753,1132,1128,2295,2475,980,1135,1056,1056,2320,2015,1450,1349,1204,1184,805,725,907,908,1613,1611,763,752,789,3614,2251,2762,2737,1981,2069,4722,4648,1313,1313,1113,963,703,703,1125,1114,1668,1649,870,937,2108,1948,761,684,595,642,1250,1352,1674,1626,2574,3989,1988,1996
bing_querylogs|config_id=4788,1497,1548,967,1048,959,1034,1223,1331,1585,1729,1974,2256,2185,2113,1845,1771,2228,1959,2405,1182,1331,1793,1536,1076,1068,1500,1555,1680,1732,1643,1685,1580,1734,1655,1447,2108,2198,1340,1950,1135,1143,1733,1653,1370,1656,951,1124,1947,1934,1002,967,1772,1645,2277,2253,1682,1567,1382,1213,837,876,1059,1060,2147,2098,1324,1252,1157,1226,1136,1515,1729,2267,2118,1564,1737,1459,1542,1510,1461,1168,1223,1273,1248,1764,1784,1394,1256,1986,2020,935,933,1028,998,1440,1382,1164,1500,2069,2603,1212,1135
bing_querylogs|config_id=4793,1772,1774,1080,1107,1012,1140,1616,1449,1961,1879,2059,2137,2634,3030,1927,1893,1885,2222,2286,1410,1475,2044,1970,1090,1170,1481,1663,1946,1822,1564,1569,1670,1631,1747,1482,2346,2276,1045,2362,1355,1304,1633,1691,1850,1802,1102,1028,1948,2126,951,951,1950,1700,2116,2104,1796,1796,1591,1268,824,821,1225,1324,2721,2531,1482,1510,1401,1454,1317,1296,1378,2332,2534,2298,1847,1679,1802,1623,1548,1210,1302,1458,1288,1544,1581,1243,1245,2097,2658,979,993,910,1031,1389,1403,1191,1184,2402,2506,1543,1538
bing_querylogs|config_id=4802,2711,2737,1142,1168,1199,1243,2234,1938,1790,1924,2663,2711,3951,3350,2052,1950,1961,7543,7910,1986,1957,1962,2090,1145,1158,1319,1519,2630,2545,1776,1840,1673,1765,2324,2024,1863,1725,6490,6731,1812,1778,1963,2024,4341,4480,1783,1743,3230,3041,1240,1460,1854,2339,4867,2560,1857,2262,1545,1538,1053,1073,1204,1197,2457,2398,1132,1281,1510,2450,2415,3116,3155,2205,2475,5229,5136,1794,1992,1423,1399,1189,1218,1663,1677,2321,2169,1608,1515,3001,3064,1210,1209,950,969,1912,2117,2521,2906,3762,4646,2581,2882
bing_querylogs|config_id=4803,1498,1507,1431,1372,1025,809,1424,1521,1073,1014,2846,2373,2823,2752,2300,2128,2153,2103,2235,1661,1735,1453,2299,763,756,917,941,1587,1523,1197,1175,1341,1298,1808,1769,1550,1567,1308,1254,1177,1175,1220,1726,2096,2082,1129,1128,2157,2522,782,842,1649,1799,2788,2842,1361,1337,1650,2140,629,636,1177,1079,2638,3502,986,950,987,914,910,1532,1551,1753,1998,1640,3034,1309,1493,1268,1450,962,954,990,1010,1304,1294,1172,1245,1997,2106,777,844,930,915,1357,1238,1091,961,2105,2308,1384,1468
bing_querylogs|config_id=4806,1514,1354,878,932,948,1170,1435,1641,1177,1260,1457,1605,2041,1969,1349,1413,1352,1776,2053,1652,1450,1663,1432,882,885,1144,1219,1588,1753,1519,1665,1378,1324,1092,1100,1353,1448,1039,1606,1284,1444,1458,1393,1557,1663,1066,1065,1715,1602,875,894,1307,1333,1160,1172,1480,2053,1285,1361,750,822,1145,1053,1425,1533,1027,1174,1072,1262,1048,4434,4195,1756,1776,1279,1547,1431,1255,1151,1149,912,996,1151,1113,1603,1496,1181,1188,1841,1901,975,958,1077,1032,1158,1102,1436,2045,1608,1808,1324,1212
bing_querylogs|config_id=4808,1271,1286,901,922,1088,1078,1107,1201,1100,1077,1283,1282,2147,1948,1090,1380,1441,1796,1943,941,1096,1277,1316,901,893,966,1017,1290,1525,1469,1427,1284,1302,1376,1360,1193,1261,816,939,1040,1068,1153,1070,1487,1405,1047,1027,1240,1245,913,937,1068,999,1158,1303,1160,1492,1218,1260,731,720,1039,1050,1338,1534,1024,1029,1020,826,824,1192,1285,1532,1755,1207,1440,1233,1389,1172,1173,1103,1133,1098,950,1312,1334,1203,1146,1588,1665,793,817,1024,758,1151,1250,914,848,1396,1410,1281,1252
bing_querylogs|config_id=4810,1028,887,681,687,593,624,1082,2133,936,1092,1031,1137,9856,10242,942,1070,906,3054,2575,1657,875,1034,1473,883,711,981,1008,998,841,1013,1225,947,981,843,848,1033,1088,621,1574,886,1196,1378,878,1584,3933,720,666,1346,1434,813,908,858,868,4846,1210,1473,4827,931,878,620,617,1230,1226,1337,1428,726,773,699,1596,2175,1621,1864,1697,1265,2262,2785,1361,1376,1056,1054,1154,951,720,711,1349,1112,882,825,1813,1686,667,713,712,728,872,827,731,6114,1257,1671,1008,966
bing_querylogs|config_id=4811,1082,1086,724,749,755,751,1923,1490,790,800,1602,1627,3806,3872,774,785,787,1560,1603,1237,931,1334,1265,843,857,1007,1099,1347,1389,1404,1245,1432,1452,950,948,1304,1280,747,1722,1666,1767,862,1006,3237,2581,917,893,1425,1474,808,808,1284,1005,2185,2192,1018,1019,1184,1189,663,655,1197,1198,1448,1337,996,970,953,835,933,1208,2596,1631,1680,1105,1127,1573,1542,1220,1471,1931,1931,805,809,1511,1496,1299,1396,1614,1492,765,779,745,734,915,896,3533,1381,1565,1664,945,948
bing_querylogs|config_id=4812,2103,2088,1129,1176,1099,1054,1512,1582,1536,1541,1955,1820,2098,2197,1727,2095,1908,2226,1944,1695,1502,1805,1749,1039,1062,1569,1642,1738,1646,1856,2070,1798,1858,1789,1407,1734,1924,1460,1397,1381,1814,1658,1594,2204,2194,1407,1362,2288,1832,1084,1009,1686,1524,1866,1461,1607,1602,1729,1757,935,930,1285,1260,2056,2061,1182,1211,1346,1366,1354,1794,1774,1914,2124,2157,2130,1451,1803,1543,1534,1256,1195,1170,1224,1622,2049,1507,1621,2121,2269,1010,1013,1014,973,1847,1983,1160,1154,2289,1901,1602,1623
bing_querylogs|config_id=4816,1641,1534,998,962,962,1084,1512,1468,1227,1205,2615,6422,6337,2380,1394,1401,1386,3984,5815,1202,1597,1605,1759,1054,1176,1125,1170,1528,1473,1617,1547,1171,1597,1158,970,1322,1165,3219,10357,1174,1314,968,1227,5250,1435,899,1234,3461,10678,1025,1056,1888,1380,1689,2131,3362,9530,1221,1209,906,782,1151,1116,8393,2015,867,927,912,9389,1207,1354,1194,4063,6904,1169,2201,1558,1507,1288,1457,1256,1089,1134,1088,1773,1847,1026,1140,1642,1551,820,909,1019,1126,1346,1449,1376,5456,13742,8149,1475,5016
bing_querylogs|config_id=4822,1595,1895,1356,1159,949,3054,1497,1747,1812,1872,2343,2598,3883,4467,1610,1852,1955,3124,3226,1192,1421,1760,2196,1132,947,1201,1253,1790,2313,2290,2208,1192,1186,1634,1613,2220,2115,2578,2246,1208,1358,1553,1781,2789,2713,1227,1166,9184,8296,1081,1006,2372,7564,3371,4719,4449,1800,1564,1685,889,791,1538,1471,5828,2042,1241,1218,1090,1434,2897,1149,1674,2856,6861,1917,1992,1903,1839,1664,1631,940,1033,1477,1172,1927,1871,1367,1435,2598,5060,744,776,999,985,1564,1628,1561,1569,13019,11872,1132,1227
bing_querylogs|config_id=4823,2237,2215,1343,1318,1358,1363,1799,1641,1506,1599,2308,2151,2589,2442,2043,2127,2233,2178,2600,1899,1785,2019,1911,1108,1114,1808,1911,1690,1795,2443,2124,1778,1815,1592,2004,2198,2455,1633,1540,1498,1511,1960,1960,2205,2205,1777,1777,2226,2135,1225,1275,1927,2033,2473,2290,1910,1960,1860,1916,1253,1258,1415,1508,2182,2260,1514,1503,1527,1657,1625,1955,1963,1936,1936,2742,2494,1885,1899,1714,1644,1383,1360,1620,1606,2216,2237,1797,1744,2420,2399,1227,1273,1217,1214,2105,2081,1630,1474,2295,2292,1893,1884
bing_querylogs|config_id=4829,2068,2103,1033,986,874,902,1708,1418,1501,1669,1812,1841,4246,2714,1569,1354,1619,7956,11449,1785,1603,1253,1256,977,956,1064,1107,2300,2208,1155,1465,1481,1513,1647,1701,1340,1359,6189,6352,1441,1529,1672,1640,4911,4726,1126,1194,4177,2444,882,808,1201,1262,2151,2173,1712,1584,1347,1371,880,793,1058,914,1728,1754,950,866,924,2522,2534,3430,2918,1926,1925,4917,4855,1385,1373,1087,1106,1358,2231,1364,1247,1625,1847,1341,1191,2415,2574,862,975,1225,772,1374,1363,1765,1787,2869,2692,1919,1940
bing_querylogs|config_id=4832,1849,1597,1158,1265,709,602,2370,3155,1458,1349,2216,2260,2961,2216,1892,1775,2042,6256,10329,1377,2305,1417,1489,1261,1001,1201,1286,1611,1574,2003,2471,1041,1011,1350,1021,1553,1553,5826,28447,1295,1391,1346,1515,2947,4487,1236,1283,4138,5037,1242,1095,1899,2123,63183,70865,5003,1358,1666,1388,718,839,2477,1093,2584,2741,1141,1080,1212,7473,2059,1830,1710,3089,2948,78597,1515,3605,2531,1750,1725,1300,1263,1105,1046,1597,1563,1076,1340,2162,3727,717,1025,580,577,1322,1454,1136,1164,2771,3671,3977,2202
bing_querylogs|config_id=4835,1794,1741,1007,1170,1091,820,1250,1067,1404,132224,132691,1944,2612,2430,1390,1561,1544,2194,2027,1327,1474,1593,1671,1036,978,992,1166,1310,1994,1668,1627,1479,1650,1262,1273,1473,1539,2254,2045,1059,1036,1259,1342,1677,1778,1498,1279,2459,2083,918,926,1445,1811,1676,1800,1968,1795,1090,963,656,695,1209,1318,1862,2993,1152,1036,1163,1592,1471,4867,3050,2525,1996,2702,2094,1758,1476,1659,1897,1469,1370,1316,1165,2051,1847,1219,1270,3113,3127,878,833,642,691,1278,1296,1943,2172,1826,1970,1341,1353
bing_querylogs|config_id=4836,1020,1214,891,883,793,879,1305,1064,1150,1304,1502,1569,1950,1585,1211,1151,1027,1499,1770,1308,1374,1389,1328,947,1095,1110,1391,1366,1257,1498,1412,1480,1484,1186,1317,1573,1295,895,1041,1162,995,1020,1109,1217,1361,958,943,1769,2019,943,838,1086,1056,1254,1136,1143,1249,1158,1209,747,917,996,989,1370,1561,1141,1024,1061,1374,1381,1155,1369,1542,1616,1091,1145,1204,1319,1390,1301,1161,1006,1121,1012,1645,1660,969,1129,4316,1690,989,949,1183,1047,1149,1110,968,975,1593,1615,1371,1300
bing_querylogs|config_id=4837,2266,2211,1719,1713,1091,1031,3005,2053,1635,1845,3666,3582,4378,4970,1644,1631,1652,7685,9231,1718,1912,1593,1620,869,937,1383,1287,2066,2028,1549,1653,1414,1381,1685,1734,1553,1205,7021,6909,1303,1300,1682,1757,4534,4523,1296,1415,4595,4448,1055,1064,1770,4295,1786,3805,1581,1533,1219,1303,830,810,952,952,2231,3210,940,796,1103,2379,2354,3255,2866,3382,3104,4868,5123,1445,1491,1304,1402,746,914,1390,1344,2639,2501,1211,1017,2860,3130,858,872,798,750,1488,1534,2092,2293,4538,4382,2182,2186
bing_querylogs|config_id=4839,1479,1358,1161,1170,1159,805,1603,1630,1431,1367,1549,1638,2137,3888,1741,1739,1702,2594,2940,2028,1028,1706,1965,745,831,1161,1396,1226,1835,1737,1834,1180,1289,1590,1493,1770,1511,1262,1441,1202,1223,1567,1516,1236,1376,1163,1298,1545,2154,960,834,1475,1392,3156,4116,1192,1136,1352,1388,776,769,1123,981,1800,1630,1300,1233,1258,2135,2208,1450,1506,2211,67068,1355,1757,1522,1744,1690,1700,942,837,1421,1208,1748,1665,1054,1456,1346,2064,726,789,889,1133,1361,996,1530,1156,67832,4001,1322,1231
bing_querylogs|config_id=4841,1534,2048,1274,1382,1426,1433,1749,1396,1581,1583,2035,2084,3159,2860,1777,1490,1502,2974,3225,1573,1493,2629,2598,1273,1333,1477,1540,1864,1869,1892,1938,1569,1589,1504,1505,2384,2012,1310,1415,1308,1306,1544,1552,2078,2172,1356,1399,1938,2022,1113,1134,1554,1419,1619,1710,1678,1896,1626,1626,1078,1076,2060,2043,2165,2316,1270,1248,1258,1640,1768,1948,1848,2855,2085,1524,1625,1761,1966,1562,1567,1390,1355,1256,1258,1805,1822,1409,1512,2677,2668,1344,1343,1376,1375,1513,1745,1659,2061,2674,2595,1773,1690
bing_querylogs|config_id=4844,1276,1287,955,902,931,1019,1339,1443,1309,1463,1589,1464,2492,2272,1380,1191,1237,1790,2069,1111,1043,1831,1697,1253,978,1388,1208,1244,1298,1624,1243,1371,1392,1049,986,1957,1830,1061,1263,1259,1150,1364,1446,1380,1779,848,840,1846,1412,976,921,1128,1206,4841,66572,2263,66651,1266,1308,777,783,1082,1067,1714,1595,1030,1042,998,2113,2266,1157,1157,1649,1740,1043,1192,1567,1822,1345,1428,981,1021,1082,1097,1492,1493,1104,1142,2128,2148,871,855,859,887,1161,998,1452,1478,1634,1424,1454,1513
bing_querylogs|config_id=4845,1888,2060,1284,1374,941,998,1413,1717,1042,1065,2342,1874,2411,2322,1338,1939,2235,2147,2326,1659,1709,2081,1556,744,755,923,944,1474,1486,1229,1257,1241,1219,1824,1798,1491,1468,916,928,1191,1175,1586,1260,2048,2053,1147,1141,2268,2345,772,851,1776,1896,2784,2800,1532,1558,1217,1526,622,626,1141,1100,2564,2273,1012,917,923,957,1139,1544,1534,1956,1811,1658,1652,1475,1491,1276,1269,961,970,971,993,1305,1350,1227,1164,1905,1934,772,821,2185,908,1360,1248,1736,1279,2610,2816,1382,1414
bing_querylogs|config_id=4846,1461,1479,910,944,977,968,1160,1312,1298,1218,1407,1523,2170,2134,1409,1670,1251,1866,2089,1549,1226,1450,1422,904,912,1124,1198,1577,1774,1389,1500,1440,1107,1195,1170,1380,1374,1530,1627,1357,1238,1533,1429,1801,1880,1036,1087,2091,2125,880,897,1410,1316,1284,1346,1470,1892,1301,1270,728,717,1218,1235,1503,1526,1025,1027,1071,1231,1108,3092,1726,1932,1883,1480,1516,1384,1275,1183,1205,1004,1054,1115,1105,1544,1544,1237,1228,2230,1996,895,916,1113,978,1033,1047,1794,1486,1523,1991,1355,1422
bing_querylogs|config_id=4847,1300,1268,911,921,1029,1082,1112,1151,1122,1073,2318,1282,1741,1976,1288,1373,1420,1742,1984,1054,943,1720,1334,895,903,975,1010,1304,1345,1297,1417,1297,1311,1092,1297,1242,1212,842,870,1049,1002,1113,1290,1414,1448,1043,944,1198,1258,927,898,978,1010,1202,1291,1432,1429,1262,1265,735,729,1068,1064,2048,2928,1034,1017,922,823,825,1348,1312,1868,1658,1359,1530,1398,1427,1164,1175,1069,1019,1042,1100,1362,1346,1132,1229,1539,1557,810,802,744,759,1105,1098,1093,1179,2074,1408,1327,1163
bing_querylogs|config_id=4848,986,993,701,703,754,776,1157,1353,783,793,1316,1416,1882,2192,765,765,760,938,993,873,1106,1194,1420,816,813,1078,1077,1324,1335,1294,1304,1250,1255,944,948,1236,1248,711,708,1649,2085,877,1010,2510,3237,901,893,1255,1269,808,860,1327,1166,2177,2160,1213,1015,1144,1144,659,751,1118,1119,1330,1325,785,967,769,692,724,2382,1181,1614,1593,1148,1149,1395,1428,1603,1186,1457,1947,798,802,1496,1385,1461,1295,1457,1497,779,773,734,733,842,837,2453,2485,1882,1423,1144,1146
bing_querylogs|config_id=4849,1846,1821,833,837,787,826,1287,1294,1243,1341,1729,1730,2721,2860,1266,1332,1294,6192,6257,1330,1339,1252,1319,815,835,1024,1077,1851,1856,1185,1179,1210,1236,1348,1354,1049,1090,5216,5209,1169,1167,1394,1385,3477,3667,950,960,1923,2099,743,745,966,970,1606,1674,1389,1345,1083,1050,714,710,861,858,1847,1567,764,794,758,1956,2117,2611,2623,1648,1535,4401,4309,1151,1196,1109,1116,705,699,1109,1119,1699,1721,911,901,1685,1677,761,760,639,619,1220,1250,1554,1582,2405,2440,1675,1693
bing_querylogs|config_id=4850,893,1190,1104,1177,837,815,981,930,1241,1276,1836,1350,1936,2506,1525,1573,1711,2085,2239,1136,1067,1235,1563,938,985,1190,1346,2147,1857,1365,1613,1541,1774,1406,1547,1876,1901,948,951,1201,1095,1771,1685,1819,1262,1111,1164,1759,1496,1401,1151,1316,1464,1416,1674,1329,1219,1217,1302,722,718,931,899,1859,1924,1191,1116,1041,855,843,1017,953,2841,2435,1295,1221,1553,1553,1628,1574,1095,975,1156,1101,1202,1424,1323,1323,1632,2838,901,936,1045,964,1380,1648,1006,1273,1569,1385,1037,1052
bing_querylogs|config_id=4855,1427,1377,1257,1432,1058,1141,2543,1917,1343,1458,1888,1974,9532,2160,1738,1828,1957,3802,22739,1429,1553,1892,1831,1020,1150,1316,1533,1436,1630,1435,2120,1370,1880,1343,1377,1733,1764,1693,1918,1610,1571,1770,1697,2950,5378,1165,1139,3147,4555,1084,1115,2008,2538,25964,16350,1712,1929,1859,1666,1007,954,1403,1436,2970,2528,1419,1288,1219,2217,13136,1591,1651,2525,2211,1416,1393,1841,1846,1541,1298,1193,1253,1350,1389,1616,1594,1500,1452,3335,9318,1109,1064,1022,1093,1303,1325,1247,1455,2368,2077,1627,1713
bing_querylogs|config_id=4861,1668,1685,1046,1088,953,976,1253,1247,1356,1423,1659,1703,2611,2820,1302,1208,1425,2379,3077,1268,1576,1614,1364,908,937,1001,1010,1822,1759,1646,1527,1340,1354,1421,1403,1453,1346,2563,1999,1128,1060,1261,1353,2080,2028,1280,1351,2730,2516,991,1051,4064,34532,1845,1889,1608,2227,1139,1201,776,734,1099,1292,1835,2656,1248,1111,1177,1520,1476,1738,1469,1766,1889,3456,3393,1545,1335,1669,1919,2020,1324,1086,1104,1590,1589,1327,1230,3502,1911,757,820,700,697,1191,1134,1374,1315,1836,2245,1465,1474
bing_querylogs|config_id=4862,1096,987,1257,1762,886,653,869,975,1563,1407,2030,4009,3162,3386,1519,1521,1559,2971,1853,863,1019,1140,1299,814,816,1185,1073,1366,1348,1437,1570,955,1086,1414,1332,2069,1799,2534,1232,870,868,1324,1305,1465,1470,638,741,2458,1371,817,814,1259,2113,1203,3150,1347,1152,893,867,782,696,921,1572,1630,1581,849,977,944,941,2158,1494,772,1364,2502,3560,3709,1216,1797,1362,1211,1060,836,954,836,1107,1312,1046,938,2086,1900,655,727,666,741,1208,1072,903,1226,1881,3846,826,1820
bing_querylogs|config_id=4863,2915,2836,1382,1376,1263,1144,2239,2515,2017,1779,2367,2472,3942,4144,1585,1711,2118,7791,7791,2150,2089,2073,2264,1343,1542,1749,1511,2183,2262,1693,1798,1825,1647,2315,2044,1621,1293,6235,6291,2273,2112,2257,2341,5159,5009,1449,1447,2954,3468,1480,1410,2032,1802,3068,2851,1851,1879,1681,1552,1233,1141,1599,1441,1822,1928,1418,1290,1383,3445,2881,3591,3654,2160,2179,5243,5307,1817,1794,1557,1592,1772,1804,1701,1773,2025,1931,1821,1840,3990,3304,1368,1345,1172,1061,1923,2124,2315,2246,2756,2754,2449,2480
bing_querylogs|config_id=4865,1423,1308,966,920,1079,1080,1185,1203,1221,1844,1448,1466,1683,1791,1212,1101,1226,1808,1986,1009,1097,1304,2143,863,906,1645,1026,1397,1467,1432,1408,1348,1341,1088,1719,2509,1248,844,976,997,1068,1143,1167,1701,1589,1010,1046,1270,1267,922,907,1152,1183,1219,1320,1423,1397,1252,1853,733,723,1032,1057,1332,1819,1035,969,1051,837,887,1280,1238,1680,1723,1360,1522,1474,1827,1174,1244,1035,1056,1140,1032,1361,1401,1083,1110,1529,1661,817,809,1044,729,1221,1660,937,1057,1699,1997,1280,1253
bing_querylogs|config_id=4866,1708,1631,1315,1241,1270,1321,1952,2518,976,980,2048,1712,3533,3447,1279,1417,1166,1553,2426,1797,1488,1503,1640,959,975,1022,1058,2126,2191,1889,1385,1453,1427,1673,1668,1483,1505,1131,1161,3228,2620,1391,1350,2978,3812,1148,1303,2426,2091,1185,1205,1976,1905,2834,2808,1706,1603,1594,1665,820,836,1763,1750,1750,2035,980,1353,1446,1520,1309,1091,2076,2674,2695,1563,2050,2640,2532,1843,1257,2183,2847,1242,998,1492,1587,2125,1758,2408,2215,1192,1217,1112,900,1353,1495,2894,3438,2126,2203,1629,1684
bing_querylogs|config_id=4868,2014,2105,1092,1098,1029,1027,1528,1373,1547,1428,1916,1902,2484,2321,1877,2055,2009,2024,2217,1598,1564,1874,1658,952,983,1651,1539,1586,1522,1897,1859,1741,1729,1608,1561,1670,2088,1367,1436,1370,1366,1478,1491,2325,1719,1362,1334,1790,1801,1028,1008,1528,1637,1868,2097,1694,1677,1714,1703,865,897,1277,1310,1992,2026,1303,1309,1286,1284,1279,1707,1719,1542,1671,2243,2260,1622,1574,1446,1646,1146,1132,1351,1365,1693,1823,1441,1471,2321,2293,954,954,952,934,1862,1858,1173,1080,1958,2026,1599,1578
bing_querylogs|config_id=4870,1625,1886,982,1700,1190,3104,1480,1535,1618,1745,5022,2790,5078,5966,1959,1793,1999,3514,2902,1984,1642,1739,2132,1072,907,1113,1177,1812,1842,2182,1720,1175,1190,1697,1735,2178,2003,3596,1558,1144,1181,1710,1498,2163,2546,1330,1432,8945,1825,1115,1040,2850,2122,2049,4718,2529,2542,1871,1785,826,673,1251,3248,1914,4595,1212,1060,1207,9365,7558,1120,1588,4515,6005,1428,1604,3065,2006,1565,1688,1000,965,1371,1416,1886,1784,1421,1377,2875,2786,802,899,1430,1208,1863,1552,1961,1652,6788,3745,2444,3034
bing_querylogs|config_id=4872,1463,1552,1127,1115,1342,1239,1334,1469,1169,1130,1606,1560,2335,2641,1500,1471,1810,1910,1992,1003,991,1579,1606,1042,1048,1103,1222,2233,2208,1611,1486,1344,1372,1174,1114,1392,1200,1043,1041,990,1103,1174,1238,1609,1984,989,1129,1395,1318,934,968,1196,1303,1485,1602,1799,30185,1458,1326,862,818,1063,1015,1716,1654,1189,1067,1125,1004,1060,1143,1102,1861,1831,1560,1616,1565,1632,1407,1165,1081,1096,1133,1112,1499,1356,1386,1442,1903,1834,799,807,1184,926,1248,1030,1146,1204,1603,1529,1739,1215
bing_querylogs|config_id=4875,2133,2241,1321,1417,1383,1382,1703,1757,1528,1620,2360,2883,2185,2311,2395,2126,2449,2238,2748,1496,1862,1961,1824,1160,1155,1871,1977,1753,1785,2138,2162,2032,1855,1613,1609,2352,2397,2203,1695,1551,1717,1884,1591,2357,2253,1789,1780,2558,2155,1251,1251,2438,2039,2217,2431,2052,2328,1569,2154,1253,1131,1624,1411,2317,2173,1579,1547,1534,1620,1472,1233,32577,1710,1926,2404,2376,2033,1589,1777,1667,1394,1362,1826,1522,2014,2315,1538,1771,2296,1950,1279,1267,1211,1203,2110,2204,1562,1538,2353,2301,1882,1878
bing_querylogs|config_id=4876,1686,1373,1044,947,696,1559,1266,1140,1619,1387,1746,1757,3287,7714,1242,1885,1781,2800,3199,1691,1585,1782,1625,865,950,1463,1351,1391,1699,1655,2105,1261,1218,1353,1268,1623,1538,2076,3282,1140,1232,1509,1770,2133,2001,995,1085,2105,2458,928,945,1533,1756,4022,4256,1464,1477,1443,1435,972,714,1481,1295,1832,1723,987,1159,1385,3611,1439,1507,877,1893,1876,1519,1640,2838,1688,1577,1818,910,928,978,1070,1732,1692,1206,1312,2391,1585,740,807,941,994,1280,1541,949,1132,2464,2089,1507,1289
bing_querylogs|config_id=4877,1072,1479,887,895,809,823,1037,984,1275,1350,1475,1461,2034,1797,1434,1889,1789,1857,2304,1015,1030,1389,1144,854,909,1151,1437,1868,1901,1699,1847,1608,1511,1532,1777,2037,1884,936,1059,900,1214,1677,1567,1475,1532,1064,1062,1562,1457,1331,1271,1395,1268,1609,1795,1429,1374,1124,1151,687,645,966,922,1761,1652,999,1081,1045,782,985,938,942,2236,2090,1284,1459,1565,1565,1619,1690,1035,990,1016,1005,1289,1476,1163,1066,1590,1640,890,889,850,736,1363,1344,998,1012,1631,1258,964,1044
bing_querylogs|config_id=4884,1117,1099,1008,1019,969,1084,12770,1719,1104,1333,2189,1540,18074,4792,1819,1724,2032,4383,8118,1125,1317,1344,1791,815,824,1201,1233,1104,1835,1244,1582,1328,1364,1202,1231,1447,1200,5388,1671,1542,1576,1884,1726,5615,6056,827,933,12550,9501,990,1089,2328,7209,16215,27181,1589,3992,1275,1450,1016,904,1324,1187,2481,2789,926,1054,1128,7791,9706,1398,1407,3201,2529,2151,3017,1609,1718,1424,1156,1053,1070,1151,1137,1535,1523,1206,1283,3190,8390,868,868,965,769,1083,1217,1055,1560,9754,3625,1494,1878
bing_querylogs|config_id=4902,2254,2543,940,954,994,965,1860,1967,1735,1833,2752,2211,6409,6365,1519,1584,1745,9273,9352,1599,1944,2379,2159,1093,1110,1005,1053,2010,2166,1342,1269,1618,1385,1569,1777,1529,1552,6693,7321,1671,1589,1633,1622,4677,6133,1359,1079,2761,2526,831,827,1722,1754,2711,2791,1765,1695,1442,1447,759,755,1251,1248,2232,1884,1125,1057,1069,2582,2727,3337,4049,2302,2365,4997,5136,2272,1842,1336,1450,1096,1127,1210,1222,1995,1837,1258,1117,3073,3085,844,843,1168,810,1553,1546,2127,2209,3401,3405,2606,2340
bing_querylogs|config_id=4926,1049,1231,1019,861,936,973,1551,1850,782,782,2080,3337,2196,2194,732,742,938,1278,1588,1031,1035,1513,1334,1005,860,836,877,1334,1558,1396,1139,1208,1229,885,747,1416,1340,929,1834,1694,2967,1100,1086,1275,1233,1030,1045,3269,2392,970,981,4847,2839,1059,1253,1222,1188,1351,1328,610,597,1240,1128,35609,2297,893,919,858,2165,2774,831,1059,1978,2284,1544,1675,1388,1425,1341,1296,2027,1933,921,951,1327,1515,801,837,2296,2146,778,762,705,761,1065,1132,1246,1973,3484,2765,990,1128
bing_querylogs|config_id=4934,2002,1999,943,873,758,762,1549,1484,1471,1509,1695,1739,4069,18829,1365,1366,1536,6925,7089,1383,1399,1237,1240,731,839,901,965,2202,2079,980,1186,1404,1470,1516,1615,1128,1127,5478,5412,1107,1225,1574,1578,3479,3479,1274,1260,18560,2437,787,682,1021,1019,1664,1614,1471,1448,1111,1113,661,657,775,775,1679,1677,725,728,723,2031,2033,2842,2806,2034,2062,4670,4594,1394,1393,957,968,747,695,1106,1095,1495,1717,1511,940,1979,2013,765,764,634,593,1235,1230,1875,2046,3846,3611,1870,2095
bing_querylogs|config_id=4959,2646,3173,920,991,932,946,1905,1897,1822,1660,2412,2375,5352,5364,1987,1889,1950,8371,9934,1472,1613,2401,2012,942,961,911,941,2092,2248,1331,1305,1585,1608,1781,2231,1147,1217,6190,6863,1613,1623,1687,2259,5599,5133,1207,1174,2746,3649,817,790,1752,1721,2657,2851,1841,1758,1307,1337,736,730,1302,1209,2388,1900,854,871,846,2492,2497,3559,3459,2168,2165,4961,4953,1820,2030,1358,1422,1065,1082,1289,1200,1900,2030,1061,1061,2970,2668,809,802,746,724,1665,1559,1846,2250,3956,3717,2267,2343
bing_querylogs|config_id=5013,1616,949,895,859,646,647,1041,1170,1471,1551,1544,1543,2339,3857,1647,1774,1796,2460,2552,1276,1330,1478,1467,920,942,1035,982,1233,1670,1008,1038,1261,1295,1214,1459,2020,1744,1555,1169,1042,943,1473,1787,2079,1884,740,799,2279,1649,848,804,1229,1391,2987,1754,1383,1145,978,1169,625,627,1329,1184,1522,1648,855,911,925,976,971,1091,1069,1996,1580,2234,2375,1347,1088,1431,1237,1013,1020,889,865,1540,1514,1221,1163,2281,2422,747,782,745,917,1036,1030,844,1143,1473,1933,1073,1200
bing_querylogs|config_id=5018,896,897,728,734,679,754,887,1017,1415,1250,1277,1276,1341,1802,1641,1627,1656,1126,1651,905,893,1099,1217,854,859,970,921,1066,1227,1168,1136,1266,1276,1010,1197,1395,1729,1131,1123,896,892,1006,986,1496,1267,854,802,1397,1267,819,809,1062,1118,1799,1410,1112,1051,915,904,643,645,891,891,1861,1564,937,924,915,940,873,741,746,1597,1479,1273,1623,913,913,1502,1514,1015,1111,934,916,1365,1553,976,976,1587,1810,771,770,740,688,1101,1234,919,844,1394,1368,846,853
bing_querylogs|config_id=5040,933,785,679,684,598,611,1191,913,1237,1311,1547,1793,2035,1949,1310,1608,1289,1533,1141,738,868,1212,1053,836,805,951,958,1269,1417,996,1162,1167,1131,884,1063,1562,1415,809,859,889,931,1025,1083,1289,1365,694,689,1264,1270,719,739,1005,1101,1414,1341,942,1085,839,913,673,645,840,921,1183,1236,828,832,865,681,681,740,861,1717,1982,9208,1781,1017,973,1279,1396,1009,883,836,833,1224,1238,996,994,1754,1592,648,654,620,621,871,878,857,884,1975,1842,822,914
bing_querylogs|config_id=5119,1330,1107,887,824,879,1019,1288,1021,884,841,1599,1431,1979,2216,1181,1174,1283,1390,1661,1027,986,1350,1624,771,771,961,969,1483,1493,1627,1967,1250,1301,996,960,1390,1477,752,801,1066,1104,1121,1261,1797,1463,793,727,1580,1564,1053,1136,1046,1048,844,1304,1115,1129,1094,1017,695,709,895,826,1578,1455,909,977,1002,1026,1035,961,9141,2261,2163,942,1478,2170,2272,1404,1450,894,893,945,1037,1611,1553,1034,1039,1414,1341,935,842,1157,1008,1128,1082,904,1234,1691,1789,1317,1484
bing_querylogs|config_id=5332,1670,1588,1178,1267,1365,1149,1711,1586,1577,1544,1850,1834,3669,2819,2186,2067,2494,2058,2873,2118,1533,1548,1545,987,997,1248,1293,1877,2127,1847,1736,1462,1609,2224,2237,1983,2470,1384,1765,1884,1507,1446,1718,2203,2079,929,1131,1935,1819,1134,1146,2259,1944,1525,1370,1730,1708,1620,1475,941,925,1458,1471,1730,2010,1277,1463,1373,1377,1442,1087,1763,2299,2345,2099,1637,1608,1649,1830,1269,1347,1377,1357,1121,1607,1477,1787,1687,2298,1962,1178,1119,1170,1136,1416,1640,1904,1863,3922,2639,1589,1520
bing_querylogs|config_id=5500,1232,1263,1078,1111,895,984,1089,1151,1327,1363,2520,2411,3632,2380,1549,1759,1650,1713,1973,976,1192,1410,1496,1647,1047,1226,1325,1802,1772,1505,1540,1259,1259,1455,1480,1447,1373,2200,2213,1098,1003,1217,1521,1369,1423,1045,948,2312,1584,1292,1094,2223,2317,2027,2331,1270,1481,1037,1092,859,879,1062,1149,1550,1577,1126,1031,1274,1164,1539,1020,1003,2107,1797,2067,2386,1323,1242,1607,1616,949,1072,1184,1029,1524,1541,1125,1150,1559,1666,938,918,854,904,1140,1221,1319,1394,2762,2950,1104,1127
bing_querylogs|config_id=5526,1554,1563,1060,1109,879,897,1342,1285,1614,1621,1680,1645,2419,2269,1764,2008,2010,2076,2515,1266,1471,2436,2050,1178,1217,1160,1170,2117,1845,1300,1337,1384,1398,1603,1660,2037,1927,1281,1943,1461,1409,2184,2310,1782,1887,1167,1154,2718,1868,948,921,1529,1689,2185,2886,1323,1431,1189,1164,861,837,1299,1316,1656,1609,986,1068,1173,1127,1129,1195,1507,2488,2421,1657,1752,1729,1540,1420,1532,1325,1251,1202,1137,1705,1758,1471,1373,2459,2618,910,862,966,921,2113,2153,1351,1536,2736,2334,1408,1307
bing_querylogs|config_id=5541,1147,1181,981,1065,806,911,3496,2524,1415,1507,1748,1855,22074,21547,1907,1592,1907,4417,7183,1285,1391,1632,1533,1040,1635,937,896,1345,1423,2116,1180,1280,1308,1158,1155,1253,1254,1346,1253,1453,1335,1620,1382,5872,3754,1062,832,18811,13917,827,814,1883,2066,22199,24223,2774,1891,1221,1052,804,663,1409,1299,2229,4463,984,910,947,6526,3320,1454,1366,3566,4210,2317,2280,1617,1682,1819,1482,913,940,1077,1061,1345,1756,1414,1189,3223,3336,785,786,868,939,1271,1165,1012,1863,2335,3650,1554,1496
bing_querylogs|config_id=5549,1086,1695,957,965,866,811,1255,1338,1511,1670,6322,1985,4092,4356,1891,1957,2089,2395,3281,1318,1531,1663,1686,963,910,1209,1318,1978,1844,1313,1577,1296,1141,1514,1572,2096,2562,1763,1843,1084,1105,1627,2006,5379,1735,876,674,2672,1965,849,780,2383,2149,2289,1796,1510,1217,1046,1141,774,685,1401,1316,2546,10420,912,1004,949,1166,971,1583,1567,5204,3570,1595,1921,1383,1302,1388,1347,1143,1152,961,956,1772,1768,1245,1080,2250,3396,857,828,857,878,1178,1397,1307,1176,2793,2648,1381,1414
bing_querylogs|config_id=5554,1302,1239,906,932,882,900,1190,1392,1523,1586,1827,1817,2146,2316,1837,1618,1960,1987,1976,1018,1141,1775,1947,860,882,1143,1343,1541,1575,1378,1294,1278,1300,1213,1409,1521,1921,2976,1048,1034,1024,1386,1416,1423,1433,907,908,1704,1696,826,865,1472,1488,1360,1388,1293,1241,1094,1222,739,651,1060,1048,2090,2194,992,934,1041,897,928,923,978,2136,2268,1192,1361,1359,1451,1276,1285,1090,1156,1079,1030,1432,1469,1386,1210,1805,1695,772,830,805,716,1156,1189,1114,1355,1808,1980,1211,1546
bing_querylogs|config_id=5564,1386,1205,1095,996,865,868,1852,3693,1474,1508,2790,1521,3732,3381,1571,1660,1556,1633,2693,1177,1203,1586,1494,1232,1292,1121,1164,1478,1489,1420,1556,1438,1466,1551,1538,1376,1451,1341,3315,1185,1076,1486,1385,1539,1359,1088,1084,1728,1736,1318,1318,2745,66853,1582,2717,1621,1617,1137,1141,931,926,1218,1215,1611,1684,1108,1110,1106,1541,1349,1048,1050,2977,3062,2885,8251,1148,1156,1636,2044,1067,1153,1128,1117,1848,1861,1348,1279,2464,1731,1072,971,918,915,1203,1213,1285,1221,67258,4065,1274,1333
bing_querylogs|config_id=5598,1487,1733,1154,1385,1023,1106,1799,1176,1785,1549,2101,2545,5449,4402,1709,1954,1905,4041,5412,1897,2073,1906,1691,972,887,1079,1044,1593,1938,1484,1699,1277,1313,1623,1595,1890,1981,3488,1764,1108,1257,1526,1486,2894,2481,1137,1243,2239,3277,1034,1046,1806,1524,3097,4017,1361,3014,1640,1405,791,864,1077,1328,2129,2127,1284,1205,1182,4189,2327,1300,1326,2402,2406,1647,1983,1913,1932,1581,1403,1073,1095,1299,1284,1383,1602,1257,1214,2656,2246,794,824,1211,1121,1664,1598,1577,1835,2622,2241,1337,1359
bing_querylogs|config_id=5624,994,1023,875,885,721,748,1199,829,1405,132139,132306,1486,2280,1558,1579,1601,1489,1474,2563,1021,945,1334,1341,900,913,1195,1248,1410,1672,1359,1371,1349,1375,1299,1105,1719,1783,1091,1068,1176,1166,1201,1375,1442,1219,854,880,1394,1382,922,918,1340,1240,1370,1378,1274,1266,1242,1110,815,836,1106,1100,1516,2163,1025,1025,1019,1426,990,1493,949,1597,1879,1327,1931,1020,962,1339,1336,1004,1184,1034,1027,1636,1619,1321,1095,2000,1865,834,882,775,770,1185,1172,3034,1432,1651,1635,1023,1031
bing_querylogs|config_id=5639,1511,1505,1172,1389,674,676,1381,1483,1565,1515,2562,2209,3546,3523,2254,2056,2073,2728,2830,1074,1175,1691,1849,961,979,1419,1633,1724,1735,1528,1321,1211,1447,1535,1149,1859,2225,1906,2381,981,977,1626,1388,5189,5933,1264,1272,2477,2150,1028,1040,1677,1562,1977,3600,1512,1541,1195,1019,674,682,1104,1104,2238,1960,951,940,1207,961,900,1174,1161,2164,1968,1638,2092,1838,1793,1419,1605,1089,1070,1164,1133,1752,1580,1289,1294,2162,2329,753,752,654,640,1333,1184,1278,1352,1902,1709,1277,1391
bing_querylogs|config_id=5644,1496,945,1067,1043,648,706,1788,1020,1032,1140,1442,1546,20505,5529,1367,1447,1517,10019,3823,1255,1477,1518,1610,844,855,924,882,1452,1399,1215,1445,1085,1197,1010,948,1431,1565,1759,1724,1197,1465,1611,1448,1801,3315,743,724,3462,3376,781,866,1891,4957,22901,25597,1064,1338,1191,1110,797,642,917,1221,1910,2070,1025,983,1059,7921,2380,1398,1767,1812,1847,1514,1854,1641,1310,1208,1231,892,866,1057,1101,1297,1285,1062,1083,2952,2574,673,672,655,650,880,1106,1169,1015,1752,1757,1257,1361
bing_querylogs|config_id=5675,2016,2201,1527,1535,703,812,2637,2646,1693,1545,2163,2141,4200,4123,1991,1932,1726,5713,5844,1468,1670,1984,1739,870,850,1276,1321,1834,1922,1594,1419,1369,1334,1391,1529,1351,1534,1612,1569,1468,1357,1591,1766,4081,4059,2257,2330,2123,2353,1047,939,1754,1672,2686,2544,1474,1534,1226,1168,608,583,1181,859,1987,2355,1019,1027,1006,2632,3070,1980,1736,2043,2056,5070,5041,1711,1782,1978,1717,961,1123,1253,1510,1410,2027,1010,1080,2215,2173,919,918,943,1020,2172,1988,1683,1999,2530,2659,1357,1327
bing_querylogs|config_id=5680,975,1196,1150,1166,879,876,1022,1009,1329,1338,2127,1597,1733,2022,1496,1537,1819,1722,1784,1002,1006,1389,1373,896,908,1153,1187,1628,1821,1628,1351,1667,1730,1093,1649,1346,2229,1136,1018,973,938,1103,1671,1585,1927,846,842,1650,1563,1263,1352,1785,1598,1447,1612,1407,1488,1202,1198,786,720,1000,848,1420,1779,1116,1335,1250,913,844,908,912,1936,2096,1667,1695,1490,1457,1737,1681,978,920,1020,1165,1497,1377,1213,1271,1746,1337,942,919,1152,1221,1342,1696,1031,1044,1561,1703,1074,1055
bing_querylogs|config_id=5685,1445,1337,1147,893,934,891,6399,2068,1219,1139,2093,1612,5161,14133,1389,1469,1525,7133,19732,1509,1137,1741,1476,895,835,1097,1317,1483,1368,1846,1616,1676,1705,1099,1080,1399,1348,4113,3525,1300,1052,1340,1426,2120,2202,1020,959,3105,6770,1084,1030,1548,1584,14745,33781,1331,1774,1331,1086,845,752,1361,1666,2891,2381,1300,1465,1081,4765,3538,1323,1740,1956,1989,2443,1261,1678,1592,1730,1729,970,1014,1128,1261,1780,2034,1663,1481,4554,2609,1082,1016,889,900,1150,1234,1326,1086,1943,1799,1761,1300
bing_querylogs|config_id=5690,1533,1531,1120,912,744,796,1490,1251,1355,1223,2165,1920,2395,2389,1295,1353,1454,1565,1705,1865,1972,1639,1641,874,922,1166,1342,1466,1458,2155,1755,1531,1444,1154,1066,1230,1276,2564,871,1228,1142,1163,1137,1916,1777,904,1074,2803,2422,1017,1087,1476,1251,3135,18526,1366,1579,1365,1449,699,647,909,816,1752,1573,1054,1106,1135,1661,1539,2097,1894,1734,2073,1523,1411,1857,1871,1536,1777,1077,1121,1093,1082,1488,1835,1015,1225,2414,2138,925,1031,922,1018,1451,1685,1092,1031,2862,2382,1511,1506
bing_querylogs|config_id=5695,2330,2743,1448,1550,1387,1732,1544,1451,1597,1663,3402,2916,3176,3470,2291,2261,2369,2435,2556,1824,2061,2221,2386,1080,1119,1967,1821,1923,2112,2374,2370,2299,2356,1527,1491,2060,2176,2324,2062,1428,2045,1974,1957,2694,2604,1527,1699,3048,3028,1374,1164,2387,1817,1741,2967,1989,2250,1902,1964,1169,1010,1587,1655,2786,3377,1407,1484,1586,1917,1800,1387,1903,2539,2635,2918,2389,3327,2685,2147,2634,1759,1324,1429,1789,2061,2180,1499,1567,18537,3183,1387,1219,1519,1673,1836,2241,2202,2148,3131,2981,1744,2033
bing_querylogs|config_id=5700,1565,1636,1122,1138,1011,1071,1686,1757,1682,1292,2518,2267,2527,2210,1363,1285,1745,2344,1881,1568,1919,1772,1857,913,923,1167,1073,2359,1972,2022,1686,1420,1351,1176,1269,1560,1560,1350,1595,1196,1158,1563,1400,1630,2297,1627,1597,2438,2431,994,994,1583,1818,1123,2351,1755,2033,1697,1279,811,786,1378,1126,1647,2237,1273,1251,1379,1034,1019,2081,1603,1800,1897,1524,1687,1515,1553,1627,1441,931,1303,1144,1225,1526,1540,1078,1128,2218,1942,903,892,1206,965,1381,1450,2341,32994,4010,2100,1366,1610
bing_querylogs|config_id=5705,1616,1512,1122,967,1163,909,1512,1383,1154,1016,2277,1711,2106,2018,1035,1023,1015,1811,1425,1012,1481,1726,1279,888,941,1161,1289,1243,1455,1816,1473,1670,1427,892,1278,1466,1219,1314,1127,1383,1250,1173,1125,1617,1944,1477,1574,1801,1431,972,1138,1467,1310,2075,1465,1725,1857,1256,1284,777,899,1224,999,1426,2240,1239,978,974,1023,1124,920,1489,2169,2111,1856,1298,1645,1177,2012,1458,1770,1355,905,1075,1854,1768,908,1420,2351,1819,984,1019,834,758,1250,1168,1467,1143,2222,1547,1297,1993
bing_querylogs|config_id=5710,1405,1283,806,894,848,940,1502,1379,1254,1211,2116,1688,2132,3264,1770,1376,1421,1667,1682,1334,1054,1658,1546,1199,894,1251,1199,1244,1173,1610,1613,1650,1743,1037,1163,1607,1326,1466,1341,1268,1126,1067,1166,1397,1569,930,863,3042,2095,1112,982,1240,1220,1391,1164,832,1802,1431,1374,754,665,928,922,1503,2391,1005,1313,1076,1545,1351,1055,1360,2582,2299,2007,1002,1341,1504,1529,1343,1043,846,1025,1220,1578,1760,1171,1109,1403,1452,987,991,758,1140,1177,1273,871,1295,1590,2136,1256,1124
bing_querylogs|config_id=5715,1319,1573,981,917,769,774,1700,2114,980,985,2525,1974,1924,1614,762,771,759,1184,1388,2013,2076,1556,1405,830,884,941,983,1506,1600,1356,1217,1511,1540,904,889,1564,1409,867,827,2798,2654,1076,1163,1475,1559,1113,1204,1783,2902,1054,1004,1435,1357,1282,1318,1868,1515,1244,1214,774,747,1433,1095,1832,2413,1256,1306,1361,1209,1038,1835,1632,2233,2253,1304,1832,1451,1196,1221,1563,1241,1186,1124,1277,1577,1772,967,1053,1469,1356,811,810,1030,1057,917,1098,1244,1439,1733,1766,1290,1700
bing_querylogs|config_id=5720,1656,1640,2520,3282,1330,1131,1266,1262,1719,1598,2621,3286,3045,3030,2652,3548,2866,2438,2450,2171,4727,2506,2432,1128,1411,1547,1574,1743,1588,2623,1846,2571,2298,1413,1269,2060,1916,2984,2550,1447,1652,1821,1844,2855,3127,1363,1381,3280,3288,966,924,2660,3165,2415,3291,2289,2177,1739,1704,913,888,1251,1151,2953,3038,1619,1548,1607,3114,9646,5932,2145,2400,2423,3342,1977,2423,2347,1933,1769,1145,1108,1271,1646,2227,2303,1496,1825,2864,2287,1359,1070,1288,1454,1640,1590,2710,3311,2806,3050,2021,1737
bing_querylogs|config_id=5758,852,853,671,675,621,626,744,763,1355,1335,1270,1262,1621,2104,1219,1218,1381,1442,1720,793,954,1092,1211,805,803,1029,976,1073,1250,981,927,1244,1272,1038,1288,1237,1629,779,842,872,870,1065,1059,993,1019,682,678,1246,1304,698,698,1454,1427,1191,1640,1141,1195,931,896,639,667,869,868,1134,1326,899,908,903,671,673,807,742,1893,1926,1313,1475,856,856,1304,1278,756,762,910,925,1169,1350,986,986,1365,1912,703,702,657,623,968,1001,812,808,1298,1566,843,848
bing_querylogs|config_id=5777,968,994,694,738,643,692,1072,1370,927,1070,1246,1298,3241,1953,1543,1175,1549,1415,1742,1121,1150,1403,1394,810,802,948,946,873,1252,997,973,1203,1326,926,955,1091,1100,1396,1285,915,1052,928,908,1536,1004,799,839,1671,1570,757,993,961,2128,1092,1689,1670,1618,986,1113,698,705,915,939,1083,1291,1075,1000,888,1327,977,982,913,2485,2397,989,1454,1369,1009,1253,1164,869,959,877,912,1038,1361,991,943,1289,1477,775,745,658,624,979,1044,1154,1038,1286,2072,919,994
bing_querylogs|config_id=5807,1254,1297,935,921,739,1062,997,997,1332,1381,1577,1579,2640,1800,1564,1682,1905,1706,2114,1597,1471,1359,1323,1029,902,1134,1196,1465,1984,1777,1290,1719,1588,1031,1158,1358,2081,1040,1098,1063,1017,1443,1506,1739,2031,1360,1349,1723,1607,1124,1099,1694,1471,1582,1516,1486,1851,1243,1283,741,692,893,800,1521,2042,1074,1153,1106,882,895,936,938,2200,2032,1725,1531,1163,1527,1878,1755,1042,1013,1158,1142,1492,1472,1130,1347,1503,1561,942,923,841,858,1341,1299,1019,965,1690,1567,1193,1152
bing_querylogs|config_id=5812,2131,2286,2192,1405,1597,1653,1848,1465,1669,2030,3098,3069,3637,3303,2455,2461,2708,2485,2856,1483,1947,2320,2851,1150,1090,1684,1929,1818,2052,2780,2616,2349,2350,1534,1718,2482,2223,1577,1500,2260,2024,2018,2081,3016,2194,1635,1409,3363,2875,1300,1272,2315,2185,1603,1847,1852,2312,1971,2645,1138,1061,1721,1604,3325,2970,1410,1407,1386,1720,1648,1780,2078,2699,2660,2186,2037,2718,2977,2136,2034,1501,1445,1537,1567,2291,2177,1751,1727,3341,2387,1395,1310,1695,1378,2170,2516,1774,1981,2779,2783,1924,2132
bing_querylogs|config_id=5817,1152,1732,1260,1289,762,714,1169,1132,1298,1361,1713,1901,2053,1716,1667,1524,1616,1819,1513,1491,1059,1600,1351,1033,906,1199,1172,1671,1806,1594,1302,1525,1561,1448,1375,1807,1774,836,933,1185,1106,1561,1445,1883,1410,883,883,1456,1669,1059,1233,1586,1393,1619,1667,1286,1367,1203,1211,768,743,981,852,1707,1815,1168,1127,1304,870,938,1214,1703,2106,1693,1568,1732,1262,1371,1730,1852,1111,905,1109,1084,1506,1923,1084,1346,1428,1557,751,750,1217,762,1159,1497,1157,990,1569,1948,1034,1117
bing_querylogs|config_id=5822,1519,1790,943,909,778,783,1132,1131,1342,1291,1679,1558,1947,1796,1576,1562,1519,1725,2012,1704,1028,1442,1342,1018,903,1116,1202,1350,1934,1737,1473,1527,1556,1480,1468,1399,1590,933,1275,1157,1136,1562,1527,1320,1409,1034,1185,1867,1869,1001,1071,18098,1296,1333,1655,1232,1522,1117,1161,696,692,937,839,1659,1880,1026,1167,1197,817,893,885,889,2145,2013,1553,1486,1671,1699,1490,1837,977,919,1167,1064,1943,1925,1098,1169,1701,1722,877,876,824,797,997,1331,1006,1002,1236,2177,1080,1300
bing_querylogs|config_id=5827,2091,2441,1530,1530,846,648,2630,2633,1875,1875,2398,2121,4527,3917,2199,2044,2111,5273,5698,2087,1792,1979,1861,872,882,932,976,2122,2268,1284,1000,1611,1640,1359,1472,1289,1299,1447,1682,1405,1508,1646,1698,3799,3948,2284,2409,2640,2879,874,869,1530,1742,2996,2397,1594,1219,1154,1206,711,686,1000,876,2111,2509,892,1304,886,2767,2833,2022,1979,2291,2274,5047,4908,1849,1517,1127,1627,964,906,1127,1204,1982,2023,1141,908,2785,2649,949,948,683,844,2058,1873,2088,1684,2350,2371,1402,1587
bing_querylogs|config_id=5844,1339,1448,1171,1387,1420,1394,1204,1211,1173,1130,2060,2131,2322,2338,1861,1487,1683,1391,1554,1364,1368,1902,1853,951,954,1088,1084,2023,1966,2166,2350,1599,1754,1368,1236,2349,1764,920,927,1471,1350,1535,1275,1870,1968,892,1074,2524,2802,1408,1761,1565,1516,912,917,1290,1290,1436,1481,715,685,1345,1204,2090,2215,1236,1205,1184,1054,1027,1494,1410,2702,2486,2106,1880,1467,1493,1767,1905,1144,865,1248,1428,2043,2205,1336,1226,1688,1344,1220,1191,1332,1387,1592,1411,1260,1302,1958,2361,1627,1555
bing_querylogs|config_id=5849,1834,1856,1495,1327,983,916,1226,1153,1813,1852,2470,2247,2385,2094,1819,1844,1819,2042,2158,1538,1873,1725,1431,1117,1130,1429,1305,1618,1776,1814,1512,1912,1939,1823,1811,2239,2125,990,996,1241,1286,1688,1753,1807,2145,1158,1154,1717,1857,1040,1181,1678,2177,1795,1989,1455,1607,1689,1264,938,803,1070,1058,1907,2001,1540,1380,1378,1000,1051,1663,1662,1927,2211,1521,1580,1567,1628,1996,1670,1139,1149,1260,1458,1818,1736,1326,1420,1507,1445,1122,1103,1007,944,1291,1553,1248,1265,2464,1898,1296,1460
bing_querylogs|config_id=5854,1203,1314,952,1307,884,811,1034,965,1423,1392,1933,1873,2267,1979,1499,1461,1640,1617,1613,1038,1065,1368,1368,922,935,1282,1304,1561,1682,1631,1387,1753,1630,1435,1423,1741,1383,869,1151,1057,1292,1757,1289,1899,1845,1074,1068,1697,1750,939,895,1617,1619,1369,1326,1174,1490,1132,1237,746,705,1005,823,1457,1943,1232,1233,1207,840,774,919,931,1827,1665,1584,1471,1572,1585,1417,1581,1005,1003,1105,1041,1641,1393,1162,1412,1543,1973,883,900,914,916,1127,1247,1092,1318,2075,1399,1187,1118
bing_querylogs|config_id=5864,1970,2041,1508,1482,629,632,2997,2736,1484,1481,2134,2414,5055,4117,1474,1484,1453,6446,6542,1413,1388,1618,1619,1071,1081,825,858,1721,1752,1168,1011,1205,1237,1298,1294,1094,1084,1171,1163,1247,1240,1566,1733,3537,3517,1929,1956,1941,1976,698,698,1422,1453,2967,2993,1158,1135,1119,1105,590,563,847,816,1869,2091,782,783,774,2927,2980,1863,1824,1809,1809,5101,4859,1477,1475,1434,1449,900,849,1024,1100,1231,1231,818,798,2543,2595,724,732,636,635,1516,1607,1496,1777,2156,2162,1360,1370
bing_querylogs|config_id=5869,2002,2116,1506,1539,637,642,2775,2773,1469,1471,2155,2070,3858,3912,1464,1453,1458,6258,6353,1369,1425,1596,1596,1054,1072,844,891,1660,1716,1211,994,1179,1208,1296,1284,1068,1077,1128,1158,1277,1146,1591,1555,3371,3392,1760,1779,2097,2066,680,685,3416,1416,2874,2935,1213,1279,1063,1070,600,576,884,850,1880,2206,798,798,789,2860,2846,1757,1735,2073,2079,4544,4557,1368,1396,1565,1395,916,875,1037,1106,1222,1207,817,885,2469,2454,725,725,646,645,1508,1587,1557,1971,2503,2250,1263,1290
bing_querylogs|config_id=5874,2086,2059,1403,1436,628,635,2749,2685,1462,1470,2103,2117,3788,3861,1441,1441,1456,6233,6453,1359,1380,1534,1573,1045,1042,914,857,1618,1715,985,977,1169,1193,1350,1353,1071,1072,1122,1325,1252,1219,1537,1536,3359,3359,1742,1740,2020,1924,671,701,2726,2397,2887,2932,1259,1174,1068,1055,561,564,870,1068,1911,2238,779,779,769,2863,2834,1766,1730,1738,1883,4497,4554,1352,1344,1402,1413,890,930,1096,1098,1035,1322,871,871,1946,2618,716,716,630,624,1579,1579,1596,1569,1973,2332,1249,1282
bing_querylogs|config_id=5910,2276,2107,1240,1245,1490,1211,1422,1404,1499,1503,2176,1906,1906,2042,2118,2379,2158,1480,2226,1717,1786,2171,2198,1033,1031,1671,1517,1655,1667,1996,2093,1899,1927,1712,1429,1779,1780,1524,1361,1796,1392,1288,1786,2127,2159,1523,1204,2393,2112,1145,1099,1978,1608,1324,1280,1829,1828,1994,1825,881,938,1493,1397,2129,2319,1308,1219,1230,1337,1488,1126,1891,2823,1972,1855,1674,2260,2688,1874,1884,1377,1631,1299,1282,1930,2081,1400,1489,3289,10554,1328,1077,1086,1025,1961,1853,1347,2137,2448,2014,1867,1609
bing_querylogs|config_id=5920,1310,1293,812,806,804,802,1616,1913,1334,1221,1883,2849,2042,1786,1600,1330,1506,1867,1567,1082,1246,1681,1704,852,892,1361,1108,1127,1523,1571,1125,1614,1568,1128,1144,1495,1463,1198,725,1002,1143,1193,1396,1549,1553,931,1577,3140,1436,1122,1184,1209,1271,1581,1007,1296,1548,1445,1526,724,694,927,1005,1639,1626,1104,997,1161,1082,840,1175,1215,2273,1904,1094,1140,1192,1444,1535,1351,1168,1248,1095,1200,1518,1568,1187,1067,1679,1829,865,855,1146,1079,1169,1279,828,1133,1958,1936,1076,1095
bing_querylogs|config_id=5930,1687,1678,1036,1096,1005,1003,1797,1641,1411,1553,1813,1896,2148,1578,1634,1211,1342,2114,2142,1481,1613,1631,1645,897,901,1213,1003,1572,2287,1575,1914,1706,1445,1360,1362,1721,1767,1463,1690,1118,1325,1568,2046,1586,1502,1066,1061,2168,2431,1031,1194,2108,1471,1179,1143,4002,1769,1414,1369,775,729,1249,1125,1635,2417,1240,1177,1243,33940,1554,32383,2591,2379,1787,1384,1758,1576,1589,1706,1805,1010,961,1372,1260,1279,1498,1166,1254,1831,2332,972,887,1448,1079,1327,1092,1171,1608,2480,2199,1529,1903
bing_querylogs|config_id=5935,2158,2030,1171,1174,1095,1064,1947,1845,1659,1293,1969,1986,10312,3076,2198,1590,2368,1999,1781,1375,1643,1802,1877,1062,1106,1485,1397,1614,1939,1962,2017,1839,1952,2035,1646,1727,1740,1509,1522,1323,1904,1620,1870,2059,1741,1210,1191,2178,2216,1142,1178,1406,2057,1854,1486,1621,1692,1995,1698,850,884,1502,1377,2157,2397,1411,1270,1271,1342,1493,1343,1126,2169,2153,2425,2013,2613,2594,1915,2010,1339,1350,1227,1217,1921,2102,1385,1515,3470,3010,1235,1136,1246,982,2126,1899,1559,1539,1826,2146,1918,1599
bing_querylogs|config_id=5944,1278,1293,1033,1020,1106,1365,1082,1080,950,924,1764,2254,2108,1586,1576,1663,1781,1576,1644,1144,1230,1277,1396,856,854,994,959,1699,1919,1844,1433,1474,1456,1149,1109,1641,1693,950,1053,1232,1215,1557,1365,1696,1703,866,861,2150,2285,1430,1387,1252,1242,1003,1060,1145,1492,1300,1190,677,705,1007,1114,1992,2225,1241,1121,1319,1039,1231,1123,1225,1862,2284,2420,2220,1559,1505,1592,1515,1007,1036,980,973,1550,1786,951,1119,9757,1598,982,981,1531,1024,1117,1058,1152,1212,1846,1767,1605,1626
bing_querylogs|config_id=5949,1447,1518,1375,1361,1079,1336,1097,1105,1073,1015,1897,2422,1816,9661,2001,1515,1643,967,1136,1180,1248,1972,1809,863,861,1110,989,1939,1654,1431,1695,1542,1470,1139,1194,1678,1641,1200,1223,1264,1300,1247,1368,1914,1552,842,874,2420,1868,1212,1158,9461,1744,986,975,1303,1302,1348,1200,759,758,1167,1190,1632,2347,1407,1256,1183,1363,1173,1214,1203,2486,2304,1246,1434,2487,1731,1620,1615,932,912,999,997,1676,1989,1145,1129,1530,1432,965,1064,1118,1543,1242,1205,1176,1242,1499,1960,1428,2005
bing_querylogs|config_id=5964,2246,2130,1294,1362,1311,1439,1600,1464,1794,1520,2143,2138,2291,2824,1936,2274,2255,2007,2355,1959,1396,1937,1930,1096,1190,1537,1456,1903,1909,1979,2107,2164,2049,1752,1497,2121,1931,1424,1582,1554,1854,1658,2083,2249,1915,1261,1366,2368,2224,1170,1240,2785,1649,2331,1337,1656,1820,1740,2120,950,947,1671,1571,2068,2351,1238,1349,1565,1416,1464,2789,1800,2978,2843,2078,2710,2658,2682,1909,1920,1292,1314,1298,1253,1863,2213,1454,1560,3500,4348,1032,1051,1298,1397,1891,1951,1147,1124,1941,2521,1822,1731
bing_querylogs|config_id=5969,2494,2388,1351,1097,2343,1818,1989,1569,1633,1843,2506,2206,10705,3628,2449,2445,1672,2001,2122,2253,1519,2403,2642,1166,1427,2137,1742,1730,2625,1999,2338,2526,2550,1860,2079,2201,2497,2190,2355,1665,1699,2326,1789,2725,2144,1760,1734,2981,3519,1100,1168,1959,1976,1757,2380,2126,2310,1980,2224,1138,1279,1502,1602,3243,3181,1565,1810,1584,1350,1874,2084,1794,2986,3086,2347,2133,3122,1892,2221,2003,1895,2009,1479,1565,2002,2192,1765,1650,3667,2791,1317,1378,1654,1924,2917,2128,1877,1953,2481,2567,1892,2974
bing_querylogs|config_id=5974,1955,1956,1309,1314,635,646,2736,2742,1509,1769,1820,1821,4183,11606,1473,1376,1385,4427,4936,1418,1434,1606,1559,816,815,899,884,1678,1717,957,953,1188,1216,1293,1321,1085,1087,1142,1675,1290,1323,1521,1521,3381,3381,1933,2092,1695,1695,712,712,1285,1285,2139,2926,1071,1071,1113,1093,561,557,845,845,1522,1760,786,787,778,2434,2434,1790,1821,1707,1675,5125,4698,1413,1428,1120,1131,964,972,1083,1072,1055,1280,872,872,1966,1891,722,757,631,583,1602,1593,1509,1518,1746,1880,1418,1170
bing_querylogs|config_id=5979,2244,2311,1181,1239,1512,1171,1627,1584,1694,1662,2264,2185,2897,2280,2510,2203,2035,1646,1883,1731,1262,2242,2294,1119,1118,1636,1778,1935,1792,2062,1945,2031,1901,1573,1532,2117,1851,1436,1435,1804,1744,1813,2120,1966,2324,1341,1572,2118,2146,1229,1213,2412,2062,1448,1640,1815,1714,2109,1922,942,966,1535,1624,2094,2485,1309,1339,1451,1339,1338,1277,1837,2130,2299,1798,1845,2645,2703,2081,2093,1507,1492,1405,1316,2025,1955,1535,1447,3026,2294,1217,1208,1135,1574,1957,1915,1507,1590,1975,2327,1952,1993
bing_querylogs|config_id=5984,2144,2136,1367,1372,1965,1783,1678,1439,1434,1500,2000,2079,1798,2411,2033,1985,2289,2237,3246,1353,1435,2187,2298,1158,1174,1507,1497,1471,1918,1932,2015,1971,1947,1484,1987,1843,1908,1406,1660,1426,1504,1425,1436,2503,1999,1535,1522,2077,2213,1217,1145,1543,2003,1508,1460,1391,1680,2035,1656,894,883,1531,1630,2110,2437,1394,1414,1306,1141,1301,1424,1893,2178,2194,1684,1814,2043,2307,2021,1896,1366,1342,1280,1278,1683,1815,1374,1334,2154,2638,1146,1145,1037,963,1765,1945,1488,1587,2304,2142,1741,1866
bing_querylogs|config_id=5989,1872,1958,1243,1244,1717,1964,1364,1364,1096,1100,2257,2570,1825,2247,1363,1619,1675,1260,1541,1301,1189,1481,1787,954,961,1504,1079,1439,1907,1906,2138,1478,1797,1517,1379,1615,1674,834,756,1422,1263,1542,1213,2627,2060,903,1046,2441,2592,1242,1325,1549,1525,1704,906,1280,1290,1257,1237,858,766,1093,1129,1910,1977,1162,1320,1222,1286,1287,1315,2012,2524,2581,1608,1572,1969,1935,1541,1618,1068,1047,1223,1214,1815,2123,1221,1102,2238,1644,1092,1191,968,974,1853,1404,1355,1300,2117,1832,1581,1941
bing_querylogs|config_id=5994,1565,1510,1098,1046,968,1049,1892,1329,1534,1256,1968,1899,3128,2176,1846,1468,1329,1968,2682,1578,1564,1578,1707,978,923,935,1047,2065,2303,1676,1881,1324,1590,1309,1257,1602,1769,1261,1174,1383,1196,1595,1730,1614,1528,1181,1371,2806,2982,980,905,1449,1683,1359,2696,1863,1825,1352,1336,803,799,1260,1294,1955,2075,1449,1264,1382,1501,1008,1614,5058,2103,2078,1699,1733,1652,1539,1599,1502,914,914,1174,1299,1329,1433,1110,1422,1592,2427,897,891,1346,966,1536,1420,1412,1673,1517,1866,1292,1455
bing_querylogs|config_id=5999,1397,1360,855,1167,818,989,1246,1636,1215,1407,1601,2301,4047,2578,1444,1467,1750,2379,4705,1100,1108,1518,1781,845,813,994,949,1476,1559,1659,1509,1352,1237,1257,1411,1429,1477,1464,1945,1186,1043,1559,1366,1770,1331,693,1031,2035,1494,924,905,1196,1403,13094,4263,1376,2506,1229,1347,698,674,1213,1156,1580,1839,1270,1003,1080,1528,2112,1208,1133,2102,1596,1332,1362,1631,1585,1291,1351,1200,987,1134,1083,1199,1651,1241,1215,2431,2268,709,703,891,1084,1313,1250,1351,2178,1939,3501,1371,1029
bing_querylogs|config_id=6009,2675,1504,1880,3841,1213,1416,1676,2393,1072,1038,1636,132505,10920,1992,1593,1272,1351,2460,2297,2005,1241,1888,2026,908,930,1140,1049,1521,1721,2094,2348,1308,1541,1070,132091,1554,1471,9240,1324,129431,2751,1259,1444,1555,1366,807,963,2081,1769,1008,1062,1251,1549,3595,987,1431,1434,1403,1352,695,691,1694,1145,2095,1941,1088,1173,1057,1692,3977,1073,1035,1809,2845,2953,2421,1447,1527,1475,1713,905,905,947,1151,1768,1747,1071,1200,2147,2127,966,953,1335,1238,1359,1178,1472,1465,2200,3137,1520,1884
bing_querylogs|config_id=6019,2115,1984,1611,1538,636,639,3017,2548,1504,1508,2154,2155,11757,14326,1664,1669,1654,6568,7081,1387,1474,1735,1736,832,842,861,895,1606,1743,1185,989,1213,1245,1279,1291,1093,1094,1058,1436,1257,1154,1570,1580,3369,3369,1755,1751,1907,1897,798,719,1289,1289,2312,2407,1023,1023,992,998,602,578,864,768,1968,2191,790,791,784,2670,2700,1764,1767,2180,1775,4578,7223,1242,1236,1459,1455,905,850,1039,1116,1270,1270,811,791,2550,2601,734,733,648,647,1519,1610,1595,2378,2146,67516,1215,1219
bing_querylogs|config_id=6024,2150,2042,1424,1533,624,627,4018,3556,1477,1481,2027,2027,69077,69069,1461,1471,1457,6189,6238,1378,1465,1618,1619,1065,1075,824,858,1595,1732,1168,972,1205,1237,1298,1289,1083,1084,1139,1185,1286,1240,1543,1561,3374,3374,1756,1752,1940,1962,739,739,1278,1278,3026,3055,1145,1135,983,989,587,563,845,749,2091,2247,775,708,769,3145,2855,1737,1740,1814,2151,6035,5411,1326,1326,1125,1134,895,840,1024,1093,1231,1231,814,794,2708,2440,727,726,644,635,1511,1603,1627,1996,2184,1954,1206,1210
bing_querylogs|config_id=6034,2324,2052,1544,1729,644,647,3955,3057,1667,1664,2045,1979,10499,68955,1546,1484,1468,6381,5832,1405,1496,1591,1840,995,1088,855,887,1605,1742,1184,986,1233,1258,1298,1296,1136,1122,1046,1049,1261,1225,1486,1609,3362,3568,1777,1763,2011,1919,794,715,4853,1518,3414,3914,1220,1025,1124,1126,608,598,869,766,1844,2128,794,789,784,2799,2865,1756,1763,1852,3533,5275,4891,1545,1340,1456,1465,953,850,1025,1094,1244,1244,812,796,3031,3125,732,731,652,651,1552,1621,1640,2009,2001,1992,1264,1275
bing_querylogs|config_id=6039,1979,1990,1617,1544,644,647,3013,2544,1681,1678,2057,2057,69033,12268,1706,1706,1696,5959,6013,1406,1493,1725,1726,824,834,839,873,1599,1766,1188,992,1224,1256,1306,1318,1099,1125,1058,1132,1301,1193,1606,1594,3376,3376,1761,1757,1737,1731,794,715,1316,1316,2561,3273,1226,1087,1131,1131,610,584,862,766,1652,1880,796,797,790,3040,2791,1760,1763,1793,2497,5513,4530,1285,1286,1588,1601,945,901,1045,1114,1248,1298,792,894,1732,1732,724,723,652,651,1510,1601,1594,1612,1952,1988,2626,3177
bing_querylogs|config_id=6059,2389,2264,1283,1528,1280,1270,1512,1623,1676,1678,2283,2156,1631,2209,2267,2271,2537,1778,1922,1483,1385,2420,2290,1287,1305,1697,1653,1706,1787,2093,2271,2091,2077,1718,1628,1965,2166,1765,1555,2004,1603,2118,1994,2416,2223,1547,1495,2276,2494,1292,1319,1784,1657,1662,2374,1969,1867,1917,1960,1047,1047,1591,1599,2204,2389,1465,1591,1425,1413,1715,1594,1423,2401,2395,1890,1841,1892,2750,2018,2029,1526,1445,1455,1434,2078,2049,1498,1610,3560,2196,1330,1265,1481,1497,1863,2080,1661,2048,2491,2264,2087,2149
bing_querylogs|config_id=6064,2350,2409,1599,1948,1959,2435,1513,1705,2502,2105,2751,2884,2683,3442,2744,2395,2544,3376,2707,1483,1496,3450,3608,1254,1254,2855,1997,1955,2531,2449,2257,2410,2750,1990,1795,2341,2418,2052,2066,1774,1756,1738,1954,2670,2406,2004,2037,3223,2970,1395,1328,2263,2557,1684,1941,2805,1820,2065,1892,1158,1196,1614,1707,3574,3884,1619,1581,1747,1899,1900,1567,3152,2780,2649,2072,2509,2741,2448,1974,2086,1681,1512,1672,1831,2305,2608,1836,1870,3717,3510,1625,1550,1738,2672,2321,2167,1507,1623,2590,2827,2024,2489
bing_querylogs|config_id=6069,1830,1490,1393,1459,1071,910,1153,1127,1608,1500,1824,2234,2117,1826,1854,1851,1828,1935,2204,1714,1789,1299,1418,1108,1158,1483,1439,1757,1703,1590,1757,2001,1886,1554,1463,2252,2330,1484,1536,1200,1193,1611,1861,1778,2174,1249,1377,1810,1757,1072,1214,9630,2039,1800,1814,1591,1488,1189,1184,913,956,1196,1181,1812,1896,1434,1423,1381,1071,983,1639,1675,2216,2238,1615,1703,1704,1454,1518,1863,1164,1166,1435,1427,1574,1793,1326,1397,1775,2107,1104,1211,1235,1001,1419,1574,1308,1207,1827,1729,1363,1363
bing_querylogs|config_id=6094,2265,2184,1171,1132,1212,1369,1864,1598,1731,1769,2604,2417,10951,2562,2143,2250,2378,3165,2666,1278,1285,2098,2692,1047,1043,1361,1521,1434,1594,2217,1961,1764,1799,1494,1641,1998,2117,1902,2439,1602,1607,1908,2048,2386,2133,1709,1576,2617,2973,1065,1580,2261,1761,2274,1860,2855,2313,2266,2140,841,840,1386,1424,3124,2769,1377,1461,1401,1608,9789,1258,1314,2465,2490,1606,1678,2619,2573,1865,2025,1538,1538,1515,1427,1629,1805,1420,1492,3438,2970,1141,1077,1212,1020,1800,1780,1710,1996,3440,2394,1996,1733
bing_querylogs|config_id=6119,954,925,731,737,735,720,805,966,1311,1293,1338,1308,1846,1837,1645,1633,1652,1752,1428,862,887,1104,1222,862,860,975,934,1270,1393,1180,1166,1308,1336,1418,1043,1666,1337,1026,921,933,1016,1017,1061,1144,1144,875,805,1334,1289,805,817,1083,1169,1679,1301,1098,1104,942,940,648,681,1050,1066,1338,1565,938,929,926,886,794,874,795,1581,1579,1707,1255,913,913,1636,1417,894,916,929,921,1107,1293,980,980,1792,1706,775,757,739,818,1118,993,1078,1162,1329,1408,1068,851
bing_querylogs|config_id=6124,1059,1046,667,672,690,711,786,1031,1392,1269,1219,1386,1905,1981,1895,1779,1510,1303,1861,910,1024,1225,1580,875,884,1025,1029,1236,1509,1109,1124,1226,1254,954,1286,1851,1522,1172,1092,900,905,1184,1269,1340,1353,687,689,1282,1465,858,860,1346,1870,1793,1446,1147,1169,1035,903,734,611,1045,1054,1204,1468,934,948,894,922,916,790,768,1806,1542,1380,1413,887,1030,1704,1343,1014,916,891,904,1287,1508,966,966,1690,1623,723,722,670,738,993,986,993,809,1449,1699,903,914
bing_querylogs|config_id=6134,1182,1039,749,754,753,694,804,903,1303,1385,1396,1406,1807,2789,1438,1536,1430,1271,2144,882,896,1134,1252,921,919,1023,978,1224,1417,1110,1112,1353,1364,1504,1068,1759,1698,954,1130,953,949,1040,1058,1266,1266,764,759,1380,1303,864,826,1079,1267,1331,1365,1163,1065,1009,995,727,687,952,941,1311,1437,971,959,949,836,826,754,805,1647,1661,1301,1598,940,940,1423,1423,1023,967,968,957,1235,1345,1009,1009,1911,1668,799,782,730,725,1124,1133,877,1229,1483,1620,894,901
bing_querylogs|config_id=6139,1220,1032,747,755,691,692,835,1020,1403,1407,1342,1294,1264,1259,1658,1554,1651,1059,1825,899,913,1123,1241,905,916,1009,958,1264,1235,1162,1156,1292,1320,1071,1238,1686,1686,1180,902,942,939,1063,1083,1216,1420,783,780,1289,1284,902,879,1139,3224,1534,1555,1110,1052,956,955,696,682,935,926,1359,1452,936,939,930,935,861,798,802,1464,1559,1705,1454,922,922,1486,1516,963,1333,938,933,1384,1394,1018,1110,1632,1644,763,757,719,671,1180,972,928,1141,1162,1478,884,902
bing_querylogs|config_id=6149,1015,1016,813,819,758,754,897,1093,1487,1438,1405,1448,1878,1173,1569,1552,1647,1750,1987,1030,1200,1171,1289,950,949,1101,1032,1468,1593,1209,1166,1382,1410,1797,1503,1350,1350,949,1033,1062,1055,1180,1162,1515,1470,803,799,1452,1364,919,1010,1373,1397,2417,1693,1217,1217,1153,1147,771,773,1005,1107,1504,1783,1015,1026,1025,866,825,1127,962,1668,1785,1515,1540,983,990,1337,1349,995,1085,1054,1032,1398,1584,1123,1121,1607,1623,853,832,784,890,1132,1116,952,967,1196,1704,921,928
bing_querylogs|config_id=6154,954,976,742,744,696,699,984,1018,1401,1405,1322,1347,2032,1349,1634,1678,1642,1502,2151,876,892,1111,1229,862,861,1013,960,1282,1310,1031,1139,1280,1308,1216,1192,1218,1343,1109,1127,933,931,1020,996,1195,1193,867,812,1331,1363,814,812,1137,1126,1556,1354,1125,1125,950,930,656,652,990,976,1286,1598,933,934,931,1080,1113,784,789,1839,1654,1461,1642,940,940,1488,1541,1006,1111,936,931,1136,1353,987,985,1648,1871,781,780,714,706,1053,983,1144,1255,1090,1349,883,890
bing_querylogs|config_id=6159,906,907,740,736,697,730,947,929,1286,1360,1366,1359,1767,1340,1608,1462,1607,1756,2194,909,892,1118,1230,908,872,1009,968,1192,1345,1304,1276,1268,1298,1157,1038,1716,1345,1014,1067,1040,937,1057,1052,1388,1142,876,813,1393,1393,811,825,1480,1466,1522,1478,1148,1141,958,932,664,697,1058,1003,1361,1557,940,947,928,792,810,788,863,1758,1584,1450,1364,921,921,1418,1676,926,863,936,925,1380,1566,990,990,1849,1767,771,765,723,803,1006,1005,928,1240,1396,1604,852,881
bing_querylogs|config_id=6169,895,897,736,730,681,682,999,1208,1392,1274,2122,2053,1699,1423,1423,1417,1568,1269,1676,964,1012,1110,1228,857,855,1002,953,1185,1346,1200,1199,1245,1273,1007,1289,1240,1335,983,1048,899,895,990,1014,1164,1354,742,748,1352,1325,818,818,1045,1163,1402,1598,1082,1120,971,895,659,659,1059,969,1202,1591,933,936,927,790,775,853,858,1558,1481,1392,1727,917,919,1506,1381,1270,1249,938,912,1104,1325,960,958,1749,1546,775,774,713,764,1897,1093,1073,968,1453,1334,926,850
bing_querylogs|config_id=6174,1003,1101,701,676,700,631,978,1029,1213,1277,1250,1249,2124,2043,1830,1820,1865,1803,2037,905,1414,1269,1197,800,870,1046,1042,1060,1595,999,990,1207,1247,1200,1343,1681,1686,1242,1030,868,864,1109,1397,1054,1069,687,683,1337,1594,944,1003,1232,1136,1943,1854,1084,1097,1092,975,594,618,866,865,1917,1643,911,901,946,933,1039,757,970,1911,1567,1473,1302,1045,1116,1249,1268,1044,1022,927,893,1262,1628,958,962,1814,1621,711,710,672,710,934,989,809,822,1532,1630,897,1072
bing_querylogs|config_id=6179,905,906,737,743,699,705,896,1018,1297,1405,1371,1290,1828,1868,1469,1458,1423,1538,1965,850,1075,1110,1228,861,860,1013,958,1191,1463,1173,1142,1302,1330,1192,1046,1218,1343,976,1125,905,901,995,995,1226,1187,869,809,1289,1375,828,826,1118,1120,1093,1580,1127,1107,934,901,658,654,947,943,1374,1553,938,933,930,1042,1073,794,799,1762,1488,1241,1291,922,922,1425,1417,957,1134,945,934,1206,1562,965,985,1779,1738,780,781,744,697,1110,964,1143,1254,1334,1397,1057,1072
bing_querylogs|config_id=6189,1009,924,744,739,683,692,973,970,1395,1399,1270,1308,1553,2388,1646,1631,1419,1393,1820,890,926,1125,1243,857,856,1007,960,1208,1458,1143,1198,1295,1323,1472,1038,1702,1408,1246,1120,916,910,1033,999,1428,1162,784,805,1277,1316,820,816,1126,1098,1289,1238,1172,1148,935,928,648,650,931,985,1221,1467,968,951,944,1061,760,858,797,1516,1516,1385,1222,914,914,1520,1546,1017,1050,943,930,1108,1522,979,957,1694,1625,776,775,724,692,984,1060,894,849,1460,1630,894,879
bing_querylogs|config_id=6194,899,879,726,732,727,668,977,998,1505,1394,1266,1267,1770,1390,1639,1408,1641,1229,2233,843,869,1099,1217,853,849,987,938,1112,1391,1132,1196,1248,1276,1174,1187,1705,1411,804,1018,931,888,1038,1080,1350,1172,791,805,1277,1283,823,807,1080,1058,1413,1650,1164,1132,969,907,623,656,926,915,1341,1544,921,924,915,1057,1000,783,788,1829,1655,1258,1581,917,917,1225,1236,1270,1215,918,916,1303,1323,954,972,1865,1607,779,778,711,699,1069,958,843,1111,1390,1577,844,851
bing_querylogs|config_id=6199,1006,924,740,746,769,716,833,914,1328,1499,1632,1342,1944,1332,1459,1511,1600,1137,2254,954,905,1125,1237,903,856,1008,955,1238,1361,1170,1166,1305,1333,1273,1215,1343,1343,968,945,911,893,1044,1028,1364,1400,826,741,1313,1235,838,816,1153,1140,1229,1482,1128,1090,1063,1017,628,628,1062,917,1455,1453,937,944,925,872,734,817,875,1532,1575,1061,1271,916,946,1434,1508,1269,1004,932,930,1175,1357,953,996,1603,1749,778,841,716,825,977,1115,871,872,1248,1633,872,881
bing_querylogs|config_id=6204,2046,1850,1579,1636,1018,1036,1588,1606,1966,1975,1973,1959,2416,2579,2270,2089,2232,2611,2438,2015,2024,2078,2144,1122,1343,1897,1709,1731,2247,2144,1669,1901,1936,2163,2224,1819,1819,1712,2344,1441,1477,1945,1937,2083,2268,1308,1212,1907,1937,1359,1526,2438,10823,2146,3411,1848,1810,1820,1768,1060,1145,1291,1500,2430,2019,1511,1321,1505,1290,1521,1791,1759,2507,2381,2104,1931,2434,2690,2642,2619,1400,1227,1353,1447,1822,1913,1478,1480,2503,2630,1309,1239,1030,1016,2075,1781,1455,1465,2648,2197,1509,1727
bing_querylogs|config_id=6209,1113,1114,668,673,958,634,1370,1426,1581,1587,1426,1492,2467,1816,1705,1816,1754,1590,1909,1035,1078,1993,1541,811,876,1080,1019,2199,1564,1001,1082,1253,1255,1436,1105,1432,2012,1140,2064,1146,1142,1528,1104,1808,1481,738,830,1899,1739,775,764,9608,1505,1716,1625,1674,1307,1327,1263,599,592,964,929,1746,2150,1110,1067,1060,1134,1185,931,973,1796,1842,9564,1768,1405,1517,1349,1353,1238,1210,870,890,1084,1299,978,1117,2508,2624,706,785,772,693,963,921,823,832,2167,2028,1383,1345
bing_querylogs|config_id=6214,906,1030,781,882,739,823,838,964,1398,1296,1331,1384,1318,1348,1473,1462,1682,1283,1811,862,895,1118,1240,879,869,993,934,1241,1462,1161,1174,1314,1343,1175,1240,2105,1235,984,1025,960,956,1051,1076,1142,1414,777,813,1398,1527,815,811,1191,1490,1903,1358,1135,1148,950,943,664,658,947,937,1380,1583,952,943,928,1032,1033,752,984,1627,1663,1248,1822,921,921,1499,1453,964,1051,933,925,1358,1449,996,988,1788,1768,771,775,723,786,1044,1038,856,857,1492,1562,872,1103
bing_querylogs|config_id=6219,1369,1366,968,979,918,1242,1166,969,1133,1297,1776,1952,1689,2041,1743,1880,1972,2041,1892,1072,1135,1455,1685,885,899,1213,1208,1398,1363,1023,1330,1588,1969,1276,1784,1355,2136,1074,1053,964,975,1078,1362,1417,1417,1110,1181,1628,1590,1160,1273,1413,1633,1592,1733,1537,1193,1327,1496,746,757,1015,982,1764,1904,1104,1297,1200,923,961,1286,1513,2009,1795,1593,1415,1670,1670,1670,1789,991,1088,1137,1120,1412,1598,1237,1244,2211,2178,948,937,1112,865,1379,1458,1185,1457,1886,1766,1164,1292
bing_querylogs|config_id=6263,1940,1806,1295,1235,570,585,2807,2750,1589,1593,1779,1900,68709,4752,1327,1331,1331,4993,4710,1360,1372,1318,1321,687,697,859,886,1620,1646,952,914,1020,1041,1178,1180,958,958,1072,1376,1299,1224,1401,1387,3273,3279,1864,1770,1606,1606,599,667,5072,1511,2936,4358,941,917,969,969,547,545,840,740,1641,1632,691,694,693,2548,2584,1709,1713,1482,1476,4766,6656,1184,1171,1032,1068,835,835,1024,1017,1017,1015,775,775,2036,1636,643,640,570,567,1599,1490,1478,1502,2515,4124,1082,1398
bing_querylogs|config_id=6273,1911,1912,1261,1334,596,599,2919,3319,1641,1643,1809,2393,4366,7084,1377,1371,1373,4631,4585,1308,1316,1460,1517,745,753,906,900,1632,1637,1084,1086,1124,1142,1227,1226,962,1080,1055,1359,1170,1152,1413,1425,3315,3339,1912,1842,1698,1604,645,645,1242,1242,2894,4316,961,961,1019,1019,563,636,729,722,1622,1485,685,687,739,2411,2411,1681,1671,1517,1509,4712,4544,1124,1030,1045,1050,875,879,1076,1011,1195,1193,823,823,2088,1973,687,630,600,619,1529,1448,1454,1464,3434,67260,1077,1081
bing_querylogs|config_id=6283,1924,1926,1580,1506,666,669,2357,3480,1638,1636,2302,2517,3345,4875,1527,1526,1590,5077,5912,1439,1376,1519,1506,779,789,1006,877,1669,1830,1330,1326,1252,1280,1386,1414,1119,1119,1285,1363,1304,1302,1524,1539,3233,3233,1772,1755,1692,1678,785,785,1241,1219,2252,2330,1118,1026,1146,1126,590,588,882,881,2017,2015,789,778,787,2673,2558,1664,1668,3002,2702,5654,4561,1283,1285,1121,1132,883,939,1063,1028,1314,1308,815,815,1695,1799,785,774,666,665,1695,1583,1510,1520,1861,67218,1308,1312
bing_querylogs|config_id=6288,2624,2088,1891,1744,786,879,3774,2687,1895,1876,2215,2547,3904,4179,1860,1567,1936,4839,5215,1795,1615,1736,2301,1002,1016,1147,1437,2249,2333,1623,1597,1401,1480,1435,1529,1323,1294,1275,2084,1622,1891,1714,1767,3635,3513,2038,2029,2272,1983,840,927,1711,1803,3664,2950,1578,1693,1262,1260,910,799,1004,1463,2015,2406,1200,987,935,2958,3401,2168,1978,1839,2104,5301,4847,1412,2451,1558,1163,1505,1187,1276,1267,1316,1508,1621,1432,3301,2435,883,1127,882,976,2251,2248,1934,2671,2099,2260,1930,1348
bing_querylogs|config_id=6298,2189,2178,1862,1813,1205,1166,3792,2716,1859,1748,2860,2388,3688,4303,2047,2027,2081,5977,6139,1857,2094,1964,2093,1040,1054,1125,1088,2213,2092,1804,1991,1286,1439,1943,2010,1335,1307,1656,1546,1947,1879,2179,1754,3574,3461,2183,1988,1962,2016,1127,1010,3380,2013,2488,2570,1581,1330,1288,1276,813,803,1038,1464,2184,2214,1015,1049,1007,3767,3243,2154,2104,2005,2075,6212,5438,1992,1994,1935,1345,2152,1317,1375,1528,1798,1634,1673,1448,2076,2121,1185,1179,912,873,1842,1902,2335,3121,2053,5448,1467,1471
bing_querylogs|config_id=6303,1846,1847,1310,1314,573,570,2933,3658,1611,1610,1780,1644,9946,68946,1348,1353,1344,4517,4651,1279,1287,1300,1279,716,727,1000,1065,1604,1610,1044,880,1078,1099,1191,1231,1019,1018,1029,1332,1277,1189,1413,1386,3280,3300,1897,1895,1413,1413,622,622,1412,1185,2072,2978,938,932,990,990,542,540,767,763,1665,1437,716,717,710,2388,2388,1646,1648,1291,1364,4683,4897,1202,1095,845,851,848,848,1047,1048,946,980,792,910,2405,1940,661,671,575,564,1568,1497,1431,1438,1662,67238,1039,1213
bing_querylogs|config_id=6308,1920,1864,1265,1299,530,600,2467,2701,1686,1624,1890,2363,5133,3711,1342,1359,1340,4653,4530,1296,1269,1327,1382,622,720,905,935,1597,1688,929,1125,964,894,1213,1179,994,1092,1194,1951,1125,1172,1468,1470,3288,3301,1961,1961,1384,1628,694,725,1129,1308,2516,3426,939,1117,890,1068,593,592,738,740,1508,1508,729,795,788,2874,2460,1661,1660,1420,1430,5598,5017,1323,1061,1080,838,868,920,1125,1120,1232,1024,785,785,1588,1586,677,735,597,522,1415,1467,1438,1727,1585,2636,1186,1183
bing_querylogs|config_id=6343,694,696,606,556,536,541,749,647,1219,1222,1261,1258,1365,1448,1202,1232,1248,1317,1724,697,777,927,957,604,612,912,997,746,913,882,881,1115,972,813,987,1014,1014,673,856,768,765,880,925,1209,1233,626,639,1099,1167,656,682,979,1878,1159,1317,963,1420,725,729,588,586,694,910,1379,1462,781,775,769,662,647,698,676,1190,1535,1333,1009,862,842,975,900,928,686,779,773,1164,1082,901,827,1142,1168,593,599,558,555,1078,772,769,703,1280,1591,701,705
bing_querylogs|config_id=6353,792,708,641,647,586,591,766,950,1092,1089,1246,1097,1806,1790,1270,1270,1266,1677,1719,715,738,943,973,706,736,1109,1190,1117,1146,1056,861,1143,1159,1100,1165,1334,1131,766,771,822,890,1112,959,964,1334,630,651,1165,1119,703,705,1862,1460,1111,1233,1091,1116,790,706,631,629,887,778,1709,1219,864,855,860,647,719,714,688,1599,1345,1107,1259,933,1003,1209,1184,769,774,862,931,1099,1039,1026,928,1205,1483,672,667,615,612,869,880,789,775,1511,2153,791,794
bing_querylogs|config_id=6358,870,1254,716,721,636,641,886,886,1375,1385,1819,1652,1531,1556,1334,1373,1331,1436,1844,808,841,1219,1219,926,817,978,1021,1139,1269,1152,939,1266,1295,1126,1630,1215,1214,687,732,981,789,1028,1031,1029,1396,701,697,1238,1253,722,722,1506,1566,1196,1297,1195,1190,925,925,675,650,887,845,2092,1586,912,968,946,761,778,795,777,1478,1557,1197,1873,1022,1203,1314,1305,830,754,844,913,1311,1311,916,998,1535,1343,719,718,674,673,899,1004,852,810,1171,1660,855,860
bing_querylogs|config_id=6363,869,870,713,705,643,653,903,816,1400,1267,1441,1612,1569,1558,1375,1375,1329,1541,1648,810,840,1243,1243,809,823,995,1039,1232,1221,1148,1145,1258,1287,990,1203,1217,1216,736,921,956,887,1021,966,1380,1038,699,710,1251,1403,721,757,1712,1608,1313,1403,1204,1259,921,944,676,672,875,877,1547,2044,911,922,909,807,700,787,767,1548,1919,1392,1282,1010,1196,1190,1383,917,804,922,937,1307,1398,1017,1017,1519,1768,728,733,666,663,972,967,890,854,1627,1386,840,885
bing_querylogs|config_id=6373,740,751,698,628,583,587,889,752,1292,1373,1757,1279,1472,1250,1255,1255,1253,1398,1629,790,832,1013,1015,677,687,943,987,1152,1165,979,926,1082,1118,871,1267,1565,1073,809,746,823,827,986,986,920,1290,611,650,1114,1127,636,745,1146,1022,1278,1409,1030,1179,799,779,636,634,852,860,1709,1842,817,899,841,701,741,779,759,1336,1362,1428,1435,765,787,1082,1094,827,737,850,884,1158,1131,893,890,1371,1416,642,639,609,621,988,1193,771,771,1778,2093,766,989
bing_querylogs|config_id=6378,882,918,637,677,627,562,773,682,1230,1311,1300,2445,1306,1224,1281,1298,1600,1783,1663,753,762,964,1179,697,620,1102,1036,1129,1186,1001,1048,929,1041,1125,1035,1145,1534,728,690,807,800,1007,995,928,1226,664,718,1631,1093,680,684,1088,1040,1159,1362,1296,1282,716,894,713,674,786,851,1688,1652,938,930,922,676,709,696,684,1857,1247,1677,1354,771,895,1106,1629,821,716,869,1281,1297,1401,1008,920,1611,1394,666,665,646,635,783,832,795,802,1820,1093,757,756
bing_querylogs|config_id=6383,880,880,703,634,580,746,929,1074,1383,1385,1394,1861,1605,1623,1342,1345,1286,1383,1645,827,743,964,965,702,729,1038,1089,1009,1151,1094,1062,1030,1171,970,1135,1219,1564,763,836,831,834,957,1027,942,942,634,723,1293,1125,666,694,1239,1202,1109,1272,1092,1197,812,894,619,617,702,702,1518,1284,854,861,917,707,709,685,684,1742,1346,1563,1162,985,800,1045,1017,746,830,843,872,1287,1232,936,994,1278,1099,670,660,693,602,782,780,812,776,1078,1403,803,713
bing_querylogs|config_id=6388,1937,2134,1327,1332,631,634,2619,3025,1504,1759,1948,1956,4169,3947,1345,1345,1379,4690,5055,1404,1438,1599,1717,812,818,944,899,1678,1725,958,955,1198,1224,1305,1279,1095,1095,1058,1067,1349,1342,1511,1461,3518,3452,1856,2015,1587,1586,706,727,1539,1408,2508,2553,1134,1051,1102,1082,549,551,880,907,1576,1806,771,772,765,2504,2468,1733,1722,1866,1754,4589,4620,1307,1374,1118,1129,900,900,1068,1059,1152,1282,884,891,1834,1871,744,743,624,592,1684,1679,1511,1515,1813,2089,1259,1264
bing_querylogs|config_id=6398,869,870,706,711,632,635,1002,966,1374,1345,2397,1549,1571,1506,1333,1333,1349,1581,1918,788,828,1215,1215,797,826,996,1036,1137,1260,1148,1159,1259,1287,1166,1245,1217,1659,814,810,956,887,1021,1106,1122,1015,695,740,1404,1400,739,757,1600,2196,1307,1321,1025,1088,925,921,674,667,860,905,1635,1651,900,992,946,706,705,787,767,1561,1528,1367,1490,1073,1158,1237,1383,825,804,938,900,1307,1307,997,991,1809,1508,716,707,669,688,985,953,820,806,1610,1657,854,859
bing_querylogs|config_id=6399,2084,1662,1307,1460,866,881,6384,6379,1230,1246,3064,10120,5446,8186,1682,1560,1394,13566,10481,1380,1484,1905,1563,827,840,1384,1383,1960,1880,1861,1880,1224,1226,1271,1092,2020,1774,1746,2186,1431,1509,1400,1224,5631,4209,981,961,13136,5971,927,858,1292,1311,33784,25301,5479,4270,1104,1529,619,585,1115,1199,6799,2879,833,838,847,5922,4182,1686,1329,2332,2337,2368,1875,2679,2105,1843,1701,1123,1177,942,891,1781,1719,1094,1097,2788,4244,656,653,822,822,1120,1057,1566,1678,3490,3648,1845,1946
bing_querylogs|config_id=6407,873,864,710,715,723,644,888,825,1289,1392,1349,1545,1530,1593,1337,1337,1363,1688,1730,814,832,1219,1219,801,830,1156,1231,1217,1246,1166,1149,1269,1295,1245,1255,1215,1497,821,973,974,903,1025,1110,1390,1023,695,691,1257,1243,725,761,1572,1328,1209,1266,1029,1090,925,899,678,674,856,903,1879,1660,907,916,935,811,771,791,771,1565,1549,1143,1258,1077,1148,1314,1305,844,808,942,941,1311,1311,1049,1004,1376,1453,722,729,678,667,965,957,839,857,1622,1558,858,863
bing_querylogs|config_id=6412,1373,1198,870,644,594,603,1229,1186,830,833,1290,1372,2193,1992,1318,1367,1046,1874,1883,1055,1157,1456,1282,818,893,1123,1112,1048,1531,1448,1354,1069,1066,1056,1105,1478,1467,977,1616,1196,1238,1167,1178,1424,2043,874,799,1485,1733,916,886,1387,1174,8888,14913,2396,2411,1304,1124,571,580,862,831,1499,1408,996,864,877,3855,3501,1514,1332,1307,1322,1726,65840,1590,1507,1179,1039,935,1088,982,1056,1086,1240,982,948,1885,2260,685,710,601,596,964,935,789,791,1795,1427,1116,1330
bing_querylogs|config_id=6418,1332,1464,1199,1305,1741,1659,1467,1498,989,1177,1897,2132,2896,1686,1637,2038,1773,1289,1391,1293,1587,1507,1252,961,986,1083,1022,1429,1481,1696,1992,1535,1557,1177,1317,1708,1828,1207,1403,1185,1189,1343,1299,2068,1903,964,940,2254,1644,1281,1195,1395,1376,3013,1570,1965,1553,1252,1276,739,737,1137,1124,2112,2024,1161,1200,1136,1255,1737,2876,3875,2824,2534,1593,2345,1684,1698,1600,1601,988,1061,1008,1065,1990,1995,1004,992,1902,2265,984,984,1597,863,1387,1321,1231,1672,2151,1875,1731,1759
bing_querylogs|config_id=6448,974,965,1135,1199,867,868,970,1062,1228,1305,1449,1675,2167,1974,1545,1555,2058,1346,2160,1041,1160,1255,1316,849,894,1243,1123,1828,1362,1336,1376,1586,1820,1189,1312,1354,2106,1228,1129,960,985,1531,1519,1400,1400,835,830,1673,1669,1173,1328,2617,1722,1521,1804,1384,1563,1183,1163,711,712,962,960,1505,2067,1170,1171,1146,835,837,936,946,1846,1813,1983,1885,1628,1622,1841,1802,972,1040,1041,1157,1284,1470,1266,1209,1880,2249,930,953,1200,1198,1297,1490,1156,1318,1665,1560,1063,1140
bing_querylogs|config_id=6458,862,865,673,678,633,642,810,1163,1081,1140,1202,2150,2083,9517,1307,1236,1266,1663,1986,830,806,1121,1169,776,785,984,920,1170,1208,986,996,1207,1237,1067,1108,1603,1136,1537,804,981,857,995,979,1304,1050,699,677,1241,1188,743,716,1012,932,1329,1125,1051,1083,934,912,600,609,831,916,1383,1380,856,877,938,797,771,718,805,1748,1489,1522,1583,1186,1103,1174,1184,891,830,916,863,1124,1322,939,933,1506,1537,699,704,671,691,952,1024,1001,838,1801,1530,1017,1040
bing_querylogs|config_id=6463,755,857,697,702,649,652,738,1316,1402,1295,1293,1292,1923,1769,1354,1342,1385,1108,1527,877,809,1224,1225,816,821,991,1010,1230,1337,1149,1078,1260,1292,987,1091,1265,1265,782,857,912,908,1010,1183,1193,1272,820,830,1374,1420,744,775,9282,9254,1400,1088,1051,1020,955,941,636,609,859,780,1209,1415,937,938,920,676,677,866,899,1813,1483,1600,2153,1061,1125,1257,1360,853,787,864,1095,1309,1363,908,1067,1297,1546,716,715,698,840,1118,1059,831,848,1781,1732,813,858
bing_querylogs|config_id=6468,1430,1427,1101,1106,1045,998,1297,1242,1139,1051,2124,1904,2309,2340,1897,1443,1530,1231,1554,1398,1594,1619,1614,939,926,1224,1357,2193,2302,1679,1785,1686,1714,1607,1488,2425,2059,1089,954,1436,1428,1233,1331,1913,2028,882,877,2537,2485,1406,1412,9558,1730,960,973,1204,1206,1572,1512,759,762,1266,1233,2755,1858,1515,1552,1472,1192,1185,1426,1465,2336,2405,1939,1987,1482,1486,1575,2158,1116,1129,1305,1296,1927,1996,1465,1295,1599,2168,1221,1265,1957,1428,1439,1443,1234,1518,1873,2362,2106,2017
bing_querylogs|config_id=6473,1142,866,780,741,764,655,884,1004,1154,1133,1585,1956,1956,1722,2411,2024,1406,1733,1681,975,786,1430,2114,816,810,1044,944,1078,1288,1001,998,1217,1249,1213,1458,1186,1241,841,1120,881,976,1271,1271,1042,1265,715,706,1221,1227,774,781,1000,1259,1263,1113,1133,1044,968,1168,639,663,866,889,2327,2664,889,891,859,736,725,919,935,1806,1762,956,963,1073,1176,1201,1192,963,758,930,884,1106,1277,977,994,1326,1343,769,765,726,938,1310,1207,810,1085,1028,1567,1106,1121
bing_querylogs|config_id=6478,1980,1916,1476,1343,975,1109,1725,1410,1993,2003,1960,1976,2481,2454,2302,2222,2383,2133,2750,2067,1983,2228,2145,1180,1056,1558,1725,2034,2306,1699,1967,1880,1952,2128,1805,1777,2280,2102,2100,1320,1478,1983,1930,2161,2266,1376,1313,2057,2150,1455,1358,2535,10040,2362,2077,1555,1675,1602,1719,988,1055,1493,1372,1730,2574,1318,1471,1330,1497,1376,1666,1747,2372,2359,2420,2911,2221,2445,2623,2329,1404,1355,1477,1505,1882,2436,1618,1484,2260,2230,1304,1303,1085,1053,1919,1950,1503,1347,1965,2206,2048,1743
bing_querylogs|config_id=6483,1063,1054,700,684,765,630,867,1096,1205,1209,1335,1319,1649,1237,1499,1328,1691,1662,1767,893,993,1075,1193,831,830,1074,1016,1378,1575,1155,991,1254,1282,1251,1265,1620,1285,961,1020,896,892,1097,1091,999,1267,714,709,1401,1275,785,781,989,1213,1648,2201,1136,1136,923,895,593,617,855,854,1404,1395,926,920,984,676,666,792,823,1589,1499,1535,2504,1125,1187,1206,1218,854,926,902,888,1231,1397,1032,1036,2225,1493,698,692,669,622,1008,958,833,842,1456,1356,998,1032
bing_querylogs|config_id=6498,960,912,728,724,634,635,1224,1075,1316,1518,1363,1353,2141,2063,1597,2149,1615,1966,1763,927,987,1717,1417,820,842,1066,1008,1120,1458,997,1040,1210,1238,1101,1159,1430,1432,1415,1904,940,934,1226,1184,1417,1209,727,845,1401,1494,801,803,1600,1276,1258,1314,1144,1119,1058,1043,600,602,915,1042,1475,1480,900,896,959,888,846,721,805,1485,1485,1238,1908,1238,1215,1208,1211,975,1033,884,922,1140,1358,1042,1008,1669,1602,738,742,671,694,963,953,841,850,1281,1520,1085,943
bing_querylogs|config_id=6503,1383,1476,1477,1310,1827,1960,1310,1414,1112,1327,2037,1898,1837,1872,1853,1944,1691,1470,1693,1126,1005,2105,2036,930,954,1126,1240,1572,1880,2325,1663,1915,1746,1361,1333,1653,1719,816,833,1216,1015,1744,1556,2405,2568,921,917,2640,2763,1357,1543,1620,1811,1142,2166,1885,1681,1499,1588,896,783,1331,977,2074,2755,1323,1298,1322,1274,1427,1405,1479,2540,2663,2263,2288,1805,1800,1878,1701,1090,1024,1090,1364,1776,2096,1196,1286,1246,1674,1333,1107,1027,1369,1887,1891,1219,1333,2297,2230,1710,1875
bing_querylogs|config_id=6508,1584,1553,726,720,646,652,1439,1384,1600,1478,1891,1979,3530,4633,1954,1774,1741,2606,2919,1092,1136,2198,1750,944,937,1161,1112,1524,1753,1502,1541,1330,1378,1182,1352,1732,1416,8330,10928,987,983,1594,1493,1839,2436,1014,1017,2054,2085,1107,1102,1677,1686,3887,5603,1340,1588,1265,1245,662,674,1195,1200,1900,2092,1109,1131,1099,885,885,1214,1181,2624,2382,1738,1893,2115,1924,1642,1862,1116,1080,922,915,1723,2187,1227,1326,2523,2425,763,757,823,812,1096,1068,1068,1087,1497,2032,1497,1558
bing_querylogs|config_id=6570,1947,1951,1491,1493,593,597,2460,2455,1518,1524,1868,1865,11627,11613,1407,1407,1402,6548,6519,1380,1391,1777,1807,1058,1088,844,1060,1736,2128,1111,1200,1016,1236,1296,1308,970,1091,1135,1177,1239,1233,1496,1496,3287,3293,1747,1743,1962,1825,708,627,1287,1307,2969,2956,1161,1055,1098,1118,570,562,767,767,2095,9880,714,717,712,2927,2943,1672,1759,1808,1808,4825,4586,1233,1234,1242,1253,968,853,1033,1022,1044,1266,815,978,2829,2668,727,762,589,586,1510,1505,1440,1458,2341,1773,1134,1141
bing_querylogs|config_id=6575,2398,2442,1665,1709,946,1004,3121,3235,1780,1787,2822,2801,4297,4181,1783,1788,1763,6657,6797,1747,1806,2007,2035,1300,1312,1044,1259,1931,2084,1480,1235,1506,1763,1686,1688,1490,1367,1404,17612,1502,1387,1875,1907,3696,3696,2138,2133,2453,2690,899,899,1745,1698,3163,3196,1582,1578,1412,1342,799,760,1097,1105,2738,2938,1058,1043,978,3226,3138,2083,2112,2652,2528,5442,5231,1774,1751,1654,1728,1142,1127,1292,1358,1521,1521,1106,1143,2907,2927,925,923,892,841,1898,1945,1844,1893,2575,2937,1574,1660
bing_querylogs|config_id=6580,2148,2157,1772,1534,639,661,2730,2725,1504,1509,2247,2053,4802,5330,1472,1482,1478,6484,6577,1471,1510,1810,1780,1074,1084,839,872,1612,1842,1249,1040,1219,1270,1307,1825,1102,1102,1169,1268,1256,1167,1566,1576,3383,3383,1769,1765,2573,2478,722,702,1716,1923,2999,3027,1347,1556,1115,1121,600,576,885,867,2263,2300,802,791,794,2924,2944,1745,1824,2340,2217,5013,4992,1480,1485,1477,1439,949,897,1039,1102,1247,1247,807,905,2654,2654,734,733,651,694,1526,1610,1735,1764,2923,2729,1376,1402
bing_querylogs|config_id=6619,837,838,667,671,624,625,1271,807,1321,1325,1241,1463,1798,1510,1500,1710,1410,1339,1621,788,800,1102,1220,920,919,945,896,1067,1386,994,990,1217,1245,998,1006,1156,1156,2614,8566,877,870,1083,1083,1533,1353,682,683,1278,1450,689,689,1048,1048,9109,68056,1109,1109,921,901,589,617,846,847,1228,1439,895,896,889,873,853,718,723,1556,1413,1812,1880,849,849,1528,1514,1165,999,908,899,1169,1355,982,980,1613,1611,687,686,656,624,995,963,992,1006,1237,1458,804,808
bing_querylogs|config_id=6624,1149,977,797,729,806,720,1631,1234,857,787,1188,1236,1487,1556,1019,748,740,1296,949,775,824,1073,1172,799,779,859,878,1246,1333,980,1004,1203,1229,788,790,1094,1098,625,733,1701,1533,1081,833,1175,1133,819,838,1133,1152,797,819,1041,955,1366,851,907,1119,986,1073,580,577,1122,1171,1199,1449,748,736,825,798,760,1304,1051,1765,1550,1047,1045,1233,1328,1230,1172,8988,978,845,771,1203,1250,1012,974,1500,1453,761,754,646,626,829,818,1332,1090,1393,1670,1146,1259
bing_querylogs|config_id=6639,2231,2130,1424,1292,1869,1904,2533,2780,1491,1687,1883,2435,3555,2286,1225,1260,1293,2078,2306,2092,1836,1998,2202,1091,1067,1525,1251,2193,2305,2234,2038,1651,1972,2238,1322,1654,1676,2186,2043,1970,2665,1764,1841,2454,2218,2144,2016,2914,2043,1428,1322,2137,2880,2331,2456,2575,2499,2135,1844,893,906,1868,1554,34159,34342,1402,1394,1454,10329,2014,34651,2778,2722,2398,2977,10014,2734,2380,2215,2089,2629,2593,1390,1620,2253,2373,1409,1350,3002,2799,1327,1370,1000,1005,1450,1692,10439,10260,2185,2235,2580,2150
bing_querylogs|config_id=6644,1046,1257,907,978,1002,1071,1765,1758,780,774,1594,1465,1693,1573,766,766,751,956,1119,851,872,1116,1263,830,829,843,779,1294,1455,1093,1101,1255,1266,932,819,1143,1134,704,699,1843,1875,926,926,1127,1127,823,810,1244,1256,901,882,1126,1139,884,887,998,994,1053,1061,595,595,1140,1155,1160,1380,760,761,848,782,766,760,839,1644,1708,1910,2044,1177,1361,1244,1348,989,963,901,794,1191,1367,959,947,2285,1952,854,821,644,620,836,830,1334,1640,1443,2014,1271,1453
bing_querylogs|config_id=6654,1318,1142,997,1106,1111,928,1081,1228,921,924,1597,1421,1812,1995,1364,1135,1118,1539,1317,1033,1185,1379,1690,833,922,964,927,1506,1612,1626,1688,1398,1563,1022,1154,1381,1757,769,835,1160,1230,1138,1204,1751,1509,825,831,1420,2181,1172,1040,1108,1243,907,1074,1719,1113,1145,1184,669,709,1015,1175,2438,2272,1101,1010,1023,1021,1066,1416,1946,1856,1877,1637,1513,1679,1341,1501,1510,927,930,1099,1044,1415,1560,1067,1059,1426,1364,944,1008,1072,1246,1121,1081,927,1024,1595,1613,1633,1618
bing_querylogs|config_id=6659,1356,1336,803,808,1089,936,1539,1096,1064,1198,1450,1433,10142,2296,1243,1353,1206,1039,1424,1303,1320,1178,1360,813,823,982,938,1374,1501,1304,1242,1269,1297,986,1095,1241,1533,1029,1641,1099,1024,1079,1047,1418,1328,1040,983,1525,1713,849,880,1270,1313,1098,1007,1452,1758,1042,1017,709,713,1068,1106,1199,1418,971,965,894,1285,999,1261,1232,1536,1537,1660,9333,1405,1397,1317,1218,898,930,1050,970,1220,1439,977,1010,1870,1404,838,857,905,980,1293,1026,1289,1563,1781,1393,1359,1259
bing_querylogs|config_id=6664,1767,1847,1069,1089,916,954,1167,1352,1394,1337,1757,1786,3335,3319,1663,1613,1619,2174,2553,1272,1373,1445,1579,847,925,1691,1361,1492,1439,1758,1294,1738,1824,1332,1052,1550,1455,1442,1563,1081,1077,1555,1314,1997,1966,1489,1545,3206,2762,1068,981,2133,1923,1764,1915,1648,9981,1069,1219,681,779,1283,1084,1854,1956,1317,1181,1473,1167,1822,2040,3671,2175,2543,1495,2255,1783,1422,1990,2041,1666,1206,1426,1425,1838,2579,1428,1426,2484,2724,770,1030,1191,981,1465,1182,2757,3592,1932,1920,1797,1431
bing_querylogs|config_id=6669,1430,1390,1241,1133,1808,1077,1550,1279,1166,1142,1972,2062,2280,2345,1436,1470,1452,1293,1632,1370,1444,1472,1585,925,923,1071,1021,2117,2494,1665,1577,1785,1603,1533,1397,1962,1961,826,954,1386,1381,1305,1397,1966,1629,877,871,2770,3744,1742,1714,1853,1953,961,974,1379,1552,1568,1583,769,794,1231,1062,1865,2028,1077,1177,1441,1052,953,1451,1382,2940,2797,1666,1981,1604,1785,1665,1934,1017,963,1258,1262,1783,2133,1058,1046,1567,10543,1158,1187,1671,1185,1607,1664,1436,1347,2222,2501,2220,2099
bing_querylogs|config_id=6674,1572,1495,853,858,921,936,1071,1883,1313,1236,1516,1460,1912,1804,1400,1348,1396,1727,1609,1415,1674,1588,1422,841,840,914,907,1783,1670,1440,1464,1328,1457,1033,1033,1337,1368,1304,1576,1006,1009,1384,1255,1324,1424,1138,1098,1664,1546,915,906,1416,1135,1295,1334,1315,3067,1176,1127,849,846,1032,1043,1397,1611,956,950,1100,1013,850,1345,1190,2333,1939,1800,1567,1411,1606,1371,1354,957,955,1069,1073,1358,1563,1065,1049,2025,2223,892,885,977,882,1097,1278,1358,33404,1598,2157,1544,1576
bing_querylogs|config_id=6679,1307,1101,1020,980,962,862,1282,1445,1405,1176,1405,1367,2736,2106,1321,1177,1172,1832,1789,1567,1992,1416,1662,808,840,1211,973,1510,1398,1544,1339,1147,1170,1242,1203,1221,1215,1357,1182,843,1140,1285,1323,1710,1621,1165,829,3252,1559,788,794,1185,1126,4738,5085,1057,1004,1181,1147,663,651,1230,1155,1458,1648,1040,1124,1311,4146,2899,1607,1417,1900,1854,1179,1893,1392,1494,1279,1154,876,969,1110,1180,1239,1461,1007,1121,1768,2019,722,754,835,871,1135,1170,1400,1097,1618,1921,1294,1200
bing_querylogs|config_id=6684,2143,2434,1000,1295,1633,1322,1491,1278,1556,1809,3466,2155,2473,2491,2073,1905,2257,1809,2245,1211,1700,1969,2231,1052,1046,1692,1582,1635,1851,2070,2032,1923,1966,1485,2000,2325,2205,1449,1456,1399,1395,1796,1620,2002,1801,1541,1222,2127,2929,1074,1039,9944,2216,2012,1838,42574,1704,1893,1881,896,916,1452,1523,2097,2264,1278,1303,1242,1648,1704,2246,1836,2358,2427,2249,1844,10476,2677,2117,2207,1353,1298,1493,1322,1675,1928,1408,1687,2924,2223,1058,1078,1084,1066,1857,1900,1329,2711,2043,3525,1800,1810
bing_querylogs|config_id=6689,1628,1520,1492,1211,1167,1166,1262,1501,1495,1798,2352,2361,4653,5053,2323,1447,1737,3499,4070,1390,1061,1970,1723,874,796,1084,1232,1380,1409,1639,2250,1608,1380,1388,1651,1890,1697,1669,3105,1185,1216,1767,1354,1867,2000,1134,1227,2032,3356,973,972,1631,2252,2636,4598,2033,1725,1661,1370,577,905,1067,1328,1993,2187,1224,1347,1566,2698,2397,1114,1671,1773,2353,2501,2118,1913,2041,1537,1564,1042,1051,1481,1390,1824,1935,1509,1134,2908,2211,766,914,1426,1190,1675,1737,1438,1477,1845,1873,1611,1663
bing_querylogs|config_id=6708,1326,1483,1090,1097,953,883,972,1142,1429,1357,1835,1570,1918,2082,1695,1829,1461,1695,1421,1123,1036,1379,1373,867,901,1138,1178,1632,1832,1653,1399,1526,1881,1250,1106,1875,1461,1083,9145,963,823,1523,1812,1741,1646,847,848,1483,1805,1124,1064,1693,1639,1746,1919,1417,1464,1220,1221,859,802,962,851,1692,2080,1212,1218,1034,911,958,957,960,2029,1977,1845,1648,1156,1156,1698,1783,1064,1073,1084,1162,1498,1498,1313,1109,1712,1392,928,927,1210,1177,1256,1638,1180,1066,1789,1876,1059,1134
bing_querylogs|config_id=6713,1141,1160,931,936,866,865,1154,1181,1502,1506,1525,1525,1907,1433,1682,1761,1909,1482,2012,1124,1113,1285,1403,1066,1078,1182,1129,1235,1582,1352,1275,1465,1493,1473,1477,1906,1517,1007,1217,1121,1117,1187,1217,1422,1746,971,926,1431,1431,1048,969,1230,1354,1597,1513,1280,1233,1176,1150,856,884,1259,1087,1473,1631,1104,1087,1096,901,901,1014,1178,1640,1747,1316,1323,1098,1084,1458,1419,1332,1394,1099,1097,1440,1653,1158,1161,1839,1909,947,941,896,883,1141,1272,1113,1143,1501,1788,1067,1079
bing_querylogs|config_id=6718,1252,1178,961,1385,689,751,1017,1048,1284,1226,1603,1568,1928,1891,1561,1567,1658,1764,2022,1050,1196,1296,1326,880,894,1207,1161,1302,1905,1530,1468,1658,1831,1420,1689,2157,2155,846,1164,1017,1008,1504,1445,1524,1691,995,1523,1657,1551,1145,1124,1660,1532,1560,1468,1451,1463,1064,1273,730,745,1001,968,1834,2063,1219,1025,1205,868,845,1393,1647,1861,1802,1512,1572,1554,1308,1768,1531,979,937,1157,1169,1304,1729,1152,1107,1992,10012,966,931,675,704,1203,1575,1058,1307,1563,2034,1288,1314
bing_querylogs|config_id=6723,981,933,763,783,694,700,881,1172,1336,1337,1336,1369,1699,1774,1745,1524,1664,1314,1403,1154,1034,1191,1253,913,961,1034,983,1301,1375,1206,1243,1387,1415,1183,1191,1862,2071,941,909,964,964,1313,1038,1226,1226,764,760,1359,1445,913,841,1129,1152,1297,1294,1167,1185,1143,1149,665,786,959,957,1302,1522,1052,929,941,743,741,850,1245,1710,2016,1532,1672,929,929,1347,1478,964,901,955,944,1213,1418,1099,1000,1721,1580,780,800,806,764,1219,980,864,881,1368,1648,1151,1166
bing_querylogs|config_id=6728,1015,1016,798,807,758,811,1003,896,1391,1400,1403,1534,1884,1964,1553,1564,1901,1438,1884,1030,1095,1171,1289,951,949,1101,1032,1360,1605,1232,1126,1366,1396,1585,1379,1350,2093,857,866,1062,1095,1190,1184,1470,1470,815,903,1410,1462,936,981,1419,1367,1369,1373,1217,1217,1166,1107,771,773,1055,1147,1492,1705,1031,1034,1025,862,806,1115,1110,1776,1666,1512,1660,983,983,1337,1371,1304,1144,1054,1032,1242,1459,1123,1121,1592,1683,838,854,784,935,1255,1174,1056,1040,1498,1693,921,950
bing_querylogs|config_id=6738,902,931,721,738,730,671,829,1002,1384,1298,1297,1303,1891,1340,1634,1631,1659,1252,2234,869,1151,1105,1222,860,865,980,935,1234,1374,1163,1124,1247,1275,1008,1016,1606,1381,807,1017,900,896,1012,990,1164,1164,867,806,1341,1282,818,816,1084,1076,1582,1894,1096,1096,918,903,629,631,1002,991,1428,1582,927,944,921,1128,1062,787,792,1474,1728,1261,1593,914,914,1486,1443,903,1039,940,922,1109,1330,988,988,1707,1867,764,758,692,687,1271,1101,925,858,1535,1529,847,854
bing_querylogs|config_id=6743,1163,1144,741,747,797,678,831,830,1383,1262,1333,1357,1742,1828,1432,1388,1427,1268,1705,868,884,1115,1233,873,872,1009,960,1268,1429,1238,1203,1297,1325,1184,1262,1405,1660,1156,1162,895,891,1017,1017,1395,1363,885,854,1456,1296,917,823,1250,1045,1476,1586,1449,1492,923,937,682,726,928,932,1254,1519,930,933,948,1041,950,860,865,1596,1466,1177,1379,925,925,1451,1353,1703,2249,925,934,1286,1425,983,981,1600,1615,779,773,713,667,1107,989,860,999,1376,1652,866,876
bing_querylogs|config_id=6748,899,879,709,714,727,668,800,890,1390,1494,1268,1267,1298,1783,1640,1625,1582,1126,1749,853,869,1099,1217,853,853,970,921,1433,1427,1146,1128,1248,1276,1009,1229,1705,1395,804,906,894,890,984,984,1486,1172,858,798,1285,1412,823,823,1060,1081,1755,1780,1090,1090,923,903,623,625,974,974,1331,1479,921,924,915,1010,1029,746,762,1799,1833,1467,1629,917,917,1348,1360,1254,1300,934,923,1179,1323,954,954,1607,1603,758,752,691,643,965,960,860,852,1104,1587,844,851
bing_querylogs|config_id=6753,1017,1018,750,744,809,690,897,1019,1292,1406,1359,1320,2112,2095,1471,1459,1574,1223,1769,895,911,1133,1248,862,861,1019,1556,1207,1369,1148,1153,1311,1339,1232,1301,1562,1419,921,921,945,902,1051,1004,1208,1368,789,784,1302,1299,829,830,1072,1072,1437,1410,1142,1136,1024,1005,711,713,1016,1055,1296,1643,973,982,949,1073,944,962,976,1592,1590,1458,1590,937,937,1263,1426,982,944,932,930,1191,1387,998,986,1815,1817,807,795,729,782,970,1050,903,896,1311,1561,1054,1146
bing_querylogs|config_id=6758,1025,1027,743,749,677,692,847,957,1335,1512,1293,1342,1933,2045,1653,1640,1523,1176,2268,975,918,1119,1237,899,912,1009,960,1281,1500,1124,1174,1304,1324,1247,1261,1714,1664,886,1144,893,889,1040,995,1212,1188,747,742,1323,1323,902,879,1139,1181,1538,1547,1693,1982,935,932,690,714,941,930,1370,1569,934,937,928,847,948,812,813,1664,1664,1241,1215,923,923,1339,1467,945,991,943,925,1306,1515,1017,966,1598,1842,777,787,715,694,1101,1105,848,867,1386,1736,866,885
bing_querylogs|config_id=6763,1061,1013,764,758,681,682,796,956,1243,1245,1482,1416,1608,2239,1706,1607,1701,1533,1950,1135,984,1250,1244,977,992,1126,979,1537,1439,1024,1139,1453,1390,1473,1805,2005,1437,887,1036,985,981,1187,1145,1403,1319,724,734,1408,1362,728,728,1477,1508,1227,1322,1156,1229,1210,1119,695,787,900,1043,1350,1563,931,957,951,786,786,1182,920,1569,1565,1087,1605,1208,1200,1261,1273,969,942,939,928,1262,1430,1106,1106,1450,1530,768,762,797,888,999,993,902,937,1467,1747,930,916
bing_querylogs|config_id=6777,2410,2422,1635,1676,940,985,3196,2937,1760,1767,2816,2704,4428,4256,1836,1815,1781,6624,6909,1760,1797,1889,2010,1277,1293,1121,1043,1875,2075,1252,1279,1643,1693,1748,1769,1487,1346,1404,1912,1470,1467,1890,1899,3724,3684,2140,2113,2266,2834,891,884,1820,1691,3145,3169,1535,1538,1365,1324,753,748,1096,1087,2694,2811,1045,1032,974,3218,3121,2057,2120,2710,2696,5241,5181,1742,1733,1687,1743,1127,1143,1351,1343,1318,1535,1130,1128,3086,3172,916,932,876,868,1944,1941,1850,1905,2359,2796,1597,1631
bing_querylogs|config_id=6782,2294,2328,1656,1707,886,1027,3203,3210,1736,1773,2508,2649,4321,4411,1762,1825,1915,6792,6995,1701,1805,2014,1856,1375,1305,1048,1051,1999,2037,1322,1272,1531,1443,1668,1708,1276,1289,1411,1965,1645,1667,1896,1908,3650,3612,2119,2110,2333,2273,880,897,17802,1704,3153,3192,1340,1550,1306,1363,785,758,1011,1059,2824,2613,951,957,911,3204,3097,2073,2108,2698,2719,5063,5402,1655,1689,1727,1745,1127,1144,1280,1266,1300,1298,1115,1135,3147,3026,856,852,843,841,1846,1854,1863,1912,2774,2342,1548,1560
bing_querylogs|config_id=6787,2401,2429,1676,1693,929,993,3194,2926,1765,1789,2809,2675,4168,4167,1807,1813,1865,6775,6916,1752,1802,2027,2043,1297,1315,1121,1234,2048,2081,1476,1449,1530,1660,1774,1777,1403,1348,1402,17609,1478,1475,1906,1898,3708,3708,2126,2118,2273,2256,899,897,1699,1687,3153,3192,1534,1546,1352,1374,785,780,1122,1119,2712,2489,1043,1049,989,3201,3129,2078,2117,2693,2553,5482,5256,1765,1737,1728,1748,1146,1155,1369,1347,1517,1553,1153,1155,3108,3108,934,930,874,873,1952,1949,1928,1910,2807,2781,1656,1658
bing_querylogs|config_id=6792,2320,2249,1624,1640,872,939,3177,2869,1660,1694,2530,2558,4330,4153,1718,1696,1698,6699,6846,1652,1707,1751,1893,1301,1218,1224,1246,1946,1968,1221,1215,1482,1640,1616,1690,1202,1261,1354,1900,1410,1412,1840,1838,3653,3628,2073,2080,2361,2339,853,852,1694,1608,3080,3113,1460,1468,1246,1230,740,737,1022,1022,2455,2384,982,978,924,3148,3115,1986,2028,1904,1870,5310,5231,1667,1656,1445,1643,1110,1128,1292,1302,1243,1217,1162,1101,3006,2922,866,867,820,821,1842,1881,1793,1836,2713,2693,1506,1553
bing_querylogs|config_id=6797,2295,2404,1604,1682,980,894,2795,2785,1666,1797,2654,2593,4332,4223,1776,1687,1801,6780,6922,1669,1710,1781,1869,1306,1203,1293,1331,2011,1852,1178,1347,1295,1601,1669,1699,1361,1334,1351,1938,1511,1423,1816,1914,3694,3675,2068,2054,2599,2286,791,844,1681,1629,3070,3109,1438,1467,1249,1189,815,731,1028,1113,2592,2447,1048,973,1005,3090,3034,1953,2030,2575,2357,5174,5359,1680,1666,1701,1685,1049,1098,1395,1279,1574,1444,1058,1023,3112,2921,868,947,810,854,1942,1850,1787,1923,2580,2486,1484,1580
bing_querylogs|config_id=6802,2144,2127,1684,1669,810,848,3162,3430,1616,1536,2161,2384,5210,5574,1611,1544,1670,6352,6552,1769,1851,1696,1828,1030,1028,1593,840,1769,1786,1138,1128,1148,1166,1469,1505,1338,1332,1772,2300,1266,1259,1636,1691,4215,4172,1731,1724,4571,2194,810,774,2415,2406,2878,2892,1199,1266,1062,1177,582,580,971,948,1833,2062,803,772,756,2891,2902,1863,1993,2177,2089,5016,6631,1273,1531,1432,1429,961,934,1185,1096,1191,1382,917,933,2661,2735,847,816,686,815,1803,1736,1696,1828,2083,3473,1438,1455
bing_querylogs|config_id=6807,2231,2237,1588,1580,821,892,2857,2823,1633,1676,2431,2490,4211,4075,1682,1734,1808,6590,6800,1647,1737,1746,1862,1079,1142,980,1047,1800,1812,1211,1185,1634,1262,1605,1617,1282,1222,1342,17545,1348,1357,1773,1765,3618,3567,2054,2047,2221,2340,834,836,1590,1527,3073,3041,1282,1257,1146,1183,700,696,940,938,2475,2466,906,912,847,3057,3028,1984,2031,1867,1949,5009,4536,1937,1768,1612,1475,1068,1064,1227,1215,1287,1249,1039,1039,2962,2880,799,849,773,799,1784,1807,1774,1776,2647,2619,1500,1419
bing_querylogs|config_id=6812,2566,2592,2171,2005,1112,1269,3369,3277,1957,1989,2871,2998,4407,4831,2284,1923,1949,7230,7069,2083,2079,2165,2360,1516,1558,1280,1337,2563,2679,1640,1524,1855,1774,2214,2065,1554,1493,1629,2308,1810,2412,2132,2069,3813,3898,2352,2322,2423,3295,1103,1269,2320,2610,3365,3845,2011,2030,1525,1474,945,945,1260,1251,2967,2674,1218,1202,1146,3767,3756,2326,2350,2921,2760,5549,5602,2392,1905,1775,1772,1278,1343,1523,1515,1637,1614,1789,1302,3370,3412,1088,1086,1128,1064,2115,2098,2584,2509,2951,2964,1790,1827
bing_querylogs|config_id=6817,2388,2332,1657,1693,889,988,2862,2811,1830,1853,2661,2706,3986,4162,1801,1810,1771,6761,7098,1742,1807,2721,1947,1390,1304,1156,1072,2060,2061,1256,1486,1757,1724,1683,1703,1279,1335,1363,1956,1623,1492,1895,1864,3646,3691,2122,2136,2281,2639,915,843,1649,1690,3156,3142,1570,1359,1411,1355,763,813,1022,1019,2788,2836,975,982,920,3158,3318,2023,2120,2725,2518,5276,4977,1683,1629,1528,1574,1167,1136,1296,1284,1386,1558,1103,1128,3051,2976,927,943,874,853,1895,1900,1813,1851,2695,2680,1548,1566
bing_querylogs|config_id=6822,2032,2119,1478,1446,591,667,2892,2891,1457,1504,2063,2149,4032,4233,1542,1547,1638,6402,6541,1354,1482,1861,1652,1101,1086,817,851,1822,1835,1167,1136,1053,1067,1408,1416,1136,1006,1217,1271,1216,1218,1662,1636,3444,3451,1891,1911,2358,2630,703,810,1661,1783,2925,2972,1121,1259,1104,1147,561,560,824,853,2037,2055,783,702,745,2886,2888,2056,2093,2226,2340,5243,5179,1390,1391,1534,1358,943,952,1018,1081,1198,1139,923,929,2663,2715,666,665,604,599,1639,1567,1590,1699,2110,2340,1280,1295
bing_querylogs|config_id=6827,1962,1953,1529,1388,602,606,2596,2707,1527,1533,2477,2640,3807,3672,1411,1411,1465,6806,6692,1383,1409,1958,1961,1144,1155,847,864,1854,1860,1000,1209,1025,1245,1308,1407,1108,1107,1053,17453,1285,1244,1563,1566,3296,3296,1763,1753,1972,1828,687,632,7427,1286,2993,2960,1147,1057,1107,1127,575,571,771,771,2105,2103,723,726,721,2946,2913,1676,1680,2607,2407,5451,4887,1237,1237,1251,1262,912,862,1042,1031,1053,1275,820,910,2901,2653,736,735,598,595,1519,1514,1688,2666,2785,3373,1138,1145
bing_querylogs|config_id=6832,2048,1935,1728,1995,617,619,2730,2594,1502,1451,2452,2433,5331,4815,1403,1403,1471,6441,6510,1355,1477,1996,1983,953,1055,852,882,1728,1620,1263,933,912,896,1290,1514,1080,1003,1182,1820,1092,1162,1503,1539,3381,3528,2052,1698,1702,1784,651,710,1611,1748,2947,2973,1518,1329,903,1001,622,621,769,755,1931,2025,803,802,722,2955,2928,1686,1809,2391,2771,5193,5139,1317,1362,1420,1357,869,863,1030,1108,1211,1221,798,808,2658,2610,687,683,610,616,1430,1505,1702,1697,2845,2814,1230,1238
bing_querylogs|config_id=6837,2054,2153,2119,2126,625,631,2642,2752,1488,1492,2757,2688,5552,5238,1470,1469,1454,6498,6724,1440,1398,2270,2187,1068,1144,891,833,1709,1848,989,985,1202,1230,1369,1377,1096,1095,1189,2343,1224,1220,1552,1555,3374,3374,1752,1742,1961,1961,691,691,7394,1275,2981,3002,1136,1136,1116,1116,558,560,857,855,1877,2092,776,777,770,2959,3212,1758,1779,2571,2405,5338,5485,1498,1488,1449,1459,901,938,1092,1083,1042,1228,897,897,2783,2741,725,724,629,594,1612,1606,1702,1865,2607,3205,1362,1392
bing_querylogs|config_id=6842,2056,2084,2022,1319,572,587,2662,2709,1424,1419,1908,2559,4407,4198,1397,1397,1393,6593,6634,1359,1313,2097,1872,1046,904,781,1011,1637,1738,1186,917,1089,1110,1305,1385,902,1018,1144,1785,1167,1165,1491,1494,3450,3321,1700,1704,1730,1730,654,659,1194,1194,2916,2936,1046,1043,999,920,553,551,776,776,1948,1796,726,739,717,2911,2882,1687,1666,2191,1996,5153,5665,1421,1430,1168,1330,854,891,1038,1033,967,967,933,821,2805,2625,673,671,582,581,1513,1501,1442,1736,2798,2734,1302,1269
bing_querylogs|config_id=6847,2050,2124,2011,2068,599,712,2772,2763,1422,1498,2493,2473,4434,5854,1466,1478,1462,6534,6603,1302,1406,2245,2148,1137,1149,814,836,2047,2057,1132,1106,1075,1092,1293,1302,962,962,1197,17447,1229,1227,1560,1563,3298,3298,1760,1750,1969,1969,666,699,7425,1283,2990,3010,1056,1152,1052,1116,598,568,758,875,1885,1880,728,732,724,2988,3023,1766,1787,2579,2431,5399,5435,1408,1449,1426,1435,900,942,1023,1036,1014,1014,897,907,2829,2785,681,677,595,592,1488,1484,1758,1872,2951,2972,1318,1361
bing_querylogs|config_id=6852,2062,2121,1389,1390,641,644,2763,2737,1496,1500,2781,2719,4655,4694,1478,1478,1462,6803,6732,1448,1506,2290,2359,1076,1090,860,887,1850,1856,1281,1284,1210,1238,1403,1393,1104,1103,1197,17451,1232,1228,1560,1563,3398,3398,1761,1757,1969,1969,699,699,7424,1283,2989,3010,1144,1144,1104,1128,598,594,875,863,2103,2106,792,795,790,2988,3220,1766,1787,2634,2438,5425,5422,1506,1487,1462,1435,909,946,1111,1100,1236,1272,925,925,2791,2749,738,735,637,634,1623,1615,1796,1833,3375,3384,1239,1246
bing_querylogs|config_id=6857,1925,1974,1470,1462,590,603,3025,3007,1419,1508,2048,2235,3964,4970,1457,1469,1453,6439,6537,1299,1388,1614,1484,1055,1085,810,828,1808,1839,1142,1069,1065,1079,1286,1294,976,969,1173,1197,1264,1281,1555,1668,3294,3295,1744,1740,1959,1972,714,717,1284,1304,2966,2993,1049,1229,1065,1107,589,559,838,887,1927,1872,703,705,763,2914,2916,1746,1757,1805,1805,4822,5091,1388,1376,1487,1445,984,957,1017,1012,1159,1084,894,908,2762,2752,656,653,586,583,1479,1476,1498,1729,2055,2138,1270,1315
bing_querylogs|config_id=6862,2343,2380,1607,1645,925,969,3178,3164,1720,1707,2486,2485,4189,4151,1747,1726,1780,6722,6873,1708,1738,1908,1958,1321,1236,1122,1113,1963,1991,1423,1389,1453,1655,1722,1726,1222,1319,1380,17584,1478,1399,1872,1876,3648,3648,2087,2039,2189,2396,875,875,1771,1618,3103,3127,1437,1482,1272,1237,799,802,991,978,2607,2599,957,942,946,3216,3118,2032,2072,2412,2507,5214,5109,1584,1818,1677,1686,1137,1126,1321,1253,1463,1463,1083,1083,2989,2993,892,834,864,900,1877,1849,1821,1852,2870,2829,1518,1527
bing_querylogs|config_id=6867,2290,2402,1655,1620,921,975,2834,3172,1764,1767,2456,2546,4179,4270,1811,1773,1809,6592,6934,1666,1771,1850,1837,1117,1208,1404,1277,1930,1824,1147,1431,1485,1548,1665,1678,1372,1210,1402,1423,1893,1483,1901,1902,3697,3579,2150,2087,2798,2763,927,858,1708,1548,3162,3190,1323,1260,1154,1490,849,989,1001,1452,3112,2483,1053,973,940,3447,3202,1892,2031,2599,2084,4907,4846,1622,1653,1498,1522,1122,1109,1308,1363,1546,1598,1104,1103,3008,3168,872,944,1109,896,1856,1957,1862,1995,2386,2480,1584,1540
bing_querylogs|config_id=6872,2033,2097,1383,1388,604,617,2733,2730,1428,1504,2397,2394,4523,4332,1472,1484,1468,6477,6631,1399,1538,1811,1620,1064,1074,819,842,1778,1835,1113,1061,1078,1199,1413,1447,1027,1025,1168,1288,1196,1257,1575,1566,3366,3304,1759,1755,2627,2274,678,703,2133,1591,2996,3027,1385,1481,1058,1123,604,568,868,915,2026,1922,711,714,715,2923,2927,1818,1824,2350,2383,4976,5079,1373,1237,1426,1435,967,970,1027,1022,1018,1018,902,907,2786,2745,666,662,599,598,1606,1655,1801,1793,2469,2480,1290,1345
bing_querylogs|config_id=6877,1921,1926,1256,1248,534,538,2601,2578,1361,1339,1729,1735,4231,4297,1335,1335,1381,6592,6537,1289,1237,2003,1366,871,940,771,831,1555,1586,907,907,905,925,1225,1225,889,889,1107,1630,1081,1188,1419,1419,3219,3219,1688,1686,2224,2343,636,635,7085,1681,2887,2754,961,955,908,891,510,508,689,691,1901,1786,659,661,655,2775,2801,1651,1653,1704,1597,4483,4666,1800,1152,1156,1162,897,791,968,967,955,955,802,736,2710,2526,608,606,534,531,1422,1420,1570,1376,2723,3142,1231,1282
bing_querylogs|config_id=6882,2386,2342,2000,1827,865,1077,3007,3068,1708,1664,2460,2494,4226,4856,1739,1643,1814,6726,6479,1985,1606,1990,2129,1206,1212,1082,1243,2189,2140,1707,1435,1401,1356,2013,1836,1291,1282,1407,1479,1424,1827,1810,1868,3638,3742,1973,2069,3011,3035,947,938,2965,2553,3132,3471,1660,1707,1246,1219,766,766,1057,1053,2252,2226,960,943,936,3481,3492,2438,2676,2365,2301,5249,5401,1687,1709,1495,1467,1129,1222,1273,1268,1287,1404,1423,1101,3323,2780,892,900,860,867,1808,1833,2383,2514,2112,2801,1490,1564
bing_querylogs|config_id=6887,2005,2061,1330,1327,643,640,2522,2522,1504,1498,2037,1835,5141,4294,1410,1410,1470,6195,6679,1386,1598,2099,2065,954,964,992,1055,1749,1758,999,1243,980,1247,1372,1400,1097,977,1183,1906,1278,1270,1568,1568,3284,3284,1769,1765,2158,2028,725,691,1285,1285,2981,2918,1149,1048,1129,1109,608,604,862,862,2100,2098,727,716,725,2841,2867,1680,1684,2158,1718,4807,4599,1328,1329,1431,1441,926,951,1041,1035,1260,1241,901,819,2645,2534,746,743,599,598,1518,1513,1679,1461,2571,2909,1402,1420
bing_querylogs|config_id=6892,2035,1940,1544,1378,616,614,3354,2968,1420,1497,1803,1795,3894,19795,1403,1333,1402,6515,6629,1294,1238,1434,2135,1333,1059,856,882,1604,1594,966,913,1212,906,1934,1970,1370,1125,1166,1720,1070,1223,1511,1497,3213,3213,1861,1774,2457,2041,726,725,1175,1260,3005,2936,1121,1039,899,1357,910,532,757,755,2299,1763,801,737,800,2921,2976,1742,1661,1809,2396,4608,4786,1405,1369,1403,1142,876,963,1114,1113,1221,1222,807,798,2619,2451,790,744,616,756,1486,1480,1670,3149,2169,2427,1342,1341
bing_querylogs|config_id=6898,1139,1316,816,832,712,736,1109,1507,1179,1231,1595,1595,1931,1766,1305,1096,1080,2923,1981,1005,991,1371,1463,836,846,1134,1226,1097,1281,1443,1339,1316,1336,1139,1015,1371,1457,1020,1234,1004,1003,1237,1151,1592,1401,973,1016,2229,1771,1030,870,1298,1094,2656,4372,2296,68980,1243,1300,643,754,1083,1266,1689,1542,1116,972,993,1929,1990,926,1012,1902,1716,1034,975,1867,1449,1692,1661,933,981,1125,1055,1128,1397,1180,1180,1871,126569,941,918,987,685,1004,1343,1022,933,1532,1434,1412,1412
bing_querylogs|config_id=6902,2287,2287,1647,1634,871,1013,2895,2874,1707,1724,2580,2550,4207,4131,1774,1799,1811,6621,6909,1744,1784,1859,1868,1190,1194,1033,1041,1987,1934,1252,1220,1304,1351,1677,1675,1280,1224,1403,2068,1447,1440,1812,1838,3652,3635,2033,1995,2345,2449,855,889,1689,1565,3142,3184,1324,1318,1220,1232,755,760,1096,1003,2700,2667,943,949,896,3103,3139,2059,2110,1923,1963,5390,5140,1674,1639,1489,1506,1105,1118,1275,1256,1322,1288,1108,1073,2998,3156,848,844,825,774,1943,1891,1796,1843,2477,2383,1528,1538
bing_querylogs|config_id=6907,2404,2414,1673,1689,952,999,3204,3199,1737,1800,2582,2770,4218,4347,1769,1764,1944,6763,6920,1769,1872,2003,2030,1381,1300,1227,1331,2054,2088,1480,1448,1649,1704,1784,1789,1473,1337,1414,17612,1496,1493,1898,1911,3809,3728,2123,2114,2279,18493,903,901,17806,1667,3157,3196,1541,1579,1352,1336,825,788,1099,1091,3052,2743,1068,1054,986,3184,3148,2077,2125,2715,2708,5354,5329,1742,1765,1744,1752,1169,1155,1361,1353,1521,1521,1145,1148,3020,3051,928,926,889,835,1946,1979,1856,1919,3019,2555,1630,1623
bing_querylogs|config_id=6913,2050,2171,1929,1396,633,641,2920,2793,1493,1490,2777,2664,5458,4719,1466,1476,1462,6505,6582,1446,1514,2491,2236,1074,1084,832,867,1734,1892,1285,1014,1213,1246,1310,1298,1102,1101,1183,1782,1256,1142,1564,1573,3383,3383,1763,1785,1951,1971,685,685,1293,1293,2987,3013,1156,1144,1108,1114,596,572,885,859,1879,2167,791,785,783,2945,2942,1768,1749,2656,2417,20840,5255,1516,1519,1503,1439,934,848,1033,1110,1240,1240,823,911,2623,2586,733,732,645,644,1520,1611,1776,1889,2850,3022,1376,1393
bing_querylogs|config_id=6914,1279,1382,1152,1091,1108,1157,1293,1243,1254,1310,1838,1892,1738,1725,1400,1375,1584,1770,2305,1372,1530,1598,1844,1201,1211,1153,1166,1670,1745,1762,1563,1518,1514,1767,1306,1894,1551,1019,984,1360,1219,1277,1287,1642,1653,1182,1124,1830,1742,1103,1037,1294,1355,1292,1336,1373,1494,1383,1385,879,855,1390,1262,1863,1834,1177,1179,1177,1863,66754,1433,1319,1794,1826,1296,1427,1538,1541,1440,1478,1212,1210,1169,1190,1699,1699,1107,1107,2102,1724,984,966,1092,1156,1467,1405,1085,1107,1927,2006,1569,1516
bing_querylogs|config_id=6922,1583,1552,1364,982,1512,1462,1506,1267,1022,1463,1871,1684,2606,2686,1356,1489,1469,1787,1479,1168,1043,2298,1608,871,879,1034,1026,1631,1352,2095,2657,1620,1468,1240,1367,1578,1837,1018,1041,1813,1408,1356,1408,2041,1734,818,751,2544,1983,1034,1155,1327,1320,1887,1360,1936,2050,1272,1291,775,701,924,942,1909,2875,1068,1071,1118,1085,1021,1219,1111,2163,2160,2058,2217,1982,1529,1417,1463,911,895,967,974,1606,1647,1164,1027,2083,2377,980,922,1340,1087,1261,1128,1167,1433,2389,2317,1647,1737
bing_querylogs|config_id=6928,1099,1097,778,783,655,832,1059,1051,1322,1293,1631,1387,1798,2044,1774,1607,1756,1693,1952,818,859,1541,1257,831,839,1291,1070,1466,1522,1190,1205,1283,1315,1265,1177,1468,1352,1863,1391,938,1025,1116,1261,1205,1456,753,725,1430,1595,832,789,1360,1296,4597,1672,1130,1107,978,1046,660,656,1112,1119,2039,1617,931,907,897,834,1686,783,766,1713,1797,1085,1107,1023,1163,1213,1221,1091,978,940,937,1353,1359,1040,1014,1692,1896,756,754,691,701,981,976,871,1423,1443,1873,942,932
bing_querylogs|config_id=6930,2088,2054,1312,1315,583,680,2668,2664,1423,1425,1922,1914,4517,4009,1403,1414,1555,6547,6659,1632,1490,1386,1388,973,984,1028,1012,1685,1730,1179,923,1095,1131,1302,1304,1021,1033,1119,1215,1167,1213,1577,1497,3306,3378,1698,1696,1861,2130,636,639,1504,6795,2917,2948,1205,1209,1009,999,553,551,770,778,1954,1947,729,745,738,2834,2886,1739,1741,1755,1680,4950,5020,1408,1393,1325,1174,968,965,1036,1045,967,1140,823,897,2705,2711,672,671,614,583,1512,1509,1639,1720,2695,2550,1301,1346
bing_querylogs|config_id=6937,1717,1832,1290,1307,2053,2101,1578,1617,1408,1627,2083,1587,2817,2397,1991,1968,2304,2106,2022,1631,1642,2757,2426,827,833,1384,1456,1661,1585,3016,2698,1513,1477,1463,1406,2040,2146,1986,2261,1534,1516,1847,1617,2016,3199,1207,1110,2583,2498,1600,1539,2141,1739,2260,1987,1796,1717,1660,1676,1060,1223,1200,1204,1920,2107,1839,1427,1298,1240,1294,2315,2584,2180,2165,1430,1744,2421,2245,1955,1825,1094,1110,1182,1164,2137,2360,1249,1092,1985,1921,1119,1390,1833,1789,1666,1631,1222,1308,2585,2163,3231,2923
bing_querylogs|config_id=6943,1648,1665,1243,1327,1517,1358,1568,1537,1378,1384,3153,90570,3585,3126,1697,1588,1698,1618,1788,1619,1248,2249,2158,1018,942,1330,1496,1683,2084,2329,2256,1461,1467,1255,120942,2116,1983,1971,2470,85587,1171,1306,1400,2063,2085,991,1016,2740,3424,1384,1250,2877,2293,1190,1207,1254,1232,1511,1489,885,819,1425,1327,2928,3762,1353,1367,1283,1267,1302,1483,1408,2736,2881,1701,1976,1849,1831,1593,1520,1138,1180,1338,1296,1764,1712,1316,1258,2361,2440,1024,1040,1377,1386,1343,1397,1433,1425,4162,4336,1987,1782
bing_querylogs|config_id=6944,2055,2210,1393,1854,643,646,2748,2754,1504,1498,2037,2527,4238,4358,1410,1486,1470,6486,6580,1395,1319,2079,2201,954,963,992,1046,1758,1862,1286,1290,1219,1247,1372,1400,1107,1106,1188,1452,1254,1194,1568,1568,3511,3405,1769,1691,1971,1974,707,631,1291,1291,2997,2944,1149,1149,1129,1109,580,604,857,857,2100,2098,722,734,720,2968,2939,1675,1679,2650,2558,5238,5124,1329,1329,1431,1261,917,954,1119,1108,1241,1241,907,907,2756,2652,746,743,657,644,1625,1620,1513,1888,2899,2869,1391,1338
bing_querylogs|config_id=6952,2031,2158,1462,1454,717,702,2929,2924,1548,1506,2297,2338,3819,4079,1593,1552,1557,6327,6467,1754,1545,1845,1761,1084,1087,836,880,1677,1829,1291,1069,1171,1196,1369,1398,1081,1122,1221,1176,1270,1275,1637,1660,4115,3625,1885,1921,2866,3094,709,709,1406,1462,2928,2969,1348,1244,1105,1105,590,568,895,807,2254,2360,832,780,773,3074,2914,2057,2078,2237,2238,5350,5650,1493,1454,1473,1493,957,877,1048,1114,1492,1358,867,852,2545,2577,745,729,650,649,1662,1649,1859,1920,2084,2469,1324,1399
bing_querylogs|config_id=6958,855,894,746,720,545,619,1210,1099,1268,1522,1822,1603,2469,3263,1311,1730,1527,2182,2690,1054,1971,1436,1396,819,742,989,1016,1378,1505,1064,1178,952,956,1432,843,1073,1347,1903,1818,948,950,1080,1089,1695,6659,648,657,3096,3204,706,710,1742,1558,2779,2930,1112,987,772,764,587,589,1000,863,2089,2802,785,764,740,863,884,1358,1284,2163,1595,1685,1491,1199,1083,1145,1114,968,942,755,1051,1372,1381,933,1033,2191,2425,610,688,726,723,844,1151,1031,1104,2032,1817,1118,946
bing_querylogs|config_id=6961,1865,1867,1412,1471,534,538,2624,2651,1336,1337,2405,2380,4705,3608,1335,1335,1381,6414,6491,1347,1237,2059,1863,876,892,767,831,1610,1604,1014,1021,904,925,1228,1228,890,890,1134,17387,1077,1074,1419,1495,3219,3219,1691,1686,1812,1718,636,636,1433,1371,2899,2865,961,990,895,891,510,508,689,686,1901,1787,654,656,650,2769,2809,1677,1696,2034,1957,5128,4783,1143,1150,1159,1162,836,824,968,962,955,955,802,734,2584,2600,603,662,530,527,1427,1420,1637,1388,2942,3049,1062,1066
bing_querylogs|config_id=6967,1510,1658,1430,1266,789,816,1258,1320,1838,1942,2317,2162,2805,2483,1892,1988,1885,2784,2871,1119,1147,2017,1945,1079,1009,1395,1725,2364,2723,1679,1528,1680,1542,1592,1563,1654,1655,2385,34605,1310,1299,1717,1712,2558,2255,1113,1133,1697,2395,1039,1068,2500,2261,3505,2339,1556,1794,1164,1295,865,783,1301,1298,2811,2971,1264,1199,1210,977,1096,1581,1464,2723,2902,1921,1772,2515,2355,2048,1582,1482,1903,1211,1212,1868,1982,1302,1284,1979,2144,946,860,846,843,1204,1394,1382,1513,2666,2367,1347,1828
bing_querylogs|config_id=6973,1979,1957,1696,1310,574,584,2700,2711,1420,1419,2378,2602,5122,4239,1393,1393,1393,6785,6659,1359,1413,1976,2187,983,994,949,817,1729,1738,992,951,1089,1107,1306,1304,889,1012,1146,1477,1161,1159,1431,1431,3303,3423,1696,1698,1848,1705,648,648,7330,1188,2907,2930,1043,1043,1016,920,546,545,776,813,1775,1796,729,668,727,2866,3165,1689,1708,1945,1913,5611,5317,17605,1410,1325,1330,848,885,1045,1039,967,967,814,826,2726,2685,672,673,579,575,1513,1503,1687,1878,3003,2857,1312,1323
bing_querylogs|config_id=6975,1204,1020,948,998,1072,1062,1116,1104,1355,1222,1203,1452,1884,1823,1625,1609,1753,1748,1876,1485,1376,1750,1664,978,1044,1208,1439,1356,1435,1576,1611,1319,1157,1070,1445,1579,1398,1172,1723,944,1137,1343,1324,1343,1318,910,958,1557,1632,1118,1176,1588,1513,1387,1464,1485,1180,942,1248,863,824,968,1012,1590,1676,1097,1101,1093,1022,942,1394,1433,1609,1509,1512,1587,1095,1053,1509,1271,1096,1116,1018,1018,1573,1555,1108,1139,1857,1614,794,794,942,893,1173,1461,1167,1618,2285,1699,1162,1335
bing_querylogs|config_id=6982,1985,2186,1418,1493,1433,1292,1570,1850,1709,2290,2217,2375,5473,7166,2020,2148,2175,4594,4307,1371,1701,2157,2241,1070,1064,1066,1350,1914,1886,2187,1959,1321,1235,1829,1808,2145,2188,1889,2434,1369,1510,1938,2069,4931,9223,1509,1236,3354,2939,967,1217,1779,1734,5577,4582,2251,2040,1485,1842,1307,881,1738,1786,2531,2579,1598,1164,1633,3218,2578,1625,2245,1905,2137,1686,1675,1972,2207,1603,1641,1584,1400,1553,2005,1925,1984,1639,1559,2371,3267,1079,860,1058,1320,1566,2025,3483,1800,1992,2470,1698,1487
bing_querylogs|config_id=6987,2411,2420,1669,1690,942,986,3210,3230,1755,1749,2489,2608,4394,4233,1768,1764,1833,6759,6919,1702,1802,1996,1984,1373,1302,1104,1242,1981,2088,1476,1449,1546,1704,1754,1779,1328,1345,1400,2093,1478,1475,1894,1903,3679,3679,2136,2137,2522,2273,899,899,1949,1635,3159,3192,1551,1552,1332,1332,795,774,1104,1095,2780,2363,1063,1038,974,3163,3148,2073,2119,2743,2666,5292,5289,1753,1730,1733,1774,1168,1143,1357,1363,1517,1517,1120,1123,3043,3097,914,922,877,872,1948,1920,1866,1921,2738,2659,1555,1623
bing_querylogs|config_id=6993,1864,1961,1366,1315,919,1193,2033,3658,1872,1700,1912,2095,2873,20469,1702,2054,2031,8107,4943,1595,2061,1915,2138,1469,964,1509,1492,1954,1865,2257,2002,1542,1610,1663,1241,1728,1511,1847,2406,1665,1672,2212,2125,5589,2379,1367,1319,2957,2874,960,1393,2119,1808,18416,20449,1702,1536,1707,1678,874,871,1717,1696,2496,2623,1404,1540,1538,10840,5906,1990,1993,1682,2820,1629,2908,2469,2164,1918,1811,1241,1455,1256,1329,2359,2393,1707,1693,3410,3025,871,925,930,943,1877,1704,1192,1480,2624,2486,2003,2257
bing_querylogs|config_id=6995,2120,2189,1387,1392,661,665,2734,2742,1508,1510,2099,2053,4769,4222,1476,1487,1472,6610,6736,1697,1539,1810,1778,1068,1078,1075,1058,1822,1853,1299,1247,1226,1270,1387,1560,1102,1102,1177,1266,1250,1292,1579,1570,3380,3455,1763,1759,2666,2239,717,707,1862,1575,3000,3031,1311,1304,1115,1108,619,613,853,861,2106,2104,794,795,788,2929,2937,1821,1829,2352,2442,5144,5131,1497,1486,1430,1439,951,970,1105,1110,1247,1247,916,916,2835,2836,737,736,677,683,1617,1610,1732,1828,2716,2562,1375,1410
bing_querylogs|config_id=7000,2222,2178,1485,1470,713,696,2840,2900,1516,1454,2302,2286,4176,4219,1575,1542,1664,6434,6536,1738,1613,1856,1776,1077,1085,882,980,1813,1844,1263,1276,1165,1188,1449,1489,1083,1072,1206,1176,1245,1251,1655,1653,3807,3746,1892,2026,2881,2525,807,810,1576,2161,2924,3092,1134,1280,1101,1051,601,597,901,897,2087,2195,842,779,769,3002,2920,2086,2076,2252,2273,5568,5667,1463,1471,1577,1488,956,955,1108,1150,1386,1451,925,923,2715,2734,738,779,662,646,1644,1645,1856,1888,2758,2468,1326,1384
bing_querylogs|config_id=7005,2041,2173,1443,1453,641,644,2668,2722,1496,1500,2032,2032,4959,4909,1478,1478,1462,6318,6800,1390,1592,1623,1652,1076,1090,860,887,1726,1745,1173,1266,1210,1238,1403,1393,1094,1093,1170,1174,1256,1248,1560,1560,3398,3398,1761,1757,1969,1969,699,706,1277,1277,2978,3004,1144,1144,1104,1128,598,594,875,875,2102,2105,792,795,790,2886,2891,1740,1744,2553,2225,4953,4934,1324,1324,1426,1224,970,952,1111,1100,1255,1272,925,925,2662,2634,738,735,637,634,1623,1615,1654,2450,3609,3687,1426,1545
bing_querylogs|config_id=7012,2062,2121,2045,2065,629,635,2763,2737,1493,1474,2792,2679,5376,4519,1466,1466,1452,6850,6732,1380,1506,2465,2246,1137,1149,875,904,1726,1857,1281,1284,1210,1238,1377,1387,1104,1103,1179,2427,1232,1228,1564,1563,3368,3368,1767,1773,1969,1969,699,699,7402,1283,2983,3009,1144,1144,1104,1104,596,590,865,863,1885,2106,787,792,779,2941,2916,1758,1787,2612,2404,5292,5217,1506,1490,1426,1435,909,946,1100,1087,1236,1236,897,897,2791,2749,718,717,632,620,1609,1600,1759,1885,3214,3027,1381,1396
bing_querylogs|config_id=7016,1202,1333,1095,1129,783,1417,1587,1469,1330,1395,1862,1367,2460,2438,1413,1411,1536,2775,2731,1361,1314,1844,2140,891,1014,1544,1207,1550,1950,1792,1843,1111,1331,1141,1071,1618,1511,2757,2017,1465,1750,1246,1192,1762,1618,1148,1409,2091,1347,973,885,1457,1623,1812,2059,2013,2288,1358,1428,792,804,1258,1228,1952,1678,1170,1071,1001,2772,1340,1042,1102,2118,2295,2124,1828,2159,2489,1722,1800,1902,1899,1013,1133,2043,2482,1128,1265,1614,2058,899,957,777,804,1077,1351,1297,1749,1949,1583,1876,1494
bing_querylogs|config_id=7023,2797,2622,1880,1891,1849,2405,2222,2344,2398,1894,2862,3620,2904,2674,2417,2760,2785,2664,7211,2677,1756,2852,3081,2053,1863,2316,3177,2218,3032,3081,2658,2076,2100,2103,2120,2784,2461,3429,3196,2428,3328,2670,2665,3285,3359,2035,1747,7814,6757,2095,1998,3772,4399,6213,7585,3354,2464,3273,2485,1509,1217,2190,2077,3381,3539,1939,1855,1834,4682,4920,1864,1864,3751,3727,7970,6755,3419,3380,2662,2467,2063,2207,1990,2002,2425,2568,2244,2266,8927,4127,1905,1715,1836,1517,3028,2696,2705,2963,2602,4542,3199,3025
bing_querylogs|config_id=7026,2050,2034,1949,1927,656,658,2638,2794,1502,1497,2586,2628,4033,4966,1393,1479,1389,6600,6613,1355,1409,1862,2336,884,1052,1020,960,1725,1734,915,1187,913,933,1316,1316,1009,1008,1279,2110,1234,1174,1481,1484,3299,3299,1778,1694,1844,1844,644,644,1554,1184,2907,2927,1039,1039,1092,995,623,625,697,852,2027,1822,727,729,658,3424,3161,1658,1704,2464,2237,5623,5290,1257,1260,1321,1170,848,977,1031,1026,1160,1161,826,826,2592,2672,672,667,658,653,1585,1428,1643,1756,2964,3303,1164,1074
bing_querylogs|config_id=7033,1940,1931,1764,1490,1364,1395,2239,1510,1805,1719,2010,2296,2825,4763,1457,1416,1701,2237,2839,1764,2207,1804,1920,1261,1167,1175,1626,2011,2204,1937,1663,1826,1745,1888,1610,1688,1591,2031,2341,1384,1987,1548,1492,2314,2180,1392,1504,2971,3307,1667,1264,2487,1885,2856,2957,3270,2391,1239,1401,946,942,1804,1576,1955,2990,1362,1467,1416,2915,1886,5255,4297,2385,1904,3152,3956,2742,1572,1975,1664,1610,1813,1502,1711,1705,1664,1796,1891,3417,3373,1025,1248,969,1013,1359,1353,2229,1814,2915,1898,1495,2202
bing_querylogs|config_id=7037,2205,2337,2108,1970,1110,841,3089,2909,1691,1745,2426,2307,4801,4986,2043,1939,1626,6708,6459,1692,1627,2283,1897,1259,1269,1041,1173,2066,2005,1622,1253,1411,1406,1679,1914,1315,1313,1374,1545,1806,1683,1759,2335,3632,3641,1984,1980,2135,2326,1222,929,1899,1945,3446,3779,1657,1620,1271,1273,760,788,1044,1020,2339,2780,948,984,947,3642,3324,2104,1995,2717,2438,5318,5376,1521,1487,1475,1962,1109,1442,1481,1256,1341,1271,1630,1480,3118,2804,1139,896,893,886,1772,1765,2134,2699,2480,2829,1544,1618
bing_querylogs|config_id=7043,2285,2285,1980,2015,1139,907,3076,2894,1966,1848,2438,2626,4686,4344,1996,1993,2048,5785,5813,1726,1953,1961,2149,1154,1169,1219,1475,1883,2204,1725,1549,1306,1401,1809,1745,1819,1490,1559,2234,2020,1774,2177,1877,3931,3925,2091,2189,3659,2620,1380,1262,2157,2427,2790,3214,1822,1721,1385,1373,773,811,1087,1697,2311,3046,983,999,993,3134,3243,2025,1933,2231,2550,37544,4676,1735,1577,1670,2250,1226,1145,1239,1260,2261,1846,1674,1016,3000,2983,1142,946,864,860,1641,1720,2179,2589,3381,2923,2102,1907
bing_querylogs|config_id=7047,1955,2046,1674,1532,635,646,2732,2729,1510,1504,2051,2010,5251,4550,1415,1415,1645,6546,6605,1466,1596,1437,1440,954,964,1073,1055,1806,1834,1005,1244,996,1010,1372,1406,1107,982,1172,1880,1254,1318,1571,1571,3362,3366,1775,1771,2266,2388,716,692,1836,2173,2977,2833,1305,1262,1129,1109,612,570,858,865,2100,2640,798,716,725,2945,2886,1726,1684,1842,1824,4780,4580,1498,1492,1431,1261,1004,975,1046,1036,1248,1058,823,823,2679,2626,667,749,632,646,1523,1517,1750,1921,2624,2351,1381,1392
bing_querylogs|config_id=7053,2141,2182,1482,1435,705,700,2851,2893,1520,1480,2308,2293,4194,4120,1546,1546,1602,6438,6545,1742,1619,1803,1801,1079,1089,1008,1083,1788,1821,1260,1293,1175,1196,1497,1497,1081,1070,1183,1184,1264,1268,1649,1655,3919,3760,1889,1915,3358,2723,810,810,1536,1469,2921,2968,1137,1245,1105,1055,606,604,897,889,2183,2075,800,783,776,2890,2892,2071,2080,2235,2229,5549,5386,1479,1453,1552,1492,960,954,1112,1108,1417,1373,883,940,2749,2715,732,732,676,643,1654,1672,1599,1687,2395,2428,1330,1384
bing_querylogs|config_id=7056,994,1074,828,967,795,791,1361,1482,1116,1234,2491,1539,2210,2046,1150,985,1271,3345,1580,1168,1021,1557,1539,922,908,1089,1071,1116,1243,1434,1635,1360,1350,1032,985,1199,1243,1488,1901,1199,1075,1017,1085,1247,1495,991,982,1949,2034,970,887,1127,1123,1822,1404,1822,1577,1314,1202,875,783,1043,1027,1203,1837,1020,942,1025,1121,1014,1115,1114,1836,1956,1366,960,1297,1282,1330,1289,969,1045,1038,951,1351,1374,1015,1057,1326,1540,914,908,765,757,1121,1067,984,955,1098,2969,1223,1260
bing_querylogs|config_id=7063,1130,1164,781,712,1020,910,1535,1534,729,806,1342,1342,1945,1722,788,702,698,1976,1974,1129,1290,1797,1797,730,738,1023,1057,1285,1518,1076,1233,976,1243,842,772,1140,1140,657,1648,2825,1626,818,818,1558,1281,932,1012,1961,1059,820,761,1256,1249,1294,1304,1179,1270,976,976,680,678,1130,1202,3753,2618,800,663,653,902,916,956,961,1426,1957,1387,1111,1418,1564,1437,1435,998,1093,790,776,1245,1050,1026,1093,1681,1640,903,717,686,684,844,687,1647,1610,1646,2212,1370,1226
bing_querylogs|config_id=7065,2154,2191,1383,1388,635,655,2724,2729,1492,1480,2095,2049,4497,4225,1472,1483,1458,6606,6752,1451,1538,1809,1778,1064,1074,857,887,1616,1848,1248,1243,1216,1262,1377,1387,1104,1104,1165,1540,1232,1274,1644,1566,3453,3459,1896,1884,2605,2244,713,703,2214,2525,2995,3051,1288,1284,1111,1104,615,603,857,865,2063,2714,798,815,779,2925,2930,1817,1824,2379,2338,5330,5469,1496,1475,1426,1435,968,966,1101,1161,1243,1243,902,902,2836,2828,724,723,649,620,1613,1606,1754,1775,3045,2837,1371,1403
bing_querylogs|config_id=7071,1347,1215,653,715,652,678,1030,1439,899,875,1436,1310,2645,2279,1118,1103,1112,1109,2674,735,878,1407,1519,811,812,875,926,878,1142,1255,1088,1124,1171,858,849,1031,1131,690,701,962,847,993,1019,8135,2578,758,779,1501,1585,700,706,881,2561,940,1309,1138,1024,883,879,597,587,896,1157,1231,1257,1016,1011,995,826,739,855,883,1695,1650,981,701,1010,1080,1250,1154,761,696,733,815,1285,1347,789,904,1173,1029,713,684,651,637,934,1011,876,1089,1250,1634,1552,1551
bing_querylogs|config_id=7078,2041,2109,1462,1493,633,635,2673,2645,1493,1490,2036,2036,4836,4076,1466,1476,1462,6197,6681,1391,1394,1627,1628,1074,1084,833,867,1609,1741,1177,999,1214,1242,1307,1939,1092,1075,1198,1315,1280,1153,1564,1570,3383,3383,1763,1765,1981,1971,698,698,1287,1287,2989,3014,1144,1144,1108,1114,599,572,887,757,1881,2099,784,722,783,2887,2901,1750,1754,2557,2540,4866,5209,1334,1334,1426,1440,923,850,1061,1107,1259,1236,825,905,2548,2549,733,732,649,648,1504,1611,1650,1768,2210,3559,1416,1476
bing_querylogs|config_id=7079,1332,1489,976,1081,1740,1329,1000,1494,1241,1769,2260,1963,3643,4890,1697,1825,1735,3029,4292,1898,959,1769,2013,826,912,944,1187,1439,1816,1977,1977,1195,1193,1494,1417,1716,1802,4673,2925,1030,1107,1589,1402,1727,1669,1230,928,2044,2756,960,916,1118,1325,2145,2668,2318,1412,1352,1531,756,848,988,974,1957,1980,1485,1077,1262,1256,1188,1425,1433,1734,2081,4520,1181,1498,1812,1521,1313,869,1087,1083,1367,1656,1939,1279,1263,2842,2277,710,736,1241,1393,1370,1330,2226,1734,2747,2547,1340,1458
bing_querylogs|config_id=7086,2214,2325,1893,1809,797,841,3824,2904,1699,1695,2292,2780,5085,5493,1915,1630,1626,6592,6875,2049,1626,1896,2021,1412,1228,1032,1077,1995,2054,1699,1449,1410,1406,2003,1816,1313,1261,1380,1818,1965,1863,1811,1757,3512,3641,1983,1914,2198,2165,886,909,1490,1565,3211,3428,1641,1625,1269,1255,791,833,1021,1019,2267,2997,948,993,942,3476,3445,2096,2115,2774,2280,5708,6415,1670,1651,1472,1524,1073,1110,1264,1255,1528,1517,1536,1257,3464,3049,932,896,885,859,1773,1764,2074,2542,2339,3362,1533,1497
bing_querylogs|config_id=7093,968,1269,856,909,858,831,939,1050,1455,1376,2096,1738,2239,2304,1594,2013,1749,1679,1970,880,985,1369,1425,918,865,993,1061,1340,1314,1396,1233,1140,1199,1403,1432,1436,1504,959,1077,928,810,1242,1390,1382,1547,726,722,1474,2191,880,884,1291,2184,2412,1683,1206,1849,1021,1014,659,637,898,866,1555,1590,1049,929,1214,930,1020,800,924,1648,1598,1257,1435,1322,1244,1382,1338,987,885,882,937,1573,1713,1046,936,1724,1616,717,712,966,742,1190,1069,1195,1212,1402,1923,955,1123
bing_querylogs|config_id=7095,2169,2107,1391,1392,641,644,2725,2729,1502,1500,2095,2049,4410,4368,1484,1484,1468,6613,6746,1470,1534,1652,1652,1076,1090,865,892,1855,1848,1264,1243,1216,1262,1403,1560,1104,1104,1169,1262,1232,1293,1575,1566,3509,3515,1767,1763,2459,2206,713,703,1717,8066,2975,3027,1305,1379,1111,1128,604,594,878,880,2102,2901,798,801,795,2922,2926,1817,1825,2380,2349,5048,5063,1496,1478,1462,1435,968,975,1111,1105,1243,1278,925,929,2843,2828,744,741,637,634,1623,1615,1757,1813,2875,2710,1245,1252
bing_querylogs|config_id=7101,1537,1491,1497,1587,1242,1291,1349,1406,1251,1450,3347,3636,2367,3042,1499,1515,1529,2202,2718,2021,1651,1758,1773,999,1129,1586,1593,2204,1995,1539,1708,1626,1417,1365,1472,2144,1616,1140,1298,1202,1370,1428,1635,1688,1653,1608,1286,4232,2941,1220,1163,1623,2452,1444,1418,1645,1360,1496,1491,918,977,1204,1329,4378,4983,1418,1211,1317,1600,2095,1409,1393,1945,2518,1501,1984,1459,1870,1645,1385,1244,1299,1207,1219,2299,1887,1180,1183,2682,3009,1387,993,1642,1411,1350,2123,1111,1441,2815,2247,1832,1680
bing_querylogs|config_id=7108,2033,2024,1462,1452,621,622,2736,2723,1497,1483,2122,2029,4283,4105,1460,1460,1445,6421,6939,1495,1380,1488,1607,1058,1077,882,824,1689,1728,1110,976,1193,1221,1360,1368,1088,1079,1164,1157,1215,1208,1547,1661,3365,3365,1736,1732,1951,1964,709,709,1276,1296,2958,2995,1150,1285,1107,1107,555,551,847,847,1920,2082,774,775,766,2907,2914,1738,1749,1797,1797,4814,5234,1313,1313,1440,1452,957,1001,1093,1082,1033,1254,882,882,2862,2850,716,751,623,686,1608,1597,1477,1721,1735,2301,1358,1388
bing_querylogs|config_id=7113,1685,1315,1544,1238,1057,1098,1656,1393,1588,1330,1977,2228,3603,3326,1672,1880,1931,4438,3690,1816,1956,1619,1953,856,858,1076,1003,1374,1744,1544,1549,1277,1345,1284,1294,1766,1675,2122,1848,1347,1315,1802,1543,3084,2572,1323,837,2699,2451,962,933,9553,1674,2937,3163,4575,2631,1603,1560,776,727,1124,1347,1955,1796,1365,1098,1141,2155,2078,1516,1307,1861,1967,2581,2327,2175,2123,1415,1297,1200,872,1057,1202,1732,1764,1171,1166,1897,2211,854,747,1345,1334,1349,1791,1276,1955,2153,2841,1652,1358
bing_querylogs|config_id=7115,1956,1959,1477,1613,607,612,2468,2470,1533,1539,3193,1868,4893,4160,1416,1416,1471,6616,6633,1472,1541,1474,1477,1067,1077,846,869,1822,1852,1006,1288,1030,1269,1305,1311,979,1109,1145,1269,1285,1293,1578,1505,3302,3302,1762,1758,2518,2006,736,631,1732,4868,2997,2960,1302,1063,1114,1127,579,575,776,776,2105,2103,729,731,726,3040,2909,1681,1685,2372,2213,5099,4806,1243,1243,1251,1262,981,862,1047,1037,1053,1281,824,975,2797,2652,736,735,602,595,1670,1518,1755,1467,2796,2405,1144,1150
bing_querylogs|config_id=7123,2045,2171,1438,1415,642,644,2658,2731,1497,1504,2036,2036,5607,4451,1470,1470,1466,6322,6820,1394,1596,1627,1628,1068,1078,996,1053,1731,1750,1177,1271,1220,1246,1387,1398,1092,1092,1174,1177,1274,1266,1564,1564,3380,3380,1763,1759,1975,1975,703,702,1281,1281,2982,3008,1148,1148,1108,1108,600,596,860,860,2106,2103,788,789,787,2890,2895,1744,1748,2557,2535,4856,4702,1328,1327,1430,1440,974,956,1105,1104,1259,1240,911,911,2616,2631,737,736,642,642,1612,1605,1655,2454,2659,3397,1384,1438
bing_querylogs|config_id=7124,1329,1281,1012,725,693,690,1250,1203,1522,1531,1295,1682,2528,4444,1664,1723,1781,3199,3014,1328,1157,1394,1252,904,834,1186,1100,1536,1546,1027,1349,1053,1258,1303,1440,1900,1830,2737,1505,1047,1018,1672,1294,5319,2026,679,674,1553,1514,736,755,1554,1158,3576,1583,1133,1062,902,806,611,710,1077,1089,1369,1700,754,856,864,1311,889,1112,1278,1597,1775,1870,3387,1436,1081,1306,1518,958,1040,1116,826,1548,1419,1137,1081,2045,2044,711,709,789,838,1181,1177,976,1242,1300,1292,1116,1045
bing_querylogs|config_id=7133,2055,1949,1480,1514,791,754,2614,2686,1526,1421,1925,1766,4817,4092,1412,1409,1622,6416,6509,1785,1262,1628,2130,879,887,857,887,1835,1486,1085,1548,1094,1531,1433,1292,1142,1024,1177,1450,1212,1216,1578,1494,3417,3471,1640,1774,2418,2217,776,711,1412,1358,3043,2975,1252,1197,1034,1031,623,621,845,939,2057,2444,819,826,827,3002,2966,1759,1792,2223,2193,4794,4589,1370,1379,1320,1146,897,927,1134,1109,1011,984,823,996,2640,2601,844,733,613,673,1595,1645,1945,1743,2179,2173,1259,1317
bing_querylogs|config_id=7138,2205,2196,1858,1894,793,894,3167,2723,1672,1736,2569,2709,4328,4336,1929,1621,1650,6811,6720,2004,1622,1839,1964,1224,1264,1028,1204,2365,2047,1917,1366,1456,1397,1916,1632,1308,1244,1409,1313,1401,1877,1798,1752,3618,3632,1975,1968,2125,2665,1121,940,1742,2495,3506,3555,1717,1428,1253,1373,754,749,1011,1011,2257,2810,946,947,938,3367,3297,2129,2010,1969,2071,5222,5256,1550,1485,1470,1479,1185,1185,1265,1254,1706,1508,1602,1455,3173,2813,888,1141,885,929,1786,1777,2859,1963,2508,2322,1517,1560
bing_querylogs|config_id=7142,1725,1729,1075,1079,1360,1455,1677,2293,1594,1276,1437,2269,3465,3030,1246,1238,1695,2184,3000,1267,1279,1676,1625,906,1305,1519,1101,1634,1815,1678,1679,1573,1581,1204,1223,1059,1358,1059,1126,2070,1414,1438,1360,1966,1992,1271,1260,1512,2413,1255,1255,1659,2335,1625,1699,34056,2125,1198,1302,1108,775,1418,1413,1930,1741,1308,1251,1270,2057,1206,1562,1679,2170,2338,1822,1881,1472,1486,1182,1272,1490,1449,1494,1443,1460,1438,1714,1691,2817,4178,1078,1013,1228,1108,1267,1577,1260,1419,1983,1758,1637,1604
bing_querylogs|config_id=7147,2006,2012,1408,1476,602,606,2654,2669,1527,1533,1871,9430,4176,6256,1411,1411,1465,6321,6724,1388,1596,2065,1471,996,1077,841,864,1740,1749,1000,1209,1025,1245,1305,1407,978,1097,1157,1169,1272,1424,1499,1499,3296,3296,1762,1758,1972,2580,733,636,1298,1280,2981,2919,1147,1057,1107,1127,575,571,771,771,2104,2102,728,731,726,2827,2880,1681,1747,2556,2532,4855,4801,1237,1239,1251,1262,973,862,1042,1036,1505,1275,820,896,2713,2659,736,735,602,599,1665,1514,1448,1462,3526,2592,1289,1333
bing_querylogs|config_id=7152,1414,1554,1359,1186,1518,1287,1811,2024,1247,1437,2008,1929,2265,2068,1613,1735,1647,1792,2055,1080,1092,1776,1596,936,914,1073,1068,1451,1315,1411,1379,1414,1557,1279,1125,1445,1445,2233,1212,1234,1252,1162,1266,2322,2188,842,843,2109,2830,1094,1080,1391,1335,1098,1103,5228,1434,1314,1294,682,710,1162,1115,1994,2085,1139,1106,1064,1034,1034,1769,1088,4161,2333,1391,1353,1725,1698,1419,1529,905,905,1094,1019,1318,1629,1253,1319,2216,1953,963,962,1297,1265,1173,1181,1125,1143,2046,1883,1753,1757
bing_querylogs|config_id=7158,1779,1818,1341,1344,1179,1244,1701,1713,1252,1328,2408,2419,3478,2820,1574,1694,1570,2744,3785,1612,1735,2930,1873,1291,1375,1098,1176,2504,2303,2017,1980,1704,1932,1547,1533,2154,1999,1161,1312,1684,1740,1876,1945,2090,2301,1483,1476,2569,2352,1175,1140,1486,1535,3540,3370,1934,2324,1477,1554,860,761,1332,1429,2048,2071,1138,1142,1118,1439,1539,1903,2025,3055,3096,2041,1896,2146,1925,1792,1802,1396,1377,1169,1226,1779,1521,1521,1503,2569,2557,1007,1003,1336,1333,1487,1529,1455,1622,2942,3055,1920,1746
bing_querylogs|config_id=7163,1895,1618,1285,2088,1356,1388,1429,1421,1795,1797,2028,2216,3046,2700,2339,2292,2434,2204,2451,3655,3670,1729,2154,1100,1137,1717,1729,1290,1456,1754,1600,1996,2108,1397,1453,1935,2095,1595,1768,1443,1435,2848,1679,2433,2341,1273,1289,2578,2326,990,906,2954,2853,2384,1943,1959,1652,1570,1796,716,781,1233,1286,2432,2313,1237,1347,1264,2430,2683,33228,3053,2181,2208,1907,2004,2132,2235,1527,1541,1020,1124,1344,1352,1610,2086,1456,1452,2169,2569,1113,983,1035,1020,1487,1589,2532,2503,2388,3245,1907,1633
bing_querylogs|config_id=7173,1982,1661,1371,1478,1949,2135,1941,1642,1436,1483,2121,2137,2272,2214,1651,2089,1744,2437,2168,1571,1546,2022,2212,1088,1035,1469,1529,1678,1753,2211,1947,1695,1791,1419,1543,1895,1748,1434,1343,1360,1538,1693,1659,2390,1757,1156,1068,2269,2491,1538,1466,1551,1791,1404,1412,1789,1787,1591,1630,1082,952,1127,1401,1912,2039,1313,1422,1178,1475,1287,2268,2359,2323,1952,2353,2603,1939,1880,1825,1863,1195,1157,1242,1254,2013,2087,1347,1392,2377,2201,1176,1184,1445,1310,1525,1665,1646,1673,2832,2242,2063,17961
bing_querylogs|config_id=7174,1235,950,916,895,644,645,1544,3908,1337,1351,1290,1375,2752,15009,1216,1357,1416,10708,34012,1175,1127,1395,1377,949,943,958,907,1117,1141,1204,1288,1248,1288,1349,1013,1189,1058,1144,6287,1144,1173,1319,1330,7672,4859,700,1060,12352,3221,1032,910,1732,1372,33510,26131,8288,1257,1195,1401,622,618,1181,1012,2439,1880,879,986,893,5168,4058,1197,1927,1709,1984,1380,2397,1435,1455,1174,1186,980,1026,875,1026,1410,1539,1134,1065,2679,2980,712,709,667,702,936,965,845,878,2292,1443,1308,1318
bing_querylogs|config_id=7180,942,970,1089,723,741,727,881,878,1115,1094,1427,1578,1775,2181,1546,1555,1620,1633,1973,1163,1232,1307,1385,923,933,1065,1128,1696,1307,1342,1279,1204,1212,1242,1167,1633,1632,1877,1667,932,949,1144,1209,5201,1154,728,783,1401,2094,777,1067,2561,2288,1802,131870,1384,1414,937,904,650,647,919,936,1734,1546,951,957,921,935,818,923,889,1682,1673,1643,1952,1010,992,1391,1568,1043,1162,952,959,1795,1782,1006,1006,1953,1845,720,715,689,694,974,978,935,1256,1575,1613,958,843
bing_querylogs|config_id=7185,1523,1928,1092,1133,1194,1294,1488,1099,1405,1308,1651,1817,2584,2643,1825,1557,1640,1503,1556,1133,956,1633,2063,787,913,1056,1140,1674,1636,2077,1697,1208,1194,1051,1785,1699,1523,1582,1391,1166,1415,1170,1579,1664,2113,849,847,2224,1895,1337,1531,1610,1657,1279,1273,1702,3022,1196,1339,872,849,1048,1022,1550,1745,1234,1346,1381,1405,1404,1334,1525,1944,2066,1464,1613,1718,1631,1511,1573,874,917,1064,1039,1921,1929,1099,1112,1370,1591,988,1055,1279,1384,989,1147,1282,1224,1648,1616,2447,1976
bing_querylogs|config_id=7198,2238,2281,1555,1557,774,792,2944,2929,1652,1690,2436,2524,4631,4804,1612,1699,2057,6598,6758,1668,1655,1828,1850,1124,1136,988,989,1847,1905,1320,1122,1276,1291,1518,1508,1436,1197,3275,2434,1339,1340,1779,1770,4145,3689,1969,1948,2844,2458,767,781,2725,2262,3073,3089,1346,1278,1236,1219,617,597,959,889,2245,2449,895,883,922,3035,3018,1974,1957,2334,2383,5127,5109,1555,1566,1613,1594,990,940,1186,1209,1482,1429,876,1020,2777,2780,765,754,797,728,1846,1773,1694,1963,2154,2612,1477,1543
bing_querylogs|config_id=7203,2155,2224,1664,1618,837,894,2984,2878,1570,1613,2936,3238,6397,5708,1619,1612,1590,6322,6470,1444,1615,1851,1824,1171,1085,832,1240,3065,1829,1323,1115,1161,1182,1273,1450,1370,1423,2094,2535,1342,1231,1698,1700,4048,4162,1886,1901,2751,2912,799,793,2555,2316,2905,2914,1525,1200,1206,1218,589,606,1081,921,1950,3946,895,781,896,2946,2939,1784,2136,2247,3198,5801,5185,1753,1517,1480,1441,975,928,1188,1207,1368,1395,802,970,2686,2685,871,917,726,726,1789,1741,1711,2136,4107,4509,1438,1429
bing_querylogs|config_id=7208,2106,1975,1395,1399,628,631,3055,3731,1481,1485,1990,1990,8524,3342,1413,1423,1409,6391,6832,1383,1470,1594,1595,1019,1029,832,866,1600,1737,1171,975,1202,1234,1297,1288,1085,1086,1039,1042,1245,1146,1549,1559,3368,3368,1746,1742,1997,2017,787,708,1299,1299,2427,2573,1212,1016,1105,1111,593,569,842,851,1756,1934,787,788,781,2792,2622,1745,1748,1813,1813,6038,5206,1274,1273,1443,1456,895,840,1012,1089,1233,1233,804,886,2673,5639,715,714,646,645,1510,1595,1750,2017,3268,1875,1330,3759
bing_querylogs|config_id=7213,1976,2053,1480,1484,647,650,3081,3172,1490,1494,1976,1976,10114,68882,1614,1625,1610,6342,6866,1403,1490,1737,1738,1160,1170,851,885,1606,1743,1179,983,1216,1248,1337,1327,1094,1101,1057,1131,1253,1150,1614,1624,3383,3383,1799,1795,1811,1831,799,720,1313,7166,2545,2482,1018,1018,1110,1110,598,574,868,772,1862,2086,786,787,780,3101,2976,1762,1765,1765,1734,6833,10268,1546,1540,1472,1467,906,851,1017,1086,1242,1242,789,891,3031,3125,730,729,647,646,1504,1589,1582,1600,1954,1937,2198,3682
bing_querylogs|config_id=7218,2140,2187,1484,1512,842,892,2871,3317,1636,1594,2137,2295,5883,6175,1622,1512,1670,6383,6511,1545,1613,1785,1782,1126,1211,832,874,2549,1845,1312,1111,1161,1179,1290,1469,1675,1359,1271,2504,1291,1167,1650,1654,4131,4206,1909,1885,3721,3743,789,716,2608,2278,2892,2914,1324,1331,1194,1164,589,567,873,921,2093,3993,876,780,902,2913,2940,1834,2076,2182,2211,4947,5697,1462,1477,1520,1452,975,894,1064,1322,1360,1324,797,910,2673,2658,770,1046,720,796,1927,1767,1643,1837,3856,3531,1422,1470
bing_querylogs|config_id=7223,1965,2042,1478,1484,624,627,4020,3558,1477,1481,2027,2027,69077,69063,1457,1467,1453,6189,6238,1378,1465,1618,1619,1065,1075,824,858,1595,1746,1168,972,1205,1237,1298,1289,1083,1066,1139,1185,1242,1240,1551,1561,3374,3374,1754,1750,1940,1962,739,739,1278,1278,3026,3055,1135,1135,1099,1105,587,561,837,741,1869,2483,775,776,769,3145,2855,1723,1726,1814,2151,6035,5411,1326,1326,1435,1430,895,840,1024,1093,1231,1231,794,896,2708,2440,719,718,640,639,1511,1603,1627,1996,2734,2006,1206,1210
bing_querylogs|config_id=7228,2080,2229,1443,1495,802,866,3809,3874,1612,1612,3233,7672,5849,7164,1690,1659,1671,6679,6964,1520,1662,1943,1942,1554,1415,907,1381,2011,1994,1421,1134,1216,1246,1498,1502,1405,1283,1564,1273,1539,1269,1748,1749,4805,4640,1957,1944,9266,5986,815,808,2062,4259,6799,7559,1459,2162,1250,1500,620,578,1063,937,2298,3658,892,936,1028,2746,2809,1861,1887,4596,6865,7186,9793,2474,1540,1687,1713,986,949,1137,1196,1561,1443,897,1008,2981,2989,739,738,709,722,2816,1847,1696,1779,2659,9964,1633,1690
bing_querylogs|config_id=7233,2268,2491,1389,1283,1582,1641,1817,1961,1766,1765,2444,2794,2087,3404,2503,2486,2228,2734,1987,1411,2255,2011,2021,1055,1085,2591,2675,1949,2379,2719,2274,2252,2276,1840,1937,1837,2481,1745,1795,2190,1542,1682,2093,2867,2470,1330,1789,3936,2658,1294,1129,1964,2469,2134,1619,2203,2156,1899,1785,970,1118,1647,1690,2468,3216,1459,1446,1380,1759,1250,1662,1515,2515,2477,2462,2525,2549,3000,2194,2064,1535,1269,1494,1484,2638,2086,1398,1688,2983,2637,1400,1200,1321,1273,2711,2390,2095,1896,3174,3175,2015,2178
bing_querylogs|config_id=7238,1501,1904,1535,1427,1151,1120,1304,1339,1368,1420,2347,2263,2447,2722,1435,1501,1615,2139,1931,1524,1831,1804,2080,1265,1347,1561,1276,2059,2044,1556,1908,1862,1912,1661,1557,2591,2105,1087,1048,1137,1134,1480,1489,2234,1831,1442,1405,1995,2090,1102,967,1727,1421,1363,1559,1641,1981,1721,1793,807,1084,1412,1292,1709,2262,1257,1349,1271,1626,2484,1597,1255,1974,2163,1373,1398,1927,1584,1686,1721,1294,1294,1226,1253,1483,2594,1288,1250,2478,2369,1023,938,1210,1100,1500,1685,938,957,1829,2108,1741,1747
bing_querylogs|config_id=7258,2551,2410,1292,1473,1649,1290,1755,1903,1641,1599,2184,2881,5132,26192,6299,2511,2658,3592,3671,1266,1470,2628,3344,1171,1178,2031,1621,2024,1906,2220,1885,1970,2013,1429,1435,2091,1952,3923,3552,1551,1545,2169,1930,4758,5938,1463,1502,2483,2927,1099,1105,1407,2642,2319,2438,2478,2343,2450,1690,915,1048,1778,1659,2474,2836,1268,1412,1461,1508,1391,1165,1378,2388,2766,2181,2253,2765,3661,1686,1894,1478,1450,1396,1386,1842,2592,1577,1682,3969,4401,1338,1154,1457,1349,2323,1723,1537,2145,2381,2692,1836,1925
bing_querylogs|config_id=7271,1942,1945,1418,3193,593,597,2565,2570,1518,1524,1862,1859,3790,3674,1402,1408,1392,6587,6746,1374,1534,1459,1462,1058,1068,839,855,1737,1740,991,1197,1016,1236,1296,1302,970,1089,3664,1171,1239,1269,1490,1490,3310,3311,1747,1743,1969,1825,694,755,1423,1271,3000,3050,1315,1054,1098,1118,566,562,762,762,2095,2094,714,717,712,2928,2938,1667,1733,4194,2115,4887,4648,3189,2741,1242,1253,898,848,1033,1022,1044,1266,811,887,2820,2788,722,721,589,586,1510,1505,1441,1453,2324,1767,1129,1136
bing_querylogs|config_id=7286,1230,1176,954,1056,873,1081,1032,1258,1120,1274,3225,2852,1643,1528,1209,1066,1204,1500,1640,1286,1080,1320,1385,1042,833,1117,1183,1206,1097,1607,1375,1204,1216,1139,1040,1126,1433,2166,1040,962,1000,1062,1048,1442,1469,936,848,2755,1609,949,846,3072,3741,2349,1425,1134,1346,938,947,703,697,1006,1488,2728,1578,999,858,1118,1162,1234,1859,1009,1875,2611,1389,1189,1481,1485,1315,1304,824,818,931,1005,1519,1400,942,937,1431,1668,802,777,897,759,1135,1188,853,1249,1670,2900,1268,1240
bing_querylogs|config_id=7289,1948,1864,1297,1300,569,576,2787,2655,1416,1418,1760,1760,3779,3812,1387,1387,1384,6519,6708,1284,1305,1342,1344,974,985,776,808,1615,1503,876,1067,1080,1098,1293,1298,876,994,1137,1117,1147,1147,1476,1476,3412,3299,1691,1689,1845,1845,624,630,1325,1173,2929,2961,1211,1201,1007,990,538,536,762,761,1939,1938,722,727,718,2856,2890,1720,1651,1480,1479,4793,4888,1230,1229,1159,1321,849,849,1032,965,958,958,805,817,2709,2731,658,657,571,568,1504,1495,1426,1627,2071,2206,1133,1139
bing_querylogs|config_id=7293,1598,1637,1056,1071,1113,1034,1465,1799,1149,1478,2212,3491,2482,2545,1372,1418,1481,1935,2517,1698,1614,1615,1371,931,765,1074,1095,1852,1664,1621,1564,1318,1385,1132,1130,1405,1394,1453,1185,1194,1169,1473,1549,1868,1841,1323,1127,2254,2268,925,932,2796,2832,1422,34125,2503,1525,1257,1180,820,794,1042,1048,1808,1733,1251,1007,1036,1056,1055,4027,34635,1725,1833,1486,1789,1482,1483,1237,1242,858,858,1071,1083,1456,1380,1070,1142,2222,2187,844,812,1107,1140,1451,1219,1866,1339,3822,3118,1512,1369
bing_querylogs|config_id=7305,2558,2605,1654,1538,1893,2101,2308,2604,2098,2111,2449,2600,3003,3012,2618,2320,2649,2402,2777,1630,1675,2740,2328,1389,1445,1927,2050,2319,2365,2691,2524,2167,2171,2493,2498,2582,2463,1853,2681,1868,1754,2449,2322,2816,2957,1583,1665,2622,2755,1461,1597,2571,2338,3765,1852,2119,2246,2466,2265,1204,1135,1831,1820,2803,2989,1532,1571,1560,1831,2661,2818,1771,2736,2734,2775,2286,2451,2753,2121,2247,1695,1580,1711,1597,2411,2279,1949,1656,2829,2706,1574,1307,1659,1656,2268,2063,2517,2371,2644,2741,2373,2165
bing_querylogs|config_id=7315,1668,1625,1135,1174,825,1304,1860,1554,2066,1944,1800,2908,3875,6507,1717,1880,1909,2331,3213,1266,1466,1654,1741,1535,1066,1053,1085,2185,1598,1733,2233,1103,1541,1650,1303,1959,2206,1761,2374,1280,1407,1648,1628,4323,1900,1628,1470,3962,8024,951,975,1978,2783,5789,5830,1658,1551,1784,2049,793,694,1175,1082,3818,5136,1090,1141,1157,2773,3811,1308,1848,5207,3326,2595,1865,2092,1929,1629,1897,973,1725,1514,1085,1608,1783,1446,1307,2735,2736,1020,810,957,824,1452,1429,1444,2477,9942,2687,2065,1699
bing_querylogs|config_id=7326,1564,1461,1032,1021,830,837,1288,1293,1259,1263,2135,133322,2834,2588,1151,1151,1133,3610,4037,1360,1445,2056,2064,1051,1073,1039,1078,1975,1828,1728,1722,1497,1503,1330,132284,1817,1863,852,851,127564,1370,1508,1514,1736,1745,1098,1100,1844,1844,827,807,1245,1248,2821,2869,1761,1659,1241,1393,607,603,1130,1132,1782,1813,1061,1064,1059,1089,1076,1419,1426,1975,1970,1694,1786,2237,2087,1565,1546,963,963,1122,1119,1425,1395,1258,1258,2020,2016,809,796,844,843,1386,1356,1014,1230,2114,2058,1506,1545
bing_querylogs|config_id=7330,1485,1611,1875,1551,1033,1155,1966,1441,1270,1230,2830,3726,1976,3415,1377,1495,1455,1848,2178,931,1050,1555,1443,646,813,1114,1015,1357,1547,1173,1355,1078,950,1035,961,1473,1257,1261,2013,1010,917,1020,1108,2084,1933,906,1006,1732,3834,921,841,2045,1748,1122,1149,3040,2035,1349,1199,725,737,1047,1367,1952,1463,888,830,998,943,918,1143,1160,1473,1398,1497,1511,1641,1576,1120,844,1183,1130,1026,1129,1396,1131,1201,1208,2670,2548,682,716,1600,677,1169,999,867,893,1526,3474,1204,1371
bing_querylogs|config_id=7340,1453,1454,1029,1033,838,839,1284,1289,1259,1253,2105,2105,2786,2694,1149,1149,1135,3623,4091,1254,1445,2040,2041,1063,1067,939,970,1655,1798,1704,1698,1481,1509,1326,1342,1817,1817,854,841,1378,1376,1516,1514,1734,1734,1114,1104,1850,1850,815,815,1236,1236,2840,2869,1926,1691,1253,1253,613,605,1126,1125,1574,1791,1077,1080,1053,1089,1081,1418,1422,1976,1980,1697,1793,2071,2071,1543,1552,969,963,1122,1115,1401,1401,1260,1260,2020,2022,799,808,860,842,1369,1362,1028,1213,2055,1776,1518,1523
bing_querylogs|config_id=7346,2224,2384,1295,1324,1446,1490,2484,2486,1489,1614,2047,2073,5674,4261,1801,5803,2075,4398,3745,1476,1245,2687,2445,1051,1135,1976,1850,1976,2141,2221,1930,1938,1915,1346,1791,1941,1999,3297,4434,1539,2122,1567,2115,3801,4547,1277,1502,2082,2713,1024,1023,2385,2608,2766,2159,1950,1768,1845,2206,942,916,1504,1690,2873,2512,1413,1409,1521,1685,1921,2146,2087,2103,2186,2416,2031,2440,2589,1998,1722,1537,1457,1450,1290,1847,1783,1622,1325,3168,3547,987,989,1490,1626,1821,2129,2128,2350,2212,2170,1881,1750
bing_querylogs|config_id=7354,2223,2087,1285,1056,1177,1454,1500,1736,1534,1898,2513,2383,2763,4186,2015,2088,2163,2509,2730,1604,1728,2019,2119,1178,1188,1524,1498,1532,1672,2144,2061,1851,1899,1689,1893,1959,1804,1378,2158,1517,1742,1575,1502,3380,3041,1395,1422,2345,2214,1061,1079,2345,1571,2204,2873,1832,1835,1851,1721,886,876,1443,1371,2180,2488,1191,1197,1185,1727,1536,2040,1185,2151,2679,1705,1961,2392,2171,1958,1645,1181,1169,1215,1260,1853,2030,1511,1399,5600,3572,1003,1012,1033,933,1736,1996,1909,2061,2202,2359,1489,2093
bing_querylogs|config_id=7357,1149,1131,1596,1560,821,827,2354,3139,1919,1213,1641,1712,27905,13433,2265,2098,2063,21752,23682,1791,2337,2142,2317,1045,1071,1389,1657,1768,1857,2003,2036,1539,1477,1600,1274,1338,1981,1297,2637,2118,2218,1747,1571,5898,4538,1146,1154,8870,13357,1159,1023,2322,2690,14784,22371,1810,2097,1583,1365,819,894,1848,2001,2701,2500,1180,1196,1263,7877,4291,1849,2189,2489,2960,3179,2969,1657,1879,1799,2091,1064,1343,1055,1056,1583,1698,2238,1765,3397,3647,894,879,991,1099,1650,1514,2583,2663,1931,1956,1437,1641
bing_querylogs|config_id=7382,1065,1068,862,866,815,816,957,1394,1470,1442,1521,1521,2248,2490,1782,1782,1632,1790,1992,957,1128,1407,1408,970,980,1100,1131,1273,1412,1362,1358,1403,1431,1394,1418,1702,1704,4909,4891,1058,1056,1359,1212,1580,1580,865,875,1462,1460,907,905,1677,1730,2311,2344,1442,1461,1109,1090,810,802,1055,1050,1519,1630,1118,1109,1090,961,964,921,925,1697,1731,1164,1341,1034,1034,1372,1381,1040,1046,1103,1092,1558,1558,1167,1167,1874,1961,870,869,853,835,1153,1137,989,1006,1561,1561,990,995
bing_querylogs|config_id=7386,870,871,706,709,662,663,835,834,1357,1327,1304,1380,1531,1612,1467,1467,1453,1641,2018,906,1123,1235,1284,845,855,946,977,1113,1256,1199,1195,1450,1381,1216,1066,1722,1347,1918,939,952,946,1049,977,1111,1309,710,720,1293,1293,756,750,1819,2010,1596,1546,1112,1148,1049,1057,746,647,932,897,1295,1420,846,1041,1038,872,874,1217,1232,1934,1778,1169,1392,945,945,1247,1412,1075,943,974,937,1339,1339,1051,1014,1719,1616,713,712,744,743,1140,989,813,1127,1759,1436,835,840
bing_querylogs|config_id=7388,2239,2652,1829,1713,1215,1343,2482,3747,1962,2191,2329,2426,2667,3619,1893,1755,2289,4584,4209,3196,1975,2238,2218,1302,1935,1834,1583,1789,2012,2105,2022,1938,1347,1810,1698,1362,2344,6021,5579,2361,2052,1751,1991,2737,2845,1688,1677,2980,2555,1519,1519,1952,1629,39111,7732,1885,2738,1825,1959,1357,1179,1815,1651,2219,2543,1674,1792,1988,2543,3961,2562,3332,2058,2195,2469,1852,2567,2434,1703,1809,1730,1913,1527,1638,1826,1773,1703,1871,4371,3665,1294,1324,1372,1299,1688,2143,1985,1510,2271,1791,1819,1905
bing_querylogs|config_id=7420,1602,1626,1490,1403,1032,1455,1213,1743,1649,1783,2296,2367,4740,6837,1944,1520,1900,3075,2738,1150,2016,1839,1905,1060,992,1182,1303,1737,2183,2525,1837,1972,1625,1872,1788,1872,1796,1582,4053,1493,1263,1511,1821,2136,2265,1173,1256,3223,2499,1167,1173,1751,1819,4527,3758,2365,2141,1799,1582,891,952,1659,1312,2084,2053,1398,1328,1251,3575,3124,1624,1422,2027,2452,1929,2417,1508,1864,1681,1424,1127,1120,1335,1284,1719,1629,1847,1330,3854,3187,879,975,1274,1147,1653,1752,1957,2057,2723,4150,1631,1510
bing_querylogs|config_id=7433,845,858,689,689,647,648,795,766,1272,1100,1406,1307,1886,1917,1439,1431,1494,1670,2305,787,810,1225,1226,935,843,937,974,1103,1193,1210,1178,1238,1276,1021,1255,1170,1177,3423,1405,895,884,1227,1120,1372,1083,712,706,1313,1318,746,738,1397,1343,3903,2421,1313,1064,1150,939,643,633,876,881,1255,1473,921,938,915,1023,947,746,750,1430,1533,2146,1497,876,864,1485,1209,861,1139,954,945,1368,1658,990,1005,1952,1610,704,696,674,665,936,957,970,863,1814,1264,819,827
bing_querylogs|config_id=7439,970,1527,685,673,685,694,1191,1006,998,1156,1342,1320,1963,2323,1000,1684,1076,2196,2797,865,1057,1609,1681,885,1050,1141,1122,1003,1452,1458,1513,1262,1255,974,1026,1426,1424,935,1257,892,896,1099,1106,1369,1724,715,711,1495,1460,856,885,940,949,2658,10317,1721,2902,1233,1303,756,668,962,970,1545,1891,912,988,982,3143,2161,842,869,1825,2135,998,1100,1351,1159,1483,1507,818,883,849,880,1547,1674,1110,1153,2919,2926,852,766,775,672,938,915,1117,1081,1528,1541,1255,1216
bing_querylogs|config_id=7440,860,867,722,708,671,691,789,836,1343,1256,1297,1409,1290,1323,1447,1447,1491,1454,1695,1109,914,1255,1268,893,915,965,1031,1107,1311,1223,1221,1392,1351,1206,1482,1840,1386,897,3001,943,960,971,1048,1272,1100,734,732,1268,1378,757,809,1323,1215,1515,1392,1121,1121,1002,1022,756,660,884,884,1275,1465,1034,1037,1026,760,869,757,1197,1673,1503,1137,1243,911,930,1230,1378,1070,1073,881,942,1315,1591,1024,1024,1396,2281,729,719,747,744,989,1027,880,867,1393,1570,838,840
bing_querylogs|config_id=7445,845,846,675,679,634,635,822,1273,1319,1217,1471,1471,1818,2276,1421,1421,1483,1903,3462,785,959,1228,1229,917,927,915,942,1067,1178,1178,1202,1225,1253,1192,1016,1493,1493,2884,2743,874,878,1096,1029,1253,2308,698,700,1291,1292,1027,849,1265,1327,3837,1545,1303,1129,909,909,627,619,855,854,1236,1459,905,910,899,981,871,797,730,1738,1835,1324,2182,851,851,1505,1494,1007,1173,924,909,1363,1363,986,986,2780,2779,685,684,656,647,965,958,830,847,1468,1467,812,817
bing_querylogs|config_id=7446,855,856,680,684,644,645,1129,1122,1324,1266,1345,1333,2161,1956,1664,1446,1432,1435,1683,803,982,1237,1238,936,946,936,951,1085,1238,1242,1188,1226,1262,1142,1222,1637,1638,985,4416,891,883,1006,1015,1437,1582,711,707,1227,1227,733,725,1276,1338,1971,2067,1141,1145,926,930,648,634,884,883,1240,1462,924,941,926,1009,924,844,753,1436,1643,1069,1382,867,859,1528,1521,857,857,959,934,1326,1326,998,998,1682,1816,698,697,684,666,1162,1155,836,830,1818,1762,830,835
bing_querylogs|config_id=7461,877,878,713,717,658,657,796,795,1371,1295,1411,1411,2074,1620,1457,1671,1367,1737,1829,816,976,1288,1289,1013,1023,953,988,1123,1266,1210,1206,1262,1322,1237,1247,1223,1671,2170,1711,938,937,1126,1113,1376,1376,720,724,1243,1509,758,758,1421,1585,1479,2006,1105,1153,937,933,661,653,899,898,1178,1480,941,950,935,852,852,755,759,1767,1548,1108,1352,890,890,1207,1216,822,862,948,941,1393,1329,1013,1013,1647,1486,713,712,698,680,994,987,860,877,1545,1466,848,853
bing_querylogs|config_id=7470,855,856,688,692,644,645,739,792,1326,1284,1322,1288,2109,2188,1428,1594,1580,1292,1632,836,1007,1221,1222,834,844,930,961,1096,1231,1193,1217,1233,1261,1013,1209,1431,1181,4573,2242,887,885,1203,1162,1098,1098,711,695,1399,1399,737,743,1276,1338,1312,2073,1147,1147,922,922,642,638,886,885,1217,1463,920,937,914,899,926,840,749,1642,1648,2148,1213,859,859,1528,1543,989,751,931,924,1328,1328,997,997,2109,1870,700,709,666,657,1059,966,834,838,1829,1825,843,848
bing_querylogs|config_id=7495,854,855,739,743,643,644,1343,1154,1104,1408,1318,1318,2125,2631,1518,2040,1504,2396,2198,810,963,1230,1231,1031,1041,926,957,1038,1277,1207,1203,1232,1260,1201,927,1174,1592,2736,1114,903,901,1031,1101,1630,1120,700,710,1223,1309,942,942,1274,1738,2320,2504,1167,1087,1138,1092,644,636,876,875,1240,1603,922,936,916,924,1013,721,725,1751,1975,1278,1324,952,952,1246,1261,1074,966,929,929,1532,1340,995,995,2277,2945,695,704,679,661,1078,991,840,1231,1349,1693,837,842
bing_querylogs|config_id=7517,840,841,683,687,636,635,1607,1592,1319,1069,1256,1278,1952,1964,1489,1489,1503,1908,1790,782,956,1212,1213,917,927,933,948,1034,1233,1179,1175,1222,1250,1189,1217,1165,1165,2355,5210,887,875,1031,937,1455,1031,702,698,1279,1303,833,834,1531,1333,3861,3940,1142,1142,911,911,625,617,861,860,1273,1478,917,934,905,858,903,804,740,1703,1517,1521,1706,851,851,1483,1498,1123,1123,934,921,1649,1655,953,953,2698,2748,691,700,678,660,1012,1005,846,861,1611,1963,809,814
bing_querylogs|config_id=7522,1062,1298,1017,915,894,862,1363,1376,1125,1244,3295,2940,2839,2776,1569,2080,1613,2061,2241,902,1007,1378,1388,1146,1013,1049,1107,1312,1482,1531,1312,1186,1204,1108,1279,1330,1947,1065,1329,937,956,1222,1404,1424,1508,1046,1378,1650,1518,997,973,2743,1970,2243,3056,1311,1416,1104,885,701,640,936,944,1340,1571,1063,913,902,974,964,1010,1074,1978,2918,1274,1413,1336,1196,1252,1334,1091,828,926,913,1638,1616,1007,1008,2242,2320,769,701,788,700,1154,1102,1149,1072,1711,3064,1109,1212
bing_querylogs|config_id=7536,1556,1606,874,898,1090,1337,1544,1392,1225,1517,1889,1942,3028,3983,1472,1451,1426,1897,2084,1419,1487,1555,1543,998,923,1144,1214,1756,1732,1857,1823,1370,1398,1230,1269,1726,1474,8883,1101,1245,1209,1364,1433,3365,1582,1226,1194,7947,9779,939,939,2465,2604,1149,1397,3910,6027,1294,1314,833,807,1127,1395,3508,9849,1156,1167,1424,2441,1426,1184,1238,3568,5110,2676,2944,1660,1730,1435,1420,980,970,1135,1111,1638,1733,1121,1129,1941,1770,952,905,1240,1062,1391,1334,1937,5792,2565,3060,1485,1507
bing_querylogs|config_id=7556,1662,1870,1006,992,1260,1255,1859,1919,1565,1519,2384,2397,5396,3847,1550,1862,1663,2859,3501,1929,1923,1767,1530,1144,1148,1232,1330,1981,2154,2157,2004,1719,1680,1249,1261,2460,1694,16068,3895,1623,1622,1617,1642,2708,4506,1473,1158,10095,4768,930,941,1899,7698,2682,2633,15745,8199,1494,1424,803,813,1392,1382,5724,2125,1236,1219,1696,1629,1523,2121,1424,2905,2860,4310,4010,1983,1765,1516,1596,1291,1348,1266,1183,2010,1771,1329,1333,3547,3863,1195,1150,1232,1223,1500,1499,1794,1664,5207,4717,2069,1880
bing_querylogs|config_id=7563,1452,1649,816,857,975,910,1360,1278,1085,1138,1551,1447,2099,1915,1165,1093,1183,1726,1919,1430,1485,1361,1431,891,856,1137,1216,1535,1716,1667,1589,1272,1296,1024,1036,1221,1223,1068,1129,1312,1097,1178,1266,1282,1377,1130,875,1609,1530,898,898,1314,1206,1073,2065,1384,1184,1127,1060,748,746,1014,1046,1458,1450,994,998,972,953,1039,1099,1813,1524,1880,1320,1354,1292,1317,1401,1386,942,945,1128,1002,1451,1506,999,1017,1630,2054,930,869,1058,976,1060,1069,1247,1246,2208,1840,1348,1178
bing_querylogs|config_id=7572,1549,1619,803,900,983,1138,2182,1554,1174,1144,1908,1811,3430,1733,1417,1297,1389,2946,2164,1376,1340,1530,1098,914,821,1073,2347,1709,1579,1484,1681,1183,1253,1150,1172,1543,1367,1026,2257,1188,1174,1345,1436,1458,4752,1094,894,4446,2574,889,851,1825,2529,1363,1088,1980,4009,1117,958,761,728,1067,1063,1764,6843,1015,921,1234,1259,921,1883,8345,1617,4335,6501,1363,1961,1565,1371,1394,939,898,1153,1040,1526,1599,1073,1011,1561,2288,874,869,965,959,1273,1211,7420,4628,1879,2774,1480,3894
bing_querylogs|config_id=7582,1241,1342,709,754,855,874,1258,1203,1015,1035,1317,1221,1917,1418,1101,1133,1025,1244,1234,1114,1165,1182,1260,747,766,1067,1112,1586,1418,1370,1350,1204,1197,960,966,1145,1159,934,910,1095,984,1091,976,1273,1273,992,760,1439,1554,781,764,1059,1121,1208,880,1094,1153,1006,980,682,680,950,991,1313,1396,954,881,952,1051,875,1049,1023,1383,1493,1050,1254,1200,1059,1178,1203,809,795,990,1030,1291,1325,963,957,1254,1608,800,805,919,847,964,999,880,1923,1273,1402,1110,1131
bing_querylogs|config_id=7592,2018,2095,1102,1108,1372,1254,1955,2140,1702,1418,2355,1705,2180,3479,1613,1516,1950,1906,2959,1775,1948,2000,1913,1343,1394,1363,1204,1944,2050,1917,1665,1638,1694,1877,1447,1386,1376,33981,2052,1703,1815,1794,1595,1937,2009,1310,1310,6347,5298,1321,1283,3715,4370,4020,1629,1759,3328,1234,1615,1137,883,1417,1510,2405,2242,1317,1430,1405,2586,1634,2085,31677,2046,2144,1910,35466,2230,2316,1558,1663,1367,1393,1536,1244,1525,1578,1529,1529,4218,3717,1197,1206,1394,1259,2028,1789,1829,3197,1748,2192,3785,2574
bing_querylogs|config_id=7598,1582,1485,1228,1193,1183,1281,1382,1605,1366,1405,2342,2555,4986,4106,1560,1569,1864,3807,3456,1794,1858,1505,1401,800,890,1173,1217,1528,1555,1793,2045,1122,1244,1302,1087,2062,1633,2610,2065,1126,1127,1463,1377,1449,1664,1176,1109,4727,2156,914,945,2032,5180,2713,2806,5082,1843,1463,1455,727,797,1375,1449,1734,7708,1289,1154,1436,1849,3361,1623,1539,1972,9138,1452,2318,2090,1712,1499,1483,1009,931,1240,982,1423,1412,1116,1278,5443,3136,763,782,1290,1023,1392,1544,1357,1356,2796,2850,1539,1572
bing_querylogs|config_id=7607,1392,1178,733,783,714,741,905,1087,1312,1393,1687,1435,2667,2724,1874,1529,1664,3321,1935,1532,929,1714,1487,705,830,1036,1080,1183,1675,1383,1451,1032,1350,1248,1128,1588,1449,1304,2747,990,956,1351,1352,2116,2871,1088,1103,2626,2351,836,823,1108,969,4007,3637,1723,3269,1042,1155,658,724,1013,1027,1773,1829,1250,933,1074,2780,2927,763,716,1454,1577,1951,5824,1508,1597,1224,1419,908,830,1143,1121,1264,1576,1146,1053,3940,5598,623,632,1084,869,1251,1083,1250,1515,2423,1645,1143,1277
bing_querylogs|config_id=7612,1182,1188,1012,1197,984,906,1138,1205,1044,1170,2848,1204,1885,2637,1206,1137,1363,1512,1645,1428,1090,1516,1474,953,968,1121,1078,1521,1205,1562,1271,1100,1017,999,980,1502,1503,902,1752,1109,1203,1063,1101,1489,1210,937,1035,2685,2259,856,834,1532,2019,2191,1456,1950,2734,1029,1142,974,1045,1075,930,1023,1002,1046,998,882,1927,1149,1817,1592,1759,1199,1404,1348,1522,1447,1237,1277,869,3071,921,1062,1504,1413,951,1059,2299,1319,790,764,924,734,1268,980,1109,1321,2265,1484,1224,1261
bing_querylogs|config_id=7617,1422,1279,1347,1095,892,1062,1263,1398,1325,1393,1807,1865,3318,4051,1354,1327,2211,2319,2269,1295,1799,1564,1652,895,891,1049,1169,1458,1589,1788,1835,1186,1227,1330,1377,1479,1620,1571,1454,1146,1136,1338,1209,2585,2317,1165,804,2264,2033,968,891,1587,1473,3776,4064,3225,1996,1343,1186,762,781,1242,1095,2241,1928,1129,1145,1094,2845,1459,1013,1515,1687,2679,1589,1068,1625,1564,1371,1572,1001,925,1127,1046,1600,1526,1083,1039,2399,2414,900,802,1021,982,1503,1205,1925,1972,2065,2350,1416,1047
bing_querylogs|config_id=7626,1391,1325,1236,1231,1154,1229,1483,1542,1141,1281,2099,1926,2324,2042,1359,1515,1357,1864,2102,1592,1697,1523,1352,934,975,1099,1133,1643,1582,1656,1663,1104,1114,1315,1320,1626,1380,1616,1111,1124,1124,1358,1293,1524,1531,1171,1088,6040,3183,972,1067,1537,1447,1544,1750,2010,1835,1205,1272,830,836,1267,2062,1996,11175,1129,1128,1246,1448,1399,1466,1554,2876,2038,1365,1514,1630,1626,1324,1332,1098,1121,1143,1156,1534,1746,1126,1174,2245,2143,1039,903,1063,1194,1441,1360,1537,1130,2319,1956,1651,1644
bing_querylogs|config_id=7631,1159,1149,954,966,870,907,1104,1072,1089,1073,1386,1477,2130,2003,1256,1228,1130,1923,1953,1219,1223,1356,1198,834,925,1211,1270,1408,1376,1508,1493,1181,1002,1106,1111,1390,1425,864,851,1007,986,1016,1023,1315,1382,928,934,1431,1485,873,887,1036,1026,1236,1281,1050,1382,1070,1122,748,750,1035,1039,1439,1398,1043,1009,953,1118,1110,1087,1041,1505,1374,1229,1237,1252,1267,1228,1246,1054,1054,957,912,1443,1458,1023,1000,1826,1530,824,823,959,940,1045,1077,862,1319,1546,1568,1293,1270
bing_querylogs|config_id=7636,895,942,749,651,645,643,981,1118,878,1028,1176,1106,1447,1885,870,821,813,1122,1078,830,917,1085,1116,731,728,1091,1144,907,894,1360,1168,1035,1023,865,829,994,944,825,910,877,896,979,807,1190,1198,734,733,997,993,773,719,783,785,947,987,857,926,865,863,638,628,874,834,1120,1066,774,750,752,931,789,820,864,1170,1404,731,783,987,1201,1034,1040,666,738,786,884,1087,1161,852,825,1056,1066,738,693,691,685,821,845,630,679,1233,1155,1010,952
bing_querylogs|config_id=7668,1170,1172,650,632,586,590,765,1041,859,885,1114,1119,1975,2037,1113,1149,1099,1254,1378,656,747,1319,1332,719,753,1046,1114,881,904,1097,1097,1001,1008,906,881,957,931,591,660,738,734,967,939,2625,8148,627,648,1448,1409,723,657,765,785,6352,6369,969,946,820,804,589,586,807,1204,1204,1203,959,956,958,675,712,702,687,1230,1384,731,755,867,868,1042,1038,691,680,744,750,1170,1159,833,843,1263,1095,657,651,579,566,925,913,759,763,1304,1224,1111,1517
bing_querylogs|config_id=7680,967,969,807,787,718,708,954,949,1519,1296,1496,1634,2108,2347,1563,1589,1534,2166,1860,1216,1246,1302,1285,848,860,988,1147,1163,1870,1320,1278,1196,1220,1329,1344,1429,1186,2042,2214,935,940,1263,1226,1219,1235,1349,928,1429,1390,785,785,2431,2216,1984,2002,1130,1130,928,888,660,653,927,925,1926,1673,990,983,930,983,1068,1077,1122,1680,1683,1639,2610,1018,994,1583,1586,790,857,994,1031,1448,1554,1006,1005,1645,2186,710,720,680,691,1026,1034,1101,1217,1854,1906,986,1052
bing_querylogs|config_id=7691,847,858,680,752,638,639,769,742,1232,1072,1263,1315,2062,2092,1426,1712,1412,1935,1951,821,1010,1225,1226,950,960,914,949,1073,1234,1218,1180,1229,1257,1194,1202,1165,1160,2356,2247,888,880,1096,1026,1257,5254,695,705,1323,1618,1026,1060,1269,1534,1499,3816,1139,1135,926,1000,638,630,878,874,1146,1464,918,935,922,951,940,834,743,1430,1819,1190,1266,852,852,1535,1562,761,761,929,914,1652,1368,987,987,2322,2644,690,699,660,651,1076,961,861,1044,1402,2327,810,815
bing_querylogs|config_id=7697,1369,1292,965,1073,990,1067,1187,1171,1283,1237,1857,1384,3982,4730,1340,1451,1382,2027,2041,1584,872,1511,1877,914,877,1072,1026,1426,1428,1679,1351,1076,1155,1241,1216,1290,1579,2721,1668,1007,936,1308,1209,1848,2029,910,843,1902,1727,905,935,1232,1285,5553,3118,2594,1269,1291,1118,769,796,1154,1002,1626,1510,1030,1045,1196,2027,1706,1013,1150,1412,1683,1100,1125,1682,1396,1248,1455,927,935,1144,1001,1302,1460,1151,1179,1996,4634,883,692,1008,1370,1227,1151,1501,2158,2341,1694,1314,1147
bing_querylogs|config_id=7700,1636,1636,1350,1391,788,789,1086,1363,1659,1734,1914,1707,2624,3471,1745,1832,1716,2182,2746,2079,1646,1741,2051,1051,1061,1653,1446,1704,2067,1332,1733,1730,1483,1563,1528,2291,2604,2582,1782,1355,1397,1943,1989,2044,1963,1116,1076,1894,1972,1030,936,2000,2217,2908,2836,1458,1557,1299,1277,753,745,1210,1150,2360,2525,1351,1347,1417,985,868,2289,2022,2276,2303,2037,2395,2134,2124,1555,1562,1007,995,1242,1159,1992,1977,1280,1252,2027,2473,935,944,877,910,1474,1266,1290,1376,1506,2103,2134,1493
bing_querylogs|config_id=7710,1453,1282,768,850,685,782,1015,961,1360,1366,1414,1381,2010,1670,1705,1421,1693,1659,1952,961,948,1458,1402,861,872,1049,1088,995,1226,1308,1296,1358,1386,1382,1377,1990,2036,1929,1501,986,989,1241,1379,1448,1346,764,747,1539,1532,736,736,1398,1155,1330,1476,1117,1100,1197,1175,759,751,1128,1009,1527,1709,950,987,1011,797,896,878,801,1518,1538,1234,1329,1246,1862,1231,1271,991,991,963,993,1408,1408,1195,1174,1771,1673,761,789,759,736,1435,1124,1005,913,1443,1572,1243,1179
bing_querylogs|config_id=7716,867,858,675,679,634,635,778,771,1365,1279,1309,1425,1667,1604,1333,1359,1319,1487,1666,795,983,1212,1213,795,805,989,1020,1095,1256,1146,1156,1253,1281,962,1220,1651,1501,830,899,876,874,1019,1019,1359,1361,696,692,1420,1408,707,703,1556,1796,1801,1581,1181,1023,921,917,671,663,863,862,1204,1331,903,926,891,670,794,736,740,1526,1524,1563,1514,863,863,1255,1264,803,893,910,915,1379,1305,986,986,1424,1918,701,710,668,650,977,988,828,1016,1381,1398,850,855
bing_querylogs|config_id=7731,1047,905,727,725,670,686,779,877,1249,1321,1270,1266,1702,1630,1496,1410,1426,1586,1612,825,848,1230,1225,851,861,936,967,1270,1404,1347,1337,1256,1284,1014,1028,1423,1423,1102,1020,899,897,1036,990,1176,1360,736,726,1284,1326,803,807,1560,1603,1381,1545,1103,1123,912,912,675,671,907,892,1393,1551,927,932,903,940,1062,745,749,2019,1713,1391,1437,915,915,1523,1490,893,953,926,927,1559,1565,962,962,1611,1718,753,752,718,697,955,965,850,1130,1417,1417,850,855
bing_querylogs|config_id=7735,1972,1982,1356,1345,620,664,2516,2584,1496,1490,1902,1956,3608,3526,1364,1364,1347,4865,5308,1361,1435,1633,1631,813,801,1002,1082,1617,1623,1182,1182,1128,1125,1354,1350,1068,1071,1217,1211,1252,1266,1471,1462,3279,3279,1727,1715,1566,1586,715,715,1192,1181,2152,2125,973,949,998,998,586,599,808,815,1666,1664,783,777,769,2442,2393,1659,1706,1819,1893,4687,4847,1197,1249,1199,1216,942,942,1092,1092,1218,1212,907,873,1983,1877,729,729,615,608,1523,1512,1524,1568,1801,1802,1250,1253
bing_querylogs|config_id=7744,855,856,688,692,644,645,791,750,1254,1494,1344,1344,1602,1334,1424,1338,1324,1578,1786,788,805,1227,1228,810,820,996,1035,1110,1253,1175,1233,1269,1297,1167,1223,1270,1626,800,790,889,887,1045,1080,996,1302,701,705,1245,1267,707,783,1546,1574,1246,1289,1039,1235,930,926,694,700,886,885,1233,1451,920,957,914,680,680,814,749,1856,1681,1274,1619,871,871,1314,1203,811,809,931,944,1330,1330,997,997,1430,1426,718,727,680,662,961,1042,829,1013,1398,1313,863,868
bing_querylogs|config_id=7752,1124,970,782,786,698,705,893,878,1331,1192,1363,1363,1581,1336,1603,1465,1490,1620,1681,1146,953,1289,1313,906,949,994,1024,1252,1517,1425,1385,1373,1401,1563,1567,1874,1442,948,970,974,967,1053,1087,1371,1405,780,776,1449,1378,814,808,1754,1788,1281,1230,1176,1156,1137,1131,771,691,952,949,1252,1530,1039,1060,932,738,739,1243,1221,1745,1791,1457,1462,931,931,1276,1484,951,893,956,949,1391,1451,1131,1103,1580,1591,773,834,805,787,1091,974,856,1061,1724,1658,893,896
bing_querylogs|config_id=7756,1118,1076,845,828,674,891,1264,921,906,999,1373,1155,1878,1863,1000,1021,1007,1580,1554,997,1040,1477,1403,846,805,1173,964,1156,1264,1630,1319,1158,1180,1042,933,1097,1042,1072,996,1317,926,1010,979,1391,1470,1101,1083,1335,1179,838,897,919,1142,2996,801,717,1094,1056,1338,764,785,941,974,1174,1281,795,857,857,935,1865,961,981,1417,1530,1168,941,1093,1097,1456,1355,1038,939,969,928,1336,1373,696,960,2561,1908,843,848,712,662,991,1020,988,1230,1386,1291,1127,1033
bing_querylogs|config_id=7764,1414,1433,901,905,875,876,909,1186,1154,1302,1691,1602,1766,1979,1610,1654,1706,1930,2207,1027,1179,1379,1341,866,876,1279,1085,1328,2016,1681,1561,1709,1533,1152,1753,2054,1665,1015,1018,970,968,1618,1567,1371,1380,1002,1006,1684,1536,1021,1015,1585,1507,1809,1796,1294,1389,1093,1282,726,729,1176,891,1648,1959,1135,1063,1135,837,826,1509,910,2149,1949,1631,1696,1643,1341,1906,1946,860,1035,1232,1027,1491,1486,1189,1221,1792,1715,903,912,991,971,1528,1231,1001,1302,1542,1988,1106,1111
bing_querylogs|config_id=7770,1347,1132,1077,922,832,1203,1383,1331,1197,1108,1609,1712,2071,2051,1150,1155,1258,2119,1631,1594,1550,1221,1411,937,1044,1505,1453,1248,1371,1550,1309,1350,1154,1106,1052,1178,1502,1313,1034,1212,1150,1212,1124,1425,1623,1155,1093,1363,1511,1188,1046,1081,1198,1366,1233,1199,1288,1042,1084,930,991,1295,1146,1534,1474,1047,970,1011,1104,1159,1269,1565,1593,1754,1290,1059,1274,1530,1452,1398,1525,1159,1202,1041,1439,1399,1058,1139,2215,2002,993,957,954,869,1110,1140,1293,1339,1655,1415,1332,1265
bing_querylogs|config_id=7773,877,868,692,690,652,659,804,761,1108,1378,1259,1297,1800,1334,1345,1376,1342,1375,1633,830,819,1231,1247,808,818,1002,1033,1128,1266,1241,1262,1272,1300,1435,1238,1802,1269,765,868,921,887,1100,1023,1317,1391,697,705,1277,1263,711,747,1609,1628,1576,1980,1207,1051,928,936,692,688,884,883,1252,1422,916,903,938,808,804,817,765,1755,1978,1430,1354,871,871,1201,1371,985,811,923,912,1334,1370,998,996,1504,1453,708,723,680,668,970,1117,843,858,1409,1734,870,839
bing_querylogs|config_id=7780,1681,1722,1211,1218,1061,1065,5099,3806,1343,1292,2247,2508,6384,6829,1604,1480,1522,11399,21797,1592,1600,1705,1774,1001,1004,1307,1195,1828,2141,1804,1966,1507,1460,1201,1205,1675,1473,2653,1602,1416,1386,1586,1807,5056,3042,950,962,4036,2963,1072,969,1263,1379,21523,18519,8037,35631,1374,1363,696,741,1340,1362,2985,5265,1017,1032,997,12115,9830,1416,1412,6798,5611,2240,2414,2127,2045,1808,1788,1251,1248,971,957,2236,2229,1268,1214,14575,3246,873,873,1046,990,1378,1575,1731,2029,5807,6678,1487,1581
bing_querylogs|config_id=7784,869,870,678,684,638,639,747,746,1362,1160,1283,1261,1691,1582,1338,1368,1324,1418,1735,804,828,1307,1218,808,818,992,1023,1111,1282,1156,1144,1265,1293,1062,1190,1445,1201,834,816,898,882,1068,1024,1349,1319,701,697,1439,1305,706,705,1448,1543,1548,1535,1141,1033,938,932,678,670,864,877,1153,1432,914,953,884,678,672,851,741,1800,1455,1372,1465,864,864,1341,1295,805,769,941,924,1362,1310,987,987,1577,1351,706,715,672,654,980,949,833,856,1718,1781,848,853
bing_querylogs|config_id=7790,1430,1510,623,810,738,653,893,1335,1109,983,1203,1212,2598,2633,1722,1960,1926,3608,1658,987,886,1994,1344,1006,987,1176,1097,1233,1291,1936,1764,1160,1307,951,989,1065,1070,998,1122,973,955,1357,1377,8593,8631,923,914,2170,1701,830,859,1145,1114,3587,1651,1253,1097,1019,1154,763,617,1379,1352,1373,1356,1128,1119,979,995,2020,2309,1332,1871,2158,1754,1781,1075,1448,1395,1452,886,1055,851,824,1576,1606,953,892,2421,2223,946,802,771,747,1323,1273,958,1202,2044,2082,1326,1373
bing_querylogs|config_id=7793,858,847,679,683,635,636,748,747,1353,1321,1291,1299,1646,1566,1339,1215,1207,1368,1656,801,962,1218,1219,801,811,995,1026,1097,1258,1211,1255,1252,1280,1180,1348,1259,1637,803,751,880,876,1027,1067,1033,993,690,694,1270,1286,706,706,1118,1681,1476,1390,1147,1326,920,921,677,669,877,876,1192,1424,909,934,897,677,671,815,750,1704,1837,1396,1730,864,864,1347,1362,768,770,942,909,1363,1363,992,992,1497,1335,701,710,671,651,966,1257,832,849,1455,1626,851,856
bing_querylogs|config_id=7800,1927,2195,1539,1363,1283,1292,4846,4107,1571,1414,2179,2448,7665,5705,1624,1649,1858,8311,8826,1464,1745,1826,1744,1000,1185,1299,1306,1931,2037,2232,2055,1589,1599,1448,1448,1697,1815,2790,2690,1627,1528,1697,2294,5025,4534,1214,1149,7171,3682,1095,1212,1476,1381,25945,26954,10932,1884,1578,1515,872,870,1375,1558,3761,5567,1226,1228,1280,8683,7945,1609,1691,5937,5738,2649,2627,2220,2069,2127,2154,1611,1315,1099,1034,1985,2451,1494,1494,3758,3947,1055,972,1276,1295,1915,1271,2371,2041,3121,3386,1459,1824
bing_querylogs|config_id=7803,1203,1186,736,738,672,673,848,857,1263,1309,1350,1302,2103,1550,1385,1385,1578,1614,1795,852,846,1246,1241,870,880,975,1008,1251,1257,1421,1405,1305,1333,1194,1170,1700,1230,1144,958,898,896,1021,1047,1389,1181,743,747,1292,1482,841,797,1474,1550,1507,1723,1298,1309,1012,925,716,655,930,929,1356,1582,936,941,918,844,899,793,868,1766,1543,1345,1384,927,927,1287,1317,802,2831,933,938,1532,1351,987,987,1572,1748,772,726,726,703,1103,980,1034,1099,1556,1368,873,878
bing_querylogs|config_id=7811,972,973,1042,1071,877,905,939,938,1127,1324,1934,1547,2336,2266,1747,1584,1653,1816,2191,1095,1015,1395,1318,841,851,1179,1193,1400,1417,1564,1644,1709,1733,1316,1383,1997,1361,1168,932,912,918,1879,1567,1454,1628,845,841,1575,2126,1191,1132,1648,1712,1646,1591,1424,1462,1171,1171,744,736,952,952,1723,1612,1302,1214,1025,838,941,908,1532,2207,1853,1533,1730,1739,1834,1669,1809,980,1043,1073,1171,1366,1366,1294,1268,1973,2227,909,918,1206,1161,1363,1196,1158,1201,1368,1711,1055,1108
bing_querylogs|config_id=7818,846,847,683,687,636,637,774,773,1377,1373,1250,1246,1573,1605,1327,1337,1301,1453,1611,788,801,1220,1221,801,811,995,1026,1072,1219,1145,1209,1256,1284,1343,1297,1257,1257,856,861,883,881,934,919,993,993,698,694,1393,1247,704,703,1352,1722,1187,1670,1026,1026,931,907,633,625,861,860,1152,1424,935,942,917,679,682,736,740,1785,1667,1600,1424,863,863,1281,1169,791,791,918,923,1359,1359,990,990,1375,1329,701,698,696,673,988,1199,846,863,1461,1382,847,852
bing_querylogs|config_id=7828,1370,1695,907,911,921,920,878,857,1308,1392,1841,2040,1914,1994,1592,1577,1672,1817,1730,1498,1075,1576,1465,896,924,1272,1332,1656,1889,1924,1872,1605,1754,1278,1535,1410,1384,893,887,1162,1033,1610,1874,1796,1955,890,921,1509,1467,847,883,1683,1577,1536,1828,1283,1192,1170,1170,726,739,936,930,2082,1575,1060,1323,1105,743,773,1443,1432,1804,1858,1548,1882,1314,1609,1630,1446,1054,1070,1111,1206,1880,1940,1351,1340,1943,1871,886,895,1128,884,1222,1255,1184,1198,1475,1475,1110,1188
bing_querylogs|config_id=7834,1539,1875,1212,1043,1173,1085,1964,1596,2014,1595,2186,2076,7354,8709,2065,1978,1688,4198,4446,1548,1705,2315,1638,976,1030,1271,1123,1713,1888,2114,1987,1262,1290,1539,1316,1999,1984,2986,1952,1281,1247,1580,1634,3517,5036,933,1189,5633,4343,964,951,1577,1453,6156,4319,2592,3573,1664,1732,758,756,1670,1424,1998,2042,1155,1208,1259,3160,2623,1442,1391,2328,2131,1269,1448,2038,2635,1612,1534,1146,1235,1229,1356,1631,1744,1311,1360,3616,2113,789,754,1192,1399,1552,1666,2246,2428,2572,3100,1702,1862
bing_querylogs|config_id=7838,962,963,737,739,687,694,907,883,1399,1391,1281,1281,1811,1839,1505,1419,1491,1885,1761,858,881,1242,1237,859,869,973,1012,1156,1299,1215,1211,1288,1316,1239,1037,1716,1687,1088,897,938,936,1024,1024,1361,1361,746,736,1287,1387,814,814,1703,1775,1508,1526,1110,1116,938,938,688,684,908,907,1388,1546,944,963,913,978,1108,815,781,1529,1503,1601,1557,942,942,1262,1192,902,1178,935,930,1326,1326,971,971,1601,1627,763,772,727,706,1243,977,1078,1044,1477,1444,887,892
bing_querylogs|config_id=7861,1183,1170,753,763,688,685,807,806,1241,1254,1312,1377,1694,1722,1404,1440,1446,1623,1836,871,888,1265,1260,917,927,993,1024,1280,1393,1276,1290,1344,1372,1451,1445,1260,1766,951,936,956,954,1059,1060,1256,1236,780,770,1319,1319,766,762,1664,1474,1245,1295,1337,1052,997,999,719,718,949,942,1337,1560,963,966,938,830,830,793,762,1891,1604,1444,1472,942,942,1394,1407,940,940,966,961,1354,1431,1015,1015,1716,1642,775,790,741,732,1193,1007,1024,1213,1507,1507,898,903
bing_querylogs|config_id=7867,861,860,687,691,652,653,757,802,1268,1362,1254,1251,1583,1264,1341,1326,1310,1502,1694,787,958,1232,1233,814,821,1005,1034,1182,1266,1219,1144,1266,1297,1234,1067,1681,1506,1006,919,893,894,932,1090,987,999,700,706,1440,1395,804,705,1647,1298,1611,1602,1042,1048,937,937,723,687,877,877,1225,1399,945,966,919,693,693,778,745,1690,1677,1367,1352,860,876,1261,1171,805,819,930,919,1320,1366,969,974,1607,1426,714,728,674,663,984,959,848,838,1402,1453,842,824
bing_querylogs|config_id=7878,928,929,756,760,735,870,807,840,1343,1405,1448,1376,1909,1400,1482,1482,1532,1603,1716,853,877,1283,1284,971,981,1048,1079,1216,1407,1320,1326,1352,1380,1479,1469,1813,1801,1029,1029,1004,1001,1199,1167,1152,1158,807,817,1460,1460,818,836,1817,1325,1270,1350,1119,1119,1035,1065,741,733,1012,1003,1354,1573,1034,1039,1048,738,738,961,882,1847,1843,1102,1342,985,952,1266,1327,861,865,1029,1022,1456,1456,1134,1134,1734,1606,804,790,808,771,1125,1075,911,922,1349,1480,909,968
bing_querylogs|config_id=7886,996,855,681,679,660,652,737,736,1254,1278,1288,1274,1825,1755,1296,1388,1380,1722,1946,790,813,1312,1225,807,817,998,1027,864,1251,1179,1201,1214,1286,1213,1261,1622,1656,869,877,933,931,1073,1035,1310,1200,706,702,1259,1255,716,715,1652,1502,1213,1259,1123,1061,923,1018,644,636,870,869,1170,1388,912,905,919,799,814,729,733,1471,1487,1880,1566,872,872,1182,1187,830,804,940,941,1322,1322,995,995,1777,1458,719,720,677,659,974,1007,840,857,1829,1350,829,834
bing_querylogs|config_id=7891,1511,1526,1181,1171,1004,1304,1501,1511,1025,1017,3210,2335,8373,7471,1329,1274,1495,2008,2306,1381,1394,1653,1650,697,733,924,953,1700,1797,1544,1478,1147,1159,1326,1347,1368,1367,1026,1297,1291,1340,1378,1330,2003,2012,1402,1083,5163,2571,867,893,1377,1673,2668,2930,10379,3192,1363,1321,627,646,1099,1002,2546,5224,1128,929,953,1210,1204,1620,1618,2056,2174,1606,1645,2576,1647,1431,1418,941,995,1095,1100,2284,1319,1130,1157,1968,2016,767,772,924,936,1335,1190,1165,1189,3586,2034,1532,1639
bing_querylogs|config_id=7892,1355,1414,866,885,1186,1276,1231,1616,1366,1298,1572,2068,2079,1998,1545,1627,1831,1909,2039,1712,1651,1454,1439,910,919,1139,1176,1390,1416,1477,1654,1356,1289,1206,1124,1512,1510,2899,2546,1306,1220,1384,1290,1824,1559,986,1049,1804,1841,943,977,1374,1613,1212,1350,1751,2831,1328,1317,739,737,1139,1243,1481,1512,1035,1024,1058,1073,1261,1950,2209,2012,1955,1463,1987,1439,1440,1302,1307,1075,1095,1117,1167,1481,1582,1252,1228,2414,1998,926,949,1138,1022,1087,1169,1225,1979,2152,2570,1344,1306
bing_querylogs|config_id=7893,1497,1578,1123,1142,1252,1319,1294,1411,1205,1252,1678,1780,2666,1767,1325,1396,1342,1971,2114,1126,1249,1463,1579,949,946,1038,1281,1419,1691,1450,1514,1324,1373,1175,1276,1303,1289,1007,1008,1149,1114,1334,1292,1779,1627,1075,1117,1604,1438,937,930,1305,1221,2841,17386,30418,1581,1413,1451,770,749,1072,1182,1827,1762,1205,1160,1053,869,938,1431,1484,1860,1843,1377,1491,1524,1568,1314,1359,1139,1211,1163,1158,1427,1442,1185,1180,2264,1793,874,845,1165,1115,1243,1212,1317,2468,1577,1866,1285,1331
bing_querylogs|config_id=7894,928,929,756,760,735,740,841,800,1351,1339,1456,1480,1674,1670,1787,1505,1468,1669,1704,853,877,1283,1284,971,981,1020,1079,1330,1547,1310,1316,1340,1380,1479,1399,1813,1724,1029,740,1007,1001,1172,1167,1152,1358,821,817,1460,1332,818,818,1552,1824,1270,1457,1279,1119,1137,1073,771,733,1012,1011,1346,1568,1034,1039,1026,738,738,868,882,1638,1784,1315,1272,985,985,1264,1273,917,917,1035,1042,1452,1452,1134,1134,1734,1661,781,803,743,725,1087,1080,877,936,1349,1482,879,914
bing_querylogs|config_id=7902,1174,1128,743,737,671,679,848,833,1393,1291,1285,1304,1647,1788,1511,1503,1378,1673,1616,836,1012,1250,1251,894,891,973,1004,1155,1571,1294,1359,1313,1341,1295,1499,1717,1233,913,957,919,911,1035,1052,1259,1400,756,740,1355,1230,835,818,1108,1430,1114,1275,1119,1166,1033,915,680,652,926,1085,1243,1545,947,952,941,806,805,846,781,1710,1656,1588,1695,918,916,1469,1488,1179,898,944,928,1389,1302,978,1033,1542,1617,777,776,711,720,993,986,1010,1053,1541,1322,876,881
bing_querylogs|config_id=7910,932,933,726,734,670,755,803,802,1287,1293,1302,1265,2084,1600,1497,1499,1525,1648,1774,826,843,1235,1230,858,868,941,980,1238,1425,1342,1358,1316,1344,1147,1292,1733,1438,1554,868,936,934,1051,1021,1406,1138,739,729,1318,1318,815,821,1532,1765,1263,1302,1162,1125,928,928,680,672,904,897,1362,1617,932,943,924,829,836,783,793,1648,1647,1691,1436,915,915,1528,1394,827,1097,927,932,1301,1302,992,986,1704,1708,768,777,726,708,1239,1073,869,1053,1448,1735,862,853
bing_querylogs|config_id=7920,1051,1364,782,888,852,750,1079,1118,1209,1388,1428,1391,2016,1579,1526,1446,1571,1685,2176,896,907,1506,1536,879,945,1068,1058,1650,1556,1168,1179,1238,1270,1376,1388,1729,1463,3773,1742,884,884,1390,1180,1446,1355,935,704,1675,1670,819,789,1314,1390,1618,3062,1180,1144,1059,922,730,813,950,1110,1356,1631,885,1007,1046,823,955,918,1073,1752,1549,1543,1651,1463,1098,1324,1415,1121,1147,916,1196,1631,1620,1006,1015,1816,2044,722,744,829,730,1108,990,1021,1021,2039,1884,1123,1090
bing_querylogs|config_id=7932,1286,1909,960,1168,836,1010,2438,2258,1391,1551,1645,2038,6516,19982,1271,1683,2079,19439,18665,1112,1197,2125,1674,1157,1299,1142,1244,1206,1581,1688,1741,1344,1350,1319,1079,970,1485,1842,1735,1888,1499,1724,1756,2848,2628,924,1242,2681,5520,1330,1450,2001,1514,25049,21561,1602,1489,1344,1184,1040,750,1393,1233,1887,1953,1306,1240,1107,5407,3517,1646,3259,2991,1884,1610,2406,1593,1936,1386,1344,1174,1159,1140,1292,1580,1619,1480,1546,4437,3222,845,915,773,743,1185,1317,1521,1133,1675,1279,1464,1412
bing_querylogs|config_id=7939,870,871,709,749,714,724,839,800,1167,1163,1426,1320,1607,1562,1287,1415,1283,1574,1698,940,907,1241,1242,824,912,1016,1047,1260,1403,1263,1245,1455,1459,1261,1436,1445,1436,853,839,950,948,1037,1037,1195,1401,718,714,1505,1505,800,800,1748,1457,1725,1142,1206,1284,1145,1117,828,755,916,947,1216,1593,954,959,946,703,697,772,921,2033,1609,1501,1577,893,893,1243,1253,823,823,970,951,1343,1343,1058,1113,1512,1398,721,784,813,793,1078,971,1003,872,1478,1448,847,884
bing_querylogs|config_id=7944,875,876,688,688,650,653,745,744,1326,1236,1357,1357,1615,1624,1214,1392,1314,1570,1776,821,1007,1217,1218,806,816,994,1025,1143,1256,1148,1282,1272,1300,1140,1230,1205,1205,992,780,913,911,1101,1062,1013,1263,699,687,1255,1255,703,703,1527,1902,1432,1750,1033,1033,920,926,676,668,880,879,1209,1364,908,901,932,951,671,804,737,1921,1744,1388,1446,863,863,1260,1279,767,789,941,896,1362,1362,990,990,1378,1445,728,709,680,667,982,975,835,848,1636,1742,848,853
bing_querylogs|config_id=7954,1155,1156,738,736,688,689,850,847,1315,1244,1336,1288,1638,1594,1535,1509,1495,1818,1743,860,1013,1250,1245,890,900,975,1003,1370,1435,1362,1304,1312,1340,1237,1227,1543,1221,831,820,911,894,1027,1027,1414,1208,757,753,1297,1797,837,813,1626,1331,1588,1674,1210,1302,936,936,718,722,928,931,1278,1576,940,945,922,789,897,873,809,1693,1758,1214,1411,924,924,1285,1310,961,1462,941,922,1530,1349,1027,1027,1697,1756,770,779,730,703,984,1158,863,1091,1415,1495,882,887
bing_querylogs|config_id=7959,904,905,729,733,672,688,1260,874,1390,1250,1299,1471,1312,1686,1414,1444,1486,1748,1615,831,1001,1235,1236,853,863,962,997,1178,1368,1383,1355,1253,1281,1270,1194,1623,1711,1303,1062,902,900,1007,1018,1170,1378,738,748,1319,1319,814,810,1629,1763,1462,1478,1140,1069,903,983,691,683,893,892,1312,1535,933,944,915,802,780,846,850,1628,1673,1491,1751,921,921,1461,1470,1329,1129,928,930,1299,1499,969,964,1662,1639,757,766,724,701,1090,1048,1010,1054,1538,1355,847,852
bing_querylogs|config_id=7965,1195,1056,868,866,824,816,921,956,1550,1596,1539,1543,2037,1899,1500,1500,1514,1823,1912,960,984,1397,1398,980,990,1174,1205,1367,1502,1420,1420,1428,1467,1460,1500,1861,1861,1045,957,1098,1096,1251,1381,1226,1226,869,915,1612,1562,957,937,1764,1728,1591,1603,1419,1520,1119,1119,904,900,1111,1110,1525,1671,1114,1098,1096,859,859,957,917,1647,1975,1422,1544,1046,1046,1382,1369,1008,1008,1107,1110,1542,1542,1146,1146,1662,1639,886,887,853,835,1306,1127,1011,1004,1567,1801,1009,1014
bing_querylogs|config_id=7970,913,871,693,727,627,672,783,806,1066,1080,1204,1275,1633,1732,1268,1304,1407,1423,1667,779,808,1229,1280,802,818,952,1012,1094,1144,1174,1186,1210,1246,1172,1127,1580,1694,879,950,876,879,974,1069,1241,1243,742,756,1171,1260,723,725,1038,1012,1123,1152,1085,1254,920,978,659,664,882,845,1185,1434,864,847,860,750,760,716,728,1413,1530,1090,1119,986,947,1171,1182,781,758,950,955,1285,1271,963,975,1392,1308,714,738,667,652,950,1029,825,815,1402,1315,915,945
bing_querylogs|config_id=7978,1098,944,713,717,746,709,804,763,1187,1279,1363,1363,1567,1556,1419,1379,1353,1449,1730,817,843,1246,1247,915,925,1023,1054,1157,1286,1178,1250,1290,1318,1273,1281,1732,1301,880,907,932,932,1063,1001,1050,1362,714,712,1277,1285,812,812,1647,1489,1579,1507,1055,1111,1011,1011,655,647,901,900,1266,1400,923,968,933,701,707,851,773,1808,1559,1437,1637,908,908,1317,1331,1010,824,952,937,1391,1391,1013,1013,1432,1629,723,732,693,679,1086,993,858,875,1327,1434,862,875
bing_querylogs|config_id=7989,1299,1382,734,736,682,698,836,835,1357,1325,1336,1288,1561,1537,1534,1539,1540,1593,1529,855,1025,1241,1249,900,904,975,1006,1257,1421,1410,1392,1296,1351,1478,1089,1457,1457,1054,1246,945,942,1079,1069,1410,1410,759,729,1401,1297,837,815,1670,1505,1384,1539,1078,1159,1043,944,718,720,912,905,1249,1526,942,947,924,823,816,858,829,1513,1674,1265,1544,924,924,1578,1262,826,1306,937,936,1402,1330,1007,972,1636,1654,756,823,730,707,974,1033,1071,1095,1480,1392,888,893
bing_querylogs|config_id=7997,972,989,764,768,743,756,995,990,1250,1274,1434,1418,1673,1950,1464,1464,1502,1698,2163,996,1167,1293,1320,873,883,1098,1139,1264,1353,1433,1408,1344,1372,1061,1141,1313,1812,1678,1166,997,987,1100,1102,1134,1429,875,877,1429,1371,916,918,1716,1383,1874,1633,1323,1464,1032,1048,760,736,974,943,1376,1454,1018,1005,990,830,775,933,940,2029,1714,1398,1522,974,976,1446,1440,870,1032,997,980,1500,1364,1052,1101,1580,1596,804,811,756,742,1066,1063,935,1095,1673,1762,894,913
bing_querylogs|config_id=8021,1073,987,672,654,648,649,1127,1035,914,873,1154,1007,1669,2296,1056,1141,906,1287,1699,719,732,1254,1199,824,730,1052,1120,1010,1256,1181,1014,1180,1198,853,907,1280,1229,1374,1322,839,881,923,867,1320,1390,726,724,1407,1412,809,815,940,923,3089,3360,83638,2507,1209,1154,654,677,886,915,1277,1125,937,1150,1069,2042,3892,887,842,1423,1511,1020,1063,938,1289,1222,1296,1080,1611,825,899,1092,1106,1117,1046,1634,2488,757,759,667,659,854,883,1168,1151,1246,1241,1163,1233
bing_querylogs|config_id=8044,1857,1859,1350,1351,525,529,2617,2511,1327,1328,1728,1726,3672,3626,1326,1332,1364,6400,6662,1266,1406,1326,1357,862,870,762,879,1454,1469,898,896,1058,916,1216,1216,881,982,1125,1094,1065,1065,1410,1410,3233,3234,1679,1661,1805,1715,612,612,1150,1150,2906,2890,967,958,901,882,501,499,680,677,1898,1777,645,647,641,2866,2754,1708,1639,1487,1470,4781,4494,1138,1141,1150,1159,822,777,959,953,946,946,793,725,2619,2619,594,645,521,518,1413,1411,1405,1381,2059,2194,1053,1059
bing_querylogs|config_id=8051,1925,2093,1415,1363,590,617,2871,2900,1413,1489,1831,1833,3742,3804,1457,1469,1453,6486,6786,1293,1531,1614,1455,1055,1065,809,828,1759,1775,1014,978,1073,1081,1286,1290,948,948,1188,1176,1176,1180,1551,1551,3308,3308,1744,1740,1788,1966,632,675,1420,1268,2997,3040,1062,1314,1043,1107,589,555,744,806,1873,1864,697,700,701,2933,2945,1797,1730,2133,2112,4884,5035,1220,1220,1417,1214,948,905,1012,1005,1003,1003,892,892,2809,2831,651,648,586,583,1479,1476,1482,1494,2062,2032,1116,1123
bing_querylogs|config_id=8061,2031,2032,1421,1367,632,635,2851,2719,1487,1491,2023,2023,3846,3875,1469,1469,1453,6584,6781,1373,1531,1642,1643,1067,1081,889,917,1733,1736,1164,1160,1201,1229,1400,1390,1085,1085,1188,1169,1218,1216,1551,1551,3412,3412,1752,1748,1966,1966,675,675,1420,1268,2997,3040,1312,1325,1095,1119,589,585,875,866,2093,2096,783,786,781,2933,2945,1797,1730,2133,2112,4884,5035,1315,1315,1417,1214,895,901,1102,1091,1227,1263,916,916,2840,2816,729,726,628,625,1613,1606,1486,1494,2206,2341,1230,1237
bing_querylogs|config_id=8077,1439,1107,977,960,947,846,1226,1100,1318,1384,1727,1450,2220,2798,1555,1437,1506,2210,2971,923,1435,1573,1795,718,802,1147,1014,1240,1806,1306,1221,1008,964,1099,1330,1464,1391,2560,1800,1007,983,1237,1317,2344,1602,919,1008,1829,2891,846,846,1068,1288,3415,3176,1292,1541,1161,1336,784,795,1024,942,1812,1421,1076,1233,1372,2186,1496,1181,1249,1335,1579,972,1431,1644,1343,1210,1149,900,915,1187,1201,1184,1566,1097,1167,1967,2478,722,795,1020,1120,1088,1177,1744,1573,2358,1351,1200,1089
bing_querylogs|config_id=8092,1088,1079,901,842,907,888,1021,974,1154,1089,3392,2331,1562,1706,1113,1188,941,2079,1217,1457,983,1421,1213,781,730,1059,1147,980,1009,1359,1554,1063,1075,966,979,1630,1343,1019,1004,858,891,975,1081,1227,1344,886,919,6110,4342,833,765,1571,1587,1107,1055,1037,2494,1031,1024,636,670,1009,892,2839,5147,859,920,850,1932,1786,979,1805,2204,1590,1687,1839,1172,1227,1129,1168,694,928,964,915,1288,1314,886,875,1213,1376,700,990,810,919,1010,975,837,1957,3009,4964,1312,1202
bing_querylogs|config_id=8128,1983,1854,1414,1335,650,655,2600,2505,1633,1657,1901,2114,3849,3242,1686,1668,1716,4781,5219,1350,1513,1879,1911,1072,954,963,1035,1763,1672,1267,1271,1194,1224,1403,1502,1123,1134,1183,1247,1295,1288,1538,1621,3421,3523,1980,1890,2145,1870,812,810,1280,1305,2253,2289,1248,1229,1153,1236,618,618,875,872,1992,1976,800,803,848,2728,2709,1749,1678,2128,2059,4402,4511,1306,1279,1301,1635,916,910,1167,1174,1378,1431,949,1008,2188,1963,862,779,664,661,1507,1500,1449,1457,1958,1952,1331,1320
bing_querylogs|config_id=8136,901,848,810,758,700,706,977,1140,1025,1010,1144,1413,1735,1820,1406,1184,1157,1818,1846,974,1206,1067,1344,713,755,962,1038,1006,946,1114,1143,1115,1188,1063,1020,1259,1249,1121,1724,972,1030,1046,1032,1461,1280,849,974,2086,1330,986,935,1074,1171,562,1365,1585,3002,1170,1145,872,812,885,915,1281,1298,937,948,902,1234,945,1606,1238,1587,1496,1263,2961,1102,1086,1189,1204,990,1257,911,906,1303,1260,914,893,1238,1269,808,744,866,749,925,928,2116,909,1548,2316,991,1055
bing_querylogs|config_id=8148,1719,1406,995,1037,965,752,2033,1935,1466,1125,1555,2169,2660,3755,995,980,1338,3263,4013,1178,2473,2055,2087,1170,1227,1345,1355,1473,2032,1761,2777,1458,1470,1651,1349,1142,1335,1013,1250,1875,1877,1566,1680,2064,1881,1135,1037,1771,2460,1551,1292,1719,1650,1870,2474,1663,2051,1164,1283,1054,885,2196,1419,1651,1728,1121,1037,1241,2149,1950,1823,1832,1826,1985,1817,1724,2013,2055,1581,1574,1642,1739,1134,1288,1570,1418,1628,1675,3948,3953,883,1031,954,850,1242,1362,1668,1620,1389,1550,1383,1543
bing_querylogs|config_id=8162,1917,1987,1447,1401,657,660,2506,2503,1782,1671,2124,2107,3789,3764,1684,1703,1866,5063,5299,1466,1582,1804,1740,949,947,989,994,1668,1808,1382,1359,1151,1183,1378,1371,1105,1115,1188,1176,1326,1282,1671,1720,3482,3507,1953,1858,1662,1794,1023,940,1698,1548,2290,2493,1307,1216,1172,1159,628,712,861,853,1904,1890,806,804,808,2719,2691,1853,1827,2506,2226,4287,4549,1200,1313,1279,1057,969,976,1084,1149,1506,1321,949,980,2109,2052,869,856,648,643,1529,1465,1551,1601,2082,2582,1330,1352
bing_querylogs|config_id=8168,2091,1866,1232,1328,1515,1690,2670,3187,2115,1778,1961,2028,10771,5241,1631,2109,2307,3400,3336,1282,2078,2261,2182,1725,1774,1539,1288,1488,1467,1863,1985,1729,2011,1469,1524,1593,1924,4613,4460,2493,1846,1821,1892,5826,3877,1370,1308,2793,2694,1606,1621,2353,1859,2770,2309,1970,2096,1506,1392,917,895,1775,1424,2081,2242,1707,1454,1460,2645,2483,2782,2364,3184,2753,1887,1881,1770,1922,1653,1641,1798,1685,1497,1670,1731,2090,1825,1814,2938,3332,1356,1308,1366,956,1420,1965,1829,1421,1536,2140,1658,1996
bing_querylogs|config_id=8173,1979,1845,1436,1309,633,636,2643,2593,1651,1638,2006,2046,3850,3763,1741,1708,1706,4838,5642,1328,1486,1571,1751,845,852,893,1020,1749,1849,1252,1272,1177,1209,1359,1328,1115,1110,1164,1227,1240,1181,1546,1536,3480,3428,1801,1867,1996,2147,825,826,1288,1387,2421,2444,1066,1014,1125,1221,592,588,831,850,2153,2276,780,819,778,2596,2743,1710,1871,1724,2031,4474,4411,1195,1329,1216,1250,917,923,1102,1091,1326,1412,914,892,2357,2330,735,786,630,627,1520,1489,1577,1617,2008,2058,1264,1338
bing_querylogs|config_id=8180,1715,1385,1703,1174,1323,1319,1310,1647,1598,1519,1660,1771,2422,2624,1703,1581,1728,3175,4414,1452,1897,1969,1930,1049,1079,1206,1359,1523,1931,1659,1962,1554,1324,1609,1536,1641,1730,1681,1118,1299,1308,1177,1415,2821,1656,1353,1306,2655,2768,1035,1007,1598,1425,5345,4659,1712,1664,1441,1612,899,928,1410,1104,2194,1895,1362,1268,1197,4259,3031,1780,1961,1964,1785,1616,1863,1816,1751,1529,1614,1195,1150,1418,1358,1470,1882,1139,1193,2960,3957,836,895,1385,1393,1455,1388,1091,1620,1869,2444,1482,1268
bing_querylogs|config_id=8193,2102,2107,1311,1311,630,645,2730,2718,1703,1691,2083,2042,4257,3794,1423,1423,1407,4994,4930,1367,1386,1554,1549,819,833,913,940,1725,1734,1136,1132,1199,1227,1296,1320,1103,1104,1218,1161,1280,1257,1467,1455,3564,3519,1812,1862,1648,1652,673,673,1308,1292,2602,2582,1039,1045,1095,1119,587,583,864,864,1744,1819,785,788,783,2582,2585,1811,1720,1903,1676,4920,4944,1173,1173,1109,1112,909,903,1122,1111,1247,1283,902,902,1850,1848,729,726,626,623,1605,1588,1506,1703,2235,2341,1296,1303
bing_querylogs|config_id=8200,2104,2243,1421,1357,639,642,2630,2631,1717,1731,2084,1911,4569,4502,1727,1727,1711,6680,6784,1377,1541,1714,1709,871,885,900,915,1730,1733,1175,1171,1217,1245,1378,1374,1129,1129,1047,1053,1256,1251,1561,1561,3867,4065,1916,1863,2190,2176,666,677,1606,1591,2474,2386,1194,1265,1181,1220,608,604,927,921,1961,1966,827,830,825,3109,3340,1712,1722,1881,2158,5170,5155,1291,1291,1116,1119,909,903,1138,1102,1256,1267,894,894,2209,2178,743,740,634,631,1701,1694,1514,1516,2273,2482,1334,1341
bing_querylogs|config_id=8207,2100,2154,1313,1317,622,625,3144,2762,1677,1686,2043,2046,4261,3964,1405,1421,1407,4722,4814,1377,1386,1524,1577,817,827,891,920,1587,1738,1140,926,1203,1235,1212,1222,1101,1102,1206,1192,1306,1195,1482,1477,3503,3515,1954,1950,1664,1679,681,681,1302,1284,2501,2866,1045,1044,1105,1105,585,561,857,742,1619,1527,783,778,771,2629,2581,1794,1730,1907,2012,4859,4826,1291,1183,1128,1116,919,848,1044,1121,1251,1253,800,882,1642,1738,719,718,634,633,1507,1598,1510,1694,1688,2291,1180,1277
bing_querylogs|config_id=8208,1617,1649,1196,1381,1037,1234,1575,1712,1374,1484,2811,2861,3914,3890,2149,1610,1764,3552,3473,1668,2037,1737,1577,852,839,1126,1066,1453,1590,2086,1977,1202,1540,1363,1541,1724,1610,2904,2472,1192,1288,1519,1782,2877,2319,1351,1197,4170,4665,909,974,2438,2055,4173,3280,3608,2162,1469,1503,852,679,1613,1488,2438,3024,1214,1329,1194,2604,2467,1161,1563,4345,2219,1374,1426,2776,1852,1351,1626,949,920,1219,1194,1341,1873,1344,1278,4569,4027,760,840,1330,1218,1379,1463,1618,1682,3265,9378,1289,1711
bing_querylogs|config_id=8214,1963,2111,1307,1311,626,647,2743,2727,1681,1700,1857,2046,4261,4068,1407,1415,1411,4826,4934,1371,1390,1524,1577,811,821,1049,1106,1730,1739,1140,1136,1209,1235,1314,1324,1101,1102,1222,1164,1300,1275,1471,1459,3357,3573,1948,1944,1658,1798,677,677,1278,1312,2465,2586,1043,1043,1099,1099,589,585,843,842,1748,1823,781,782,775,2586,2589,1815,1724,1907,1680,4924,4850,1285,1275,1107,1116,913,907,1116,1115,1253,1251,888,888,1847,1845,723,722,628,627,1597,1592,1504,1512,2214,2291,1276,1281
bing_querylogs|config_id=8221,2114,2352,1466,1588,729,722,2690,2711,1628,1678,2024,2060,4409,4468,1604,1462,1506,5398,6051,1506,1519,1719,1720,894,908,994,1021,1816,1847,1301,1291,1308,1342,1431,1421,1215,1215,1270,1242,1331,1355,1610,1610,3762,3672,1903,1911,2452,2498,928,935,1327,1365,2659,2751,1142,1128,1172,1196,692,662,980,974,2081,2087,848,853,846,2757,3368,1894,1833,1955,1872,5033,4956,1360,1308,1240,999,982,976,1203,1164,1384,1442,1077,1111,1974,2069,834,835,739,710,1732,1789,1571,1813,2021,1970,1325,1334
bing_querylogs|config_id=8230,2094,1842,1251,1255,632,635,2715,2765,1695,1689,1845,1812,4164,4011,1355,1355,1407,4737,5085,1372,1310,1380,1331,697,707,1045,1108,1565,1736,962,1137,967,1236,1265,1293,1106,1106,1202,1147,1276,1300,1475,1463,3355,3368,1960,1962,1639,1791,680,680,1300,1316,2500,2305,1050,957,1120,1100,575,571,847,846,1741,1739,715,704,713,2672,2648,1656,1660,1667,1699,4581,4566,1181,1286,930,941,911,917,1052,1119,1252,1252,876,878,1674,1692,724,726,578,577,1505,1498,1502,1472,2307,1967,1280,1282
bing_querylogs|config_id=8236,2069,2094,1353,1355,635,638,2646,2641,1723,1729,2088,1915,4626,4547,1681,1681,1715,6754,6524,1381,1545,1684,1685,863,873,1038,1093,1735,1738,1179,1175,1227,1253,1362,1366,1127,1127,1057,1067,1274,1269,1565,1565,4172,4253,1912,1861,2196,2214,671,681,1610,1595,2661,2454,1198,1269,1226,1161,610,606,899,900,1967,1963,823,824,817,3161,3886,1714,1726,2071,2216,5058,5375,1291,1291,1174,1123,913,907,1107,1106,1260,1235,880,880,2228,2259,737,736,636,635,1717,1710,1513,1520,2003,2286,1314,1319
bing_querylogs|config_id=8241,1802,2136,1362,1333,535,539,2419,2453,1650,1588,1972,1889,4283,3748,1950,1209,1674,5307,5276,1229,1185,1612,1582,732,855,792,856,1585,1380,1090,1020,861,850,1265,1213,1251,1317,1104,1076,1235,1142,1411,1543,3492,3480,2030,2024,1949,1978,1485,1325,1510,1423,2723,2160,1065,1220,1079,1037,498,496,980,972,2092,2187,658,660,654,2846,2735,1676,1628,2275,1763,4978,4616,1281,1065,939,1186,848,761,935,929,930,963,809,741,2007,2567,600,651,526,517,1276,1274,1334,1486,2266,2172,1215,1299
bing_querylogs|config_id=8244,1993,1754,1100,1406,899,1621,1764,1683,1681,1710,3950,2947,4944,5026,1853,1822,1926,3102,3812,1442,2338,1743,1748,1074,1057,1157,1087,1901,1956,2345,2026,1616,1735,1689,1654,2128,2092,2407,2267,1308,1352,1605,1575,4081,2144,1333,1340,15178,4064,958,966,2318,1898,7670,2845,3964,6998,1757,2025,839,962,1521,1716,4375,6601,1353,1211,1406,2999,2245,1297,2304,2563,2869,1621,1641,2001,4695,1992,1842,1378,1402,1329,1329,2124,1850,1422,1668,2629,4647,880,832,969,1106,2171,1664,1743,3413,12138,9790,1728,1574
bing_querylogs|config_id=8248,1959,2107,1303,1307,618,619,2734,2718,1677,1665,2039,2042,4154,3989,1403,1411,1397,4994,5221,1362,1386,1572,1573,807,817,905,936,1585,1734,1136,1132,1199,1227,1304,1280,1103,1104,1202,1187,1254,1280,1467,1455,3593,3561,1952,1948,1652,1692,673,673,1308,1292,2677,2579,1045,1039,1095,1095,587,577,847,846,1597,1747,779,778,767,2625,2578,1811,1720,1903,1676,4855,4965,1281,1271,1103,1112,909,903,1112,1099,1249,1247,874,874,1850,1870,709,718,623,609,1595,1588,1506,1690,2235,2341,1272,1277
bing_querylogs|config_id=8262,2094,2099,1295,1299,626,615,2722,2710,1679,1683,2052,2034,4327,4018,1408,1408,1399,4703,4922,1359,1378,1446,1512,810,809,939,886,1555,1726,952,948,1191,1219,1296,1304,1095,1096,1210,1152,1246,1249,1459,1447,3375,3612,1844,1792,1644,1784,665,665,1266,1266,2453,2592,1031,1031,1107,1087,547,549,839,838,1521,1811,769,770,763,2574,2577,1803,1712,1895,1668,4605,4838,1273,1165,1126,1138,901,895,1104,1095,1053,1274,870,868,1801,1840,711,710,621,567,1599,1594,1492,1500,1777,2333,1264,1177
bing_querylogs|config_id=8272,2013,2015,1364,1443,652,659,2678,2748,1620,1614,1857,1857,3884,3872,1582,1583,1569,5364,5910,1439,1452,1724,1696,889,899,866,897,1679,1822,1325,1321,1243,1271,1391,1401,1115,1115,1146,1179,1282,1280,1544,1531,3323,3381,1762,1758,1866,1866,783,783,1233,1211,2917,2768,1289,1288,1121,1121,606,598,881,880,1805,2028,865,852,841,2867,2835,1819,1728,2175,2121,5076,5051,1274,1272,1307,1322,931,931,1145,1100,1309,1379,893,893,2141,2139,757,766,655,646,1678,1671,1514,1698,2274,2060,1303,1308
bing_querylogs|config_id=8277,2009,2025,1238,1246,585,588,2656,2830,1616,1613,1956,1814,4017,3897,1348,1342,1330,4929,4863,1284,1444,1416,1331,716,727,1002,1065,1607,1616,1044,880,1081,1099,1198,1234,1021,1019,1149,1137,1186,1189,1386,1398,3453,3407,1897,1803,1547,1395,627,624,1219,1203,2594,2442,941,941,993,993,542,540,766,765,1659,1437,722,720,710,2615,2522,1713,1647,1291,1291,4728,4504,1199,1088,848,1007,848,854,1059,1056,978,978,838,789,1756,1758,673,671,575,564,1568,1491,1431,1635,2100,2095,1117,1212
bing_querylogs|config_id=8285,1923,1926,1422,1316,666,675,2716,2724,1507,1632,1695,1770,3955,3695,1527,1525,1588,5412,5436,1444,1454,1519,1522,783,789,1006,1061,1659,1836,1330,1381,1025,1280,1401,1420,1118,999,1220,1126,1304,1302,1539,1527,3233,3233,1766,1755,1713,1879,735,791,1123,1241,2295,2231,1122,1072,1146,1126,590,614,881,880,2023,2015,789,778,787,3113,2802,1664,1668,2252,1861,5115,4836,1280,1279,1294,1112,939,939,1053,1130,1314,1314,897,897,1868,2003,701,782,610,609,1563,1562,1510,1468,2157,1904,1308,1313
bing_querylogs|config_id=8289,1727,2104,1255,1273,1615,1398,1838,1543,1665,1458,2901,2187,7165,6531,1853,2558,2126,4883,4125,1244,1329,2088,1936,986,945,1044,1232,1584,1826,2160,2203,1719,1263,1641,1313,1988,1908,1154,2337,1167,1196,2018,1614,4675,5346,971,1310,3178,5714,1047,995,1976,1905,3706,4264,3914,4404,1671,1784,836,742,1367,1484,2192,1890,1256,1030,1264,1224,1332,1819,1969,2630,3699,2059,1686,2141,1941,1585,1554,1124,1172,1326,1221,1535,1470,1214,1241,2485,6702,715,694,1141,1236,1708,1706,1567,2283,5442,3598,1649,1387
bing_querylogs|config_id=8291,1930,1853,1293,1293,601,609,2656,2686,1559,1553,1730,1743,3875,3612,1523,1508,1505,5261,5952,1353,1360,1439,1425,812,823,963,831,1698,1706,1230,1224,1122,1140,1316,1318,1024,1024,1098,1127,1211,1211,1456,1402,3170,3273,1702,1699,1745,1745,728,732,1138,1140,2204,2538,1221,1178,1039,924,557,555,794,798,1865,1863,790,800,784,3065,2632,1742,1649,1529,1760,4895,4976,1329,1202,1251,1332,885,876,1102,1090,1040,1232,810,806,1952,2050,711,705,601,596,1583,1574,1439,1644,1535,1925,1234,1237
bing_querylogs|config_id=8300,2105,1879,1306,1310,591,595,2732,2567,1718,1697,1692,1743,3924,3960,1414,1417,1410,4997,5082,1370,1389,1417,1420,810,820,899,917,1729,1738,963,1169,1014,1234,1232,1334,988,1109,1171,1163,1213,1300,1458,1406,3317,3323,1807,1851,1789,1645,683,620,1311,1277,2560,2208,1042,952,1098,1098,564,560,760,760,1746,1822,716,719,714,2568,2536,1814,1723,1906,1679,4967,4723,1284,1194,931,942,915,856,1053,1042,1064,1286,896,873,1852,1820,722,721,625,626,1610,1501,1455,1467,2308,1665,1195,1204
bing_querylogs|config_id=8310,2427,2417,1430,1255,636,606,2525,2532,1826,1868,1999,2023,4447,3758,1884,1364,1344,5271,5795,1335,1273,1630,1658,757,755,1017,1091,1833,1655,1292,1282,1177,1205,1249,1466,1547,1547,1163,1137,1398,1390,1746,1546,3646,3562,1917,2018,1846,2285,954,1048,1525,1278,2831,2737,1259,1179,1252,1298,568,597,1142,1129,2503,2624,726,715,724,2838,2828,1655,1659,1880,1879,4766,4910,1451,1418,1209,1121,978,929,1008,1095,1249,1249,826,908,2379,2166,743,732,641,645,1479,1367,1423,1564,2297,2178,1379,1387
bing_querylogs|config_id=8316,2006,2006,1356,1435,648,655,2670,2742,1622,1626,1849,1849,3845,3864,1587,1584,1570,5388,5792,1431,1444,1569,1687,892,891,896,847,1649,1814,1141,1137,1235,1263,1383,1391,1107,1107,1142,1196,1274,1272,1523,1523,3323,3324,1746,1742,1858,1858,775,775,1225,1225,2265,2416,1281,1280,1133,1113,568,570,873,872,1797,2008,843,844,837,2871,2862,1811,1720,2167,2113,4912,5089,1266,1266,1330,1342,923,923,1105,1096,1115,1336,889,887,2133,2134,759,758,648,618,1682,1677,1500,1508,1766,2124,1316,1300
bing_querylogs|config_id=8329,1867,1832,1230,1225,558,572,2681,2960,1599,1601,1902,1777,4058,4058,1325,1333,1329,4921,4849,1269,1284,1450,1451,707,715,984,1041,1592,1601,1032,1030,1059,1079,1221,1191,1003,1003,1140,1115,1174,1204,1371,1383,3268,3529,1874,1872,1656,1522,622,612,1210,1204,2462,2450,935,929,981,981,525,523,757,750,1581,1649,707,708,701,2514,2607,1678,1637,1507,1492,4686,4652,1079,1079,993,998,839,847,1038,1033,1135,1135,780,782,1755,1754,649,648,556,555,1485,1556,1416,1618,2158,2083,1194,1189
bing_querylogs|config_id=8346,2267,1959,1468,1406,666,662,2642,2573,1517,1571,1901,1743,4014,3727,1522,1456,1553,5357,5492,1415,1433,1455,1463,801,812,929,963,1722,1728,1007,1012,1176,1205,1342,1330,984,1089,1183,1138,1286,1294,1463,1483,3677,3622,1834,1821,2176,2179,903,857,1278,1401,2685,2681,1042,1039,1200,1067,627,625,859,875,1918,1911,708,712,783,3060,2997,1756,1738,1690,1517,5169,4906,1282,1357,946,913,934,917,1131,1102,1089,1091,1043,968,2191,2351,781,784,654,651,1629,1616,1668,1720,1628,1803,1242,1258
bing_querylogs|config_id=8355,2344,1766,1312,1234,579,588,2719,2686,1783,1669,1934,2015,3967,3815,1844,1826,1896,5616,5309,1241,1409,1649,1564,731,831,806,850,1520,1529,1008,1042,1045,1063,1295,1400,1344,1454,1069,1088,1259,1304,1687,1912,3568,3520,2032,2038,1761,1950,981,1353,1149,1406,2752,2747,1230,1313,1091,1121,535,533,1036,1046,2641,2447,656,737,731,3020,2757,1688,1640,2039,1770,4696,4468,1157,1357,946,822,859,1121,1032,1006,941,908,821,821,2268,2281,664,667,572,567,1369,1365,1346,1551,2042,2040,1324,1530
bing_querylogs|config_id=8361,2054,2059,1261,1263,596,617,2708,2879,1649,1651,1941,1799,3946,3614,1377,1377,1367,4958,5035,1307,1322,1512,1523,745,753,906,900,1648,1643,1084,1086,1124,1142,1227,1226,960,1080,1193,1136,1170,1154,1425,1413,3315,3341,1820,1759,1700,1576,651,651,1242,1242,2411,2532,965,973,1019,938,563,561,729,722,1622,1445,685,687,739,2556,2559,1680,1670,1522,1595,4551,4780,1118,1029,1045,1050,881,879,1076,1011,1193,1193,823,823,1789,1742,687,630,600,619,1529,1448,1460,1464,2177,2231,1161,1167
bing_querylogs|config_id=8367,1927,1761,1232,1234,572,583,2670,2654,1608,1618,1723,1872,3930,4001,1336,1353,1349,4929,4857,1278,1305,1248,1250,726,632,834,870,1613,1616,848,847,1078,1096,1209,1231,892,1013,1167,1133,1183,1188,1338,1395,3287,3271,1753,1796,1531,1523,622,622,1274,1213,2478,2526,942,938,1007,898,520,534,775,759,1655,1666,645,661,655,2527,2530,1734,1645,1463,1492,4873,4727,1192,1209,848,818,857,851,1056,1050,944,944,791,791,1769,1765,658,661,565,566,1504,1491,1431,1619,2100,2129,1203,1110
bing_querylogs|config_id=8388,1891,1992,1253,1292,643,657,2398,2528,1307,1405,1826,1761,3611,3758,1308,1286,1276,4837,4819,1336,1504,1491,1475,811,831,884,930,1865,1654,1148,1140,1174,1202,1216,1226,1121,1121,1175,992,1181,1177,1374,1357,3277,3285,1676,1592,1650,1542,817,693,1257,1312,2276,2085,1175,1155,1045,1004,592,637,850,857,1658,1690,793,851,768,2342,2677,1707,1645,1785,2007,4481,4663,1134,1085,1137,1100,865,888,1153,1088,1263,1273,880,882,1758,1779,738,747,637,634,1476,1478,1421,1425,1632,1657,1109,1114
bing_querylogs|config_id=8395,2405,2293,1693,1906,820,829,3022,3558,1686,1874,2375,2108,4487,4068,1885,1834,1839,5907,5980,1667,1837,1811,1931,1038,1058,1076,1074,2067,2086,1874,1546,1446,1439,1975,1713,1401,1306,1373,1549,1911,1958,1782,1758,4128,3796,2158,2048,2475,2533,1166,1178,1743,1474,2674,3127,1674,1976,1259,1276,783,787,1447,1464,2216,2655,1015,1062,1245,3385,3027,1961,2014,2339,2285,5544,5029,2072,2031,1821,1966,1367,1556,1471,1337,1993,1340,1678,1127,2736,2608,931,1170,937,970,2282,1900,2470,2230,2993,2139,1973,1536
bing_querylogs|config_id=8403,2003,1978,1274,1249,637,637,2564,2617,1299,1453,1809,1761,3706,3401,1283,1280,1260,4700,5240,1336,1349,1498,1518,799,811,902,919,1493,1653,1175,1153,1174,1202,1190,1203,1068,1062,1133,1098,1176,1172,1370,1383,3164,3268,1589,1584,1531,1892,678,725,1167,1461,2290,2096,1198,1160,1147,1088,601,631,832,836,1447,1655,785,757,750,2742,2461,1707,1645,2052,1891,4711,4696,1197,1198,1085,1098,865,894,1134,1061,1260,1236,844,842,1604,2226,730,748,643,620,1490,1460,1551,1610,1641,1639,1083,1084
bing_querylogs|config_id=8415,1965,1966,1322,1399,630,639,2652,2724,1508,1586,1759,1703,3604,3624,1549,1550,1543,5558,5866,1379,1388,1657,1640,827,839,867,861,1732,1731,1273,1275,1168,1186,1348,1347,972,1089,1160,1180,1195,1177,1483,1489,3287,3287,1722,1661,1780,1784,761,761,1145,1167,2237,2460,1214,1045,1045,964,584,583,763,756,1928,1720,759,761,813,2853,2661,1688,1678,1967,2100,5051,5134,1236,1130,1249,1248,903,907,1109,1044,1255,1255,842,842,1994,2085,735,678,632,651,1612,1531,1468,1472,2214,1991,1200,1204
bing_querylogs|config_id=8426,2446,2471,1393,1397,759,744,2537,2545,1747,1868,2253,2235,4115,4183,1982,1978,1965,5312,5443,2019,2036,1932,1782,823,833,1037,1068,1821,1963,1823,1765,1658,1708,1768,1778,1365,1365,1551,1437,1400,1393,1826,1634,3991,3941,1990,1970,2287,2140,1104,1210,1768,1758,3392,2863,1468,1524,1267,1267,680,685,1032,1000,2246,2554,1023,1012,999,2788,2762,1784,1814,2105,2296,4786,4933,1647,1511,1441,1448,979,979,1166,1159,1842,1833,1096,1096,2426,2531,909,918,716,698,2107,2061,1810,1864,2786,2400,1354,1359
bing_querylogs|config_id=8433,1620,1731,1158,1172,663,649,2531,2413,1363,1319,1629,1713,3717,3850,1201,1287,1272,4321,5001,1321,1330,1277,1245,686,724,1078,976,1384,1609,1218,1144,943,1131,1292,1156,1210,1063,1179,1150,1124,1115,1373,1383,3274,3108,1521,1647,1903,1395,771,627,1139,1176,1977,2487,950,1144,931,938,561,562,842,672,1434,1426,810,790,694,2554,2527,1631,1518,1555,1767,4473,4564,1160,1049,984,1061,897,912,999,1071,1136,996,841,845,1403,1515,747,674,576,557,1450,1502,1342,1344,1441,1519,1020,1048
bing_querylogs|config_id=8438,1789,1765,1306,1252,600,608,2354,2273,1375,1372,1764,1595,3148,3304,1277,1284,1296,4729,5138,1339,1348,1358,1422,808,812,1012,930,1640,1654,989,1185,991,1209,1118,1218,1115,1074,1247,1067,1152,1188,1377,1302,3096,3160,1578,1567,1572,1464,747,662,1242,1326,2306,1895,1278,1057,995,1075,571,584,757,750,1699,1704,689,700,697,2441,2331,1710,1646,1601,1650,4516,4440,1124,1115,920,923,879,849,1011,975,1068,1308,869,848,1789,1722,754,742,636,595,1474,1388,1370,1377,1806,1549,1028,1050
bing_querylogs|config_id=8444,1875,1858,1443,1276,644,606,2511,2559,1687,1583,2091,1759,4543,4146,1849,1638,1695,5790,5384,1525,1596,1544,1515,781,909,913,1137,1734,1741,1187,1183,958,1210,1336,1377,1205,1118,1157,1157,1323,1295,1517,1532,3387,3397,1804,1791,1890,1709,777,722,1394,1379,2260,2065,1054,1016,1250,1230,621,650,880,880,2079,1836,840,751,762,2740,2504,1581,1586,1604,1415,4987,4465,1299,1298,1098,928,886,942,1054,1038,1056,1055,920,920,2042,2059,693,772,646,643,1533,1528,1546,1394,2002,1986,1260,1261
bing_querylogs|config_id=8448,1749,1678,1396,1342,1376,1242,1567,1569,1499,1583,2038,2649,4515,2998,1858,1841,1931,5455,3927,1953,1684,2244,1879,986,971,1173,1265,1871,1802,1885,1883,1559,1213,1449,1471,1767,1862,5048,2148,1322,1162,1626,1511,1913,2089,1343,1261,3733,3831,1088,1262,1222,1461,4180,3685,1691,1852,1591,1410,925,834,1296,1319,1922,2226,1303,1238,1287,1330,1772,1458,1866,2083,2293,1488,1606,1839,1728,1529,1540,1238,1220,1580,1327,1819,1761,1215,1274,2775,2845,825,875,1126,1447,1727,1624,2188,3356,2157,2959,1530,1528
bing_querylogs|config_id=8452,1823,1824,1403,1451,627,627,2633,2641,1630,1564,2046,2079,4056,4214,1741,1824,1689,5442,5590,1400,1514,1751,1751,1030,1110,1026,905,1508,1796,1402,1160,1181,1209,1324,1367,1085,1085,1300,1131,1244,1207,1534,1694,3875,3679,1946,1948,1903,2361,1178,1213,1453,1281,2641,2696,1206,1169,1097,1071,599,595,1060,910,1706,2087,768,773,796,2856,2778,1824,1705,1995,2055,4532,4845,1551,1357,1313,1269,910,898,1106,1242,1246,1326,900,905,2360,2238,730,750,636,613,1573,1495,1427,1610,2004,2288,1312,1395
bing_querylogs|config_id=8459,2455,2407,1341,1345,738,749,2610,2718,1897,1687,2219,2188,4014,4318,1878,2007,1892,5102,5676,1574,1611,1808,1564,730,734,1077,1140,2024,1977,1562,1731,1571,1438,1533,1511,1375,1256,1452,1517,1450,1406,1744,1738,3960,3894,1881,1805,1940,2019,996,989,1775,1869,2459,2623,1649,1565,1175,1164,724,667,1005,1005,2544,2445,1017,936,1023,2558,2657,1662,1674,1936,2238,5050,5594,1659,1548,1355,1185,995,995,1179,1246,1879,1833,885,967,2177,2290,853,924,649,643,1925,1842,1814,2362,2778,2921,1296,1488
bing_querylogs|config_id=8469,2528,2642,1892,1745,912,879,3308,2840,1932,1951,2467,2464,4917,4087,1896,1626,1855,5049,5183,1602,2047,1870,1800,954,974,1108,1113,2134,2060,1881,1550,1489,1480,1577,1623,1294,1377,1915,1849,1883,1604,2123,1700,3718,3718,2226,2107,1865,2691,1176,988,2315,2229,2979,2634,1402,1504,1262,1264,786,771,1378,1147,1953,3026,1010,942,1170,3110,3056,1951,1951,1807,2311,4875,5068,2102,1337,1278,1774,1331,1352,1374,1267,1931,1286,1584,1444,2276,1836,883,917,846,843,1833,1752,2402,2242,2481,2505,1839,1349
bing_querylogs|config_id=8475,1832,1843,1335,1303,636,624,2374,2377,1392,1382,1810,1813,3354,3421,1482,1474,1436,4654,4816,1338,1357,1510,1503,799,799,887,911,1557,1633,1163,1168,1161,1191,1203,1252,1127,1092,1132,1110,1196,1192,1414,1444,3168,3176,1637,1653,1661,1672,697,704,1168,1188,1957,2104,968,976,1054,1058,629,625,906,908,1558,1750,844,761,756,2341,2350,1631,1647,1786,1640,3998,4234,1193,1155,1089,1114,936,904,1077,1071,1204,1218,869,896,1774,1829,742,749,632,617,1524,1478,1421,1620,1678,1682,1159,1174
bing_querylogs|config_id=8494,1929,1977,1388,1311,642,645,2492,2481,1753,1872,2207,2166,4307,4210,1975,1721,1708,5540,5527,1330,1492,1936,1863,824,881,896,920,1638,1647,1358,1277,1166,1194,1465,1433,1480,1448,1167,1140,1333,1311,1543,1664,3587,3667,2072,2090,2001,2012,1219,1275,1665,1460,2771,2787,1477,1421,1294,1299,586,582,1162,1160,2734,2547,796,799,794,2896,2790,1759,1719,2362,1994,4842,5175,1363,1367,1143,1112,938,921,1078,1067,1244,1247,932,932,2337,2446,735,732,627,630,1484,1456,1545,1429,2785,2287,1465,1409
bing_querylogs|config_id=8498,1858,1981,1357,1455,1255,1428,1710,1509,1627,1590,8820,3601,2675,2880,1593,1590,1627,2308,2410,1768,1905,1339,1591,1139,1140,1551,1577,1879,1654,1751,1608,1632,1654,1461,1404,1538,1887,1886,1832,1319,1464,1456,1319,1706,1912,1222,1646,6806,4697,1144,1109,3578,4574,2012,2025,3048,6236,1168,1114,758,750,1621,1485,4156,2881,1291,1301,1541,1660,1286,2735,2849,3529,1982,1653,1652,1979,2011,1675,1809,2784,1595,1471,1348,1556,1741,1376,1320,2864,2198,981,1002,968,1003,1467,1532,2901,2389,5675,5136,1706,1755
bing_querylogs|config_id=8502,2080,1801,1228,1312,651,653,2737,2977,1741,1744,1810,2011,4143,4131,1424,1426,1416,4891,5118,1356,1371,1491,1566,712,720,1073,1130,1460,1495,1068,1117,1146,988,1126,1209,1094,1009,1237,1205,1196,1195,1474,1470,3228,3537,1887,1891,1661,1718,618,618,1215,1175,2378,2619,1010,1026,986,1073,532,530,852,684,1439,1689,794,713,641,2523,2526,1763,1725,1466,1287,4869,4845,1296,1214,998,850,844,920,1129,1038,1172,1172,795,873,1785,1960,740,661,647,562,1646,1415,1509,1431,2059,1676,1035,1310
bing_querylogs|config_id=8507,1824,1845,1343,1280,630,630,2364,2369,1449,1405,1843,1820,3429,3070,1452,1485,1473,4516,4775,1318,1331,1428,1514,796,795,908,862,1466,1637,974,984,1159,1183,1231,1219,1051,1064,1174,1112,1200,1198,1401,1419,3152,3278,1633,1627,1641,1877,676,689,1168,1148,1942,2089,1034,1075,1111,1069,591,593,901,899,1497,1666,758,840,753,2402,2422,1623,1627,1659,1654,3991,4234,1309,1194,1100,1143,892,894,1067,1027,1004,1257,881,862,1750,1585,742,733,624,597,1530,1521,1401,1415,1498,1672,1253,1141
bing_querylogs|config_id=8516,1738,1791,1232,1205,605,608,2694,2442,1312,1263,1849,1663,3339,3331,1238,1388,1414,4933,5212,1278,1279,1468,1476,719,727,891,895,1543,1541,1119,1105,1099,1117,1147,1146,930,1063,967,1129,1098,1077,1334,1332,3147,3234,1544,1494,1774,1746,745,821,1098,1101,2038,2056,1037,1145,919,833,568,615,723,753,1539,1440,695,670,722,2320,2502,1603,1593,1507,1430,4414,4461,949,968,1038,1041,846,845,1042,967,1206,1164,805,789,1915,1725,708,651,611,619,1375,1323,1375,1385,1517,1585,1015,1048
bing_querylogs|config_id=8521,2482,2479,2143,1903,1443,1442,4926,3955,1949,1976,3556,3725,6906,10543,2208,2150,2156,17038,19050,2642,2108,2293,2062,1170,1164,1823,1691,2784,3079,2703,2714,2084,2079,2215,2095,2326,2249,2156,2549,1862,1922,2408,2495,4002,3481,1210,1541,3752,4617,1138,1079,1639,1882,19346,35250,3378,3698,2029,2189,928,924,1655,1631,6861,5621,1485,1394,1412,8944,9920,1763,1653,8834,8556,2736,2899,3425,3369,2381,2437,1363,1352,1486,1415,2651,3211,1579,1667,3520,25435,1238,1156,1328,1554,1585,2352,2150,2514,5762,7443,2263,2382
bing_querylogs|config_id=8524,3177,3204,2166,2172,1021,1024,3419,3141,2320,2314,2971,2789,4610,4213,2446,2446,2442,5563,6192,2607,2527,2284,2540,1080,1058,1485,1503,2620,3276,2259,2112,1774,1800,2077,2067,1833,1947,1825,1844,1574,1584,2200,2208,4345,4119,2748,2912,2500,3138,1360,1348,2494,2446,3613,2733,1707,1756,1494,1490,1156,857,1165,1170,3047,2668,1209,1219,1491,3680,3463,2060,2138,2547,2667,5534,5749,2769,2330,2215,2027,1335,1335,1663,1652,2361,2631,1566,1568,2713,3166,1194,1185,860,849,2444,2522,1845,2063,2753,2701,2052,2310
bing_querylogs|config_id=8531,2203,1927,1367,1436,625,629,2445,2472,1665,1640,1860,1693,3748,3703,1588,1592,1580,5609,5754,1442,1454,1540,1548,892,924,1007,916,1817,1826,1152,1358,1058,1278,1319,1421,1000,1119,1181,1207,1215,1297,1534,1470,3245,3245,1757,1755,1888,1725,786,730,1236,1262,2276,2371,1316,1075,1124,1144,585,581,794,794,2023,2021,790,793,788,2707,2945,1822,1731,2204,2124,4923,4942,1277,1185,1132,1131,943,884,1086,1075,1126,1348,914,892,2136,2009,770,769,657,658,1693,1584,1463,1475,2158,1673,1343,1235
bing_querylogs|config_id=8544,1841,1801,1353,1301,608,608,2418,2322,1427,1463,1663,1628,3531,3647,1469,1532,1476,4662,4786,1341,1360,1374,1401,796,826,851,894,1645,1634,985,1199,978,1198,1157,1300,952,1063,1117,1148,1144,1227,1441,1379,3066,3121,1654,1690,1693,1532,717,651,1183,1212,1948,1908,1067,968,1073,1112,612,687,815,804,1709,1737,715,707,698,2395,2325,1714,1638,1959,1808,4174,3929,1179,1067,935,939,905,851,1022,1007,1032,1267,904,895,1764,1494,745,752,643,638,1480,1411,1515,1382,1696,1502,1067,1272
bing_querylogs|config_id=8565,995,1004,728,682,647,654,1287,1290,1238,1332,1358,132158,2644,2088,1718,1718,1428,1940,2167,844,981,1245,1253,1024,1046,1026,1065,1360,1269,1239,1207,1224,1252,1181,132179,1174,1234,4003,131889,127162,881,1028,1038,1359,5318,697,693,1366,1341,1046,1034,1648,1077,1455,1376,1132,1257,1026,1148,632,628,894,893,1514,1488,914,917,912,946,999,752,757,1661,1536,2356,1420,865,876,1514,1501,1182,1187,939,916,1372,1366,993,993,2378,2299,704,691,663,662,991,1133,825,839,1811,1687,821,854
bing_querylogs|config_id=8572,1009,1289,810,781,703,629,1224,984,981,890,1733,2032,1960,2192,835,853,868,1963,2368,1089,1079,1684,1510,903,944,1031,849,1230,1497,1084,1375,1165,1237,898,916,1051,1089,1616,1044,1110,1000,1011,894,1254,1267,880,1024,1313,1404,886,1018,884,1190,1242,1808,1577,1273,1208,1076,662,599,1041,1142,1306,1947,866,831,904,1465,1099,989,984,1898,2113,2218,1775,1084,1064,1359,1421,783,1219,915,860,1360,1461,1218,1010,3192,2391,770,766,636,663,919,966,1192,1477,1242,1725,950,1034
bing_querylogs|config_id=8581,1120,1042,815,806,677,795,954,896,1050,933,1208,1316,2203,1958,876,1429,833,1744,2285,1018,1126,1248,1145,795,816,1018,854,1076,1442,1236,1404,1149,1203,850,940,1183,1113,1111,927,852,1016,1050,844,1366,1100,923,925,1264,1169,864,938,1054,1148,1087,702,1427,1838,1038,1027,673,604,1120,1201,1088,1216,1144,934,890,984,759,1121,881,2097,1880,994,2303,1220,1281,1478,1560,986,1240,816,855,1199,1471,933,931,2160,2128,765,803,629,601,912,999,2286,792,1097,1447,940,913
bing_querylogs|config_id=8591,1293,1399,990,1034,995,987,1049,1372,1216,909,3492,2031,2820,3663,1021,1543,1130,3208,3243,1115,2064,1580,1532,934,931,970,921,1260,1360,1370,1566,1135,1141,1110,1037,1022,1044,3445,2204,1084,1058,1342,1182,1198,2154,1226,1051,2066,1526,1017,1078,1352,1304,1694,1624,2977,1884,924,1097,656,638,1175,1122,1166,3074,1097,844,967,2794,1260,1225,1179,2679,2959,1373,1965,1257,1611,1530,1410,1015,1209,975,980,1426,1524,1158,938,2808,2929,800,812,686,753,1007,1026,1481,1914,1324,3377,1438,1469
bing_querylogs|config_id=8604,1701,1447,1177,920,832,803,1422,1332,959,1225,1919,1806,2071,2224,1317,1279,990,1374,2455,1334,1240,1550,1302,875,813,1601,1332,1264,1488,1682,1602,1628,1449,1143,1046,1470,1157,1337,1147,1247,1060,1318,1224,1332,1546,1075,989,1975,1992,1080,1218,1372,1219,2312,1870,2644,2115,1360,1432,777,702,1207,1014,2060,1968,1076,1039,1096,1155,1290,983,1349,2011,2122,1452,1267,1265,1514,2157,1711,1290,1382,1158,1000,1889,1683,1263,1132,2192,2388,998,855,773,1161,1222,1223,1392,1341,1493,1741,1478,1079
bing_querylogs|config_id=8620,1399,1660,1005,897,853,817,1507,1678,1025,1014,1661,2020,2028,1889,1219,1187,1216,1559,2261,1958,1377,1544,1843,822,927,1692,1148,1371,1447,1389,1828,1585,1666,1033,1156,1385,1428,1326,1271,1554,1139,1061,1176,1492,1668,1258,1492,1627,2071,1101,1209,1095,1686,2191,1827,1819,2237,1393,1323,776,646,1229,1003,1437,1836,898,966,1090,882,1317,1290,1136,2144,2035,1379,1301,1557,1850,1924,1774,1127,1694,1045,1175,1339,1806,1064,1374,1951,2437,783,911,828,1561,1385,1324,2008,922,1676,1345,1351,1274
bing_querylogs|config_id=8625,1220,1223,899,758,1354,805,994,1063,1120,1114,1648,2151,2741,2407,1167,1065,992,1489,1554,1068,1203,1247,1516,934,907,1198,1085,1112,1316,1315,1453,1274,1349,1018,1062,1159,1176,1032,1139,1199,1236,1035,914,1677,1365,1120,1273,1397,1357,979,999,1128,1134,1831,2274,1308,1485,1274,1169,773,740,1126,980,1858,1685,980,912,958,997,1095,1069,1053,1597,1841,1839,1597,1404,1430,1526,1537,987,1122,1047,945,1353,1401,1349,1320,3495,1837,871,896,743,709,1045,1042,1749,1465,1222,2447,1137,1426
bing_querylogs|config_id=8631,1135,1187,838,972,741,793,1463,1614,1086,963,2502,1820,3987,5427,1314,1144,1244,3432,3589,1115,1294,1676,1612,961,989,1174,1125,1279,1274,1285,1268,1180,1286,968,984,1153,1271,1209,2409,1225,1193,1201,1220,2144,7537,1059,878,2022,1489,882,831,1328,1482,1931,2068,2382,2501,1201,1105,691,746,1168,940,1351,2091,1102,819,963,997,1759,949,1703,2287,2332,1326,1345,1111,1051,1327,1429,1111,976,1264,1097,1151,1495,1167,1145,4149,3987,786,785,652,656,1015,1045,1269,1297,1156,1444,1113,1072
bing_querylogs|config_id=8636,1124,1329,769,740,882,764,865,1526,1107,976,1549,1411,2552,2114,913,1077,862,1639,1908,1206,1054,1547,1563,782,794,1190,1052,1176,1194,1219,1216,1133,1176,1020,989,1186,1226,2170,1645,1237,1018,1095,1015,1392,1697,965,1071,1773,1666,737,864,1139,1120,1040,1132,1034,1853,1124,1073,698,674,923,1144,1913,1328,1039,869,1040,1035,1154,1129,1040,1909,1523,1731,1807,1191,1114,1362,1476,956,1116,1077,1116,1318,1487,1072,1031,2857,2026,835,790,630,602,1252,980,1961,1589,1682,1392,1090,1001
bing_querylogs|config_id=8642,1022,1020,844,770,965,726,1235,1099,977,943,1667,1359,1745,1934,892,913,858,1452,2049,971,1100,1300,1399,819,788,1081,930,1245,1508,1277,1265,1172,1188,954,1079,1083,1203,853,784,1040,1211,873,858,1599,1233,951,1019,1271,1192,807,877,907,948,863,1631,1562,1431,1060,1061,637,714,889,1142,1293,1818,935,866,817,1842,1229,833,981,1756,1741,1413,1616,1064,915,1404,1473,1252,1368,1169,855,1092,1344,943,945,3430,2228,872,777,645,589,986,1107,2323,990,1280,1857,1498,1146
bing_querylogs|config_id=8660,1196,1306,972,934,670,999,1413,924,1093,1012,1324,1272,1900,2200,922,880,908,1405,2235,1138,1102,1278,1277,788,855,1056,1034,1177,1438,1322,1596,1216,1297,884,861,1222,1121,1627,1447,1197,1016,950,1104,1191,1264,953,905,1204,1828,1015,784,1634,1344,1469,1253,1267,1687,1056,1300,725,730,1138,1174,1232,1479,942,954,938,1226,915,1047,916,2136,1653,1146,1721,1441,1223,1447,1523,1127,820,1111,1153,1216,1657,1376,1046,2631,3571,846,770,720,597,953,902,1229,1488,1539,1270,1224,1155
bing_querylogs|config_id=8669,1015,1002,752,796,758,901,889,1048,929,987,1232,1185,2440,2041,974,1090,1009,1507,2214,929,984,1455,1144,793,760,1156,985,1031,1290,1129,1202,1152,1150,1018,922,1025,1197,985,1108,1099,823,983,952,1271,1182,844,822,1197,1699,836,710,959,1181,844,1163,1155,936,1051,1038,819,736,1132,1076,1594,1600,848,913,930,965,884,951,1123,1529,1607,1148,1338,1121,1303,1325,1193,1393,893,973,840,1091,1410,1127,971,1910,2192,770,825,768,699,1008,1024,823,1145,1207,1194,972,1025
bing_querylogs|config_id=8674,1121,1151,1025,830,733,1011,1505,2157,1089,1037,1290,2030,1773,2102,1071,994,995,2435,2563,1255,1186,1253,1703,907,905,1145,1109,1130,1575,1382,1250,1275,1311,1036,1064,1350,1388,1170,1742,1463,1274,1062,991,1599,1611,1079,1059,2034,1795,905,952,1142,1947,1704,1345,1290,1718,1141,1177,726,796,979,1100,1860,1722,991,976,986,1094,1057,1721,1057,2162,1709,1707,1429,1368,1167,1596,1596,1696,1150,983,1027,1286,1843,1126,1247,2009,2121,852,892,754,726,1232,1026,1305,1480,1233,1346,1244,1264
bing_querylogs|config_id=8682,1179,1107,1200,1388,1138,999,1395,975,939,982,1447,2188,2602,2759,1112,1114,1946,1700,4591,1372,1130,1295,1411,842,987,1050,991,1429,1225,1562,1349,1088,1090,1000,1083,1438,3071,2704,1778,860,1278,1155,1148,1402,1371,900,983,1403,2909,827,908,2257,2782,1148,1502,2030,1211,1034,1108,763,661,852,986,1214,1350,903,894,1008,1125,1196,1035,1137,1964,2555,2393,1915,1221,1410,1434,1538,3326,2910,955,973,1249,1586,1011,990,2005,2057,822,852,729,761,1059,918,995,1052,2465,1578,1202,1296
bing_querylogs|config_id=8687,1007,1319,948,786,875,803,1166,1029,865,919,1804,1408,2038,3957,1123,1211,1204,2007,2090,1048,1141,1620,1586,982,859,1258,1168,1011,1315,1522,1259,1166,1322,880,849,1343,1055,1158,1043,1259,981,968,1205,1403,1911,1059,1018,1667,1499,880,837,1342,1028,1696,1257,2189,1178,1066,1037,663,727,1132,1210,1122,1400,1000,998,1117,1231,1253,1021,1003,1636,1711,1186,2022,1500,1362,1550,1326,1367,1327,1162,829,1385,1586,1211,1060,2527,2585,774,754,694,673,921,909,1112,1017,1161,1496,1192,1259
bing_querylogs|config_id=8692,1306,1074,846,766,927,920,873,1306,928,866,1849,1665,2145,2110,876,999,867,1714,1308,1305,1493,1084,1203,802,800,1022,900,1373,1223,1510,1307,1163,1205,869,919,1175,1010,1145,931,1004,1107,872,1006,1343,1130,990,964,1278,1371,723,1011,1111,918,1566,1324,1554,1817,993,1026,595,652,1024,1042,1123,1443,893,860,811,1040,820,1465,889,1600,2334,2028,1198,1106,1291,1345,1345,1313,1215,902,990,1375,1528,966,935,2396,2065,765,762,623,595,918,959,1901,1718,1746,1547,1110,935
bing_querylogs|config_id=8696,1166,1206,783,777,802,705,943,1093,969,921,1221,1420,2032,2342,926,880,902,1140,2503,1042,1468,1144,1506,799,836,927,925,1059,1213,1234,1242,1186,1204,943,947,1067,1109,1177,1145,1064,1204,1014,944,1319,1114,1092,979,1520,1356,908,854,909,1483,1507,2550,1026,1606,1075,976,662,646,1074,1016,1337,1352,945,873,941,809,846,939,1149,1665,2072,860,1356,1296,998,1349,1572,1450,910,951,897,1540,1609,943,948,3143,2534,951,790,692,608,991,904,1027,1690,1489,1356,1235,874
bing_querylogs|config_id=8703,1027,1021,766,802,739,726,914,1039,1018,1028,1229,1763,2179,2368,861,956,936,1383,2236,1033,927,1161,1266,829,840,1202,930,1443,1237,1341,1321,1169,1198,907,981,1076,1024,833,982,1033,1119,896,1050,1402,1122,1025,860,1184,1195,827,903,1103,1484,1295,1137,2054,1177,1123,1099,633,674,900,907,1207,1468,885,863,795,849,855,942,1075,1553,1579,779,1588,970,1452,1472,1569,1003,1227,857,888,1140,1412,990,938,2941,2124,794,806,644,612,948,977,1039,929,1128,1309,922,995
bing_querylogs|config_id=8708,969,1200,839,768,786,739,949,1701,1008,991,1480,1292,2052,1700,1020,912,850,1621,2157,916,1060,1182,1248,797,826,970,923,1069,1367,1380,1325,1167,1191,794,960,1131,1013,801,916,1029,1135,848,991,1180,1079,875,875,1750,1414,954,912,1141,1024,1227,1143,1453,2319,1123,1070,622,628,1134,1121,1106,1444,953,800,917,858,870,992,974,1813,1907,1670,1896,1070,1065,1498,1518,1289,941,894,963,1241,1498,1211,974,2588,2432,784,797,636,645,979,978,1210,1610,971,1220,864,966
bing_querylogs|config_id=8713,1017,1081,837,777,872,680,1350,1031,1043,885,1335,1569,2198,2480,869,1126,884,1811,2541,1004,1301,1421,1334,818,813,1098,861,1089,1202,1499,1282,1173,1211,994,931,1166,1035,746,902,1155,1255,845,997,1421,1182,917,970,1296,1560,897,803,1022,1160,1146,1304,1529,1249,1285,1186,632,647,1161,1172,1224,1406,848,917,928,964,761,933,865,1914,1777,1423,1831,960,1025,1492,1459,779,801,1038,985,1411,1558,1088,1065,3194,1533,708,760,643,649,896,1031,1780,965,1259,1697,1062,901
bing_querylogs|config_id=8718,1102,1288,826,748,699,737,1042,1140,1269,937,1358,1254,2469,1965,966,969,938,1334,2089,1056,1139,1205,1385,835,827,1025,927,1415,1297,1248,1461,1188,1299,946,906,1251,1048,1157,888,1032,1129,973,1086,1355,1171,1127,873,1221,1174,882,931,1884,931,1026,1198,2001,2240,1084,1120,613,731,995,996,1167,1253,808,905,968,1093,980,1137,974,1877,1776,1768,1901,1215,1520,1528,1554,971,1395,895,883,1279,1482,1362,963,1695,1793,797,851,711,609,940,869,2121,1323,1166,1263,861,948
bing_querylogs|config_id=8725,961,936,774,796,983,772,1085,1315,941,976,1397,1195,2430,1708,1026,903,874,809,2473,841,1046,1186,1157,771,774,987,937,940,1180,1116,1050,1152,1176,887,822,1189,1001,1296,1085,1034,829,856,884,1181,1242,1076,828,1333,1161,714,856,924,973,1436,1380,2092,1355,1087,1013,664,723,1021,1011,1283,1280,923,907,874,1265,849,806,781,1405,1503,1011,1497,1070,1023,1389,1449,1244,1945,834,839,1107,1365,1031,983,1920,2024,763,744,633,604,840,970,1016,804,1423,1308,1004,1086
bing_querylogs|config_id=8738,1193,1013,794,845,778,730,1296,919,1115,1025,1415,1531,1957,1958,881,921,843,1763,1468,963,1407,1232,1383,813,816,1117,934,1061,1215,1247,1359,1213,1205,995,972,1087,1075,902,1232,1075,1132,843,891,1354,1200,1045,808,1358,1600,750,986,1003,1288,1520,1545,1030,1703,1075,1095,652,655,1080,1216,1660,1285,834,933,874,1328,970,964,1010,1502,1610,1782,1925,1022,1016,1488,1588,1533,1273,946,820,1063,1550,950,1014,1028,2269,786,776,648,684,867,905,915,1025,1223,1396,1115,1181
bing_querylogs|config_id=8743,1111,1492,894,867,1151,876,1316,1030,1127,1111,1603,1750,2807,2646,1008,956,967,1813,2246,1098,1008,1399,1513,914,898,1229,995,1185,1393,1398,1480,1289,1370,1013,909,1220,1238,1283,1266,1123,1383,905,1120,1340,1360,1113,1016,1815,1830,999,954,1060,1568,2225,1401,1581,1979,1238,1198,724,825,1262,1169,1393,1433,968,942,904,1569,1284,1172,988,1790,1954,1213,1824,1516,1172,1550,1581,1503,963,984,973,1313,1378,1256,1015,2414,2915,864,882,758,731,944,985,1445,1189,1362,1663,1284,1503
bing_querylogs|config_id=8748,1031,1200,680,781,733,909,1044,955,1128,996,1265,1207,2207,1739,946,886,872,1209,2255,905,1083,1099,1402,806,805,1000,938,1009,1250,1246,1437,1179,1203,923,973,1026,1062,1454,883,1003,1231,967,874,1289,1170,1054,811,1109,1291,1097,1097,1104,1226,786,1283,1069,1408,1042,1113,640,693,1022,1093,1201,1254,944,982,843,856,753,967,1198,1928,1441,1434,1172,1250,1267,1507,1390,1236,946,902,945,1184,1452,1108,1070,2263,1782,783,762,692,613,923,1067,843,970,1205,1245,1175,974
bing_querylogs|config_id=8753,1080,1196,985,1021,929,1196,1839,1367,1123,1163,1340,1416,2317,2117,1317,1110,1033,1752,2489,1186,1187,1457,1402,976,991,1161,1155,1234,1570,1493,1411,1351,1407,1253,1157,1277,1233,1266,1374,1452,1472,1054,1184,1423,1484,1143,1198,1436,1358,963,1070,1180,1242,1082,1442,1792,1925,1231,1165,854,823,1121,1241,1430,1636,1077,1044,1044,991,1071,1465,1355,1946,2182,1956,1327,1581,1333,1559,1714,1328,1628,1045,1237,1372,1460,1132,1279,2383,1819,959,971,847,783,1048,1049,1125,1177,1393,1924,1475,1317
bing_querylogs|config_id=8758,991,1001,762,801,1093,834,1011,1185,951,858,2135,1180,2348,1850,897,889,849,1737,1413,995,1217,1302,1173,825,786,868,917,1040,1177,1370,1438,1185,1199,947,802,1056,1110,1061,1157,1205,1046,841,967,1572,1346,848,861,1305,1245,747,758,1507,1257,855,1315,2425,1089,1089,1041,642,657,1040,1078,1130,1317,901,865,916,903,1286,942,1166,1789,1925,1365,1558,1084,1132,1492,1411,869,1621,977,926,1080,1442,1692,979,1888,2089,759,797,679,597,968,905,817,1014,1279,1371,1145,955
bing_querylogs|config_id=8763,1438,1326,1002,870,786,830,1258,1180,1160,1059,1305,1904,2334,2969,1049,1061,1002,1673,2259,1108,1153,1244,1373,890,941,1120,1108,1173,1384,1384,1322,1246,1332,1070,1040,1361,1167,922,1399,1351,1111,996,1191,1602,1410,1173,985,1492,2112,920,1051,1430,1080,1506,2022,1430,1478,1355,1188,743,780,1373,1053,1216,1549,944,1034,965,1050,1103,1221,1057,1892,1923,1475,1517,1419,1516,1477,1526,1023,1805,1116,937,1382,1560,1102,1146,3008,3050,885,902,756,695,1197,1219,1939,2200,1349,1709,1125,1145
bing_querylogs|config_id=8769,976,1060,782,813,792,735,1235,964,975,932,1407,1317,2005,1895,941,949,899,1271,1328,950,1098,1325,1131,795,794,1051,977,1115,1348,1079,1241,1150,1222,918,954,1234,1079,1121,1253,1079,998,918,923,1324,1333,876,860,1210,1109,733,863,1437,963,1498,1217,1660,1118,1074,942,670,698,887,1036,1297,1862,934,913,794,940,864,941,574,1337,1952,1363,1219,1087,995,1438,1412,966,1042,968,948,1085,1282,945,890,2971,1740,809,753,710,617,887,1015,949,983,1047,1392,1133,981
bing_querylogs|config_id=8774,986,923,812,687,870,686,1201,1033,971,853,1661,1597,1737,1153,880,913,1454,1389,1716,1082,1225,1045,1381,801,800,1050,903,1253,1569,1152,1450,1169,1192,940,951,1149,1050,783,851,1023,1013,861,879,1180,1110,865,1022,1755,1205,905,870,1580,1090,1122,1265,905,1405,1097,951,708,664,1054,978,986,1670,968,887,750,940,1097,904,921,1811,1844,1055,1177,920,1232,1579,1389,1000,1799,806,946,1515,1442,1031,1095,2048,2654,786,806,702,597,939,898,931,1041,1155,1235,1017,1375
bing_querylogs|config_id=8781,1263,1364,842,816,1021,757,1019,983,998,961,1269,1328,1872,1819,842,896,872,1829,1765,941,1376,1011,1358,780,781,1090,951,1162,1359,1230,1220,1151,1181,931,950,1031,1193,1219,1094,1096,1160,902,892,1315,1346,959,891,1199,1188,807,849,969,1195,584,992,1749,1383,1032,1057,697,753,1097,1208,1065,1258,840,857,904,1805,893,969,913,1606,1549,1207,1200,892,997,1430,1422,1122,1137,976,982,1027,1282,999,1257,2950,3174,792,782,732,628,902,1009,897,915,991,1217,902,1068
bing_querylogs|config_id=8786,999,1170,733,785,901,717,922,919,968,978,1954,1208,1688,2163,907,916,834,1546,1565,643,1201,1000,1279,782,787,1074,969,1013,1330,1086,1077,1147,1157,903,931,1175,1017,1106,779,864,1076,895,966,1192,1100,855,1188,1471,1350,878,723,1459,962,1211,1615,1729,1369,1078,974,680,697,890,912,1067,1380,868,843,864,1120,945,963,871,1878,1329,1017,1078,972,1021,1206,1362,886,960,937,927,1323,1262,1070,904,1741,2840,770,815,653,618,886,927,1044,1154,1036,1194,1041,916
bing_querylogs|config_id=8791,1181,1130,1185,1346,1144,891,1908,2342,925,1094,3313,2821,2448,3571,963,1065,1104,2439,2689,1147,1146,1409,1926,811,882,1139,922,1468,1420,1552,1380,1121,1123,909,1020,1689,1187,2605,1515,1130,1041,1178,1035,1790,1446,934,924,2947,3007,884,933,2140,1847,1159,1445,1674,2330,1007,983,739,764,1013,1175,2041,3781,1139,972,1182,2411,1432,946,1326,2635,2684,1670,1991,1313,1424,1582,1482,920,900,1077,971,1994,1611,974,1038,2328,2940,832,894,820,869,1510,976,1315,1375,1795,4547,1297,1327
bing_querylogs|config_id=8797,1040,1159,845,769,652,707,1000,1545,954,885,1219,1129,1673,1665,912,997,907,1206,1665,927,1304,1126,1361,808,805,966,922,1102,1278,1085,1204,1162,1170,826,924,1013,1108,1075,1619,1172,1003,940,929,1090,1240,934,907,1594,1204,898,845,1157,1001,1523,1089,1527,1298,977,977,795,698,850,963,1455,1452,932,865,813,834,880,1015,739,1612,1405,1223,1390,1218,1061,1371,1290,797,1141,906,958,1226,1380,691,935,2717,2139,772,759,651,615,945,1041,1714,945,1244,1513,952,1211
bing_querylogs|config_id=8804,1127,1272,790,789,635,650,1014,1003,917,957,1134,1150,1576,1866,909,900,863,1448,1969,1066,1153,1496,1263,794,814,1036,1011,974,1142,1191,1336,1183,1196,878,882,1171,1008,969,1457,875,968,1006,926,1142,1221,847,815,1515,1162,786,708,938,936,1021,1347,1779,2119,1035,1094,670,661,1042,929,1458,1228,895,934,851,1092,1090,956,894,1336,1314,1324,991,1087,1337,1371,1306,1460,779,854,934,1257,1360,881,960,3628,2849,777,770,629,682,940,1010,980,902,1147,1271,1171,1159
bing_querylogs|config_id=8810,1179,1186,722,753,828,708,1040,979,1024,1035,1201,1547,2034,1897,1309,841,873,1289,1611,917,1108,1156,1335,784,786,1015,1179,1096,1300,1022,1196,1162,1188,924,879,1004,1110,1036,863,1012,970,887,957,1382,1226,844,915,1397,1300,840,884,1137,983,1528,2001,1103,1025,1073,963,639,705,907,995,1158,1307,909,843,877,887,911,1009,955,1509,1414,951,1037,1200,1075,1368,1416,1224,1603,819,820,1045,1168,895,983,1349,1979,782,762,704,677,967,931,913,919,1032,1162,923,1116
bing_querylogs|config_id=8820,1197,1027,748,740,1041,851,962,1486,941,1467,1670,1499,2796,3032,1252,876,1026,1624,2923,897,1025,1223,1657,782,785,1002,994,1061,1222,1123,1424,1190,1169,908,885,1444,1256,988,1529,1146,1178,1212,893,1697,1752,947,877,1618,2132,818,972,1321,1077,1103,1713,1319,1924,1239,1229,842,659,1124,1185,1517,2393,884,933,833,1413,1281,1029,1005,1333,1702,1151,1690,1350,1491,1569,1441,1187,919,1083,904,1298,1668,1098,1019,3650,2908,747,770,736,677,1009,895,1978,1357,1524,1511,1275,1277
bing_querylogs|config_id=8825,1053,1116,805,759,736,712,951,900,1047,926,1526,1333,1924,2349,929,898,852,1772,1954,1149,1025,1445,1321,808,818,993,891,1121,1211,1314,1451,1164,1176,988,941,1003,1007,840,1455,1168,1253,963,1019,1404,1443,1152,896,1586,1142,908,847,972,1560,698,1796,1515,1461,1011,1073,706,678,940,1099,1493,1176,900,813,890,883,816,1103,966,1625,1594,1445,1696,1081,1062,1267,1377,1232,883,951,963,1310,1617,990,1310,998,2307,916,779,641,607,1086,1013,1565,1716,1682,1581,1034,1322
bing_querylogs|config_id=8830,973,1006,823,743,716,698,828,1048,950,986,1169,1539,2058,2313,944,916,1035,1508,1789,1156,1485,1178,1305,821,786,1023,992,970,1134,1309,1282,1150,1209,962,917,1126,1200,1580,1075,1031,985,1036,944,1066,1222,818,876,1174,1653,709,843,1177,1044,962,1144,1031,1186,1060,1023,638,708,1032,979,1052,1308,928,921,802,1313,884,873,909,1817,1577,916,1159,967,1167,1361,1399,897,1119,915,922,1044,1355,966,927,2024,2903,761,829,632,661,1002,908,911,1073,1158,1429,950,966
bing_querylogs|config_id=8836,1132,1174,826,804,721,667,1484,1244,1411,1294,1394,1440,2445,2280,1055,1157,1073,1654,2396,986,1181,1466,1443,960,928,1305,1178,945,1272,1201,1350,1160,1190,939,1023,1552,1282,1188,1373,1075,1054,1202,1095,2717,1504,894,866,1774,1544,892,955,940,851,1475,1564,1996,1152,1247,1073,686,692,988,1403,1345,1701,883,909,1015,1321,1072,1011,1197,1670,1780,2207,1696,1106,1641,1382,1486,837,1279,1059,932,1357,1458,964,1081,2019,3666,774,774,745,795,1061,1009,1224,1361,1447,1838,1702,1419
bing_querylogs|config_id=8843,1237,1027,765,767,712,708,1050,1149,910,1060,1230,1138,1920,2004,900,837,965,1837,2341,1018,1077,1128,1214,776,775,991,962,953,1230,1323,1049,1141,1181,870,895,1068,1000,1084,1036,1008,988,946,954,1394,1237,983,944,1410,1355,790,726,1050,1171,1199,1864,1273,2099,972,892,744,688,1063,983,1006,1322,890,919,885,841,961,937,979,1553,1503,1410,1155,977,1152,1409,1260,1218,1110,941,856,1156,1282,962,930,2175,3019,783,759,645,594,919,915,1195,903,1396,1231,959,1148
bing_querylogs|config_id=8854,1214,941,807,805,749,641,1151,934,940,940,1253,1369,2142,1928,898,962,922,1839,1570,920,1072,1082,1243,791,780,989,987,1065,1321,1137,1115,1142,1186,947,968,1133,983,1084,821,986,1110,889,932,1141,1189,914,831,1009,1555,731,831,901,1215,974,1439,1139,1597,1046,1069,647,688,1105,956,1344,1230,995,852,832,1190,791,1015,823,1777,1316,1016,1279,1156,1025,1369,1360,1065,1411,1041,923,1183,1519,895,1016,826,2250,786,780,694,614,956,906,876,1390,1076,1332,924,1134
bing_querylogs|config_id=8861,1068,1026,913,960,1396,788,1431,1128,1063,1017,1438,1368,2364,2154,1167,1208,1067,1611,1966,995,1195,1121,1675,887,894,1138,1060,1323,1349,1365,1368,1258,1296,1052,1107,1320,1377,802,1615,1201,1267,1017,1075,1358,1140,959,1121,1530,1402,817,836,1195,1227,1204,1565,1204,1429,1304,1216,770,729,1145,1192,1357,1543,993,1000,993,1646,965,1434,1034,1687,1697,1655,1315,1125,1468,1335,1479,979,1061,1050,1098,1402,1363,1100,1097,3664,2586,881,887,726,749,1076,1058,1038,958,1365,1982,1491,976
bing_querylogs|config_id=8867,1112,1190,882,905,791,795,1008,1355,1025,1018,1691,1927,2573,2295,1361,1240,1076,1636,2148,1023,1448,1224,1286,912,890,1189,1130,1417,1314,1515,1331,1334,1354,916,1094,1323,1322,1586,1254,1261,1338,1242,1020,1639,1507,1157,1132,1310,1768,976,1031,1583,1199,1561,1194,1795,1860,1275,1191,802,754,1118,1058,1400,1468,916,930,954,948,1188,1157,981,1999,1617,1490,1443,1166,1917,1516,1561,1105,1031,1122,979,1586,1420,1700,1138,3543,2662,899,904,795,784,1016,1146,918,1559,1286,1457,1180,1216
bing_querylogs|config_id=8881,1243,1133,859,817,728,726,954,1123,900,990,2455,1433,1971,1665,1160,918,863,1748,1853,1032,1516,1031,1446,830,805,1188,905,1104,1356,1211,1338,1186,1446,918,935,1072,1143,1042,1064,1067,1053,949,1115,1479,1085,944,1107,1154,1376,834,831,1340,1597,1007,1333,1309,1154,1168,1230,647,707,1022,1085,1179,1283,882,999,828,1048,848,1071,875,1813,1896,1491,1827,1572,918,1482,1427,1430,1303,868,880,1201,1707,971,1084,998,2248,782,792,661,617,1083,901,1680,941,1126,1250,1280,1039
bing_querylogs|config_id=8886,1833,1527,926,935,803,904,1352,1229,1197,1058,2867,1666,2111,2264,1069,1530,1087,2098,2123,1151,1202,1178,1014,901,926,1129,1072,1793,1570,1981,1562,1478,1616,1103,1119,1511,1355,1609,1111,1455,1058,1162,1131,1517,1610,1035,1274,2248,1847,933,968,1832,1673,1799,1610,1977,1440,1297,1240,713,770,1331,950,1497,2201,1067,1187,1056,1206,964,1065,1178,2079,1987,1346,1892,1533,1871,1482,1864,1231,1538,1084,1073,1626,1607,1088,1169,2328,2398,877,824,839,675,1154,1401,2016,1537,1547,1980,1242,1176
bing_querylogs|config_id=8891,1020,1000,820,834,720,931,899,1044,918,968,1514,1361,2155,1792,859,887,1069,1481,1330,1052,1702,1266,1199,837,846,1076,1049,1165,1291,1152,1093,1165,1181,905,938,1041,1070,846,885,1029,1039,851,935,1052,1309,867,906,1418,1183,906,829,1044,1079,1050,1290,1939,1140,959,1021,671,820,1034,946,1190,1365,798,835,827,850,797,958,972,1401,1580,1632,1441,1334,1012,1367,1475,928,1512,948,804,1118,1492,1033,1028,2042,2709,773,779,667,630,886,954,1105,1355,1540,1273,852,1040
bing_querylogs|config_id=8896,987,965,782,804,710,633,903,768,1012,854,1255,1200,2252,1680,876,921,1015,1686,1946,1097,1241,1178,1303,783,766,868,953,1194,1322,1321,1274,1132,1156,922,939,1258,1142,1256,1270,940,1123,852,850,1074,1141,816,772,1133,1468,868,857,1139,1111,1297,1744,2209,2126,1027,915,697,682,872,1204,2040,1544,823,896,838,1140,1001,914,830,1746,1321,1338,1256,1176,1086,1394,1329,1154,1200,959,923,1238,1269,930,894,1869,1553,774,785,638,606,880,863,949,1015,1038,1145,1055,1047
bing_querylogs|config_id=8901,1319,1074,777,870,712,846,1299,1231,1358,1373,1791,1894,2396,2660,980,1337,941,1542,2835,1237,1082,1697,1439,816,892,1043,1041,991,1478,1408,1321,1192,1254,844,863,1920,1494,1322,1112,1296,1120,1121,1064,1441,1759,857,884,1958,2421,1172,1163,1252,1328,1101,1342,1918,2123,1316,1206,661,675,944,1143,1632,2482,960,855,900,1167,1031,924,1139,2169,1663,1859,1651,1468,1403,1609,1432,2075,2510,873,966,1141,1379,1113,1061,3427,2584,770,773,648,609,953,921,1775,1242,1310,1702,1509,1492
bing_querylogs|config_id=8906,981,976,820,738,732,747,995,985,910,910,1217,1398,1777,1280,886,840,896,1629,2666,1054,1090,1293,1244,789,782,988,1008,974,1219,1331,1269,1133,1175,945,910,987,1168,1087,804,950,1012,948,893,1040,1188,1113,922,1473,1425,846,879,1028,921,909,1142,1000,1247,1043,958,645,676,1034,972,1361,1308,978,971,904,608,923,1204,872,1590,1336,1409,1447,1080,1191,1432,1443,1076,900,880,847,1184,1274,915,1138,2078,2505,757,791,668,606,913,887,803,859,1474,1410,1321,1010
bing_querylogs|config_id=8914,1145,1051,840,778,1209,768,1133,946,967,976,1217,1903,2134,1390,923,862,875,1406,1977,1257,1313,1067,1716,839,803,1031,880,1075,1324,1227,1273,1258,1281,902,1089,1263,1339,1044,1055,1108,1031,912,955,1230,1101,865,937,1366,1301,904,885,1092,991,885,1867,1330,1178,1305,1249,819,711,977,1028,1258,1311,978,926,897,1137,1054,1432,1599,1399,1437,1273,1254,1199,1144,1470,1443,804,1607,860,980,1128,1407,987,962,1471,2641,757,760,748,683,968,917,1269,1150,1074,1551,1136,935
bing_querylogs|config_id=8919,859,1000,830,799,648,755,1580,1085,892,922,1280,1528,2050,1526,922,814,793,1085,1867,920,931,1191,1464,765,798,1068,929,947,1256,1027,1195,1128,1196,879,919,1034,1212,903,1529,822,856,920,930,1219,1164,867,962,1381,1586,850,877,981,1218,1188,1766,1431,1059,1034,1044,665,615,1023,973,984,1366,905,829,905,991,1034,1080,882,1723,1630,963,1251,997,1199,1287,1197,1368,932,872,878,1000,1437,936,896,2479,1780,774,786,631,594,912,930,1042,1031,962,1200,919,921
bing_querylogs|config_id=8928,1162,1343,783,865,763,887,1288,1332,1042,950,1648,1605,1965,1818,923,933,903,1436,2438,1123,1010,1144,1373,925,828,1006,990,1247,1558,1292,1368,1200,1332,966,933,1140,1117,973,866,1186,1338,939,1024,1280,1409,1044,1228,1156,1309,873,921,1757,2086,1117,1231,1108,1653,1080,1132,682,696,1134,1332,1281,1566,841,1089,907,984,859,1089,1078,1594,1745,1259,1114,1335,1011,1573,1444,1260,848,897,885,1153,1567,988,1128,2640,1808,798,793,748,625,1023,949,1060,1292,1070,1262,929,940
bing_querylogs|config_id=8943,1028,1038,832,849,982,793,1023,1211,1060,1003,1380,1280,1895,2125,895,850,941,1451,2180,1069,1202,1402,1258,840,996,1004,973,897,1278,1270,1254,1363,1456,1033,1020,1171,1176,1444,1025,732,1066,889,860,1247,1614,1344,961,1385,1239,903,1192,1155,1053,1029,1845,1133,1524,1109,1277,675,917,977,1055,1417,1671,850,1081,941,1114,944,1500,1353,1801,1803,1188,2043,1596,1436,1511,1483,912,1202,966,1086,1277,1582,1110,1065,2415,1419,871,750,723,671,1185,1092,849,1266,1191,1300,1086,1035
bing_querylogs|config_id=8948,1177,1109,768,760,736,805,1156,1467,976,1007,1277,1313,1611,2162,912,965,955,1146,2108,972,1030,987,1420,790,785,1011,1043,962,1266,1318,1175,1146,1228,942,836,1097,986,717,1217,1054,1143,915,852,1042,1222,815,872,1158,1203,825,887,1113,1022,1089,926,1273,948,1016,1078,722,737,1130,1007,1339,1396,915,861,909,925,1139,1009,926,1438,1463,1014,1303,1091,999,1286,1270,966,1156,934,856,1179,1313,919,1049,2641,1849,770,794,636,612,865,913,986,1010,1058,1266,926,950
bing_querylogs|config_id=8953,1137,1028,935,985,936,1042,1081,1636,1121,1319,1513,1399,2268,2071,1161,1016,1027,1510,2157,1113,1344,1463,1413,962,953,1309,1204,1121,1447,1403,1238,1432,1339,1073,1149,1292,1310,1099,1206,1320,1296,1112,1087,1500,1395,1058,1078,1505,1314,1027,1031,999,1139,1398,1609,2468,1491,1223,1348,847,854,998,1178,1425,1603,1026,1108,1013,1281,1183,1103,1087,1470,1641,1790,1891,1311,1414,1584,1551,1120,1480,1024,977,1206,1560,1152,1077,3021,2444,950,882,828,845,1147,1041,1788,1885,1250,1400,1255,1242
bing_querylogs|config_id=8958,1080,979,815,805,726,816,973,937,890,977,1209,1366,1841,1478,885,842,865,1238,1835,1056,1167,1125,1201,811,799,969,924,1040,1412,1181,1038,1136,1186,898,941,1009,1008,834,814,954,930,917,983,1172,1209,856,858,1169,1474,778,719,979,1210,841,1633,2074,845,1118,1009,645,691,1082,899,1057,1409,855,891,795,892,964,1041,976,1508,1483,1013,1740,1216,1173,1380,1299,1103,1309,892,975,1052,1288,887,1023,1630,2093,734,785,639,681,904,909,955,1056,1085,1210,979,1074
bing_querylogs|config_id=8964,1316,1391,1125,1120,1100,1218,1200,1077,1200,1103,1949,1869,6699,6143,1437,1034,2004,1687,2635,1188,1316,1338,1649,989,1096,1227,1123,1264,1461,1480,1417,1320,1340,976,1065,1407,1280,823,3425,1246,1297,1268,1266,2527,3065,1292,1110,9251,2523,1150,962,5895,2828,1878,1647,1453,1505,1377,1209,862,870,1286,1296,2565,6568,1100,1077,1289,3916,4023,1228,1205,9134,11333,5330,1504,1529,6579,1619,1729,1556,1162,1648,1223,1353,1505,1138,1217,2813,3423,1023,969,1050,838,1114,1075,1344,1587,1715,9398,1344,1388
bing_querylogs|config_id=8976,1555,1516,940,864,644,655,4158,3898,1179,940,1499,1042,21316,9549,1735,1249,1550,22911,10769,1047,1072,1663,1949,770,789,1004,1061,1092,1129,1444,1202,1125,1162,921,916,1147,1331,854,1612,1257,1204,1499,1417,6398,2207,679,612,1711,2691,812,790,1580,1278,16201,24023,5061,1355,1019,1217,690,688,888,1085,1469,1673,1117,1001,835,5868,4757,1278,1224,1872,1705,2069,744,1579,1282,1078,1220,812,815,1114,1105,1234,1319,1170,1287,2899,2952,703,657,677,699,939,854,781,958,1604,1729,1253,1471
bing_querylogs|config_id=8978,1877,2020,1369,1246,1186,1355,1280,1302,1571,1416,2215,2187,2862,2159,1816,1767,1748,2170,2180,1315,1353,2011,1761,1376,1482,1467,1246,2109,1896,2044,2014,2007,1863,2020,1742,1765,1886,1099,1099,1615,1274,1473,1429,1561,1615,1665,1808,2135,1953,1557,1451,1745,1713,3510,2170,1810,1866,1447,1515,824,989,1466,1618,2186,2170,1661,1426,1373,1034,1850,1685,1280,2626,2406,1582,1426,1870,2023,1876,1885,1084,1106,1458,1803,1934,2282,1658,1460,2330,2064,1112,1170,1763,1534,1812,1905,1325,1793,2028,1969,2008,1612
bing_querylogs|config_id=9008,1052,976,838,789,741,728,1024,1000,906,952,1162,1131,2235,1783,847,866,947,1885,2017,904,970,1268,1346,826,807,931,1034,1125,1208,1439,1236,1172,1216,926,851,1102,1001,1052,1240,1112,899,965,995,1109,1303,908,873,1178,1391,1088,788,977,1012,726,1354,1680,1976,1037,1074,753,729,886,812,1227,1297,850,865,938,916,1207,929,1012,1366,1485,1342,1215,1197,1215,1258,1335,1341,734,830,907,1286,1293,867,1028,1824,1869,785,781,662,712,899,904,886,901,1293,1220,1034,1082
bing_querylogs|config_id=9025,904,791,783,649,605,640,1007,1216,941,757,1146,1118,1504,1735,850,703,789,1232,1490,843,1049,926,1115,611,633,971,934,974,1065,1109,1176,1035,858,680,748,905,914,922,1536,978,1190,828,864,1097,993,779,827,1343,902,799,797,1253,1654,761,1192,1252,1114,838,885,624,635,702,772,1112,1091,732,689,856,921,787,1103,911,1109,1073,1489,485,1065,1161,1015,1073,1243,1192,710,779,1013,1158,791,890,2287,1718,652,713,542,603,670,773,915,1114,1139,1169,1081,866
bing_querylogs|config_id=9035,1005,1014,844,772,1545,746,1146,886,995,924,1399,1170,1901,1870,861,895,884,1074,1418,1093,1041,1444,1389,783,831,989,931,1089,1329,1512,1410,1197,1195,767,851,1082,1108,794,915,1029,1013,875,1081,1232,1406,841,908,1158,1424,846,846,1620,1039,1639,1578,1468,1039,1124,1059,779,768,932,954,1234,1312,890,911,856,840,993,1201,1062,1627,1470,1110,1146,1213,1432,1254,1444,1048,818,854,1152,1202,1268,879,923,2068,1452,796,810,725,675,981,941,1353,1237,1275,1211,1072,1131
bing_querylogs|config_id=9057,921,1016,629,623,707,1514,1236,769,873,833,1136,1034,1974,2634,805,840,826,1983,1799,752,795,983,960,589,615,881,960,876,901,1028,1011,845,857,644,744,1011,1024,1219,897,884,994,676,849,958,1148,878,814,1463,964,830,764,862,718,1385,921,1032,909,752,884,614,590,876,785,942,954,764,704,749,967,894,865,774,1005,1045,1512,1071,834,996,1003,952,1491,1053,750,803,919,1016,820,795,1766,2351,639,704,538,584,670,782,903,801,1274,1002,781,801
bing_querylogs|config_id=9071,885,1022,813,835,635,702,1039,1074,876,1034,1084,1389,1665,2046,850,1083,977,1212,2096,1177,1028,1299,1379,802,814,1058,1138,1207,1119,1346,1214,1147,1176,856,774,1228,1001,1643,1039,1073,1106,942,860,1068,1230,832,854,1205,1441,821,729,950,1310,1133,1410,1461,1061,1014,1093,745,709,962,774,1189,1778,848,874,894,887,1071,1184,1089,1361,1525,1510,1583,1148,1211,1262,1314,1233,834,952,962,1404,1190,804,1143,2747,899,763,763,713,655,799,939,1003,1188,1309,1365,833,973
bing_querylogs|config_id=9076,804,1154,619,699,574,641,897,913,823,751,1273,1003,1588,1812,836,729,864,1120,1605,963,814,971,1320,592,607,838,960,966,929,972,975,859,822,677,714,992,826,899,808,713,1055,760,793,1007,965,891,959,1398,1094,952,692,962,842,1273,1280,1104,1483,815,828,570,607,679,813,1193,900,778,812,682,924,1032,852,897,1352,1146,1033,943,1034,797,1058,1073,1039,796,807,875,1041,1181,954,919,1524,1623,665,712,553,537,667,736,899,893,1775,1027,987,843
bing_querylogs|config_id=9083,855,963,830,731,810,719,919,795,891,935,976,1061,1679,2186,1154,985,763,1081,1519,1073,809,1049,1221,606,654,875,915,972,931,1213,1012,850,849,741,786,883,859,853,860,877,1013,838,829,987,908,882,878,1569,1034,814,783,847,969,885,1256,1079,893,798,754,648,682,986,919,1102,1243,838,719,727,1311,783,1273,806,1111,1102,833,1104,962,1203,950,1093,1139,869,801,770,1141,1045,908,751,1654,2068,663,716,553,608,841,759,857,1176,1105,1194,928,857
bing_querylogs|config_id=9090,1153,1462,881,953,1025,835,997,1188,1120,1114,1349,1410,2638,1556,1137,1114,1214,1457,2124,1245,1095,1428,1456,988,993,1162,1198,1189,1305,1534,1344,1314,1354,922,1006,1263,1257,1704,1263,1182,971,1122,1110,1329,1286,1004,1206,1386,1336,975,995,1239,1141,1340,1763,1644,1721,1201,1162,891,986,1174,989,1237,1492,967,1035,1052,1699,1155,1135,1121,1794,1793,1462,1561,1303,1201,1585,1288,1488,1461,962,1140,1659,1502,1011,1129,1033,3035,987,937,826,833,1094,1119,2246,1074,1340,1407,1287,1673
bing_querylogs|config_id=9096,979,854,747,765,812,729,915,950,890,908,1426,1188,2099,1391,856,872,933,1743,1201,893,907,1155,1186,699,679,909,1037,994,1167,1236,1484,950,1185,842,1035,1086,975,1265,638,975,991,975,938,1318,1308,944,870,1128,1197,811,820,936,1223,855,902,870,1548,1029,983,740,720,965,992,1427,1137,901,767,764,1058,1024,846,813,1637,1290,999,1379,1102,1021,1396,1020,938,909,897,944,1302,1471,1025,1025,2004,1845,682,730,609,663,880,762,1054,758,1288,1165,941,997
bing_querylogs|config_id=9110,1222,1162,815,821,876,802,1069,1061,904,975,1323,1213,1898,2275,967,875,931,1699,1527,1002,1207,1294,1284,814,806,1027,1054,1074,1423,1596,1177,1162,1210,975,823,1025,1073,909,852,1061,1191,915,964,1238,1281,912,963,1163,1424,735,819,1028,1169,1187,955,1108,1537,1033,1091,745,686,1038,819,1229,1196,902,883,811,1002,1109,934,1003,1275,1415,1004,1129,1079,1243,1419,1325,1201,1260,907,938,1335,1380,926,925,2145,2299,760,794,602,721,816,917,905,1184,1116,1280,945,981
bing_querylogs|config_id=9117,1005,1260,854,844,732,729,1040,1290,904,993,1213,1225,2307,1944,978,968,975,1858,1616,972,985,1316,1284,823,836,965,1025,1082,1223,1456,1138,1175,1195,955,799,1060,1275,1292,1204,1209,1172,1045,1065,1318,1195,942,920,1141,1422,809,859,1363,985,1052,1159,1140,1539,1061,1151,734,741,988,1034,1091,1686,853,850,836,1045,1063,1050,1305,1378,1439,1833,1533,1162,1155,1397,1440,1365,1129,861,924,1393,1346,1278,967,1948,1463,737,779,681,680,790,912,1173,1261,1506,1291,1154,1108
bing_querylogs|config_id=9126,1136,890,837,719,977,748,1011,1043,970,917,1196,1254,1764,2272,822,848,846,1518,1598,1110,1013,1114,1296,821,807,972,1024,989,1346,1411,1172,1150,1218,795,803,978,1143,734,1461,997,902,866,979,1185,1257,862,940,1141,1196,839,876,1031,1131,1299,1021,1361,1441,1035,1273,755,694,1046,916,984,1360,858,919,915,1815,849,1033,894,1451,1772,1137,1135,1240,940,1301,1340,1094,1024,875,937,1581,1191,818,1016,2059,815,778,779,659,663,845,902,1062,801,1060,1179,1041,1199
bing_querylogs|config_id=9138,1014,812,683,665,698,855,898,1578,710,905,954,1242,1709,1479,766,799,797,1446,1198,1145,845,997,1191,623,616,886,1044,898,885,1178,1175,865,892,779,747,817,840,974,1500,1080,1005,931,809,1068,928,876,900,1256,1341,744,788,928,1121,887,1244,1194,1423,857,829,671,665,896,687,1113,913,743,798,742,1156,754,941,776,1164,1049,933,880,976,1047,1097,1058,731,1100,913,729,1274,1041,863,873,906,1580,660,729,543,589,684,696,942,815,1034,1291,703,974
bing_querylogs|config_id=9142,1375,1376,651,655,708,710,1093,1297,978,1008,1329,1317,2741,2503,1351,1327,1636,1263,1595,1390,940,1555,1368,843,842,887,842,942,1079,1057,1041,1200,1340,1031,1057,1148,1101,631,633,922,920,1190,1188,9905,3235,696,696,2017,2005,690,684,1116,1117,8116,9389,1263,1252,1101,1081,690,692,1359,1353,1144,1466,1090,1007,1001,1009,934,911,1678,1766,1652,1013,1088,1022,1022,1222,1234,754,727,832,823,1179,1365,937,933,1321,1315,686,714,750,701,1242,1236,871,885,1489,1855,1289,1278
bing_querylogs|config_id=9153,1045,1052,811,812,736,709,1164,1307,952,990,1605,1523,2191,1794,922,913,894,1335,2019,1274,991,1460,1438,818,810,943,1065,1175,1217,1415,1196,1166,1192,846,818,1047,1048,1530,1398,1122,943,881,906,1345,1056,934,908,1275,1124,1322,864,1014,1058,1522,2182,1537,1738,1042,926,744,696,894,860,1001,1750,974,815,808,948,1064,1052,953,1614,1468,1254,1412,1155,1241,1260,1340,810,954,829,882,1340,1222,917,809,2793,2889,795,714,699,696,913,900,937,1269,1346,1223,894,1078
bing_querylogs|config_id=9162,1050,991,891,900,1134,758,1455,964,962,1029,1156,1017,2068,2011,869,1021,1093,1512,1544,1115,941,1305,1015,786,787,1043,1096,1277,1262,1303,1213,1009,1000,977,844,1020,1207,1538,1703,1150,1030,922,999,1375,1190,999,884,1534,1218,896,907,1183,977,1378,1026,1053,1689,1072,984,791,788,1032,1035,1333,1267,897,953,966,972,1019,997,1039,1254,1184,1062,1839,1159,1086,1373,1310,1298,1626,999,975,1155,1263,1203,1002,1979,1496,823,890,761,707,962,916,1157,1060,1214,1862,1074,1011
bing_querylogs|config_id=9173,813,800,714,708,663,643,839,995,920,837,1101,997,1643,1948,774,692,823,1669,1526,950,847,918,972,622,595,935,1182,1117,869,968,1107,826,854,713,706,821,1082,1096,898,980,794,776,810,1049,988,825,848,975,965,719,671,917,1070,1055,1373,1283,1548,918,776,638,664,833,860,1495,1050,727,765,854,1101,867,799,871,1051,1165,913,1251,955,924,1060,1144,816,748,783,707,1090,934,821,789,1520,1912,673,648,536,582,657,760,1218,1230,1037,1040,835,800
bing_querylogs|config_id=9181,1132,971,965,815,973,1298,950,1163,1247,1277,1567,1416,2073,2147,1089,1307,1281,2105,2003,1479,1690,1380,1591,819,818,1079,1066,1756,1708,1378,1610,1042,1384,1355,1158,1300,1261,1345,2403,929,1039,1285,1320,1589,1446,1050,984,4639,1864,878,772,1170,1224,4731,4381,1586,1214,1343,1379,729,679,1045,903,1661,1700,953,1043,1109,1985,2104,1530,1364,2230,2150,1060,1760,1182,1161,1017,1037,856,914,1017,1104,1300,1552,1134,1082,2230,2231,730,737,956,956,1136,1027,1352,1931,1913,1447,994,948
bing_querylogs|config_id=9186,1406,1056,968,1030,737,1063,1179,1136,1320,1208,1446,1512,5303,2197,1540,1156,1483,2771,2964,1250,1320,1554,1667,930,930,1196,1075,1441,1449,1461,1670,1412,1461,1182,1259,1213,1414,1444,1359,977,1115,1238,1266,1258,1412,1048,1155,1325,1420,855,774,1159,1112,5713,4930,1186,1738,1300,1369,817,827,865,893,1771,1788,1065,976,1010,1584,2325,1417,1851,1816,1734,2063,931,1268,1208,1333,1066,961,812,969,907,1346,1588,1098,1324,1926,3239,754,780,1016,1016,1250,1184,1149,1336,1966,1377,918,1011
bing_querylogs|config_id=9194,1164,1273,733,796,912,771,1207,1062,1258,1093,1521,1821,1926,2558,1417,1327,1353,1709,4001,1335,1523,1466,1294,823,876,1029,972,1546,1724,1434,1288,1178,1204,1115,1068,1223,1173,1233,1586,1042,1043,1286,1307,1379,1365,989,1121,1460,1997,804,795,1287,1074,4673,4780,1403,1638,1280,1275,726,746,1099,1080,1486,1606,1189,886,1109,1085,2053,1413,1207,1549,1564,1947,1837,1350,1532,1204,1442,833,774,1076,1132,1171,1436,1034,1061,1825,1832,731,726,926,1003,1088,1085,1424,1498,2482,1744,1190,1070
bing_querylogs|config_id=9200,1092,1231,910,820,877,904,1286,1153,1328,1132,1554,1288,2386,3537,1404,1346,1135,3246,3524,1002,1791,1218,1406,856,821,1355,1032,1336,1507,1673,1506,1322,1281,1074,1331,1117,1275,2603,1277,908,995,1246,1019,1115,1436,1101,1178,1523,1181,858,793,1109,1162,5593,5335,1521,989,1133,1433,699,746,847,826,1864,1626,1095,1054,1002,1760,1111,1356,1461,2084,1692,1159,1666,1248,1203,1175,1121,900,904,979,1242,1278,1553,1329,1200,6776,1986,749,754,1067,1003,1260,1035,1854,1523,1750,1322,1210,1211
bing_querylogs|config_id=9213,1339,1300,969,1004,1266,808,1046,1015,1330,1187,1613,1476,2185,2311,1257,1178,1270,1991,1986,1133,1620,1705,1716,818,865,996,1050,1554,1311,1577,1430,1200,1227,1158,1283,1264,1298,931,2337,1093,1040,1177,1318,2433,1412,1052,1191,2922,2570,811,828,1069,988,4088,5150,1308,1093,1161,1178,720,699,1005,1117,1445,1736,1143,1039,1142,3026,963,1501,1238,2203,2119,1129,1589,1338,1457,1273,1573,818,874,992,1042,1497,1647,1072,1009,2127,1820,713,732,961,1108,1196,1226,1440,1690,1950,1490,1005,1089
bing_querylogs|config_id=9218,1916,1706,1217,1120,1633,1000,1530,1863,1988,1578,2316,2188,2469,3889,1915,1839,1959,4151,3365,1763,1731,1939,2605,1084,1060,1456,1385,1966,2325,1945,2016,1373,1407,1580,1457,1950,1935,1872,2204,1562,1411,1576,1482,1547,1939,1738,1676,2004,4008,997,935,1402,1625,5416,6640,1488,2007,1532,1920,866,948,1335,1113,2096,2467,1431,1497,1538,3877,4176,1318,1397,2703,2759,1371,2278,1744,1787,1935,1605,1252,1002,1315,1499,2075,1854,1577,1323,6734,2704,1090,1066,1183,1382,1790,1620,1247,1853,2694,3143,1683,1544
bing_querylogs|config_id=9228,1250,1237,843,1046,1025,895,1150,1263,1203,1344,1746,1775,5234,3546,1421,1426,1286,2719,2298,972,1103,1578,1781,927,892,1030,1001,1623,1956,1508,1495,1275,1446,1347,1352,1333,1565,1807,1564,1100,1085,1471,1318,1292,1766,1234,1286,1517,2725,936,922,1269,1286,5271,6646,1172,1299,1412,1308,745,761,1005,963,1356,1805,1236,1209,1263,1032,3503,1089,1636,1907,2176,1400,1243,1463,1536,1261,1512,1021,936,1093,1214,1269,1642,1048,1228,3178,2322,786,819,984,1137,1357,1326,1383,1468,3003,2379,1082,1010
bing_querylogs|config_id=9237,1007,1131,989,935,804,957,1501,973,1328,963,1387,1123,5107,2119,1401,1417,1356,3413,4216,1625,1506,1567,1376,781,802,994,990,1753,1444,1429,1784,1003,1222,1045,1160,1177,1340,1332,2754,981,1070,1300,1342,1307,1222,1254,1071,1290,1670,836,725,1091,1183,3897,4946,2765,2274,1150,1172,706,692,811,885,1848,1680,914,868,906,2824,1214,905,1397,1621,2173,1708,1051,1227,1047,991,1079,843,818,838,998,1497,1581,1063,1155,2547,2655,720,798,857,959,1133,973,1417,2985,2051,2693,1027,967
bing_querylogs|config_id=9243,1377,1272,859,1017,894,1182,1305,1077,1311,1358,1490,1546,3016,4831,1169,1458,1248,1769,5340,1279,1217,1489,1314,853,905,1065,1019,1269,1297,1692,1283,1225,1260,1065,1045,1423,1434,2135,2354,1079,1041,1202,1146,1096,1472,917,1376,1899,2438,826,843,1048,1148,4289,3161,1371,1229,1399,1407,742,708,937,810,1427,1778,940,1042,1060,868,2109,1220,1497,1973,1801,1745,1944,1590,1345,1145,1312,882,836,1123,1080,1420,1569,952,1060,1670,1663,733,796,1160,953,1067,1122,1503,1342,1713,2016,1146,1124
bing_querylogs|config_id=9248,1198,1199,1015,732,873,639,1499,1135,948,1293,1408,1310,4279,2411,1225,1401,1045,1948,2723,1109,1409,1081,1191,770,783,1088,978,1367,1508,1410,1441,1107,1107,1124,1027,1153,1390,1324,954,939,836,998,1130,1844,2056,1135,919,2165,2466,784,762,1142,986,4811,3617,1194,1269,1062,1055,725,674,819,1094,1421,1469,980,986,1095,728,2148,888,1289,1638,1666,1715,1520,1325,1135,1141,1101,796,786,980,973,1074,1505,911,984,2241,1652,671,727,936,810,966,1296,1232,1152,1405,1663,950,940
bing_querylogs|config_id=9253,1516,1239,916,910,873,1150,1149,1136,1358,1315,1621,1516,3726,2612,1575,1238,1284,2168,5126,866,1043,1428,1626,871,867,1086,1174,1256,1409,1724,1559,1182,1257,1172,1188,1322,1413,1160,2767,867,1146,1143,1295,1631,1588,1247,1010,2273,2292,806,843,1042,1161,5487,5018,1420,1176,1161,1084,743,732,888,928,1717,1576,1047,1054,959,1764,1889,1474,823,2103,2398,1093,949,1104,1119,1387,1384,872,904,1095,1119,1394,1760,1086,1003,5612,1927,727,724,733,886,1153,1185,1406,2028,1575,1554,1050,1076
bing_querylogs|config_id=9258,1758,1852,1446,1840,1336,1366,1837,2111,1565,1607,2351,2178,6496,2911,1799,1714,1722,2497,2448,1509,1953,2247,2056,1107,1035,1206,1402,2002,2091,2141,2233,1524,1439,1839,1626,1453,1604,2011,2342,1754,1808,1426,1594,2258,1688,1388,1206,2181,2088,1156,1151,2050,2021,4258,5797,1701,1869,1356,1518,1106,1022,1564,1579,1918,2869,1282,1257,1417,2798,2164,1732,1984,2415,2119,1689,2084,2177,2058,1961,1873,1335,1390,1546,1352,1990,1411,1594,1638,3681,2960,1155,1129,1195,1345,1761,1318,2125,2531,2224,2306,1793,1889
bing_querylogs|config_id=9266,1171,907,883,705,803,841,869,1272,1156,1145,1584,1477,1754,3481,1198,1379,1404,1971,2333,1172,1283,1563,1414,747,759,1124,1239,1304,1511,1393,1567,1067,1066,1109,1119,1205,1096,993,1145,919,939,1043,1037,1359,1189,1288,1318,1448,1287,770,724,969,1069,4705,4271,1777,2242,1076,1208,670,696,942,1007,1600,1821,981,977,916,1443,3025,1224,800,1587,1565,1745,1720,973,1102,1142,1034,814,798,1011,1033,1358,1313,964,1070,4479,2908,665,654,915,850,1254,1031,1279,1406,2473,2140,1216,1174
bing_querylogs|config_id=9271,1388,1027,1044,1015,922,952,1082,1108,1339,1336,1604,1446,3274,2470,1307,1164,1358,2610,2319,1639,1544,1200,1366,800,841,1071,1102,1669,1528,1418,1475,1018,1290,1189,1463,1207,1328,2156,1213,943,998,1246,1120,1405,1189,1133,1162,3501,1204,811,741,1001,1118,4277,4742,1937,1329,1210,1248,757,740,895,852,1606,1641,1139,1048,899,2622,2401,1267,1544,2099,1841,1324,1132,1159,1371,1012,1127,845,868,1028,1048,1559,1754,1032,1197,6291,1941,730,787,889,980,1109,1027,1159,1441,2028,1388,1017,1225
bing_querylogs|config_id=9276,884,1159,1025,922,784,811,997,1246,1205,1229,1465,1628,3163,3787,1169,1196,1067,1326,1978,721,1176,1427,1287,748,723,1128,1093,1624,1337,1446,1405,1121,1141,1185,1069,1316,1344,1200,1617,995,1017,1179,1207,1321,1294,1136,1109,1330,1309,737,713,889,1070,4019,4918,1520,1405,1121,1250,691,779,904,742,1457,1491,1248,1033,926,1536,1666,968,1222,2081,1740,1950,1342,1406,950,1129,1212,889,848,1078,1073,1596,1458,956,1054,2048,3908,832,739,786,1014,1141,1170,1423,1162,1441,2205,965,1057
bing_querylogs|config_id=9286,1322,1346,1029,1404,1203,1122,1193,1194,1043,1408,3705,2386,2823,1759,1120,1228,1246,2719,2112,1095,1203,1482,1514,878,1005,1066,1173,1678,1524,1400,1423,1190,1337,1159,1196,1304,1620,2043,1165,1045,1076,1145,1096,1617,1431,910,905,1516,2427,1001,904,1236,2190,1101,1946,2263,1982,1231,1244,778,836,944,1004,1856,1616,999,879,1305,995,986,1478,1790,2529,1839,1888,1704,1405,1380,1251,1245,1021,1028,1000,1122,1411,1460,1129,1129,1681,1777,813,845,821,827,1219,1228,1851,1658,3426,2444,1315,1302
bing_querylogs|config_id=9291,1318,1318,947,986,1050,1072,1734,1105,1090,1045,3261,2351,3544,2538,1156,1785,1028,1684,1833,1057,1335,1395,1338,830,806,1103,1158,1362,1297,1448,1276,1038,1307,1018,1092,1503,1598,1751,1482,922,1004,1065,1100,1476,1652,854,906,1442,1355,939,960,2717,1804,1092,1831,2250,2033,1146,1122,724,668,955,1016,1331,1304,968,838,1266,1264,890,1185,1227,1888,2206,1676,2184,2266,1745,1075,1495,974,1100,1047,985,1290,1178,1105,1029,3261,2593,791,853,720,824,995,880,1539,1267,2906,2782,1196,1294
bing_querylogs|config_id=9296,1279,1332,1609,1635,1125,1205,1199,1118,1010,1105,2997,2625,2327,2872,1137,1191,1248,2088,2181,1282,1104,1253,1408,940,941,919,980,1441,1495,1380,1476,1204,1230,1196,1101,1137,1462,1181,1377,995,1033,1046,1081,1485,1599,1209,1663,1766,2527,985,922,3235,2702,2724,1486,3431,3146,1192,1113,738,715,983,1069,1605,1627,1029,1191,1012,1229,1303,1066,1345,2002,2048,1608,1885,1442,1481,1194,1226,1070,1039,1089,1015,1525,1377,1042,1088,2638,1839,776,771,881,920,1168,1088,1633,986,3418,1560,1200,1147
bing_querylogs|config_id=9301,1066,1265,1644,2095,868,1197,2025,2156,902,893,3904,2828,2009,2134,951,987,1058,1273,1491,1111,1117,1336,1543,862,851,877,935,1244,1499,1299,1340,1290,1239,1075,910,1371,1449,991,942,1229,1712,1032,1016,1167,1236,937,1887,1439,2202,955,1249,2438,2166,942,1186,965,1173,1073,1079,841,728,1092,1171,4179,28898,884,862,754,1020,1027,1160,990,1609,1635,1692,1958,1308,1312,1415,1408,1575,1112,886,810,1343,1274,1036,926,1513,1524,780,1065,762,725,910,843,1113,1502,3603,3126,991,1190
bing_querylogs|config_id=9310,1304,1344,1228,1924,1119,1134,1203,1174,1093,1009,2294,1902,2689,1762,1252,1288,1252,2440,2312,1009,1063,1832,1470,930,1035,901,961,1286,1545,1358,1415,1206,1208,1161,1150,1411,1347,1054,1185,1021,1037,1159,1094,1437,1523,1323,1938,1518,3460,888,971,2428,2498,1404,1476,2779,31458,1156,1120,750,710,1026,940,1573,2266,1130,1016,910,958,1113,1354,1124,2181,1947,1722,1443,1250,1438,1236,1234,1007,1010,998,1028,1349,1623,1026,1052,2081,1760,826,789,888,752,1213,1105,1334,1142,1465,3644,1203,1260
bing_querylogs|config_id=9311,1156,1167,1761,1676,901,944,893,1110,947,993,3320,2109,4458,2800,1162,1210,1041,1766,2311,1497,1197,1485,1386,914,912,1122,1081,1235,1439,1610,1627,1292,1300,1199,1141,1304,1441,1116,1271,1102,1082,955,967,1767,1619,1435,1313,1516,1418,954,1018,3084,1888,2343,1828,1371,1321,1193,1169,723,806,982,1021,2402,1388,1018,972,1241,1326,1409,1478,1489,3339,2889,1688,1842,1293,1543,1419,1434,2326,994,1120,964,1329,1383,973,1031,1518,2829,846,791,853,741,1041,1081,883,1295,3053,2797,1305,1392
bing_querylogs|config_id=9313,1503,1587,1819,1727,1195,1274,1436,1329,1380,1200,1711,2141,3667,3882,1464,1139,1128,2451,2740,1257,1267,1769,1920,975,940,964,1014,1658,1759,1568,1465,1341,1351,1385,1297,1636,1652,2087,1648,1118,1324,1301,1664,1764,1951,1118,1148,1505,2403,1032,1014,1803,1958,1569,1599,2574,2834,1571,1561,730,675,1085,1243,2315,2310,1485,1255,1188,1071,1177,1530,2508,2342,2671,1670,1704,1786,1692,1253,1284,1167,1181,1302,1239,1720,1515,1346,1350,3171,2444,811,842,991,804,1175,1170,1298,1419,4015,3619,1519,1701
bing_querylogs|config_id=9318,1280,1270,1779,1614,1257,1175,1100,1111,1070,1097,1315,2787,2967,3685,1111,1163,1189,2333,2665,1322,1126,1409,1921,943,949,895,927,1513,1560,1377,1474,1170,1204,1106,1219,1342,1414,1230,1721,983,960,1068,1038,1505,1539,1594,998,2734,2381,878,971,1717,1981,1515,1218,3224,2289,1172,1098,744,760,952,925,1373,1674,1056,848,947,1169,1276,1123,1106,2362,1650,2630,1989,1445,1495,1184,1180,1013,1040,1153,1045,1462,1436,1009,1074,1982,3033,793,823,1076,904,1183,1110,957,1514,4659,3309,1241,1252
bing_querylogs|config_id=9324,1686,1632,1009,984,948,945,1155,1440,1495,1346,3256,2115,2758,3327,1359,1112,1309,2025,2177,1537,1631,1479,1704,918,976,1111,967,1628,1323,1733,1544,1425,1508,1448,1130,1555,1588,2673,2126,1041,1076,1205,1140,1677,2182,1263,1095,3096,1493,937,938,1736,1789,1680,3928,1944,2743,1058,1039,659,667,1244,1097,1439,2602,1315,1073,1259,1252,1398,1766,2898,2475,1973,1270,1717,1327,1368,1535,1603,3314,1441,1303,1171,1586,1692,1116,1127,2420,3729,841,845,792,697,1289,1261,2202,2668,3711,3350,1519,1451
bing_querylogs|config_id=9336,1047,1066,1269,1599,862,803,932,1083,1153,1224,2756,2728,1885,2054,1392,1411,1416,1428,1778,1453,1299,1588,1455,891,980,1031,1035,1274,1527,1327,1286,1345,1375,1298,1228,1512,1564,864,1930,992,986,1177,1099,1832,1989,1049,1790,3658,3388,785,893,2480,3073,1491,1514,1226,1179,1028,1001,698,771,942,1022,1262,1584,1010,916,901,1155,972,1469,1378,2210,2813,1682,1639,1199,1149,1289,1297,838,857,979,980,1482,1433,993,1020,1404,1538,755,839,773,780,1290,1068,1052,1045,2653,1392,1059,1109
bing_querylogs|config_id=9341,1988,1959,1751,1461,791,844,3693,2809,1560,1283,4292,2296,5112,4760,1536,1561,1553,5044,5300,1501,1684,1766,1681,957,973,907,948,1589,1894,1318,1345,1306,1166,1519,1338,1212,1606,1763,2786,1297,1317,1528,1531,3951,4121,2265,2462,2715,1905,946,808,1699,1977,2593,2663,1248,1066,1103,1101,655,621,1035,910,2967,2596,907,806,895,3086,2741,2160,2237,3033,2451,4249,4857,1651,1348,1187,1239,947,937,1080,1052,1422,1367,875,978,1905,1919,785,772,700,736,1612,1583,1654,1709,2956,2751,1165,1342
bing_querylogs|config_id=9349,1540,1576,1881,1086,1249,1299,1299,1342,1133,1229,3070,2736,2003,2669,1488,1444,1335,1910,2096,1182,1571,1512,1484,843,952,1032,1004,1526,1683,1680,1597,1456,1476,1322,1235,1472,1472,1041,2076,1033,1049,1295,1312,1965,1825,1056,1137,1696,1285,999,1013,2213,2010,1285,1412,1766,1554,1345,1361,894,863,974,1056,1543,1645,1028,1149,1374,1002,1056,2135,1955,2414,2698,1627,2036,1506,1547,1399,1310,1065,1042,1206,1123,1543,1472,1324,1384,2139,1918,780,866,974,990,1236,1173,1053,1603,1885,4066,1521,1335
bing_querylogs|config_id=9359,1639,1402,2297,1012,1160,1135,1385,1728,977,926,3115,2846,3698,1917,1383,1553,1421,1566,2502,1188,1446,1941,1981,924,1004,1057,1044,1813,1846,1838,1854,1351,1484,1293,1188,1602,4425,1233,998,1194,1316,1338,1360,1541,2049,1201,1306,3632,4086,1298,1153,1241,2507,2067,1507,1243,2031,1241,1220,728,833,1190,1035,2688,1830,1253,1141,1394,1269,1156,2038,1187,3198,2624,2824,2216,2602,1533,1613,1662,931,942,1089,1065,1572,1725,1210,1106,1487,1548,1091,1068,1208,1253,1270,1166,1234,1300,3726,2945,1685,1518
bing_querylogs|config_id=9364,1376,1241,1633,1602,802,871,1597,1113,1028,929,4383,3955,3311,3625,1161,1691,1365,4534,1403,979,1199,1629,1648,918,945,929,981,1074,1118,1344,1350,1166,1275,1181,1256,1353,1387,923,980,986,997,1200,1210,8288,8321,1007,1284,1875,3527,870,771,2527,1046,919,833,1160,1201,1099,1034,616,613,1332,1329,2275,1517,1034,1005,1041,948,969,2911,2074,2831,1954,1598,2400,1237,1094,1257,1317,836,845,851,915,1688,1386,959,1029,1432,1385,728,849,780,718,1331,1251,1027,1071,2490,2878,1602,1769
bing_querylogs|config_id=9370,1492,1471,2397,1890,1307,1343,1299,1307,1264,1285,1556,2617,2547,3236,1349,1512,1484,2419,2366,1130,1299,1740,2118,1171,1358,1107,1106,1704,1706,1505,1611,1387,1374,1257,1284,1382,1506,1856,1628,1095,1151,1222,1216,1691,1753,1295,1505,3546,1638,1056,1095,1912,2800,1449,1770,31291,2218,1287,1356,899,827,1156,1248,3710,1691,1128,1225,1375,1428,1059,1307,1316,1782,2017,1615,1764,1516,1604,1373,1416,1198,1197,1256,1366,1538,1643,1216,1226,2255,1772,950,984,1052,1079,1331,1343,1105,1751,3443,3515,1222,1402
bing_querylogs|config_id=9389,1312,1183,1819,1476,1110,1181,1215,1184,1045,1109,2738,3180,2087,2818,1251,1091,1373,2682,2242,1205,1185,1497,2029,847,951,1070,912,1516,1380,1272,1192,1305,1358,1193,1000,1600,1394,1105,1508,1030,1026,1095,1076,1531,1598,894,893,1425,1397,930,983,2506,1976,3144,1485,1536,2410,1283,1232,773,765,987,990,1361,1687,1132,1159,1248,1031,943,1637,1771,2927,3640,1868,1917,1371,1260,1318,1170,1015,1021,1016,1105,1232,1458,1105,1107,1617,2635,774,771,983,1278,1106,975,941,1320,1373,3047,1272,1154
bing_querylogs|config_id=9397,1380,1310,1567,933,851,855,1295,1768,968,1172,3063,3000,2551,1919,1357,1347,1272,2515,2550,1838,1522,1470,1473,850,890,870,959,1073,1161,1876,1559,1334,1273,1159,1301,1222,1442,4376,5026,1153,1150,1051,1064,1307,1335,1706,1499,4735,4892,1046,965,1275,1889,66917,18309,4391,66652,1211,1241,647,819,921,989,2682,1739,945,924,1129,2167,1720,1416,1684,2616,2568,1574,1637,1417,1456,1319,1321,1011,1052,915,987,1392,1298,939,1030,1942,2027,758,755,722,724,1354,1036,995,1119,2351,3108,1144,1425
bing_querylogs|config_id=9406,1652,1716,2120,2745,1318,1467,1376,1339,1600,1689,3028,3113,3033,3360,1766,1560,1607,3517,4112,1989,2488,2144,1837,1177,1104,1412,1434,1818,1728,1944,1974,2025,1914,1613,1625,1778,1924,2272,4529,1482,1320,1746,1775,3105,2024,2020,2661,4669,5597,1099,1052,3980,3200,2886,3223,2675,2180,1471,1526,848,811,1166,1167,3699,2379,1416,1360,1420,3083,3301,1886,33852,2741,2407,2440,2979,2217,2259,1480,1579,1113,1093,1330,1186,1889,1860,1473,1525,2027,2507,1017,1194,1065,1083,1783,1476,2445,2535,4817,2016,1613,1885
bing_querylogs|config_id=9414,1328,1313,1054,1034,1142,1155,1230,1208,1130,1091,2988,2935,4401,2471,1106,1182,1268,1851,2373,1394,1211,1993,1418,902,844,982,956,1330,1364,1400,1419,1266,1278,1060,1131,1308,1305,1347,1325,1046,1036,1070,1091,1644,1435,905,909,3309,1384,996,911,2011,2501,1482,3072,2375,2249,1231,1295,807,823,1023,1013,1621,4306,995,1000,1027,982,935,1659,1776,3030,1766,1430,2144,1286,1276,1257,1200,1014,1032,888,1004,1225,1629,1193,1100,2245,1777,801,781,952,955,1502,1172,1000,1438,4256,3879,1048,1506
bing_querylogs|config_id=9419,1476,1356,2453,2097,1178,1264,1192,1179,1227,1162,2471,2289,2192,2755,1410,1352,1342,2001,2578,1045,1163,1483,1884,1060,960,965,1039,1682,1569,1477,1427,1283,1293,1315,1152,1542,1367,1028,1084,1102,1112,1218,1214,1621,1625,1108,2892,1423,1480,1017,996,1106,2328,1393,1297,2316,1590,1240,1227,803,756,1112,1002,2268,1830,1222,1185,1206,998,1096,1397,1348,2056,3040,1377,1470,1362,1534,1218,1279,1107,1154,1129,1282,1418,1569,1176,1163,2005,1837,882,857,1041,1060,1313,1263,1020,1405,1755,2118,1319,1362
bing_querylogs|config_id=9424,1268,1326,1003,2589,1121,1162,1155,1160,1083,1091,2862,2324,2463,3759,1095,1088,1227,1808,2125,1037,1133,1487,1463,955,957,943,944,1301,1458,1438,1450,1222,1228,1060,1236,1142,1422,978,1484,1014,1013,1116,1076,1547,1525,1474,1767,1657,1643,883,977,2230,2680,1403,1343,1775,1832,1158,1132,718,670,948,934,3138,3978,1078,1039,1241,1092,943,1391,1154,2209,2557,2006,2401,1249,1382,1180,1192,1015,1039,1072,1119,1399,1522,1098,1044,1660,1619,757,781,752,860,1144,1094,917,1164,1571,3614,1159,1253
bing_querylogs|config_id=9437,1305,1190,929,895,883,945,1105,1120,1090,1044,1249,1198,1319,2292,1073,1177,1106,1844,1674,967,1165,1236,1344,867,852,933,994,1207,1559,1299,1243,1269,1260,1111,1034,1343,1326,806,942,1203,922,987,994,1407,1473,960,908,1219,1231,850,830,1036,1126,1280,1094,1601,1528,1311,1283,815,715,974,970,1221,1463,1152,897,1089,864,878,1524,1595,1753,1580,1341,1473,1176,1179,1147,1168,1056,981,1012,992,1301,1330,1041,1057,1372,1552,790,782,802,760,1035,961,834,1106,1361,1336,1032,1014
bing_querylogs|config_id=9468,1058,1045,1330,1410,841,890,946,968,1214,1214,1417,3418,2498,2641,1231,1327,1326,1403,1539,1086,1164,1267,1371,823,916,1062,1008,1316,1635,1218,1111,1259,1335,1285,1166,1387,1568,2220,2084,964,996,1072,1126,2447,2378,713,831,1200,1797,872,864,2551,1245,1524,1179,1229,1190,1014,1018,696,637,892,850,1268,1407,898,1039,1086,990,963,862,954,2567,3988,1377,1489,1072,1255,1321,1296,1041,921,951,873,1261,1406,996,955,1307,1622,807,967,764,853,1049,994,1061,1339,1721,3574,1112,1100
bing_querylogs|config_id=9479,1836,1464,1276,1251,1348,1409,1354,1339,1289,1321,1864,1848,3264,2056,1419,1504,1436,2423,2396,1562,1711,1511,1447,1014,1005,1231,1315,1686,1835,1744,1873,1665,1446,1585,1514,1891,1501,1226,1680,1532,1490,1482,1253,1676,1783,1315,1152,1359,1403,1097,1172,2157,1549,1881,2959,1947,1665,1494,1408,1013,921,1460,1216,1850,1589,1201,1314,1399,1714,1598,1785,1980,2022,1727,2114,2379,1820,1865,1930,1648,1188,1484,1283,1359,1585,1562,1585,1511,1876,1769,1310,1034,1021,1166,1563,1248,1559,1420,1544,3787,1378,1827
bing_querylogs|config_id=9505,1032,1055,1725,1843,971,908,881,930,1153,1228,3427,1268,2179,2576,1538,1375,1543,2614,2063,898,1006,1439,1301,789,944,1192,951,1313,1378,1161,1018,1185,1197,1162,1295,1136,1647,1669,1768,956,959,1033,1190,1213,1198,693,709,3216,2554,827,856,1773,3055,1181,1555,1109,1120,920,895,711,663,829,864,1181,3374,897,939,1239,1191,899,869,1088,1828,2103,1518,1378,1056,1134,1301,1226,899,767,925,880,1238,1521,999,943,1445,1507,756,1276,705,718,1084,993,994,1147,2467,1431,1126,1088
bing_querylogs|config_id=9507,1104,1000,925,1743,968,925,1119,1200,1118,1056,3524,2636,3492,4102,912,1806,1152,2222,2387,1075,1539,1376,1677,792,900,999,927,1086,1244,2230,1496,1247,1302,1030,1049,1522,1403,1760,1393,1201,1090,1114,1042,2190,1356,940,921,2809,3132,928,1177,1022,2687,1199,1111,1512,1847,1187,1050,883,756,947,994,1489,1700,929,902,807,1220,1878,1590,1931,3460,2676,1867,2465,1365,1399,1505,1595,931,2295,1034,858,1260,1737,1039,934,1901,3119,780,860,924,963,1026,1042,922,1164,1198,3435,985,1280
bing_querylogs|config_id=9513,1171,1354,1647,1730,1004,1000,1168,1201,1301,1228,3467,3026,2917,1964,1574,1606,1510,1863,2124,1038,1163,1550,1555,1045,1091,1173,1353,1389,1279,1441,1544,1351,1363,1427,1396,1863,1697,1939,1640,1113,1132,1292,1245,2870,1549,1942,1811,3888,2448,1034,963,2399,2470,1854,1543,1460,1416,1069,1152,859,806,1005,1162,1497,2306,1094,1029,1229,1042,1093,1004,1034,1966,2514,1818,1743,1406,1256,1397,1455,1217,1002,1039,1060,1684,1699,1221,1160,1779,1780,886,895,975,873,1329,1357,1107,1340,3672,3072,1294,1359
bing_querylogs|config_id=9520,1023,961,887,1015,758,936,1181,1057,1234,1101,2793,1790,2309,2101,1501,1459,1392,1907,2039,1151,1274,1406,1400,927,945,1158,1244,1332,1925,1317,1350,1191,1243,1275,1281,1601,1773,2121,1308,1006,1048,1126,1105,1478,1307,715,748,1823,1619,865,892,2092,1779,3665,1858,1178,1257,1098,1026,758,826,957,857,1446,2811,1069,870,1124,1232,937,1269,1326,2290,2580,1602,1770,1179,1075,1314,1296,808,843,875,889,1488,1423,1065,1057,1503,1462,725,710,837,1068,1093,1109,1165,1302,3798,1557,1099,1106
bing_querylogs|config_id=9525,1012,1048,1845,1479,812,814,2175,1892,1201,1147,3121,2268,3083,2202,1529,1413,1416,1369,2095,874,1005,1346,1307,961,880,949,981,1232,1483,1352,1273,1129,1183,1231,1161,1466,1716,1856,1194,927,894,1017,1030,1391,1339,977,1161,3096,3670,868,859,1617,1627,2608,1272,2188,1148,968,918,650,671,859,820,1281,1426,1000,945,1046,992,1428,798,905,2481,2557,1650,2264,1120,1120,1178,1412,902,871,895,915,1473,1425,990,949,1448,2041,845,962,729,685,1088,1010,1055,1336,3184,1579,1103,1089
bing_querylogs|config_id=9530,1004,1185,1274,1545,727,901,1863,827,1119,1240,1496,4117,1865,2948,1460,1446,1525,1452,2148,888,1062,1255,1374,788,949,1152,976,1187,1334,1134,1129,1181,1178,1271,1134,2000,1671,2578,1116,909,940,1084,1079,1232,1333,823,722,1544,3284,870,842,2403,1766,1410,1254,1132,1243,900,987,643,635,951,935,3355,1400,989,963,1034,937,956,1157,852,2511,2779,1355,1864,1108,979,1281,1264,1160,840,973,996,1262,1489,953,935,1556,1439,713,818,752,1033,1143,1060,1026,1009,1806,3462,1044,1069
bing_querylogs|config_id=9535,1418,1294,1127,1214,880,843,1326,1395,1880,1688,2030,2781,2966,2836,1854,1669,1638,2217,2102,1131,1309,1684,1564,1090,1464,1277,1322,2444,1569,1378,1327,1243,1251,1227,1120,2252,1683,3513,1611,1046,1037,1228,1408,1632,1570,738,850,1664,2916,784,770,3280,2837,2096,1932,1736,1654,1061,1061,667,676,1023,964,2448,2156,1172,1224,1347,1419,1018,1049,1023,2014,2913,1807,1901,1310,1293,1343,1302,1034,1019,1267,991,1408,1432,1008,969,2216,2122,787,710,852,721,1145,1086,952,1143,2943,2777,1347,1425
bing_querylogs|config_id=9548,1364,1584,1374,978,1114,1091,1495,1633,916,1151,2418,2916,3423,3952,1334,1322,1403,1465,1759,1249,1221,2201,1593,981,969,1131,1227,1784,1864,1852,1834,1479,1318,1276,1157,2234,1963,1256,1321,1375,1374,1198,1115,2478,1538,857,855,2169,3205,1186,1471,2319,1446,915,1326,3162,1264,1587,1233,761,834,1103,1122,2154,3438,1192,1196,1121,2543,1133,1227,2410,2741,3261,1940,1771,1328,1479,1732,1611,923,1017,1161,1166,1952,1801,1163,1138,1360,1663,1007,1027,1386,1152,1221,1133,1084,1331,3086,2143,1306,2260
bing_querylogs|config_id=9553,1328,1235,1044,1881,1012,1022,1165,1061,1217,1321,2740,2837,3017,2906,1726,1560,1630,2573,1825,1023,1171,1482,1516,957,1048,1208,1165,1501,1482,1354,1218,1337,1359,1449,1273,1661,1972,3045,1745,1112,1107,1276,1343,2099,2141,869,871,1518,2970,1009,913,2949,3190,1562,2374,1315,1448,1093,1153,813,798,1075,1227,4082,1847,1095,1027,1257,1162,1115,1223,1045,2391,1873,1272,1371,1416,1295,1323,1378,962,1255,1060,1121,1402,1692,1131,1095,1763,1732,928,882,829,917,1390,1247,1153,1398,2421,3505,1065,1257
bing_querylogs|config_id=9558,994,959,1560,1831,873,831,1375,833,1121,1142,2582,2668,2659,2338,1469,1461,1549,1533,1553,909,1057,1312,1302,820,903,1133,972,1256,1123,1103,1101,1167,1189,1339,1314,1227,1344,1511,3147,904,936,1039,1022,1418,2060,694,860,2994,3117,856,819,1160,2047,1186,1259,1149,1402,933,968,638,612,847,909,1279,1555,946,885,1042,878,1442,1088,841,2652,1937,1545,2131,980,1013,1264,1263,789,787,979,873,1278,1442,917,1000,1538,1953,714,797,745,655,1423,1201,991,1219,2269,2708,1060,1085
bing_querylogs|config_id=9569,1022,1199,1098,1245,829,865,1128,1108,984,1252,2683,2208,2288,1793,1477,1394,1420,2988,2143,953,952,1329,1341,780,881,1031,1022,2294,1834,1142,1142,1184,1200,1140,1352,2027,1653,2352,2166,902,910,1090,1093,1513,1654,838,719,2461,1663,854,882,2297,2185,1707,3913,1156,1671,911,890,719,667,832,844,1239,1895,943,932,1035,977,1011,890,862,2121,2537,1524,1889,1090,1110,1282,1322,969,852,961,943,1264,1362,984,968,2418,1579,968,733,875,1000,1332,1138,1025,1387,2221,1320,1048,1068
bing_querylogs|config_id=9578,1276,1290,1556,1026,1292,1184,1222,1197,1105,1019,1241,1901,1899,2835,1156,1081,1295,1527,2028,1053,1209,1346,1270,748,733,904,904,1611,1779,1071,1455,1185,1171,933,1271,1391,1403,1363,1370,987,1017,1089,990,1476,1524,835,827,1028,3262,850,1023,1582,1023,1293,1775,1367,1357,1139,1131,690,824,1023,1195,2116,1285,1196,1357,1203,906,1381,1442,1747,1753,1910,2215,2000,1600,1380,1276,1310,980,1043,1096,1192,1251,1364,1140,1137,1625,1666,714,727,1183,763,1127,1073,1483,1006,1404,3108,1147,1366
bing_querylogs|config_id=9583,1011,1011,1418,1032,752,822,1358,809,1068,1000,1368,2039,1897,1729,1358,1550,1448,3253,2099,1010,976,1160,1306,750,884,1030,960,1124,1093,1095,1114,1159,1173,1270,1276,1527,1591,1766,1092,923,902,1126,1085,1793,1972,704,702,1672,3309,857,856,3316,2277,1200,2893,1194,1278,924,1242,687,643,896,864,2911,1444,956,902,1014,1144,855,911,839,2896,2575,1686,1181,1129,1078,1295,1280,761,988,981,965,1318,1493,942,955,1649,1905,719,699,764,899,1083,1084,1078,1029,2526,1309,1072,1083
bing_querylogs|config_id=9590,1026,1033,2039,1725,819,739,990,1016,1138,1150,1350,2752,2370,1938,1447,1380,1554,1551,2231,884,1032,1376,1312,791,919,977,932,1097,1486,1135,1103,1164,1178,1272,1170,1445,1905,1905,2110,949,920,1167,1065,1400,1389,689,699,1220,3769,792,853,1939,1120,1855,1359,1159,1549,899,878,657,661,829,861,2268,1337,1073,894,1099,978,1658,983,832,2514,2057,1717,1528,1231,1211,1271,1242,839,922,1021,994,1094,1499,1000,970,2550,1591,717,801,796,944,1522,1036,980,1265,1265,4171,888,2093
bing_querylogs|config_id=9614,1522,1291,1245,1500,900,831,1303,1478,1454,1640,2287,2584,3617,2068,1845,1653,1904,2718,2109,1091,1233,1760,1628,883,1142,1141,1086,1328,1495,1278,1179,1198,1231,1526,1563,2187,2239,1378,2326,1037,1013,1329,1402,1894,1615,879,777,1745,1786,783,775,2369,2205,1922,1576,1757,1641,993,958,593,596,1007,960,1973,2221,1218,1056,1264,940,988,915,1188,2014,3042,1908,1975,1468,1375,1352,1281,1011,1019,1218,1005,1069,1465,981,970,1988,1932,781,775,694,836,1045,1033,1040,1267,1429,3383,1387,1423
bing_querylogs|config_id=9622,1019,1044,1501,1616,864,896,902,1629,1035,1046,3069,2374,2103,1880,1368,1443,1771,1963,2305,1001,1086,1352,1371,898,934,952,1048,1056,1750,1362,1262,1186,1204,1340,1305,1595,1728,2939,2432,913,935,1119,1274,1374,2067,742,1938,1437,1391,872,871,2333,2318,2058,1715,1257,1257,943,904,721,661,842,944,1211,2566,941,876,985,964,1035,824,936,2992,3005,1494,1862,1194,1355,1269,1235,891,857,982,991,1455,1520,950,976,4418,1823,842,721,888,711,1079,1050,1094,1331,2709,3088,1094,821
bing_querylogs|config_id=9627,1002,1095,1380,1550,837,835,927,828,1298,1200,1387,3355,2056,1720,1364,1484,1553,2259,2122,915,1005,1389,1339,922,921,977,1176,1689,1289,1347,1357,1157,1186,1125,1309,1129,1946,1262,1120,909,938,1075,1122,1971,1206,1066,1296,3571,3507,861,846,1640,2633,2253,1665,1366,1121,986,995,704,669,919,869,1834,1972,852,1030,986,944,982,1059,843,2664,3594,1644,1712,1251,1020,1287,1315,830,798,857,1048,1459,1465,948,937,1466,1448,699,713,688,700,1124,1031,972,1212,1490,2618,897,1066
bing_querylogs|config_id=9658,1739,1691,1092,1106,1166,1115,1587,1602,1361,1123,2019,2025,2714,4208,1344,1649,1730,2463,2418,1318,1451,1894,1951,907,1155,1264,1276,1810,1757,1968,2052,1361,1389,1519,1337,2015,1779,1157,1205,1385,1365,1495,1524,2103,2154,1274,1244,3016,2989,878,905,1270,1256,2847,2879,1631,1709,1509,1579,800,639,1180,1176,1793,2096,1117,1142,1207,1391,1362,1417,1468,2577,2414,1499,1543,1805,1935,1672,1667,1036,1036,1125,1153,1701,1754,1371,1343,2023,1987,910,883,1113,1133,1336,1425,1129,1176,2655,2439,1877,1873
bing_querylogs|config_id=9668,1036,1638,777,1444,648,822,950,947,1112,1127,1882,1820,1725,1945,2024,1414,1409,1858,1603,1544,1370,2077,2035,819,815,1953,999,1038,1260,1257,1236,1270,1297,1663,1747,1276,1296,929,861,897,959,1519,1315,1467,1719,884,786,1952,1879,801,744,1018,1701,3165,1445,1117,1288,1489,1789,694,681,894,908,2578,17852,887,952,1689,775,1560,815,851,2250,1748,1169,1102,1389,1186,1292,1284,818,798,958,896,1320,1316,998,1046,1521,1350,741,1326,737,680,1776,1793,1102,1253,1798,17706,1192,1105
bing_querylogs|config_id=9865,981,978,602,623,644,673,986,935,1012,961,1215,1159,1825,1632,851,947,984,1111,1670,915,859,1160,1045,829,733,1138,1032,936,1013,1238,1099,1141,1120,842,843,1042,980,935,1156,1024,898,901,982,1216,1271,722,775,1118,983,881,816,867,905,837,775,1052,885,927,839,634,634,917,830,1135,1216,742,772,857,906,896,794,809,1222,1286,775,792,1071,1076,1168,1168,903,779,693,705,1355,1231,863,921,932,1050,647,805,731,693,962,941,1054,1184,1275,1160,1029,1100
bing_querylogs|config_id=9923,1180,1145,979,897,834,925,1059,1099,1127,1020,1458,1464,1759,1854,1080,1089,1192,1741,1620,1320,1203,1336,1439,941,1008,1303,1216,1374,1273,1339,1444,995,1211,1109,1180,1378,1350,960,962,1022,1053,1018,1108,1251,1249,984,980,1412,1478,928,903,1150,1019,1182,1030,1159,1158,1090,1052,743,839,1017,1098,1494,1499,1091,1045,894,1126,1289,1050,1015,1328,1332,1074,1124,1294,1335,1208,1105,1122,1132,902,970,1523,1545,1134,1048,1729,1801,913,821,927,977,1165,1177,1322,888,1500,1613,1210,1350
bing_querylogs|config_id=10127,1832,1915,1474,1433,1299,1390,1805,1845,1327,1316,2152,2157,3013,3036,1446,1492,1549,2658,2754,1684,2042,2120,2085,1321,1278,1206,1246,2031,2175,2121,2148,1739,1681,1407,1417,2053,2077,1145,1236,1450,1552,1888,1747,2365,2324,1606,1583,2428,2449,1099,1167,1565,1517,3213,3082,1917,1935,1653,1669,774,749,1413,1429,2089,2211,1316,1336,1326,1466,1362,1994,2261,2748,2506,1854,2037,2084,2062,1826,1835,1134,1133,1334,1322,1928,1922,1514,1515,2268,2174,1053,1062,1449,1437,1650,1668,1755,1558,2170,2172,2125,1956
bing_querylogs|config_id=10128,1764,1693,1434,1432,1329,1436,1834,1832,1249,1319,2370,2340,2911,18881,1605,1605,1591,2689,2720,1869,1786,2137,2137,1163,1228,1163,1203,1897,2025,2174,2131,1660,1686,1717,1727,2081,2080,1270,1328,1786,1826,1652,1652,2369,2340,1542,1482,2394,2034,1127,1127,1749,1568,3128,3083,1915,1946,1449,1492,832,770,1463,1343,2100,2301,1337,1341,1331,1391,1392,1860,1771,2738,2706,1977,1874,1929,1754,1788,1884,1353,1353,1356,1344,1862,1832,1626,1532,2232,2230,1122,1121,1489,1474,1634,1626,1733,1581,2399,2422,1887,1801
bing_querylogs|config_id=10129,2271,1982,1302,1397,1127,1130,1826,1874,1633,1500,2504,2690,7715,7952,1884,2048,2034,4200,4614,1729,1690,2119,2104,1092,1162,1233,1295,2044,2274,2297,3173,1684,1970,1532,1532,2243,2126,1012,1004,1745,1804,1587,1629,4194,3749,1319,1272,2404,2403,1118,1098,1531,1531,3390,3398,2262,2300,1653,1525,649,642,1722,1989,1892,2563,1167,1171,1161,1402,1403,1810,1875,2802,2818,1743,1765,3306,8781,1620,1747,1270,1333,1337,1200,2051,2070,1369,1369,2166,2132,1068,1122,1093,997,1530,1448,1487,1312,2350,2576,2569,2503
bing_querylogs|config_id=10130,1349,1502,1077,1096,1340,1085,2079,1574,1407,1425,2225,2694,5964,5700,2277,1676,1413,2761,2572,1585,1376,1991,2188,1170,1162,1275,1394,1568,1679,1971,1866,1397,1244,1330,1245,1662,1788,1232,7260,1008,1324,1356,1414,3419,2222,1238,1605,3599,2943,2039,1165,2484,2720,2093,1985,1978,1985,1410,1537,892,716,1644,1155,2035,4065,1257,1094,1145,1144,1565,1486,1495,2598,2506,1954,2177,1620,2063,1869,1903,1832,3669,2078,1210,1799,1816,1110,2073,2579,3622,850,1012,812,845,1516,1148,1731,2146,3939,2909,1615,1720
bing_querylogs|config_id=10131,1096,1118,1026,1066,913,866,1741,1403,1292,1165,1384,1950,20959,3234,2474,2039,1434,2897,3221,1288,1415,2015,3080,1089,1005,1004,1156,1339,1675,1953,2200,1238,1265,1048,1155,1574,1187,13059,1861,1206,1167,1332,1293,4173,1790,1176,1394,5602,1855,1139,1258,1649,1280,1504,1796,2561,2869,1370,1266,925,843,1316,1199,1440,1890,1127,1183,1194,1208,1273,1326,1283,2107,2255,2430,1941,1900,1962,1608,1754,1226,1193,1083,1314,1809,1847,1302,1162,4549,5603,956,933,937,834,1112,1126,1503,1526,1854,1357,1239,1295
bing_querylogs|config_id=10132,1348,1200,1028,1034,921,1582,1881,1749,1420,1228,2178,1452,14672,2362,1492,1410,1672,3158,2630,1255,1210,1925,1692,1087,1102,1096,1113,1293,1621,2174,1686,1381,1353,1140,1124,1167,1279,11747,14521,1178,1346,1425,1312,2818,3503,2452,1185,1599,2058,1169,1181,1494,1526,1630,7479,2012,3279,1229,1346,757,864,1280,3361,1809,1979,1122,1000,1068,1464,1137,1307,1278,2208,2033,1767,1598,2037,1782,1646,1671,2110,1713,1215,1168,1694,1655,1339,1421,3395,2641,1001,800,687,659,1092,1236,1771,1362,1492,1490,1719,1407
bing_querylogs|config_id=10139,1037,1007,689,703,659,627,914,1157,1177,1323,1081,1088,2219,2013,925,925,775,1018,1339,717,1222,1143,1132,950,904,904,1180,912,983,1334,1151,1147,1096,838,827,986,995,1510,1630,808,914,946,1116,1117,1108,720,721,1029,1299,894,910,885,1030,1568,1183,1123,1202,869,863,586,667,906,839,1136,1134,802,835,916,977,1244,961,1189,1289,1253,824,1578,1265,1002,1187,1236,1016,876,735,866,1495,1432,987,908,1442,1225,727,708,802,626,940,827,703,1095,1141,1032,1167,1271
bing_querylogs|config_id=10322,2143,2174,1432,1440,627,627,2770,2657,1717,1693,2131,2152,7379,12348,1657,1681,1679,7244,7619,1378,1390,1680,1681,859,869,894,911,1590,1733,1175,1329,1217,1245,1352,1362,1134,1134,1115,1392,1256,1254,1561,1561,3861,4053,1875,1871,1930,5735,735,677,1372,1372,2440,2440,1146,1146,1196,1181,606,604,903,903,1970,1964,815,820,809,4589,3078,1721,1725,1663,2368,5269,5337,1291,1291,1308,1251,903,903,1128,1090,3165,1753,872,872,1957,1959,723,732,626,617,1687,1680,1503,2203,7270,6740,1310,1315
bing_querylogs|config_id=10323,2297,2230,1858,2352,813,816,2609,3091,1838,1839,4447,3534,6535,6229,1826,1854,1899,6740,7021,1498,1668,1918,1844,935,967,1070,1573,1688,1816,1824,1635,1171,1189,1498,1484,1652,1820,1506,1330,1293,1316,1656,1679,4173,4114,2058,2177,3793,4081,835,1070,2448,3668,2831,3019,1616,1778,1385,1343,676,603,941,947,1944,2180,931,822,914,2982,4727,1775,1998,3147,3559,5524,5430,1536,1436,2123,2333,976,998,1320,1291,2248,1452,982,896,2452,2485,883,856,905,658,1863,1846,1798,2194,3046,3599,1473,1472
bing_querylogs|config_id=10324,1893,1829,1369,1405,621,621,3314,2588,1704,1612,2001,1855,3448,4239,1717,1842,1739,4774,5427,1313,1351,1732,1780,990,897,1021,980,1508,1651,1311,1252,1180,1205,1320,1337,1110,1116,1040,1040,1183,1183,1507,1778,3383,3575,1709,1893,1881,1855,819,760,5375,1335,2176,2518,1175,1106,1138,1069,599,601,814,812,1864,2101,768,773,762,2729,2759,2144,1632,2685,2175,4267,4181,1308,1312,1176,1214,887,895,1178,1133,1416,1511,866,886,1818,2234,751,799,622,613,1498,1468,1494,2801,2019,2027,1221,1157
bing_querylogs|config_id=10476,2010,1952,1280,1249,663,600,2444,2430,1830,1779,1897,1970,3895,3860,1876,1643,1593,5665,5849,1511,1380,1549,1635,895,878,1077,1185,1562,1574,1171,997,1066,1109,1275,1252,1002,1200,1000,1092,1357,1277,1529,1524,3353,3439,1716,1758,1830,1891,739,738,1246,1262,2093,2104,1004,1028,1049,1055,652,570,761,728,1796,1763,820,741,678,2526,2543,1539,1540,1656,1715,4352,4147,1127,1207,832,987,935,930,996,1130,1202,1189,898,894,1709,2212,697,704,561,558,1536,1474,1344,1426,2075,1880,1282,1366
bing_querylogs|config_id=10491,2255,2023,1390,1455,613,643,2585,2682,1732,1735,2080,2069,4300,4065,1805,1861,2020,5023,5580,1814,1579,1770,1638,856,806,898,1097,1716,1596,1234,1143,1384,1266,1500,1534,1493,1361,1114,1174,1280,1403,1663,1717,3399,3526,1807,1766,2036,1943,778,787,1376,1489,2113,2281,978,1258,1257,1254,599,722,930,814,2069,2556,769,813,832,2526,2568,1782,1954,1653,2394,4461,4564,1390,1348,1005,1176,925,993,1406,1011,1285,1205,1018,1035,1947,2119,759,753,631,624,1712,1715,1582,1530,2607,2059,1227,1331
bing_querylogs|config_id=10504,2054,2057,1172,1132,1090,1085,1522,2328,1384,1301,2151,1749,2771,2183,2363,2152,1879,2008,3337,1080,1051,2216,2005,1009,1018,1631,1712,1673,1547,1985,2066,1825,1849,1666,1499,1645,1708,1415,2091,1455,1421,1396,1554,2561,2949,1184,1200,2281,2565,1038,1048,2013,2295,1244,1356,1637,1728,1787,1376,879,879,1287,1403,2312,2555,1211,1225,1304,1509,1338,1231,1770,1969,1966,2303,2059,1902,2136,1735,1699,1317,1545,1291,1255,1779,1713,1283,1290,2430,1954,1003,1023,998,1542,1565,1590,1237,1274,2155,2290,1569,1630
bing_querylogs|config_id=10517,1966,1955,1130,1169,1603,1292,1767,1457,1330,1353,1858,1818,1841,1749,2173,2163,1930,1936,1942,1521,1773,1960,1857,1002,997,1564,1568,1500,1512,2061,1967,1566,1722,1369,1362,1808,1838,1399,1414,1828,1348,1456,1382,2123,1890,1221,1126,1915,1936,1114,1095,1424,1639,1184,1218,1567,1713,1496,1483,935,929,1236,1271,1963,1868,1185,1201,1215,1473,1197,1126,1111,1897,1819,2060,2063,1524,1852,1696,1650,1216,1259,1260,1169,1778,1735,1346,1312,2434,2254,1211,1000,1422,1021,1708,1869,1435,1630,1933,1756,1535,1411
bing_querylogs|config_id=10544,1522,1589,1303,1262,1232,1237,2741,1577,1613,1629,2392,1793,2266,2482,1836,1619,1815,1827,1657,1846,2124,1791,1845,1134,1217,1139,1485,1926,2132,2304,1857,1609,1578,1521,1660,1634,1536,1824,2136,1464,1618,1772,1675,1912,1682,1305,1376,2445,2196,1070,1125,2994,1922,1776,2058,1909,27247,1525,1306,977,980,1155,1386,1820,1835,1231,1165,1221,33431,2505,3222,2017,2119,1889,2311,2855,1764,1677,1728,1467,1192,1396,1269,1200,1761,1823,1494,1165,4113,2912,1033,1030,1189,1173,1317,1312,1783,3989,1975,1852,1514,1510
bing_querylogs|config_id=10546,1468,1433,932,870,797,741,1728,1279,2178,1507,1970,1545,3899,5331,1460,1561,1563,4297,4021,1152,1170,1752,1549,740,802,1158,1232,1486,1556,1937,1370,1010,1189,1373,1272,1472,1592,2282,1230,1039,947,1465,1317,1921,1736,1161,901,2208,2359,929,809,1114,1207,4562,2554,3442,2858,1427,1343,746,599,1103,963,2026,1578,1007,1149,1065,1455,2073,1138,1343,1343,1269,1704,1881,1386,1378,1275,1367,1030,875,1217,1108,1465,1134,1096,1337,2598,1737,739,688,783,963,1129,1407,1366,1787,3317,1732,1620,1187
bing_querylogs|config_id=10554,2113,2002,1174,1168,1103,1173,1759,1673,1603,1511,2048,2090,3090,1928,2571,2913,3425,2217,2299,1094,1210,2008,2087,1080,1096,1649,1633,1450,1647,2004,1818,1786,1805,1434,1602,1874,1817,1525,1536,1500,1459,1434,1776,3047,3217,1363,1262,2489,2494,1079,1071,1592,1968,1452,1411,1810,1773,1771,1867,865,893,1388,1367,2384,2233,1225,1252,1315,1530,1390,1128,1127,2142,2144,1730,1705,2101,2277,1776,1779,1170,1379,1341,1353,1659,2104,1434,1437,2903,3239,1056,1019,996,1015,1804,1646,1808,1919,1870,2552,1586,1587
bing_querylogs|config_id=10555,1699,1842,1335,1135,1198,1211,1839,2552,1466,1512,1787,2045,3445,3237,1619,1473,1922,2389,1971,1751,1835,1766,1733,1245,1276,1254,1204,1865,2006,2506,1809,1566,1503,1606,1522,1757,1460,1640,2701,1370,1551,1691,2000,1873,1634,1368,1305,3312,2153,1214,1101,1869,2063,2704,2057,2179,30039,1496,1298,879,853,1222,1174,2108,1786,1237,1136,1218,2267,1744,3702,2145,2483,1878,2061,2664,1515,1689,1386,1423,1102,1220,1273,1142,2057,1889,1431,1417,3183,2046,1027,1027,1184,1331,1493,1425,1925,2122,2165,4189,1680,1402
bing_querylogs|config_id=10564,2202,2019,1175,969,1142,1391,1579,1916,1706,1605,2268,2113,3733,3055,2456,2719,2360,2175,2155,1541,1550,1977,2119,1101,1071,1449,1586,1481,1661,1946,2092,1776,1823,1447,1690,2205,1979,1433,1672,1515,1538,1644,1500,2837,2468,1168,1315,2066,2604,1050,1042,1636,1603,1945,1276,1727,2344,1723,1675,858,982,1356,1414,2126,2395,1294,1282,1302,1372,1450,1117,1101,2211,2099,2166,2338,2037,2034,1757,1789,1414,1437,1261,1307,1769,1829,1438,1269,3499,3309,1224,1120,1333,968,1656,1763,1553,1383,1997,2225,1541,1509
bing_querylogs|config_id=10569,2136,2265,1116,1147,1322,1526,1340,1646,1545,1654,1908,1896,2029,3259,2491,2324,2424,2243,2133,1727,1799,1814,1824,985,1006,1643,1728,1669,1529,1981,1872,1688,1481,1338,1598,1770,1575,2074,2328,1251,1446,1619,1448,2352,2452,1103,1125,2358,2054,1004,1056,1913,1547,1389,1393,1720,1879,1361,1542,869,946,1414,1386,2457,2272,1195,1197,1180,1421,1377,1119,1769,2005,1908,1831,1820,2181,2108,1448,1508,1212,1324,1285,1254,1642,1600,1430,1372,1789,2319,1033,998,972,1283,1888,1720,1530,1776,2027,2026,1643,1482
bing_querylogs|config_id=10571,1746,1752,1272,1262,1328,1154,2797,3114,1460,1468,1730,1930,2512,2699,1570,1724,1709,2242,1520,1913,2078,1585,1928,1118,1082,1185,1410,1949,1913,2069,1782,1463,1441,1682,1625,1490,1959,2581,1583,1359,1817,1653,1846,1650,1780,1261,1168,2123,2239,1030,1207,2341,2088,2005,1706,2399,30516,1340,1412,939,991,1205,1206,1938,1839,1156,1157,1309,1771,2107,1551,2567,3014,1765,2139,2656,1643,1737,1378,1241,1054,1126,1279,1347,1788,1687,1461,1175,2440,2426,1027,1027,1251,1271,1623,1447,1751,2056,1872,2002,1419,1580
bing_querylogs|config_id=10575,1438,1622,1430,1319,1207,1248,1596,1407,1508,1596,2020,2054,1881,2373,1491,1780,1875,1612,1513,1857,2127,1777,1806,1249,1184,1184,1467,2060,1749,2251,1912,1866,1606,1652,1594,1638,1637,1890,2043,1346,1822,1719,1813,1886,2079,1005,1133,2491,1901,1167,1296,1654,1936,2289,2025,2050,1920,1689,1352,1034,1034,1359,1163,1786,1830,1519,1271,1168,1671,1539,1472,1616,2050,1930,2337,2078,1635,1796,1466,1438,1056,1177,1311,1328,1666,1741,1489,1399,2829,1855,1034,1032,1201,1386,1356,1340,3051,1914,1917,1825,1638,1603
bing_querylogs|config_id=10576,2601,2754,1533,1603,1619,1427,2381,2313,1923,1960,2408,2320,3890,6651,4061,2729,3427,3168,3467,1325,1316,2412,2681,1166,1280,1791,1694,2061,1904,3065,2918,1875,1910,1599,1822,2521,2204,17904,3212,1475,1482,2825,2129,3584,5123,1661,1324,2814,3114,1230,1215,1968,2190,2022,2030,2159,2216,1886,1775,1006,1185,1498,1475,2901,2455,1363,1380,1418,1758,1909,1455,2183,2816,2608,2390,2941,3443,3520,1954,2038,1531,1510,1436,1351,1941,2249,1464,1713,4538,4315,1262,983,1386,1285,2138,1861,2095,2182,2659,2819,1875,2218
bing_querylogs|config_id=10580,1532,1542,1468,1315,1224,1227,1591,1738,1399,1439,1976,2051,2605,2887,2260,1892,1801,2081,1800,2004,2241,1994,2224,1215,1305,1221,1534,2167,2088,2396,1869,1534,1666,1525,2121,1826,1892,1547,1484,1791,1917,1722,1636,1809,1823,1652,1027,2127,2204,1051,1146,2040,2301,2161,1828,2237,2122,1545,1405,882,1015,1174,1175,1865,1998,1160,1172,1278,1931,1960,3278,3442,2016,1942,3809,2308,2066,1579,1509,1863,1041,1145,1282,1305,2000,1657,1619,1223,3553,2074,1034,1064,1110,1151,1475,1340,4743,3573,2423,2093,1401,1351
bing_querylogs|config_id=10602,1499,1307,1041,917,853,920,1602,1140,1363,1345,1895,1695,4590,3898,1378,1168,1528,2769,2841,1566,1625,1604,1544,784,762,1054,1028,1363,1525,1724,1461,1116,1124,1138,1185,1289,1432,1054,2125,956,954,1197,1178,1673,1700,960,941,2305,1763,872,854,1250,1181,2975,2981,1124,1374,1300,1156,662,736,1055,1096,1674,1716,1041,888,1151,1559,3035,1187,1372,1421,1767,1478,1855,1222,1269,1325,1213,870,871,1353,935,1492,1603,1162,1103,6622,2589,781,764,899,897,1247,1150,1293,1595,1533,2393,1026,1205
bing_querylogs|config_id=10607,1941,1765,1373,1373,1092,1599,1719,1509,1688,1636,2456,2945,5976,8744,1919,1650,1856,3045,6162,1677,2193,2058,1973,881,927,1032,1149,1440,1735,1852,2296,1129,1111,1602,1560,2039,2112,1527,2590,1125,1183,1785,1520,2492,2392,1312,1235,4521,11712,906,990,1751,2857,3131,3277,5016,1944,1622,1665,862,693,1251,1494,4464,9396,1304,1085,1580,3541,2387,1442,1695,2314,6958,1413,1589,2496,2053,1425,1932,887,928,1217,1309,1832,1653,1179,1022,2256,2893,749,696,1315,1359,1496,1679,1674,4625,4319,7719,1525,1476
bing_querylogs|config_id=10616,2192,2005,1144,1144,1543,1302,1516,1332,1450,1474,2124,1971,2191,1512,1923,1554,2043,2082,2009,1613,1738,2080,1974,1067,1003,1615,1659,1503,1584,2148,2062,1844,1855,1432,1327,1622,1952,1511,1654,1328,1379,1634,1742,2031,2213,1489,1308,2039,1892,1057,1056,2346,1433,1151,1383,1516,1510,1496,1585,893,891,1320,1231,2217,2088,1132,1269,1201,1502,1376,1179,1203,2004,2409,2433,1742,2458,2375,1699,1778,1261,1658,1257,1193,1702,1717,1274,1390,2021,2029,1138,1048,1204,1432,1737,1773,1996,1394,1812,1998,1628,1582
bing_querylogs|config_id=10621,2150,1961,1137,1139,990,1355,1632,2096,1525,1389,1999,2010,3076,2744,2197,2478,2832,2507,3160,1541,1326,2202,2133,1022,1005,1706,1643,1615,2390,2259,2182,1678,1794,1743,1502,1946,1966,1448,1813,1400,1337,1566,1532,2318,2853,1161,1163,2276,2575,1033,1037,2465,2054,1556,1553,1796,1792,1625,1617,866,864,1308,1412,2302,2058,1238,1169,1277,1407,1429,1086,1459,1767,1993,1771,1974,3417,2576,1653,1606,1276,1396,1338,1240,1736,1828,1507,1371,1923,3222,1137,973,988,1044,1757,1633,1246,1538,2034,2038,1428,1430
bing_querylogs|config_id=10632,2122,2151,956,1260,1070,1379,1900,2194,1583,1516,2221,2320,2350,2324,2305,1969,2462,2496,2357,1651,1137,2093,2095,1006,1019,1734,1806,1592,1802,2332,2429,1894,1898,1453,1636,1840,2336,2294,1827,1413,1322,1849,1889,2684,2370,1208,1094,2521,2241,1089,1071,1826,1803,1429,1253,1918,1663,1611,1562,986,928,1493,1381,2994,3080,1260,1130,1359,1554,1300,1101,1091,2220,2381,1897,1891,2422,2199,1562,1656,1464,1209,1333,1257,1962,1939,1440,1440,3327,2887,1107,951,999,1017,1850,1652,1777,1891,2681,2623,1848,1934
bing_querylogs|config_id=10639,1981,1960,1178,928,1140,1042,1531,1541,1373,1535,2027,1943,2872,2647,2146,2077,2578,2254,2812,1214,1275,2057,1991,982,958,1706,1727,1847,1469,1915,1819,1663,1723,1477,1701,2077,1744,2294,1394,1251,1306,1462,1721,2079,3062,1125,1320,2436,2516,997,1055,1632,2044,1579,1558,1740,1518,1654,1557,870,895,1454,1252,2224,2214,1210,1229,1198,1366,1335,1581,1165,2067,2210,1814,2014,2383,2134,1596,1433,1279,1279,1280,1249,1539,1637,1356,1343,3429,3499,1194,1025,1266,1287,1681,2051,1189,1245,2297,2164,1616,1438
bing_querylogs|config_id=10645,2224,2553,1259,1186,1139,1113,1330,1465,1488,1561,2270,2240,2743,3087,2196,2178,2252,2250,2152,1126,1287,2338,2109,1071,1048,1734,1722,1649,1570,2311,2102,1922,1969,1780,1432,1923,1709,1425,1405,1633,1383,1701,1779,2811,2804,1409,1269,2396,2486,1062,1056,2290,2156,1453,1607,1325,2184,1676,1769,953,939,1374,1407,2514,2452,1372,1272,1318,1405,1361,1702,1151,2500,2360,2465,2370,2261,3252,1796,1798,1424,1182,1362,1373,1868,1758,1436,1352,3245,3409,1038,1161,1061,1261,1688,1680,1586,1993,2199,2571,1718,1732
bing_querylogs|config_id=10650,1793,1769,1096,1007,1144,994,1110,1287,1541,1345,1874,1785,3325,3172,2011,2346,2243,2994,1847,1134,973,1759,2022,877,872,1537,1585,1361,1644,1809,1767,1732,1425,1425,1515,1829,1841,2409,1533,1291,1327,1398,1313,2037,2531,1143,1119,2171,2141,989,990,1551,1393,1382,2038,1261,1458,1706,1608,912,851,1225,1280,2258,2299,1126,1277,1192,1301,1293,1609,1622,1536,1795,2102,1999,2049,2273,1443,1595,1341,1073,1201,1206,1484,1594,1328,1175,3118,3075,914,1038,1208,1361,1779,1749,1159,1154,1969,2351,1384,1680
bing_querylogs|config_id=10666,1672,1940,1081,1151,1194,1598,6470,2341,1425,1362,4438,9143,4754,5413,1557,1669,2018,3271,2686,1578,1994,1929,1889,1056,1044,1143,1176,1859,2237,1986,1894,1555,1627,1350,1537,1825,1653,7594,9272,1462,1401,2686,2703,2068,2552,1435,1488,13698,14514,1164,1144,8482,9119,3354,3454,6787,8241,1603,1602,943,913,1318,1275,1496,3378,1379,1416,1337,1531,1676,5545,2767,2544,7521,1737,2196,1679,1871,1701,1580,1206,1202,1361,1346,1841,1847,1400,1412,4043,2895,1075,1150,1311,1264,1713,1511,6847,2295,3890,4312,1516,1683
bing_querylogs|config_id=10678,1221,1556,1166,1000,863,919,1654,2007,1072,1018,2183,2204,3576,2887,1158,1263,1515,3009,4892,1219,1488,2907,1469,841,870,1251,1288,1318,1476,1548,1679,1022,957,1098,872,1169,1365,1025,1299,1196,1248,1324,1219,2667,1923,1059,1051,2574,1613,1145,1323,2094,2114,2622,872,2197,2452,960,1126,675,787,1000,774,1178,1594,834,933,878,1937,1255,1294,1440,1879,2343,1773,2508,1859,1477,1431,1348,1649,1623,1076,841,1605,1099,1342,1470,3359,3695,779,736,774,798,1183,797,1188,1193,1597,2671,1366,1587
bing_querylogs|config_id=10679,1531,1397,743,885,1058,1003,1938,1742,912,976,1848,1668,1994,1600,852,1154,835,1703,1659,1240,1254,1449,1529,917,904,1153,1127,1663,1620,1390,1436,1483,1516,917,1035,1702,1571,811,875,2131,2718,1228,1367,1566,1551,1144,1116,1928,2335,958,1079,1329,1497,3048,927,2002,1691,1495,1529,910,802,1262,1411,2227,2462,1013,932,870,911,1960,1667,959,1928,1755,1557,1512,2001,1590,1477,1473,1850,2144,950,930,1388,1562,935,1101,1739,2254,852,807,784,796,1006,978,1970,2282,2049,2176,1599,1452
bing_querylogs|config_id=10749,1261,1312,1036,898,851,936,983,1046,1188,1242,1255,1637,2639,3994,1281,1206,1333,2150,2544,1549,960,1158,1260,838,881,1192,1311,1451,1220,1425,1477,1036,1080,1290,1040,1195,1362,1646,1767,1102,1118,1223,1232,1556,1479,1163,961,1407,2213,839,877,1193,1281,5340,3752,1222,1270,1131,1030,773,879,931,944,1504,1727,1195,928,1002,2213,2141,1266,939,1510,1556,1994,1710,1417,1258,1120,924,895,955,1194,1152,1285,1469,1035,1145,2138,2310,751,684,980,951,1157,1074,1844,1189,2371,1586,1248,1099
bing_querylogs|config_id=10758,1154,1151,852,1096,903,954,1373,1147,1354,1336,1574,1253,2445,3163,1295,1346,1260,2455,1873,1460,828,1433,1423,869,872,1206,1216,1640,1705,1647,1409,1182,1190,1405,1203,1320,1354,1685,1352,1052,1035,1181,1242,1309,1376,1051,891,2106,2274,883,869,1246,1095,4862,5435,1620,1236,1127,1152,772,797,1208,784,1507,1451,1008,1106,890,2607,1089,1303,1061,1516,1809,2184,1300,1328,1299,1107,995,942,800,1007,1134,1458,1356,1038,1096,2222,4560,625,673,993,846,1380,1309,1114,1209,1728,2638,1283,1173
bing_querylogs|config_id=10760,1593,1829,1094,1269,1473,1316,1717,1732,1805,1299,2479,2245,5360,4252,1517,1718,1881,3094,3315,1809,2035,1876,1750,1125,1114,1216,1310,2105,1947,2054,2157,1564,1478,1210,1248,1629,1964,14369,5282,1630,1635,1666,2626,1959,4242,1517,1095,10563,8490,939,938,2090,8098,2713,2750,4573,15383,1477,1427,809,751,1396,1365,2328,2672,1224,1200,1347,1288,1545,3673,4020,5649,3996,2341,4666,1791,1914,1458,1480,1273,1309,1204,1157,1845,2110,1172,1350,2911,2624,954,951,1297,1086,1536,1605,2428,3243,9628,8817,1779,1854
bing_querylogs|config_id=10764,1038,1953,1738,1234,611,1333,1257,1828,1544,1714,1508,1342,6038,9998,1985,1801,1803,5987,2570,1337,1240,1832,2336,999,797,1231,965,1566,1528,1399,1651,1147,1067,1546,1416,1595,1506,1974,1756,1159,1122,1777,1399,2113,3954,1362,1181,2696,8299,787,837,1373,1343,5632,6299,1451,1468,1675,1403,713,845,1443,1696,2062,1772,1190,1224,1084,3353,3170,1519,1537,1753,2185,1862,1856,1324,1336,1589,1546,1159,1089,1181,1141,1719,1550,1454,1172,2043,2249,682,679,1038,1319,1612,1393,920,2533,3219,1510,1243,1685
bing_querylogs|config_id=10768,1790,1680,1059,1035,1319,1382,1894,2330,1568,1495,2705,2209,6320,6914,1539,1539,1506,2618,2686,1858,1971,1804,2187,1217,1210,1305,1361,1836,2023,2086,1993,1598,1488,1286,1327,1788,1981,2059,3458,1651,1651,2131,2427,3044,2506,1306,1480,13122,8375,961,969,2008,1871,2900,2792,3940,15415,1364,1413,822,782,1407,1419,3972,2564,1300,1276,1409,1548,2599,3726,1688,5585,8042,5249,3552,2204,2041,1733,1545,1121,1287,1292,1196,1932,1964,1344,1236,3274,2588,1119,1148,1323,1087,1431,1473,3063,3204,8073,11652,1772,1970
bing_querylogs|config_id=10772,1748,1776,1094,1100,1127,1496,1908,1843,1640,1495,3289,2510,6993,3417,1590,1592,1651,2375,2835,1810,2302,2374,1967,1095,1150,1127,1409,1882,1938,1954,1849,1467,1574,1253,1254,1736,1639,13591,23860,1644,1640,2956,1752,6853,1835,1470,1425,4822,5518,939,931,2120,2167,2115,2237,15186,7282,1344,1476,751,762,1357,1343,2392,2269,1242,1144,1227,1518,1447,1917,3012,4669,3678,6032,4684,2091,2321,1634,1756,1312,1250,1278,1281,1906,1713,1171,1333,4203,2872,1121,1114,1342,1135,1621,1593,2232,3161,8033,3165,1697,1744
bing_querylogs|config_id=10773,1423,1727,770,819,841,687,2018,1852,942,1507,1648,1148,4655,4315,998,1088,1156,3814,3480,1282,1331,3812,1843,779,916,1045,1059,1104,1415,1494,1267,988,994,995,892,1099,1187,2008,1815,1098,1181,1086,1413,2283,1909,726,957,1068,1590,816,906,1084,1013,1768,2329,1666,2028,1181,983,843,757,1067,942,1489,1501,766,860,1093,1052,1216,1164,1494,1472,2117,2871,4097,1312,1635,1236,1227,3511,2443,1225,976,1469,1348,1655,965,2414,3318,762,716,650,673,992,987,1426,1294,1658,1474,946,1120
bing_querylogs|config_id=10780,1778,1745,1049,1124,1254,1213,2023,1884,1627,1769,2174,3068,2601,4957,1890,1634,1644,2850,2963,1710,1846,1737,1968,1142,1061,1167,1241,1928,2142,2048,1825,1549,1760,1457,1343,1694,1779,5434,21869,1714,1785,1841,1581,2357,4091,1417,1274,12114,6140,940,943,2326,6380,2495,1607,5891,2948,1565,1415,930,850,1787,1420,2197,6095,1319,1156,1306,1458,2194,1797,2257,8421,8130,1906,1836,2168,1817,1610,1409,1303,1374,1337,1285,2049,1734,1400,1367,2862,2765,937,973,1215,1119,1639,1522,3152,2699,4756,4725,1862,1729
bing_querylogs|config_id=10782,1792,2282,1147,1222,1322,1618,1792,1959,1512,1687,2524,2267,7160,4358,1964,2257,2048,4072,3054,2378,1806,1881,1961,1261,1234,1300,1367,2056,2467,1942,2080,1621,1648,1429,1181,3037,1900,2542,2442,1865,2051,5725,5338,2154,2023,1623,1465,7352,10275,1039,1053,2683,2034,2719,1709,20137,3294,1595,1674,991,958,1356,1417,3990,2092,1400,1374,1372,1507,3899,2123,2255,9002,8255,2207,1854,2158,1628,1620,1575,1290,1448,1448,1458,1899,2058,1452,1478,2755,3830,1233,1031,1398,1360,1903,1701,1628,3541,12361,7604,1524,1675
bing_querylogs|config_id=10784,1744,1404,1223,1512,1587,1046,1576,1939,1686,1973,1595,2172,4740,5056,1664,1904,2781,2563,3808,1587,1153,2319,1763,951,837,1082,1324,1659,1738,1590,1709,1102,1017,1377,1506,1335,1340,1197,1991,1111,1128,1554,1829,2632,4296,1251,1133,2265,2295,924,981,1381,1380,5571,5897,1397,1321,1392,1765,721,677,1238,1288,1885,1821,1142,1398,1345,2057,3052,1717,1678,2004,2659,1737,1959,2638,2045,1517,1284,1143,1275,1327,1355,1454,1727,1222,1397,2065,2084,691,689,1407,1905,1534,1399,1041,1724,4004,2177,1520,1978
bing_querylogs|config_id=10786,1680,1695,1036,1174,1133,1255,1869,1968,1288,1443,4384,4983,8241,5633,1563,1538,1961,2863,2928,1619,1742,1904,1556,989,1111,1208,1471,1829,2203,1838,1732,1453,1454,1352,1369,1539,1493,9062,4186,1232,1349,2289,5131,3187,5339,1265,1220,5334,2804,1034,960,8809,10610,5756,2146,5678,11238,1373,1365,755,746,1153,1140,2699,2267,1032,1032,1264,6836,8467,4366,1759,7902,11210,3718,11091,1992,1851,1561,1635,1054,1058,1179,1144,1644,1799,1185,1159,9094,1710,979,1063,1085,1089,1599,1320,2103,6385,10011,11374,1408,1424
bing_querylogs|config_id=10788,1867,1789,1257,1260,1529,1386,1969,1975,1409,1573,2364,2578,4819,4212,1769,1849,1845,3404,3074,2109,2143,2037,1839,1183,1201,1166,1216,2145,2378,2123,1836,1621,1506,1337,1406,1639,1690,2392,16579,1611,1627,1658,1660,5244,2714,1421,1459,8994,7196,960,935,3697,1720,1853,3447,7368,15658,1431,1437,976,839,1380,1378,2255,4511,1341,1259,1541,1484,1419,6788,2604,7809,9453,8536,12103,2149,2105,1498,1598,1298,1314,1208,1199,1825,1863,1330,1366,3080,3002,1107,1119,1265,1065,1444,1494,1909,2143,5790,9088,2044,1464
bing_querylogs|config_id=10791,1352,1165,1137,1091,804,967,1162,1444,1030,1209,1754,1539,5002,4626,1196,1297,1718,2192,2669,1171,1151,1949,1429,856,936,1338,1163,1263,1514,1504,1661,1205,1246,970,991,1145,1448,2383,3513,1167,979,1363,1156,2040,2199,998,862,1541,1746,1461,857,1103,1338,1962,1366,2771,1843,1310,1242,709,829,1024,1010,1478,1893,917,1094,1155,1182,1151,1344,1302,1633,1385,1332,5525,1654,1252,1468,1598,1364,1564,1222,1026,2632,1433,1498,1232,2689,3444,810,777,714,874,1366,1168,4660,1404,1627,1923,1376,1072
bing_querylogs|config_id=10805,1539,1180,982,1011,1287,1081,1273,1836,1605,1653,1514,1535,4165,4934,1962,1931,1833,3810,4094,1780,1603,2000,1966,876,858,1216,1235,1956,1886,1724,1715,1139,1378,1358,1144,1598,1587,6129,1472,1286,1182,1753,1669,2858,5683,1080,1240,2726,2078,847,891,1648,1774,4723,4784,1259,1923,1618,1387,721,720,1473,1368,2039,1928,1242,1242,1340,1876,1972,1056,1177,1870,2426,1216,2252,2559,1549,1546,1054,1274,1165,1473,1425,1259,1593,1185,1368,3450,2216,935,697,1127,1384,1446,1598,1233,1946,2230,2306,1324,1241
bing_querylogs|config_id=10814,1307,1360,1066,1007,1064,998,1608,1678,1013,1167,3413,1717,3180,2855,1285,1193,1424,2828,2820,1177,1739,1712,1989,1044,950,1115,1325,1257,1372,1703,1749,1154,1196,1266,975,1767,1439,1818,1044,1361,1645,1303,1239,3728,1693,1222,1160,2632,3341,993,964,2054,1446,1970,1828,1440,1845,1202,1160,957,771,1442,1251,1636,1831,991,988,1068,1770,1259,1159,1044,2550,2860,1469,1376,1528,1554,1399,1396,2273,3189,1293,1067,1572,1724,1181,1038,2874,2662,784,776,855,747,1154,1101,1130,1371,2988,3290,1615,1406
bing_querylogs|config_id=10816,2015,2007,1360,1259,1433,1573,2230,2265,1585,1743,2484,2582,3785,5628,1510,1499,1781,2927,3130,2017,2124,2107,2031,1213,1282,1733,1860,2221,2025,2037,2056,2058,2197,1744,1751,1960,2244,1667,5446,1999,1859,6881,2653,1945,2023,1670,1566,13306,9390,1194,1125,4551,5544,4138,3916,1993,8057,1768,1720,1199,1126,1601,1483,4406,6095,1544,1406,1507,5683,2797,4175,4649,6465,2639,3281,3038,1857,2788,1760,1770,1407,1412,1441,1418,2342,2482,1655,1714,3390,3123,1421,1303,1584,1371,1879,1678,5074,6587,13402,10010,1981,1906
bing_querylogs|config_id=10821,1782,2133,993,970,1340,1556,1995,1862,1649,1582,2616,2401,4257,4959,1424,1721,1837,3069,3352,1602,1882,1776,1801,1075,1187,1244,1237,2149,1997,1857,2022,1587,1652,1252,1261,1709,1825,4577,22150,1682,1575,1905,1786,2196,2870,1466,1148,8731,2318,945,945,3131,4333,3216,3398,15468,9573,1513,1532,794,889,1392,1408,2151,7067,1232,1273,1326,1303,1317,2278,4532,2823,2603,4646,2521,1933,2012,1578,1557,1257,1307,1275,1192,1997,1784,1362,1224,2700,2832,1112,969,1294,1196,1650,1605,3332,2952,3108,3643,1463,1725
bing_querylogs|config_id=10827,1582,1670,928,1003,1184,1492,1645,1345,1363,1868,2333,3784,2231,3743,1540,1973,2023,2408,2282,1593,1669,1700,1575,1118,1068,1288,1540,1681,1698,1904,1970,1452,1448,1381,1405,1670,1759,1864,2509,1265,1241,1681,1525,1807,2785,1233,1166,12189,8313,901,995,3192,2247,1525,1833,4147,9956,1401,1481,843,833,1215,1107,2211,2202,1211,1148,1274,1281,3559,1456,2814,9056,2480,2001,1600,1986,1535,1459,1437,995,1040,1214,1148,1711,1802,1111,1106,2050,2085,927,924,1240,1265,1307,1458,1603,1977,9207,10418,1473,1463
bing_querylogs|config_id=10832,1500,1655,1098,1306,1124,1403,1727,2034,1351,1316,3556,2804,3533,2422,1546,1795,2235,2573,2937,1601,1567,2022,2302,957,1020,1107,1176,1609,1659,1848,1931,1471,1614,1159,1167,1603,1844,1914,1680,1864,1156,1344,1730,2087,2476,1382,1619,2548,2474,1213,1330,1396,1190,1474,1088,1530,4351,1297,1556,917,867,1314,1315,2454,2173,1095,1386,1395,1003,1257,1442,1441,2969,2916,1562,3271,1404,2138,1666,1636,1302,1382,1345,1181,1785,1696,1210,1152,2826,3325,913,911,977,976,1375,1220,1305,1455,3297,3279,1996,1392
bing_querylogs|config_id=10835,1639,1682,1068,1120,1164,1381,1815,1767,1510,1435,2529,2468,3914,5363,1734,1773,1801,3419,3084,1708,1824,2433,1742,1087,1202,1319,1250,1909,2184,2006,1870,1649,1462,1220,1274,1847,1866,2359,10352,1654,1649,1711,1759,3243,6724,1518,1220,6890,6211,968,1009,1776,1881,2333,2472,35729,2930,1551,1450,831,1005,1292,1414,6824,3264,1280,1323,1564,1678,2217,3224,3523,3785,4471,2216,2172,2901,1777,1578,1672,1294,1372,1351,1199,1903,1896,1344,1344,3308,3073,1164,1136,1212,1352,1467,1378,2551,1856,11080,8022,1801,1563
bing_querylogs|config_id=10836,1792,1891,1212,1115,1192,1604,2046,2024,1803,1895,2144,2737,2447,4335,1780,1899,1871,2880,2977,2182,2110,1803,1791,1114,1186,1332,1299,2021,2041,2000,2108,1458,1587,1250,1349,1667,1674,2583,4035,1665,1682,1671,1781,3029,3178,1417,1390,3401,15808,990,939,2983,4687,2645,1657,16780,2102,1494,1323,814,860,1429,1423,4878,4328,1212,1451,1265,1582,1433,34406,34271,4131,2998,4116,6412,2105,2098,1578,1567,1326,1294,1277,1264,1904,1768,1372,1355,3242,3815,965,973,1348,1075,1619,1695,2595,3392,4110,9589,2193,2082
bing_querylogs|config_id=10838,1648,1680,1072,1011,1209,1471,1465,1608,1442,1848,2104,2095,6883,3595,1575,1558,1686,3671,2433,2032,1754,1625,1607,1161,1221,1149,1277,1892,2010,1789,1741,1508,1366,1325,1323,1896,1728,3530,1275,1234,1212,1585,1666,3589,3333,1324,1311,8680,8472,961,1063,7283,1971,2454,1427,7907,5661,1412,1515,823,847,1108,1092,2323,5980,1139,1127,1142,3393,2881,1287,1456,8892,9848,1605,2351,1720,1725,1518,1426,1059,952,1155,1245,1571,1666,1133,1145,2900,2649,922,879,1198,1121,1365,1425,6041,6105,9559,9478,1579,1516
bing_querylogs|config_id=10839,1687,1586,1130,1231,1194,1407,1894,1590,1679,1623,2315,2467,5308,5469,1648,2022,1460,2698,2803,1773,1768,1835,2064,1169,1159,1241,1328,1967,2208,2078,1995,1622,1520,1350,1240,1622,1720,34750,2356,1647,1638,1686,4848,5567,2603,1070,1243,9388,6535,932,937,2150,3564,2431,2629,3307,8702,1419,1320,760,810,1375,1409,2711,2351,1257,1184,1358,1456,1298,3634,3439,5887,8399,6294,3087,2119,2080,1567,1465,1265,1320,1242,1190,1954,1730,1175,1360,2614,3266,1070,1170,1124,1060,1569,1426,3122,3724,4793,10894,1842,1459
bing_querylogs|config_id=10848,1707,1875,1110,1007,1167,1230,9470,10439,1773,2801,2315,2281,8373,14327,1739,1567,1649,3249,2520,2453,1597,1758,1611,918,905,1134,1235,2363,2042,1857,1845,1462,1488,1218,1257,1684,1696,6191,10660,1150,1161,4014,1533,2809,4711,1246,1206,11791,14505,935,914,6433,17674,1426,6505,1576,1486,1430,1314,959,894,1159,1201,4239,2506,1100,1090,1081,8888,8864,6674,39597,7119,8067,1719,5807,1760,2300,1735,1639,1005,1025,1174,1142,2019,1746,1161,1287,10460,6976,947,945,1294,1232,1283,1380,5184,6688,5616,10072,1404,1712
bing_querylogs|config_id=10849,1506,1363,1157,1255,876,845,1398,1563,1050,1199,1920,2345,6986,3992,1209,1418,1388,2793,2930,1171,1287,1759,1799,906,1006,948,1433,1235,1884,1572,1520,1218,1238,1189,1107,1388,1477,2180,2064,1365,1127,1276,1199,2461,1748,1857,1140,1334,2315,985,1139,2020,2305,2158,2620,5101,1982,1085,1003,713,752,1213,1419,1700,1546,1020,956,996,1370,1027,1278,1104,2724,1996,1556,1480,1945,1537,1417,1601,970,3329,1022,1105,2243,1475,1198,1094,2974,3268,784,792,773,680,1225,1167,1393,1474,3892,3878,1669,1654
bing_querylogs|config_id=10852,1503,1557,925,963,1256,1221,1472,1653,1432,2122,1825,1966,2398,4874,1564,1581,1742,3443,2128,1372,1610,1739,1593,1189,1237,1210,1218,1771,1834,2138,1974,1417,1472,1311,1315,1785,1821,1224,1410,1181,1372,1624,1704,3336,2804,1328,1292,7723,10055,981,918,7335,6782,2154,1850,9248,5318,1403,1290,833,860,1125,1133,3646,1866,1199,1090,1217,1724,1501,1352,2647,10000,11883,2896,2918,2094,1838,1439,1494,968,981,1324,1220,1745,1688,1126,1125,1825,1871,924,923,1275,1088,1359,1584,1486,1835,11968,9647,1376,1414
bing_querylogs|config_id=10854,1741,1864,1000,1243,1102,1198,1633,1500,1549,1452,3212,2189,3081,2666,1719,1600,1668,2786,2366,1675,2159,1839,1612,946,956,1155,1242,1815,2146,1898,1960,1621,1529,1314,1520,1705,1726,1370,1388,1586,1403,1473,1783,2239,2046,1214,1044,9451,3238,973,976,3421,1954,1543,1579,1648,1635,1525,1687,845,928,1243,1189,3824,9139,1124,1082,1466,1315,1161,1918,4865,3015,2878,1702,1561,1794,1572,1557,1420,1072,959,1244,1205,1672,1680,1215,1176,2571,3480,987,981,1174,1411,1320,1510,1901,1676,13410,12302,1432,1502
bing_querylogs|config_id=10856,1788,1153,939,999,904,802,1359,1439,1212,1215,1888,1957,3175,3955,1337,1384,1406,2899,1401,1241,1023,1835,1807,951,998,1147,1119,1465,1493,1462,1676,1237,1232,1012,922,1502,1095,1132,1191,1274,1184,1328,1161,11774,2176,1126,1263,1572,2289,846,762,1244,1348,2110,1817,1989,2448,1145,1109,732,732,1299,1171,1359,1403,941,980,923,1114,1375,1531,1369,2035,2259,1942,2298,2688,1210,1307,1434,1146,1044,1252,1097,1407,1437,1005,1535,2631,2756,785,795,755,743,1053,1169,1465,1761,1286,1564,1055,1453
bing_querylogs|config_id=10865,1278,1230,1272,1077,1161,1101,1408,1578,1428,1272,2854,2953,3128,4517,1108,1065,1416,2867,3445,1119,1622,1626,1549,865,926,1104,1396,1529,1218,1733,1832,940,1285,723,733,1413,1527,1205,2358,1337,1181,1064,1149,1547,1626,1044,895,1416,1528,933,1031,2063,1508,1971,1935,1376,1380,1113,938,823,696,1450,790,3068,1149,1051,933,906,1163,1164,1471,1322,2171,2284,2812,1278,1532,1281,1398,1637,719,1069,951,1082,1639,1341,1271,1055,2952,2951,808,763,761,899,1157,1029,1092,1387,2975,1834,1396,1621
bing_querylogs|config_id=10867,1798,1628,1066,971,1210,1292,1615,1449,1317,1281,2465,2238,5833,3365,1740,1770,2221,2837,3118,1696,1729,1664,1843,1177,1164,1165,1229,1853,1848,1895,1782,1388,1390,1361,1353,1749,1821,1463,1263,1410,1392,1661,1507,4629,4368,1223,988,8642,8788,1027,925,5009,1862,1910,2660,5949,2099,1371,1289,843,880,1095,1145,2392,9334,1230,1139,1597,4704,3919,31635,4180,7233,5724,1474,1545,1656,1543,1386,1348,960,970,1261,1186,1858,1816,1157,1107,2279,2586,935,937,1326,1203,1247,1363,1483,5531,8679,12801,1656,1529
bing_querylogs|config_id=10877,1627,1579,952,1128,1172,1417,2264,2527,1358,1374,2328,1924,2753,2813,2321,1539,2000,2741,3461,1662,1712,1665,2078,1166,1252,1188,1863,1879,1890,2157,2012,1346,1379,1221,1244,2215,1887,1563,8574,1482,1504,1672,2117,2905,1855,1176,1290,9235,8146,948,1012,1785,6342,1372,1919,3222,6737,1471,1307,844,839,1101,1212,2447,3915,1181,1255,1361,1732,1629,2042,3072,2776,2468,2817,2693,1853,1985,1524,1450,966,964,1226,1231,1713,1882,1266,1092,1818,2140,924,883,1034,1024,1202,1468,5095,3297,11914,10729,2137,1480
bing_querylogs|config_id=10878,1252,1135,1670,943,981,1409,1866,1695,1158,1316,2551,2605,2908,2972,1438,1190,1357,2329,2462,1446,1275,1451,3136,964,1011,1099,1331,1368,1580,1522,1698,1093,1162,1075,1016,2182,1447,1297,2777,1140,1099,1304,1154,2643,2249,1181,1320,1724,1581,1082,987,2634,1841,1378,1533,2011,1978,1009,1277,751,732,1307,946,2443,1622,821,992,896,1471,1175,1181,1240,2607,2549,1294,2344,1291,1955,1509,1277,1294,1305,964,1157,1695,1636,1001,1268,3971,2643,1123,840,869,759,989,750,1932,1712,1553,1396,1394,1749
bing_querylogs|config_id=10881,1639,1580,1019,937,1071,1358,1242,2138,2119,1602,2305,2593,6352,4315,1629,1518,1582,2945,2326,1686,1862,1614,1449,1051,1209,1153,1214,1553,1674,2000,1734,1460,1592,1369,1446,1814,1253,1492,1386,1235,1253,1477,1669,2644,2625,974,1265,10383,10981,965,995,1756,8839,2551,2292,3124,4484,1348,1498,859,926,1132,1089,2449,2100,1213,1203,1201,1689,1563,4202,1657,3070,10147,1587,3052,1668,1490,1544,1527,934,912,1231,1111,1650,1730,1219,1178,2046,2147,927,925,1287,1182,1268,1344,1950,4521,9195,11020,1461,1611
bing_querylogs|config_id=10887,1940,2019,1174,1226,1397,1556,2095,2109,1619,1903,2559,2370,3780,8024,2505,2228,2044,3415,2938,2282,2428,1640,1844,1180,1264,1339,1333,2104,2063,1944,1816,1726,1666,1374,1574,2026,1983,9868,3464,1705,1944,1974,2738,4391,3466,1426,1378,6027,3720,1054,1411,1880,1968,1654,1764,4043,12390,1648,1642,1033,996,1512,1631,2830,2455,1310,1409,1419,33576,1956,4466,1650,3071,7122,3592,3152,2147,2193,1611,1436,1353,1360,1418,1302,2119,2255,1366,1362,2075,3050,1274,1063,1476,1557,1786,1773,34408,2225,10973,10161,1630,2061
bing_querylogs|config_id=10894,1757,1962,1182,1163,1280,1513,1811,1912,1500,1623,2875,2711,3743,5924,2067,1820,1827,2211,3157,1736,1765,1929,1774,1077,1212,1319,1305,2100,2229,2053,2143,1691,1565,1238,1248,1665,1664,19369,4433,1636,1647,1691,1800,3556,1896,1428,1273,3573,2936,941,956,2007,4207,2727,3306,9287,9457,1407,1475,831,877,1388,1387,4608,5238,1297,1228,1103,1434,3010,33237,2295,8113,2561,6073,3971,2426,1928,1438,1428,1284,1301,1286,1271,1686,1891,1339,1337,3531,4085,958,954,1241,1095,1609,1390,3197,4612,7794,6689,2210,1457
bing_querylogs|config_id=10896,1529,1568,992,1070,1111,1142,2080,4691,1724,1572,2066,2108,3107,2808,2097,1712,1903,2997,2052,1486,1503,1827,2221,1196,1243,1132,1245,1978,1887,2073,2150,1399,1447,1416,1370,1759,1902,1481,2378,1334,1468,1888,1768,1840,3930,1349,1255,8182,6617,987,902,3137,1776,1928,2007,7941,6461,1512,1383,847,723,1071,1113,2036,2184,1147,1132,1237,4346,1896,1398,4369,5173,2480,1857,1691,1950,1807,1489,1495,899,1010,1136,1101,1944,1792,1088,1121,2783,2275,920,922,1156,1190,1684,1313,1483,2229,9426,14612,1561,1345
bing_querylogs|config_id=10897,1068,1238,1356,2178,820,816,1811,1793,1053,1098,3127,2165,4998,6222,1145,1936,1241,2581,2321,1178,2293,1513,2715,688,673,1267,1411,1563,1407,2020,1524,934,1225,962,976,1226,1198,2673,1368,952,1667,1295,1214,1550,3048,1136,1219,2792,2093,1195,951,2103,2249,1733,1934,2166,1913,971,850,789,743,807,1418,1111,2488,780,895,973,1049,2628,1185,1620,1961,2986,2495,3751,1745,1829,1469,1663,1243,1257,1026,943,1625,1596,962,1031,3411,3553,880,747,669,737,1030,916,1404,1658,1581,2962,1317,1916
bing_querylogs|config_id=10901,1661,1819,1132,1045,1228,1300,2071,1477,1459,1400,2328,2188,3361,6242,1724,2080,1471,2842,2275,1907,2164,1970,1663,1157,1145,1309,1226,1808,1827,1975,1981,1511,1528,1514,1654,2202,1742,3647,3320,1481,1627,1656,1552,2900,1845,1002,995,8808,3346,955,947,2832,3454,2128,4287,8913,6743,1537,1689,1005,886,1384,1134,2741,7644,1227,1195,1211,2034,1727,3240,2951,7455,9525,2029,3646,1786,1897,1571,1498,987,981,1162,1174,1761,1850,1193,1108,2769,2646,935,892,1181,1296,1466,1279,2399,5424,7410,9068,1610,1652
bing_querylogs|config_id=10904,1053,1206,1035,1191,879,1130,1634,2269,1200,1248,2106,3002,2633,2621,1113,1219,1266,2449,2346,1159,1268,2016,1853,914,841,1215,1326,1235,1134,1477,1359,924,1019,995,947,1445,1134,1207,3057,1506,1754,1205,1140,1517,5030,1283,1121,1711,3024,1450,747,2230,1901,2095,2239,1114,1567,944,983,767,610,1966,993,1642,1533,793,879,810,1231,1277,1205,1162,2399,2454,1781,1638,1585,1939,1400,1388,1915,1139,923,1046,1373,1467,1117,938,2965,4030,790,767,660,785,1172,1089,1436,1336,1491,1155,1574,1449
bing_querylogs|config_id=10907,1583,1705,1009,1049,1056,1445,1943,7797,1539,1471,2764,2315,2602,6081,1607,1987,1877,2855,2396,1749,1801,1782,1765,1140,1266,1163,1209,1781,2037,1914,1957,1500,1591,1341,1220,1607,1359,33664,1552,1439,1536,1701,1628,3013,1802,1207,1264,8013,6279,938,894,2345,3118,2291,2858,2845,4835,1864,1272,798,829,1100,1092,3178,2155,1195,1109,1045,2666,2980,1439,31266,2640,2820,2296,2333,1846,1887,1591,1389,966,959,1308,1094,1623,1947,1114,1121,2515,2490,922,917,1048,1275,1739,1215,2021,1471,8406,10014,1440,1466
bing_querylogs|config_id=10911,1111,1157,734,789,1089,679,1921,1875,1428,1345,1436,1253,3954,2581,1310,1121,1324,1904,3843,1259,1482,1535,1611,898,868,1026,1055,1740,1299,1468,1529,1297,1263,1041,992,1278,1135,2460,5209,1180,1300,1356,1236,3441,1789,1019,1110,1218,1785,953,961,1284,1424,1568,2064,1817,1603,1309,1246,801,859,1239,1507,1634,1795,889,886,880,1120,912,1335,1376,1829,2395,1947,1485,1325,1501,1511,1414,1419,1317,1222,1033,1292,1643,1060,1050,1685,2468,808,893,722,840,1119,1187,1443,2466,1610,1810,1175,1440
bing_querylogs|config_id=10916,1733,1817,1181,1196,1273,1550,1885,1727,1581,1800,7310,2516,6609,10010,1735,1902,1949,3820,2656,2150,2347,1705,1606,1154,1163,1164,1384,2168,1876,1905,2156,1570,1657,1278,1261,1685,1715,1931,5113,1757,1671,1802,2000,2588,3678,1283,1138,6330,6179,944,992,2148,1892,2632,2834,2617,1924,1544,1449,995,817,1394,1428,2534,4666,1277,1140,1240,1456,1862,12057,3444,2839,2634,1963,3551,2005,2134,1634,1645,1141,1398,1316,1270,1954,2050,1369,1447,3156,2722,1139,1138,1169,1064,1356,1606,3510,1875,13135,4146,1953,2240
bing_querylogs|config_id=10917,1081,1193,883,1129,892,1572,1737,1462,1214,1092,2210,2580,4271,2606,1177,1292,1230,2570,2792,1206,1455,1566,1855,914,990,1200,1345,1538,1420,1435,1341,1016,1093,1021,1047,1014,1307,2815,2005,1062,1137,1240,1178,2499,1621,1050,828,2170,1734,928,917,3426,2415,1983,1747,1465,3440,1184,926,705,740,1012,890,1776,2376,990,1015,796,1108,2219,1233,1299,1798,2189,3815,2305,1289,1065,1183,1183,1111,1040,1059,844,1359,1462,1341,1363,3800,1890,728,736,646,623,998,1001,1616,1455,3398,2895,1448,1712
bing_querylogs|config_id=10918,1458,1620,902,988,1226,1348,1536,1602,1277,1429,2362,2522,3144,4169,1730,1862,2113,2704,3007,1644,1702,1718,1624,1134,1221,1162,1759,1627,1733,2150,2155,1332,1446,1186,1339,1511,1442,1642,3224,1549,1244,1730,1909,1936,1543,1219,1343,1960,7539,911,895,1917,11514,2691,2196,6647,2447,1366,1461,923,864,1099,1097,2524,2128,1244,1197,1369,1594,1675,3518,9586,2475,8239,2985,2976,1986,2148,1551,1519,962,997,1137,1013,1673,1865,1216,1121,2091,2002,914,939,1060,1022,1209,1269,2597,1737,11429,3685,1480,1485
bing_querylogs|config_id=10921,1659,1668,952,985,1153,1208,1392,1623,1641,1730,7056,1995,3393,2640,1772,1678,1685,2061,2664,1690,1880,1739,1746,1194,1254,1424,1595,1999,1947,2193,1706,1350,1428,1226,1499,2080,1931,10712,34586,1333,1376,1814,1653,1868,3802,1195,1336,8850,5717,901,935,2521,1793,1925,2113,2451,6230,1562,1562,818,846,1201,1202,1968,2274,1119,1104,1092,1767,3663,1418,2311,8381,9583,2593,2097,1560,1644,1550,1474,1057,982,1154,1170,1860,2024,1103,1132,2429,2120,920,924,1176,1027,1433,1348,8744,2370,3848,3498,2047,1770
bing_querylogs|config_id=10924,1596,1771,1150,1289,1176,1167,1310,1307,1267,1245,1846,1905,1919,2083,1469,1435,1399,2126,2183,1466,1390,1500,1530,1217,1098,1482,1393,1739,2013,2168,2029,1516,1557,1351,1423,1566,1701,1556,1443,1802,1367,1599,1575,1412,1676,1478,1376,1798,1788,1433,1470,1744,1611,1818,1672,1998,1727,1413,1664,1116,1186,1513,1440,2212,1693,1221,1390,1238,1602,1513,1404,1539,2214,1978,1593,1349,1686,1323,2011,1665,1722,1243,1304,1248,1735,1704,1392,1539,2316,2970,1198,1160,1199,1109,1367,1363,1636,1569,2443,1942,1299,1423
bing_querylogs|config_id=10927,2071,1704,1315,1508,1594,1767,1419,1534,1427,1578,1936,2176,3682,3033,1571,1561,1629,3243,2643,1896,1672,1610,1692,1182,1426,1321,1753,1779,1835,2320,2175,1879,1812,1724,1749,2064,1806,3867,2610,1525,1381,1506,1593,1764,1701,1413,1374,4353,6330,1397,1376,2328,2971,2554,2375,3220,2223,1700,1712,964,1084,1623,1581,2756,7279,1434,1332,1400,1312,1172,1664,1727,3807,5714,2195,1540,1640,1728,1991,1981,1166,1262,1397,1391,2273,2635,1513,1471,2030,4012,1052,1038,1351,1176,1804,1789,1279,1322,2784,5827,1609,1653
bing_querylogs|config_id=10930,1200,1080,940,846,771,779,1013,1435,999,1052,1341,1562,2123,1758,1084,1039,1005,1836,2137,1124,1122,1564,1448,889,898,1141,1157,1263,1463,1477,1527,1310,1358,1052,1047,1263,1354,1066,1423,1132,1143,1021,1039,1478,1114,1028,1013,1352,1332,997,951,1282,1511,1590,1915,1776,1884,1338,1101,765,844,1070,1086,1147,1457,955,1031,1027,1112,904,926,998,2090,1595,982,1892,1356,1328,1553,1576,1044,1752,1136,1127,1594,1513,1020,1070,2045,1356,889,900,757,720,1003,1187,1075,1475,1431,1488,1377,1452
bing_querylogs|config_id=10939,1636,1674,971,974,1010,1125,1487,1479,1671,1631,4335,1840,3229,3320,1311,1429,1394,2795,2143,1462,1578,1603,1368,1005,1023,1177,1247,1742,1759,1761,1777,1448,1533,1384,1325,1792,1576,1209,1269,1268,1425,1407,1383,5185,4754,1225,1211,6297,2912,959,959,1920,2547,1484,1534,2177,2641,1421,1395,960,830,1174,1701,2614,8649,1204,1187,1364,1443,1602,1317,4209,3443,6348,1538,3364,1471,1704,1534,1482,939,990,1140,1166,1635,1747,1137,1177,1958,2389,961,928,1227,1151,1410,1352,2780,5255,2938,4494,1480,1720
bing_querylogs|config_id=10944,1252,1531,885,1088,867,1082,3910,1356,1386,1416,2014,2141,3799,3079,1599,1658,1376,4692,1631,1779,1669,1560,1561,1170,1142,1078,1736,1356,1722,2141,5138,1527,1496,1183,1349,1361,1667,1789,3922,1462,1313,1293,1351,3076,1961,1180,1163,4111,3515,1047,1022,1834,1695,74644,72194,5260,10500,1477,1707,918,923,1074,1050,2503,3255,1228,1062,1303,2544,3312,1689,1459,2821,3424,2940,3422,1831,1706,1487,1580,1129,1278,1059,1086,1557,1849,1193,1165,1795,2257,890,933,852,848,1533,1123,1017,1159,3993,7688,1564,1475
bing_querylogs|config_id=10945,1999,1989,1578,1384,1574,1770,1733,1672,1619,1680,2213,2413,2666,3111,1883,1921,1893,1987,2178,1618,1671,1663,1646,1271,1283,1439,1623,1929,2017,2433,2421,1887,1913,1926,1935,2202,2073,1770,1208,1656,1627,1834,1911,3506,4077,1642,1632,4426,7297,1393,1387,2097,2542,1426,1461,2595,2139,1851,1621,929,921,1748,1810,2953,4511,1454,1574,1626,1578,1164,2168,2217,4273,2993,1660,1642,2054,2058,1962,2100,1369,1381,1348,1344,2214,2244,1783,1753,2523,2577,1015,979,1668,1401,1967,2040,1344,1609,3924,3169,1981,1972
bing_querylogs|config_id=10946,2084,2105,1698,1735,1696,1708,1655,1888,1719,1723,2373,2656,2640,2614,1665,1659,1655,2243,2419,1705,1867,1690,1738,2042,1505,1489,1562,2076,2088,2511,2284,2196,2322,2024,1998,1872,1872,1591,1422,1793,1901,1756,1773,1865,1634,1638,1758,6280,9411,1618,1520,2212,1930,1599,1692,3803,2560,1730,1835,1024,1121,1843,1809,2104,2021,1694,1696,1698,1478,1410,2294,2292,3436,3795,1687,1876,1904,1875,1991,2029,1482,1527,1408,1398,2371,2416,1744,1788,2686,2424,1185,1152,1527,1495,2033,2011,1522,1546,2677,4157,1866,1982
bing_querylogs|config_id=10948,2008,1878,1946,1621,1606,1770,1492,1570,1562,1475,2564,2957,2498,3946,2043,1922,2002,2378,2667,1712,2111,1787,2258,1707,1930,1442,2277,2299,2682,2846,2236,2228,2450,1901,1995,2095,1956,2316,3172,2052,1452,1676,1684,2043,3844,1616,1577,4868,10746,1802,2412,2825,2697,3159,7710,2310,4249,2152,2012,1188,1184,1840,1822,2804,7148,1763,1781,1652,1173,1194,1896,1353,6354,3617,1680,1839,1928,1920,2272,2354,1201,1255,1636,1505,2408,2325,1787,1793,2287,4295,1044,1420,1750,1714,2295,2121,1375,1582,3134,4293,2479,2262
bing_querylogs|config_id=10952,1937,2027,933,1268,1258,1467,1460,4164,2645,1414,2136,7138,3806,2988,2375,1706,1888,3391,3574,2199,2226,2078,2109,1073,1208,1366,1278,2580,2500,4803,4626,1436,1788,1789,1495,2071,1929,4168,6512,1291,1386,2409,1823,2131,2637,1482,951,9195,5727,988,1091,8075,3086,1389,3311,1889,6185,1843,1600,881,844,1319,1776,2761,3634,1442,1250,1742,1303,4072,32091,3644,6832,7388,2033,2722,1913,1905,2553,2079,1524,1113,1345,1444,1886,2000,1435,1660,3259,3022,1047,977,1772,1506,1431,1633,1365,1490,3924,3156,1785,1701
bing_querylogs|config_id=10953,1899,1900,1211,1244,1048,1297,1847,1848,1503,1711,2767,2670,5177,10084,1710,1704,1911,2735,2903,1451,1596,2432,2553,1614,1478,1132,2155,1994,2038,2265,3257,1523,1691,1710,1807,2612,2161,1239,1083,1601,1646,1743,1480,2765,2486,1270,1263,6455,5089,916,1058,5385,2305,2997,3148,3014,2570,1922,1864,836,783,1205,1675,3592,6081,1244,1471,1714,1618,1612,1859,2067,5187,6357,1661,1892,2305,2075,1747,1809,1609,1246,1493,1131,1978,2133,1409,1416,2407,2485,903,901,1112,1050,1858,1513,1313,1325,3820,3432,2008,2193
bing_querylogs|config_id=10954,1724,1641,1374,1404,1130,1178,1698,1796,2122,1457,3126,2123,15746,7979,1343,2081,1537,3748,2112,1913,1882,2162,2469,1136,1278,1302,1851,2000,1764,2000,1920,1534,1562,1592,1539,2572,2483,1377,1064,1598,1330,1756,1878,2052,1944,1158,1206,8980,7010,1025,1061,1938,1874,1748,1616,3195,2649,1933,1814,861,941,1288,1457,4965,13972,1549,1270,1374,5658,7251,1974,1961,5230,5635,1465,1496,1795,1666,1544,1572,1400,1368,1337,1183,2197,1994,1249,1336,2589,2637,990,950,1464,1134,1738,1545,4011,1457,5105,3094,1890,1948
bing_querylogs|config_id=10958,1467,1402,997,800,751,729,1343,1569,1210,1080,3625,2338,2412,2544,1273,1317,1244,2050,2367,1782,1563,1686,1282,794,857,1358,1263,1862,1761,1327,1402,997,991,957,987,1297,1126,2073,5539,1263,1243,1375,1410,1313,1251,1143,1307,3196,1602,961,1124,1481,1307,1935,1994,1628,4149,1407,1090,861,780,1261,1358,2034,2097,930,909,887,1108,1375,1398,1369,2150,2453,1316,2866,1557,1403,1605,1482,1015,878,989,846,1592,1482,1145,1108,2274,2969,818,767,779,709,1021,1198,1331,1409,1906,2054,1439,1449
bing_querylogs|config_id=10961,1871,1957,948,1009,1222,1324,1469,1847,1541,1660,2182,2116,2996,2306,1606,1734,1661,2818,2225,1604,1904,1491,1821,1103,1026,1191,1790,1718,1762,2427,1723,1583,1538,1379,1388,2021,1730,3840,3720,1651,1452,1621,1655,1711,1776,1300,1346,5625,3167,974,975,2212,2738,1335,1409,32057,31125,1470,1477,854,1000,1300,1247,3877,2921,1354,1334,1529,2448,1756,6051,3797,2937,2408,4176,3294,1690,1772,1486,1542,1119,1081,1274,1267,1835,1807,1231,1333,2155,2482,1015,1004,1214,1197,1499,1693,1543,2993,3025,3174,1612,1650
bing_querylogs|config_id=10964,1465,1528,1105,1135,994,1157,1213,1574,2188,1482,2443,2265,2497,3974,1479,1717,1429,2207,1964,1418,1800,1944,1984,1158,1266,1495,2096,1737,1525,1827,2055,1852,2055,1332,1714,1955,1846,1140,4755,1360,1354,1375,1285,2598,1997,1307,1046,6792,6041,963,1035,2094,2230,1968,1995,2386,1589,1667,1826,1002,1076,3815,2252,11247,5711,1447,1238,1326,1142,5126,1492,1844,4158,1781,2959,1529,1686,2373,1938,1680,1293,1091,1434,1159,1510,1772,1346,1332,2042,1558,1158,822,1077,989,1735,1676,1208,1467,9475,12111,1646,1604
bing_querylogs|config_id=10976,1836,1902,1335,1281,1305,1489,2169,1741,1476,1650,2476,2518,2547,2446,1475,1469,1831,2363,2504,2022,2162,1690,1717,1608,1477,1353,1426,2090,2013,2133,1980,1934,1924,1483,1507,1926,1930,5349,5683,1937,1823,1824,1836,1722,1694,1452,1445,7171,5848,1191,1189,2652,1876,1488,1446,31315,32937,1501,1547,1149,946,1482,1530,3912,5896,1455,1323,1487,2000,1957,3125,4669,3609,4477,3084,2570,1937,1977,1731,1794,1290,1286,1279,1268,1814,1852,1321,1272,2319,2687,1116,1115,1482,1469,1880,1776,2584,1887,2968,3571,1599,1932
bing_querylogs|config_id=10977,1825,1622,1243,1587,1216,1273,1774,1314,1330,1594,1914,2216,7246,3939,1887,2043,4066,3144,3347,1842,2028,1979,2138,1380,1366,1413,1587,2006,1973,2079,1835,2235,1994,1529,1465,2014,1796,11169,3164,1805,1563,1799,2024,2146,2292,1694,1171,1809,1984,1464,1240,1812,1847,1982,1862,1428,2182,1741,1954,1051,1034,1767,1664,2000,2434,1278,1506,1296,1468,1419,2065,2398,2352,2556,2365,2768,1832,1704,1873,1794,2223,1620,1475,1418,2103,1683,1573,1636,3662,2678,1110,1111,1219,1061,1386,1650,1959,1741,2566,1978,1861,1616
bing_querylogs|config_id=10981,1744,1497,1249,1251,1202,1399,1901,1247,1781,1841,2598,2624,5945,8596,2004,2041,2050,3696,3344,1679,1872,2288,2311,1136,964,1299,2616,1920,1639,2300,2133,1419,1346,1626,1818,2130,2355,1549,1855,1414,1357,1784,1663,1995,3261,1097,1351,3548,10037,949,926,3534,1858,4961,5083,1930,5183,1713,2308,773,873,1247,1168,8220,3900,1280,1522,1570,2709,10078,2190,1599,2984,3808,2075,2156,1740,2534,1551,1892,1456,1567,1300,1718,2026,1837,1208,1082,2479,2893,841,806,1115,1094,1780,1875,1369,1433,5408,9255,1740,1771
bing_querylogs|config_id=10983,1413,1368,866,910,820,901,1409,1736,1579,1667,3384,2640,2838,9164,1344,1651,1326,2147,2301,1584,1593,1980,2094,1401,976,1091,2400,1246,1504,1393,1960,1501,1333,1273,1176,1877,2288,5480,2700,1560,1359,1313,1586,1748,1734,1330,918,6496,4270,1308,1381,2109,4775,1812,1065,1986,1691,1918,1724,738,860,1054,1005,3328,11111,1098,1143,1204,5153,6162,1725,1801,2675,2564,3717,1910,1663,1597,1530,1427,1011,1114,1069,991,1465,1486,1036,1019,1763,1857,965,884,938,962,1226,1165,1028,984,6174,2294,1645,1666
bing_querylogs|config_id=10984,2212,1950,1095,1451,1021,1518,1319,1616,2503,1958,2504,2120,5021,5066,1903,2228,1968,3665,3435,1555,1598,1884,2123,1207,941,1184,3277,1410,1698,2093,1791,1470,1654,1411,1607,2143,1843,10906,6760,1327,1283,1538,1557,2045,2564,1249,1268,6206,7791,1296,1085,4797,5500,2058,1707,2038,4191,1453,1335,736,759,1573,2025,4281,6918,1544,1529,1263,1947,4008,3445,6811,3985,3887,2773,2759,2027,1783,2082,1878,6929,3709,1303,1225,1949,1663,1300,1295,4043,3250,905,1278,787,752,1398,1326,1965,1498,3021,2535,1548,1651
bing_querylogs|config_id=10985,1220,1295,1051,1029,908,1004,1434,1710,1218,1339,2733,3500,5789,3347,1424,1016,1334,2753,2820,1342,1307,1807,1476,933,974,1254,1378,1156,1485,1382,1810,1148,1167,1208,956,1315,1508,2741,2287,1413,1288,1395,1539,2301,1598,1076,1097,2656,2309,828,898,1272,1121,1348,2031,2571,1526,1029,963,1002,910,1263,1183,3425,2052,1195,1020,891,1282,1217,943,1161,3239,1764,1680,7145,1610,1366,1540,1490,1290,1116,826,1016,1372,1522,1075,1383,5995,3134,840,848,750,1130,1060,1075,1602,2072,11793,2867,1463,1499
bing_querylogs|config_id=10986,1606,1593,1373,1389,1256,1710,1444,1415,1313,1441,2325,2280,4748,4671,2351,1505,2167,2075,2227,1319,1727,2140,2638,1214,1210,1320,2611,2137,2535,1867,1964,1737,2119,1610,1549,2033,2398,1735,1439,1241,1288,1692,1695,4280,4740,1416,1451,2013,5204,1056,1055,6421,4342,1415,1448,6215,4204,1758,2034,921,1045,1068,1163,3339,5686,1321,1353,1501,1031,1025,1992,1342,4592,4606,1975,1826,1820,1711,1683,1694,1487,1252,1492,1365,1821,1805,1525,1655,3458,3998,1109,1357,1347,1172,1636,1555,1427,1507,5262,2725,1598,1719
bing_querylogs|config_id=10987,2475,2838,1535,1574,1936,2097,1768,1909,2142,1940,2476,2475,6865,3909,2068,2084,2229,3890,4351,2755,1856,3023,2907,1338,1354,2198,4386,2747,2660,2376,2486,2190,1976,2097,2126,2214,2047,4014,2699,1823,1477,2087,2130,3032,4434,1512,1748,2393,2303,1346,1346,3867,9102,2417,2475,5086,2912,2158,2150,1060,1166,1757,1663,4485,3379,1655,1611,1989,1400,1381,1956,2225,7555,3711,3545,2536,4591,2774,1809,1900,1516,1485,1597,1651,2696,2283,1789,1664,3331,3211,1366,1266,1205,1224,2194,2254,1957,1804,3155,11363,2673,2668
bing_querylogs|config_id=10991,2247,1795,2692,6648,1498,1266,1613,1426,2826,1700,2813,3783,4911,7807,1971,1724,2582,3971,3804,2594,2115,2427,2151,1510,1178,2307,4447,2162,2504,2840,2378,2732,2540,1896,1892,2774,2601,3468,10160,1588,1587,1689,2282,3329,2659,1471,1740,12696,5617,1070,1065,4549,4825,2221,9449,4313,2940,2286,1852,973,1031,1420,1433,36292,12495,1881,1574,1790,33740,4020,2944,3632,3762,7962,1992,5837,2638,3147,1940,3016,1300,2067,1694,1718,2004,2287,1690,1635,3289,3520,1153,1390,1221,1209,2176,2276,5305,2362,10294,2816,2318,2348
bing_querylogs|config_id=10995,1528,1798,901,1042,783,888,1294,1175,998,1134,1935,2229,2582,2251,1118,1078,1121,2095,2578,1176,1461,1989,1589,903,926,1376,1533,1228,2433,1814,2335,1545,1501,1130,1126,1553,1224,1633,977,1115,1390,1025,1255,1522,1585,1131,1522,1974,1937,1273,1216,1726,1351,2243,1501,1427,1928,1298,1546,869,840,1192,1382,1428,1618,1057,1342,991,1571,1225,1094,1072,2084,1678,1825,1187,1192,1166,1699,1840,1536,1235,1161,1193,1863,1390,1135,1073,4295,1948,773,853,719,968,1203,1375,1245,1144,1391,1716,1246,1357
bing_querylogs|config_id=11005,1320,1178,1181,984,903,3253,1479,1536,1054,1247,2046,1983,2188,5620,1307,1310,1324,2244,3219,1200,1551,1459,1568,820,866,1171,1129,1857,1284,1620,1580,985,972,1071,1128,1138,1269,2078,1358,1112,1226,1258,1312,1647,7337,916,1647,2552,1310,907,1025,2099,1946,1784,1292,1795,1394,1207,1006,790,711,1105,1352,3218,1526,1018,1097,925,1186,1452,1149,1227,1380,2684,1323,1820,1458,1637,1464,1530,2648,1090,986,1077,1374,1380,1229,949,2230,2731,773,726,736,710,1174,1084,1428,2221,2651,1638,1377,1441
bing_querylogs|config_id=11009,1854,1549,966,1101,972,1231,1466,2462,1474,1527,2392,2573,3279,4098,2434,1635,1545,7567,6041,2436,1989,2132,1877,1873,1572,1495,3280,1575,1617,3447,2253,1624,2118,1424,1602,1819,2181,5027,4353,1972,1395,1171,1361,2224,4916,1321,1269,6391,9467,1159,1159,1962,3394,68866,110817,1613,1522,1711,1770,849,859,1131,1095,3045,3750,1127,1317,1441,8815,1608,1645,1736,5300,4028,1850,1561,2231,1876,1657,1946,1359,1357,1301,1776,1925,1930,1406,1382,2336,2533,1106,1004,1126,1056,1708,1649,1129,1074,2734,6619,1729,1453
bing_querylogs|config_id=11010,1592,1464,1056,1085,1250,1545,1281,1358,1182,1359,1637,1823,2138,2005,1425,1303,1355,2547,2044,1295,1324,1588,1331,989,932,1122,1190,1642,1597,1586,1504,1346,1376,1187,1407,1332,1364,1051,1028,1088,1122,1145,1119,1867,1594,976,1108,3752,4495,939,971,1531,2958,1680,1176,1661,5309,1301,1272,725,852,1137,1143,2048,1514,1305,1162,1261,1380,929,1332,1745,2501,3258,4422,4881,1501,1571,1309,1563,1052,1119,1209,1134,1471,1435,1113,1224,1709,1860,815,870,1106,1151,1273,1192,1318,1118,4253,4799,1310,1285
bing_querylogs|config_id=11011,1642,1770,1205,1434,1472,1514,1430,1406,1543,1627,2042,2107,2485,2181,1619,1687,1827,2483,2449,1417,1539,1696,1698,1794,1709,1257,1374,1741,2055,2129,2302,1847,1516,1707,1812,2111,1653,3657,1847,1390,1427,1591,1513,1854,1719,1271,1568,7091,5218,1226,1322,4528,2130,1653,1821,4099,4931,1718,1700,934,1032,1618,1613,2459,3826,1436,1428,1432,929,936,1581,1630,5291,4661,1365,1429,1682,1646,1699,1714,1140,1142,1376,1491,2819,2388,1350,1583,3149,1870,1037,981,1199,1243,1824,1783,1104,1185,3425,2756,1681,1728
bing_querylogs|config_id=11012,1839,1822,1282,1288,1215,1470,1306,1304,1446,1709,2702,3134,3409,2609,1779,1806,1923,3317,2596,1381,1623,1791,1758,1095,1115,1260,1318,1797,1873,2293,2338,1432,1904,1687,1919,1839,1844,4732,2161,1621,1694,1622,1609,6533,1487,1563,1413,5474,3795,1319,1289,2443,2207,1435,1699,3052,3812,1635,1635,1021,1075,1544,1525,2396,3026,1260,1370,1413,1845,1044,1528,1420,4055,6740,1358,1442,1744,1649,1721,1743,1139,1143,1350,1316,2195,2323,1448,1489,3677,3983,1018,1008,1346,1170,1810,1747,1417,1156,2664,2853,1607,1702
bing_querylogs|config_id=11013,1674,1589,1150,1186,1233,1549,1402,1395,1321,1517,2235,1887,3709,3360,1330,1414,1566,2719,2203,1300,1544,1647,1688,1151,1240,1094,1239,1552,1909,1546,1677,1473,1429,1333,1515,1458,1458,2892,1485,1247,1171,1366,1362,1890,1964,1084,1164,3587,2491,989,972,4852,5247,1581,1575,7115,6205,1533,1568,910,814,1113,1117,1973,7133,1180,1098,1448,1683,1058,1735,1923,3696,3316,2722,2797,1577,1575,1436,1450,1283,2045,1113,1201,1763,1737,1449,1687,2117,2584,915,927,1248,903,1386,1337,1163,1272,6291,3337,1361,1392
bing_querylogs|config_id=11014,1637,1665,1207,1344,1206,1236,1593,1516,1345,1250,4754,3110,5306,2753,1688,1465,1365,2260,2220,1519,2465,1986,2024,1228,1285,1339,2157,1701,1728,2122,2026,1626,1668,1403,1538,2130,2478,1303,1276,1368,1385,1682,1886,1949,2052,1196,1186,7395,8815,1067,1045,2606,1676,1518,1775,2819,2017,1870,1685,955,884,1502,1455,4018,8348,1412,1403,1338,1743,5038,1414,1521,6337,3018,1460,1540,1693,1734,1578,1585,1584,1388,1336,1191,2166,2003,1376,1345,2894,2871,962,1001,1159,1149,1502,1835,1910,1222,3660,2995,1844,1949
bing_querylogs|config_id=11020,1560,1385,1010,1020,1203,1227,1411,1596,1291,1298,1656,1647,1885,1938,1602,1608,1492,1639,1770,1589,1318,1421,1590,1009,1007,1088,1024,1730,1901,1448,1570,1493,1519,1235,1287,1624,1461,1563,2330,1440,1310,1404,1410,1763,1720,1101,1097,1965,2160,933,940,1368,1472,1247,1256,1618,1471,1432,1399,766,760,1281,1205,1580,1676,1121,1091,1085,1130,1467,2336,2960,1878,1846,1290,1965,1398,1420,1435,1429,945,975,1230,1225,1429,1651,1191,1179,2834,2278,1029,950,1157,1072,1392,1158,1320,1734,1602,1736,1278,1424
bing_querylogs|config_id=11023,1428,1314,1227,1386,1209,1295,1624,1620,1352,1428,1657,1851,2964,2250,1579,1777,1696,1832,1979,1584,1606,1726,1675,1270,1291,1292,1230,1715,1704,1649,1539,1409,1433,1434,1399,1666,1695,1007,1121,1484,1452,1513,1566,1720,1624,1181,1177,2035,2019,1082,1108,1394,1494,1243,1248,1415,1591,1627,1611,929,893,1227,1394,1910,1772,1174,1208,1209,1651,1372,1315,1319,1919,1768,1285,1275,1435,1393,1454,1441,1322,1368,1209,1206,1641,1736,1412,1363,2053,67627,1061,1012,1243,1224,1366,1365,1022,1026,2036,1762,1534,1542
bing_querylogs|config_id=11025,1958,1802,1143,1206,1390,1137,2385,2356,1631,1487,1792,1946,2697,2784,1469,1861,5536,2502,2615,1643,1806,2153,1820,1364,1305,1475,1373,1621,1907,2015,1766,1644,1166,1511,1569,1528,1622,1072,1506,1911,1661,1841,1659,1970,1929,1378,1134,2116,2440,1351,1357,1721,1647,2520,2046,2617,2922,1533,1709,1313,997,1785,1605,2429,2228,1533,1449,1489,2294,1811,1682,1663,2028,2070,1615,1456,2192,2198,1413,1501,1696,1675,1493,1513,1811,1755,1745,1702,5171,2529,1204,1196,1394,1323,1429,1914,1366,1458,1521,1609,1746,1738
bing_querylogs|config_id=11026,1285,1326,1263,1194,999,1028,1361,1403,1267,1276,1549,1444,1916,1951,1403,1407,1347,1820,1896,1533,1499,1539,1492,1100,1095,1307,1298,1516,1563,1589,1558,1269,1281,1281,1279,1600,1597,1102,1115,1327,1249,1229,1216,1514,1508,1100,1117,1559,1544,1078,1116,1251,1256,1376,1289,1397,1360,1287,1293,952,959,1308,1239,1581,1668,1111,1130,1119,1444,1373,1281,1290,1508,1603,1302,1353,1426,1421,1336,1303,1260,1261,1102,1140,1551,1525,1176,1165,1722,1872,995,998,1159,1164,1323,1229,1540,1071,1742,1606,1511,1454
bing_querylogs|config_id=11027,1199,1093,1107,1061,1078,971,1266,1299,1160,1207,1618,1363,1850,1980,1253,1391,1265,1847,1832,1364,1303,1286,1243,1024,1035,1326,1398,1517,1471,1599,1646,1281,1268,1236,1223,1636,1390,967,972,1201,1202,1174,1261,1398,1449,1047,1083,1499,1492,990,1048,1057,1121,1210,1141,1198,1260,1239,1198,811,801,1117,1107,1500,1422,1059,1049,1077,1194,1288,1197,1187,1376,1472,1176,1215,1395,1351,1300,1312,1167,1156,1110,1044,1409,1372,1116,1127,1726,1666,941,911,1079,1061,1162,1163,947,1049,1554,1595,1344,1362
bing_querylogs|config_id=11028,1334,1257,1265,1214,1156,1161,1448,1359,1189,1229,1633,1599,2996,4842,1543,1413,1399,2021,2571,1373,1561,1557,1547,1167,1180,1373,1431,1626,1650,1566,1581,1386,1451,1433,1429,1704,1664,1045,1039,1211,1226,1295,1280,1737,1567,1185,1291,1582,1590,1127,1046,1410,1308,2052,1388,1568,1482,1314,1322,927,927,1279,1269,1715,1574,1152,1157,1151,2130,1639,1272,1481,1531,1838,1282,1283,1544,1544,1439,1439,1303,1276,1169,1161,1465,1634,1252,1236,2195,2488,1014,1027,1116,1126,1269,1377,1531,1145,2093,2082,1488,1488
bing_querylogs|config_id=11029,1430,1336,1283,1241,1161,1158,1431,1416,1232,1288,1928,2011,3519,4159,1358,1425,1602,2213,2542,1386,1453,1550,1557,1201,1289,1364,1224,1727,1677,1817,1720,1455,1497,1438,1427,1649,1903,1149,1154,1214,1345,1245,1407,1530,1516,1295,1159,1803,1739,1056,1113,1737,2146,2063,1701,1432,1610,1310,1328,888,922,1262,1398,1985,1631,1173,1157,1158,1988,1678,1285,1238,1660,1545,1348,1317,1701,1615,1445,1482,1162,1245,1180,1161,1664,1499,1157,1175,2212,2429,992,994,1100,1097,1262,1250,1153,1117,2039,2075,1504,1493
bing_querylogs|config_id=11030,1350,1243,1245,1178,1099,1147,1448,1640,1297,1276,1797,1615,8556,2485,1423,1600,1379,2018,2139,1542,1466,1505,1667,1164,1180,1353,1254,1697,1665,1553,1683,1429,1451,1430,1430,1775,1512,1018,1059,1225,1235,1245,1288,1544,1686,1298,1299,1593,1582,1079,1046,1360,1360,1339,2062,1388,1429,1321,1328,923,921,1286,1286,1729,1565,1183,1215,1149,1779,1515,1557,1248,1748,1585,1274,1261,1435,1431,1441,1421,1245,1199,1163,1161,1580,1474,1168,1250,2434,2046,1002,1020,1113,1118,1411,1253,1105,1109,2002,2194,1489,1545
bing_querylogs|config_id=11031,1199,1055,1094,1192,1243,1596,1307,1247,1446,1591,1714,1639,2925,3594,1763,1688,1378,2010,2738,1738,1466,1503,1745,1017,1030,1280,1134,1908,1716,1604,1806,1256,1531,1364,1646,1534,1312,3418,1565,1182,1336,1522,1615,2049,1709,1367,1167,1377,2162,1007,1018,1249,1469,5800,4966,2006,1829,1258,1412,822,880,1036,1042,1940,1946,1250,1224,1215,2854,3515,1037,1726,1530,1746,1702,2873,1277,1544,1675,1390,1005,1075,1191,1445,1567,1308,1111,1149,2012,6703,927,857,1037,1229,1263,1485,1497,1045,2898,3098,1079,1290
bing_querylogs|config_id=11032,1240,1112,1025,1075,1087,962,1168,1558,1437,1537,1704,1488,6260,2081,1590,1726,1741,2690,1944,1689,1617,2039,2196,1334,1017,1286,1219,1752,1760,1750,1903,1304,1252,1345,1423,1635,1618,1051,1336,1376,1254,1562,1549,2147,1349,1160,1167,3619,4921,960,1064,1350,1538,4850,5074,1150,1667,1436,1228,829,1027,1212,1040,1879,1408,1247,1266,1260,2936,3541,1100,1392,2092,1671,2018,2219,1634,1680,1244,1418,1086,1078,1440,1231,1550,1564,1319,1170,2197,2695,894,1027,978,1319,1291,1327,1038,2860,2314,3041,1169,1295
bing_querylogs|config_id=11033,1470,1661,1276,1278,1563,1358,2620,2046,1714,1519,4572,1960,5083,6889,1504,1661,1581,2082,5980,1275,1867,1806,1909,1037,926,1395,1300,1977,1474,1921,1723,1400,1338,1534,1578,1877,1575,3358,3439,1381,1368,1598,1576,1596,1843,1304,1520,5289,6374,1161,1226,2693,3492,4739,5584,1725,1950,1267,1181,906,1020,1084,1299,2414,3364,1467,1422,1364,3239,2273,1576,1678,1848,2175,2481,3293,1683,1879,1802,1885,1093,1098,1416,1423,1418,1474,1309,1227,4806,4167,890,937,1016,993,1435,1518,5997,2188,4072,4087,1422,1392
bing_querylogs|config_id=11035,1824,1709,1490,1449,1872,2133,1442,2228,1783,1864,2822,2349,2763,2860,1867,1716,1917,2913,2760,1466,2257,2251,2189,1240,1236,1452,1471,1696,1891,1945,2306,1721,1682,1645,1856,1911,2121,2723,2266,1608,1567,1883,1899,2056,1801,1338,1456,6003,3213,1345,1347,1929,1576,5368,4650,1882,2942,1999,1828,1012,1041,1357,1460,2775,2074,1528,1588,1568,1427,4279,2191,2402,1856,1989,1779,2461,2060,1933,1701,1729,1333,1329,1593,1604,1658,1805,1248,1514,2644,2281,1109,1084,1622,1729,1780,1720,1964,2673,3114,3598,1986,1884
bing_querylogs|config_id=11038,1702,1272,1151,1355,1247,1287,1858,1592,1610,1570,2174,1952,5271,5137,1709,1802,1467,2389,3536,1227,1597,1518,1639,936,1217,1374,1407,1857,1889,1658,1891,1232,1252,1393,1319,1302,1440,3252,35030,1328,1249,1341,1787,1836,1531,1711,1160,2023,4225,1075,1022,1808,1735,4692,4809,2323,2879,1443,1449,837,833,1078,1178,2248,1776,1305,1248,1227,1947,4205,1562,1703,2162,1715,2057,2159,1595,1479,1734,1700,1099,1099,1228,1054,1562,1305,1164,1141,4922,1936,846,898,1260,1198,1375,1191,1577,1655,1809,3012,1249,1268
bing_querylogs|config_id=11039,1603,1396,1020,931,1028,1095,1746,1334,1180,1132,1687,3272,2540,2368,3362,1053,1089,2082,2756,1259,1334,1657,2042,906,1017,1098,1205,1323,1391,1707,1586,1385,1288,1122,1214,1311,1352,1775,1326,1326,1230,1383,1636,1846,1444,1197,1046,3900,1755,989,1078,2308,1941,1640,1840,1861,1700,1204,1108,788,961,1074,1159,1383,1589,1125,1085,1205,929,1121,1407,1176,1851,2728,1610,1503,1532,1402,1469,1651,1241,2646,1189,1064,1588,1586,1513,1221,2804,1836,872,968,878,835,1136,1048,1575,1584,1472,1478,1326,1122
bing_querylogs|config_id=11044,1503,1379,907,1023,913,880,1578,1226,1259,1054,2409,2804,2841,3124,1209,1352,1367,2170,3215,1245,1376,2036,1868,940,896,1328,1378,1589,2086,1743,1399,1105,1061,1070,1014,1668,1533,1075,1211,1073,1120,1119,1121,2004,2625,907,1207,1447,1305,940,1056,1853,2919,1769,1329,1538,1513,937,985,705,703,1175,1334,2566,1726,1015,867,1104,2029,1099,1205,1507,1477,1663,2438,4316,1290,1216,1182,1387,922,1425,920,1083,1568,1507,1287,1087,3433,4062,746,731,807,822,1151,922,1535,1288,4286,2851,1598,1159
bing_querylogs|config_id=11049,953,1178,945,973,729,682,1509,1651,1020,916,1602,1264,7653,5458,850,1151,969,2352,1885,1450,2817,1397,1700,813,857,1171,1063,1079,1375,1442,1285,974,978,830,880,1150,1183,2160,2349,2001,1027,1062,1149,1150,1605,1519,1136,1798,1473,1010,731,1916,1095,2518,2056,1766,1407,1059,1136,698,686,1165,903,1996,1892,839,970,867,1657,1462,1071,1935,1581,1656,1216,1696,1270,1273,1298,1226,1412,1103,849,1103,1446,1169,1104,1100,1557,3155,1006,722,789,651,1185,941,1514,994,1207,1791,1185,1063
bing_querylogs|config_id=11058,1491,990,745,929,739,656,1396,1432,1211,948,1746,1560,4349,2640,981,1367,1009,2106,2569,977,1000,1957,1334,817,883,1078,1320,1169,1415,1501,1432,1077,1104,923,900,1387,1182,1521,4245,1109,1265,1366,1011,4983,1588,845,1058,1773,1351,890,882,1093,1269,1405,1802,1775,1999,1209,1019,691,690,1085,2270,1638,1310,839,845,1015,2790,1404,755,904,1796,2111,1153,1688,1449,1478,1282,1281,954,969,1033,791,1163,1332,1073,1087,2156,3878,750,730,592,641,961,846,1582,1424,1817,1312,1351,1342
bing_querylogs|config_id=11067,1619,1730,1166,1435,929,943,1182,2175,1175,1502,2787,2687,2369,3913,1417,1114,1330,2632,4141,1363,1636,1207,1790,936,968,1045,1350,1404,1640,1814,2086,1595,1498,1088,1405,1354,1320,1371,1477,1208,1218,1207,1230,1807,1640,1059,1431,4030,31578,1752,1126,1425,1264,1796,1921,1713,1510,1336,1274,825,859,981,1311,2735,2057,1135,1064,1281,1136,1484,1250,1149,2128,2120,1342,1619,1430,1335,1587,2001,2574,1617,1145,1094,2019,2353,1336,1406,3653,2529,939,858,806,736,1367,1450,1202,1483,1859,2719,1588,1239
bing_querylogs|config_id=11082,2039,2014,1380,1360,776,777,2550,2545,1460,1421,1880,1783,3484,3351,1533,1532,1542,4649,4802,1483,1589,2019,2040,816,824,971,1153,1644,1659,1258,1248,1173,1173,1332,1301,1112,1245,1188,1423,1299,1335,1562,1586,3373,3396,1755,1716,1890,1898,775,784,1228,1245,2225,2213,1082,1150,1022,1162,712,769,860,853,1731,1734,812,810,836,2438,2436,1728,1743,1597,1572,4156,4190,1216,1418,1145,1170,984,977,1191,1094,1284,1290,939,906,1714,1727,805,754,713,793,1574,1517,1599,1657,1962,1963,1319,1223
bing_querylogs|config_id=11083,1113,1157,825,828,940,820,1152,1121,1093,1040,1288,1235,1802,1785,1073,1062,1112,1449,1484,910,944,1481,1274,861,872,1067,1027,1046,1010,1337,1545,1180,1237,1011,999,1102,1179,1141,1106,891,970,955,1054,1302,1259,802,816,1478,1429,820,894,943,907,1192,1113,1265,1187,1055,972,758,821,994,999,1548,1399,868,822,1018,780,1029,870,883,1456,1375,1162,1153,1451,1281,1252,1246,884,930,941,799,1353,1290,935,940,1272,1198,813,780,854,830,992,924,880,975,1332,1451,1192,1230
bing_querylogs|config_id=11084,1094,1010,766,804,784,798,1245,1048,1005,1049,1658,1582,1332,1610,1214,1107,1058,1395,1400,1115,1148,1541,1516,797,848,1052,1074,1029,1052,1295,1263,1145,1186,987,1029,1050,1292,640,694,1014,993,947,1121,1409,1191,804,904,1927,1788,793,856,958,942,1096,1362,1051,1217,1041,915,816,746,877,893,1265,1761,959,964,1078,1016,1187,804,1117,1673,1577,1150,1121,1136,1111,1295,1180,1019,922,927,915,1312,1276,910,998,1603,1154,786,729,785,759,1128,1040,877,1253,1451,1813,1185,1095
bing_querylogs|config_id=11085,1063,1079,822,866,1155,877,1258,1265,975,962,1247,1275,1625,1671,1075,1059,1047,1510,1705,1167,1036,1405,1495,852,774,1153,1210,1208,1126,1521,1502,1120,1150,1044,1028,1058,1205,875,942,1205,1212,1020,1071,1316,1100,906,891,1468,1613,942,829,1002,1181,1028,1279,1339,1284,1063,1020,738,773,1106,954,1666,1404,869,909,939,996,1062,1078,1245,1390,1718,1144,1349,1244,1125,1434,1349,931,958,1003,943,1472,1373,1077,971,2258,2582,825,777,701,803,1041,881,1114,1196,1383,1339,1077,1203
bing_querylogs|config_id=11086,1103,1078,751,746,735,794,1188,1170,975,1044,1333,1221,1899,1497,1097,1234,1296,1401,3178,962,965,1457,1407,884,771,1063,1185,971,998,1530,1590,1217,1210,982,1053,1227,1443,993,1274,916,926,1221,1209,1242,1373,785,753,1706,1551,910,1024,1002,1004,2770,66398,1828,2480,1089,1103,765,832,934,938,1500,1446,970,892,925,1580,1121,929,918,1436,1565,919,981,1499,1324,1253,1225,852,899,881,826,1410,1354,1061,1016,2990,1538,787,746,715,789,928,908,1091,1307,1653,1466,1165,1302
bing_querylogs|config_id=11087,1307,1348,775,906,781,773,1421,1605,1143,1135,1534,1497,1929,1749,1269,1297,1231,7878,5864,1315,1518,1417,1471,793,799,1013,993,1065,1036,1560,1417,1132,1213,1008,1039,1025,1152,1224,1061,1112,1248,1239,1199,1418,1369,1116,1016,1529,1865,969,933,1088,997,66328,66400,1101,1083,1149,1359,760,835,870,901,1437,1528,1045,885,967,1298,2507,1567,1565,1425,1385,66355,1026,1243,1242,1214,1298,1069,1068,1054,875,1340,1371,921,1012,2148,1943,816,749,771,737,921,893,880,1096,1756,1678,1253,1304
bing_querylogs|config_id=11088,1536,1648,926,935,1157,1194,1286,1281,1264,1289,1458,1418,2309,1994,1378,1506,1553,1611,1859,1469,920,1391,1531,888,822,1033,1071,1558,1246,1532,1513,1386,1366,1265,1213,1311,1389,1584,1596,1078,1199,1131,1203,1607,1643,1133,1177,1756,1846,959,959,1575,1486,1495,1830,1668,1430,952,1200,817,804,1111,1114,2139,2140,1027,1137,1193,1448,1273,2925,1429,1724,1422,1265,1378,1359,1309,1467,1481,1147,1123,1182,1133,1648,1628,1098,1074,1517,2343,876,742,757,724,1197,1060,1150,2176,1726,1736,1228,1305
bing_querylogs|config_id=11089,1342,1331,1124,1135,1020,1154,1360,1257,1197,1222,1724,1478,2109,1848,1392,1336,1369,1987,1983,1432,1543,1530,1666,1087,1050,1251,1338,1463,1450,1713,1663,1290,1288,1308,1290,1556,1647,1044,1036,1291,1156,1203,1216,1495,1384,1149,1123,1727,1764,996,1009,1303,1182,1336,1293,1516,1388,1394,1214,884,910,1161,1142,1946,1742,1055,1115,1202,1264,1374,1184,1208,1748,1633,1153,1381,1435,1415,1403,1396,1148,1191,1101,1034,1597,1697,1124,1120,1717,1977,926,869,1135,1160,1202,1356,1505,1116,1794,1864,1491,1493
bing_querylogs|config_id=11090,1323,1335,1093,1104,1032,1144,1388,1279,1231,1256,1622,1473,2021,1975,1394,1365,1273,1848,1993,1528,1560,1914,1513,1061,1203,1314,1269,1366,1481,1715,1681,1289,1325,1296,1295,1535,1571,987,1167,1250,1211,1217,1165,1445,1428,1197,1116,1724,1803,994,1010,1223,1207,1336,1366,1350,1492,1305,1213,877,857,1143,1132,1722,1492,1058,1167,1071,1397,1275,1265,1200,1693,1673,1296,1375,1346,1401,1406,1362,1168,1173,1142,1048,1597,1595,1096,1109,1805,1900,926,860,1115,1154,1252,1275,1578,1393,1970,1836,1466,1487
bing_querylogs|config_id=11091,1758,1533,1177,1143,1271,1229,1265,1255,1457,1374,1568,1506,1942,1791,1488,1393,1352,1641,1772,1117,1116,1452,1869,1149,1094,1234,1206,1393,1424,1695,1725,1372,1347,1434,1435,1334,1483,996,1051,1212,1233,1289,1298,1354,1428,1306,1176,1811,1900,1196,1186,1409,1453,1315,1275,1347,1273,1530,1532,870,849,1318,1339,1504,1634,1236,1246,1279,968,915,1023,1069,1644,1660,1143,1249,1326,1346,1564,1563,1125,1114,1227,1166,1788,1702,1329,1336,1640,1670,941,1042,1151,1202,1472,1409,1086,1077,1581,1722,1494,1407
bing_querylogs|config_id=11092,1310,1483,1109,1107,993,995,1402,1270,1248,1418,1799,1561,3807,4147,1509,1841,1502,3047,2115,978,1333,1770,1807,846,879,1128,1177,1258,1385,1793,1803,1675,1209,1333,1324,1618,1507,1570,2750,1064,1187,1317,1376,2065,2340,1009,1076,2052,2262,966,915,1411,1322,3168,3468,1467,1175,1268,1308,856,786,1173,1139,1842,1846,1109,1260,1001,948,1017,1537,1419,1725,1949,1294,2834,1294,1575,1525,1540,906,1000,1194,1085,1599,1444,1192,1161,2325,2323,871,771,1040,1055,1338,1102,1427,2266,1744,1903,1220,1152
bing_querylogs|config_id=11093,1391,1447,1002,977,1408,1236,1365,1847,1421,1391,1515,1529,2172,2355,1296,1427,1650,2569,2757,1724,1751,2075,1984,876,811,1257,1260,1613,1462,1604,1543,1223,1304,1166,1371,1538,1468,2287,2054,1154,1148,1492,1380,1503,1463,1172,1133,4147,1839,896,919,1255,1260,5098,3522,1204,1262,1378,1175,812,772,964,1037,1757,1802,1290,892,1116,2594,4285,1537,1473,1954,1761,1286,2995,1484,1429,1522,1604,986,920,1166,1114,1685,1511,1244,985,3051,2332,775,717,1156,1108,1371,1301,1456,1368,2768,1808,1362,1522
bing_querylogs|config_id=11094,1687,1631,1287,1345,1008,990,3205,4957,1307,1311,2319,3017,6785,6959,1512,1417,1393,14867,9247,1428,1500,1546,2018,902,942,1205,1202,1688,1666,1838,1860,1321,1325,1219,1274,1384,1807,3856,3866,1375,1422,1479,1561,3617,4220,992,912,7174,6327,928,979,1344,1241,28245,22229,1373,1312,1178,1487,707,784,1194,1146,2677,3528,1006,968,1057,5263,11306,1428,1400,1955,2420,2168,2343,1815,1824,1721,1630,1136,1224,935,855,1775,1795,1140,1156,3916,8347,770,735,976,1069,1406,1199,1687,1693,4773,2573,1511,1485
bing_querylogs|config_id=11095,1548,1548,860,817,1511,1550,1160,1114,1215,1089,1683,1675,1840,1912,1422,1398,1370,1527,1560,1260,1327,1673,1877,890,869,1113,1022,1118,1148,1975,1903,1185,1347,1086,1062,1616,1519,1078,965,1335,1250,1281,1287,1071,1174,1032,1038,1871,1756,1032,1032,1227,1216,1836,1860,1477,1636,1110,1328,747,651,999,999,1480,1734,1105,1105,1104,1244,1191,1613,1560,2151,2167,1321,1292,1897,1733,1630,1269,786,828,1106,1106,1673,1772,1099,1099,1832,1804,966,1036,1308,1288,1887,1818,1206,1405,1888,1954,1693,1693
bing_querylogs|config_id=11096,938,935,740,663,573,611,1099,1325,973,974,1118,1111,1674,1530,1042,1116,815,1656,1123,1027,883,1092,1050,835,793,1096,1010,818,812,1058,1212,1143,1081,918,921,1043,969,1145,1398,773,844,899,890,1234,1105,685,714,956,1080,814,753,887,829,1588,1517,1359,874,877,877,592,681,812,941,1438,1478,841,836,707,1323,1081,773,757,1761,1425,1022,1009,1013,1410,996,946,887,657,703,730,1297,950,919,884,1679,1347,705,755,923,614,795,836,1029,762,1228,1146,981,1211
bing_querylogs|config_id=11097,1804,1212,1161,1087,1045,1204,1258,1485,1664,1362,1766,1833,3147,3743,2380,1733,1678,2407,5056,1615,1475,1609,1915,820,850,1010,957,1548,1535,1382,1546,1457,1212,1278,1413,1558,1469,2564,791,1196,1152,1405,1425,1927,2449,1035,1208,2057,2080,871,902,1418,1310,3784,4471,1418,1257,1416,1418,774,711,1121,999,2034,1768,962,1397,1214,2394,2257,1573,1575,2234,2250,1465,1389,1967,1952,1702,1521,877,918,1355,1319,1333,1952,1137,1112,3324,2073,764,764,1017,765,1390,1424,1225,1337,4026,2023,1303,1772
bing_querylogs|config_id=11098,1137,1232,798,886,741,757,1461,1049,1020,959,1358,1399,2341,1653,1094,1130,1199,1726,1528,1140,1017,1349,1493,843,839,998,935,1014,1142,1227,1441,1193,1205,1013,950,1236,1259,1581,2062,1082,943,970,1042,1381,1533,936,860,1790,1195,905,852,1042,1011,1117,1264,1366,1420,1034,993,666,673,974,954,1520,1320,885,879,855,1206,977,936,989,2224,1773,1884,970,1644,1398,1256,1274,1032,1160,890,969,1099,1252,1064,1040,1410,1330,732,798,708,757,973,1018,1185,1016,1535,2125,1270,1650
bing_querylogs|config_id=11099,1002,1126,708,822,655,657,1636,1046,1060,1238,2635,3638,1668,2518,1307,911,975,1496,2719,1012,917,1599,1689,843,773,989,965,1062,1085,1052,1234,1109,1197,929,890,1569,1543,1267,1182,1124,1030,1062,1098,1316,1383,1040,794,1792,2210,807,797,1041,1051,1412,1309,1161,1372,1134,1171,628,785,945,1179,2470,2902,891,897,932,992,2153,972,976,1687,1723,1068,1011,1398,1404,1290,1239,847,929,1508,959,1091,1273,990,922,1451,1465,818,728,667,632,1187,969,793,1011,1887,1582,1313,1237
bing_querylogs|config_id=11100,1116,1077,904,946,787,771,3434,2193,1292,1261,1656,1168,1997,14080,1508,1524,1595,14196,7512,1335,1370,1796,1877,888,896,1093,1109,1085,1088,1556,1568,1177,1229,1002,1013,1161,1695,2909,2073,1203,1154,1309,1371,6542,1812,797,708,4248,2673,836,834,1609,1323,20110,27883,1240,1290,1142,1078,707,787,995,1151,2134,2226,976,902,1058,7182,3670,1311,1165,1670,1697,2130,2101,1644,1553,1185,1180,856,939,1048,1010,1329,1371,1120,1177,3480,2261,796,747,750,791,1090,1115,979,1095,1724,1846,1226,1233
bing_querylogs|config_id=11101,2330,2465,1268,1300,1254,1153,1537,1604,1550,1562,2306,2342,2969,2377,1986,2477,2281,1947,2218,1286,1498,2174,1970,1223,1172,1665,1603,2290,1782,2283,2207,1912,1900,1559,1534,1940,1729,1508,1693,1523,1522,1659,1581,2386,2545,1266,1503,2390,2099,1160,1148,1684,2391,3540,1469,2107,1420,1475,1656,924,922,1395,1415,2368,2477,1391,1268,1367,1728,1496,1830,1270,2399,2682,1985,2500,2371,2372,1892,2020,1290,1426,1288,1310,2215,1862,1409,1427,35612,2804,1101,1213,1045,1060,1946,1928,1673,2361,2767,2472,1691,1618
bing_querylogs|config_id=11102,1066,1106,806,804,772,805,1106,1014,1089,1103,1481,1218,1936,2267,1029,1045,1014,1249,1250,1266,1234,1246,1295,868,933,1186,1039,1250,1142,1597,1751,1300,1311,1054,982,1117,1101,1156,1208,989,949,985,1091,1628,1478,894,897,1672,1630,898,902,1013,1205,3175,1230,1119,1320,1121,999,732,725,1033,1022,1392,1776,909,870,850,1157,1723,1426,1242,2193,1947,909,1140,1421,1163,1445,1264,1053,1059,934,862,1425,1377,1046,973,1428,1591,786,879,841,782,1117,1024,860,1276,1567,2181,1309,1180
bing_querylogs|config_id=11103,1106,990,761,882,738,736,1213,1208,1078,1138,2766,2006,1923,1859,1409,1275,1337,1539,1315,1210,1247,1560,1372,824,867,1090,1007,1261,1380,1486,1469,1298,1319,975,950,1133,1137,1240,873,988,988,1033,987,1373,1242,849,861,1889,1415,812,931,955,1292,3583,1392,1313,1133,990,1295,795,852,962,1000,1272,1694,921,947,974,1310,1878,1195,1110,2517,2127,1297,1055,1171,1221,1474,1345,972,1020,986,967,1460,1439,938,929,1424,1544,830,828,678,866,990,1007,1159,1427,1628,1404,1103,1232
bing_querylogs|config_id=11104,1034,1517,953,944,988,989,2061,1710,1003,1116,1550,3134,2252,2647,969,987,1304,1915,1467,1083,1157,1738,1253,882,868,1156,987,1320,1530,1657,1705,1210,1327,837,973,1336,1228,1036,1300,961,1080,1132,1063,1453,1635,957,1064,1851,1306,1132,1000,1108,2012,3261,1260,1620,1651,1206,1087,791,710,1445,1215,1864,34177,936,998,910,1300,1888,1188,1041,2137,2261,1449,1624,1274,1340,1691,1602,1139,1022,946,1130,1748,1651,1034,1090,2864,2111,833,899,732,696,927,969,1390,1581,3130,1690,1066,996
bing_querylogs|config_id=11105,1150,1120,838,794,748,723,1610,1213,1118,1021,1792,1697,2174,2075,1101,983,1351,2138,2252,1105,1120,1678,1289,912,987,1082,1022,1062,1100,1718,1396,1289,1312,972,928,1314,1184,1039,1210,930,966,1019,1037,1707,1476,783,785,2640,1524,924,953,1047,1304,78839,13512,72823,4113,995,1233,733,735,986,1028,1798,1515,1021,1035,1006,1509,1981,840,890,1907,1701,1103,1153,1626,1415,1503,1336,1068,1379,856,925,1349,1349,984,1123,8288,1832,828,828,726,727,923,939,1302,1395,1607,1445,1289,1516
bing_querylogs|config_id=11106,1143,1201,808,777,808,725,2284,4412,1059,1102,1457,1405,2425,1712,1242,1454,1488,4449,1455,1434,1514,1398,1260,855,966,1110,1009,1257,1185,1624,1477,1219,1262,1070,1069,1374,1106,2220,17885,1238,1002,1146,1192,1436,1401,818,829,2354,2273,1000,1062,1473,1280,4743,22386,1194,1362,1137,1172,696,690,1003,955,1457,1505,1082,1037,1075,1557,2122,1861,73356,2063,2010,1304,1023,1586,1492,1467,1276,1084,1142,994,983,1385,1332,1055,1126,1785,2400,790,774,710,715,1071,1121,970,1233,2191,2377,1286,1331
bing_querylogs|config_id=11107,1743,1699,1018,1061,1159,744,1209,1118,1401,1406,2035,2210,2977,2130,1803,1244,1806,2192,2305,1080,1578,1631,1183,845,878,1069,1032,1383,1456,1562,1619,1471,1431,1255,1317,1340,1361,1887,1869,1063,1110,1308,1287,1802,1882,1050,1176,2565,2521,1036,1018,1928,2477,3372,1579,1780,1824,930,951,747,739,1428,1156,3999,1873,1267,1058,1150,1456,2379,1629,2433,1821,1834,2358,2079,1448,1444,1651,1614,2161,1361,1095,1099,1562,1579,1151,1180,3340,2556,850,798,681,679,1132,1205,1292,2410,1732,2039,1549,1384
bing_querylogs|config_id=11108,1406,1443,1099,1092,1040,1057,1455,1379,1201,1144,1981,2010,2198,2006,1508,1349,1497,1808,1831,1424,1745,1757,1367,1198,1076,1244,1174,1821,1869,1823,1783,1415,1433,1449,1352,1502,1391,1057,1113,1164,1206,1221,1244,1641,1624,1098,1096,2123,2038,1012,1012,1249,1252,3211,1327,1571,1539,1430,1386,859,754,1213,1225,2280,1895,1123,1066,1063,1523,2084,1289,1311,2054,2284,1360,1391,1628,1549,1521,1450,1220,1185,1119,1117,1733,1739,1162,1162,2372,2389,1012,1012,1354,1003,1320,1316,1101,1509,2130,1930,1505,1624
bing_querylogs|config_id=11109,1423,1273,1121,1163,1040,1043,1330,1359,1146,1175,2000,2276,2303,2216,1387,1466,1529,1692,1880,1426,1486,1663,1499,1091,1076,1271,1152,1828,1961,1800,1787,1388,1413,1354,1555,1731,1481,1053,1097,1163,1209,1242,1234,1782,1474,1098,1096,2110,2037,1011,1000,1354,1443,3303,1312,1438,1521,1387,1386,859,857,1206,1214,2138,2087,1070,1122,1112,34127,2352,1516,1303,2127,2243,1344,1415,1488,1522,1566,1556,1336,1246,1076,1079,1628,1739,1195,1129,2008,2095,932,1012,1007,1031,1396,1312,1101,1493,2420,2583,1374,1511
bing_querylogs|config_id=11110,1917,1279,1079,1131,1278,1166,1261,1267,1289,1348,1896,2065,1889,1929,1342,1396,1455,1631,1815,1243,1311,1365,1210,1185,1136,1230,1139,1648,1507,1934,1873,1413,1698,1333,1445,1511,1479,1373,1439,1221,1216,1402,1604,1627,1639,1297,1167,1802,2325,1389,1262,1724,1830,3190,1536,1413,1310,1219,1195,839,837,1228,1261,1661,1655,1413,1349,1408,961,1679,1112,1164,2085,1914,1267,1318,1320,1346,1639,1689,1163,1157,1221,1355,2060,2005,1344,1344,1780,1738,967,967,1025,1022,1512,1302,1240,1459,1837,1855,1612,1536
bing_querylogs|config_id=11111,1552,1721,926,1288,957,946,1407,1356,1395,1698,2096,2338,6017,4184,1502,1969,1501,4438,2807,1200,1265,2120,1587,902,994,1139,993,1690,1910,1649,1832,1248,1264,1663,1564,1726,1385,2197,1744,1210,1242,1408,1464,1960,1966,1035,1229,5091,3225,992,976,1400,1326,5139,4443,3215,3580,1237,1445,765,691,1271,1204,2217,1970,1138,1131,1077,2278,2753,1408,1515,2197,1886,1191,1417,1608,1597,1555,1419,1114,959,1084,1186,1651,1576,1229,1301,7347,3271,832,818,1205,1110,1367,1303,2693,1823,2456,2056,1296,1529
bing_querylogs|config_id=11112,1204,1567,1136,1195,1200,961,1192,1336,1403,1460,1713,1889,2675,7832,1484,1562,1654,1854,36206,1145,1110,1505,1537,916,891,1169,1042,1790,1544,1564,1636,1252,1272,1398,1408,1415,1514,1295,1358,1127,1052,1478,1774,2317,1526,934,1065,1866,2057,947,923,1499,1506,7455,6702,2197,1715,1380,1233,786,769,1251,1058,2186,1764,1169,1090,1048,2957,1667,1500,1486,2533,2597,2117,2401,1372,1537,1475,1448,1007,951,1101,1081,1844,1615,1085,1022,1962,3079,777,750,890,879,1357,1273,1340,1598,2422,2080,1549,1212
bing_querylogs|config_id=11113,1719,1713,1228,1261,1047,1048,3261,3778,1289,1323,3024,3460,11061,10024,1557,1545,1381,19775,4477,1573,1696,1634,1440,949,927,1232,1135,1832,1876,1871,1859,1430,1391,1130,1149,1669,1586,3363,2850,1468,1439,1577,1598,4487,4887,953,928,3098,3307,1040,968,1292,1671,23478,25691,4357,3823,1358,1358,690,688,1249,1252,4953,7222,990,988,985,3013,9242,1574,1605,4567,6553,2405,2200,2084,1953,1630,1679,1202,1243,910,894,2228,1913,1234,1234,65198,2739,825,836,919,916,1325,1220,1711,1953,3724,10750,1508,1680
bing_querylogs|config_id=11114,1080,1045,985,1027,859,744,3579,2092,1212,1206,1693,1756,2629,17022,1552,1636,1546,18120,14790,1297,1367,1594,1364,890,844,1104,1088,1305,1347,1693,1565,1294,1322,1016,1036,1279,1286,1758,1483,1253,1239,1577,1566,7666,2328,891,777,6028,4318,940,937,1357,1839,22493,36138,1912,1728,1201,1186,647,687,1161,1204,2440,2584,1071,1088,1031,6949,5921,1400,1399,2194,2240,2459,1080,1529,1478,1383,1504,1041,1029,1075,1083,1432,1260,1266,1088,3044,3016,822,852,741,739,1009,981,976,1243,1962,2253,1324,1487
bing_querylogs|config_id=11115,2452,1139,1592,1614,812,865,1051,990,935,1075,1532,1581,2626,3272,924,975,1025,1847,1957,872,1250,1888,1994,836,802,944,1006,1168,1357,1413,1161,1983,2188,827,1094,1261,1407,990,1541,1052,1100,1210,1065,1200,1176,1013,981,1868,1820,909,847,1088,17529,1121,1900,1205,1515,931,1082,746,791,1001,1672,2285,1080,833,812,910,870,1147,1384,1585,1853,2345,1839,1136,988,1426,1449,1580,987,1104,835,1000,1124,1029,700,1056,2646,945,787,748,738,692,931,1500,887,980,2397,1622,1325,1110
bing_querylogs|config_id=11116,1122,1056,781,929,699,712,1044,1058,918,1014,1023,2330,1914,1549,892,1815,1034,1514,1415,915,1216,2228,1574,821,837,921,963,1271,1062,1120,1106,1099,1114,1026,1073,1250,1102,941,983,1163,1103,1258,1110,1113,5963,925,917,1173,1848,766,775,963,1353,1099,1078,1266,1510,970,1421,712,671,877,983,1828,2247,766,860,916,1283,840,1166,1507,1933,2326,967,1170,1198,1372,1239,1209,899,755,794,813,985,1023,945,969,1363,1295,734,719,760,757,1038,1472,874,1151,2199,2877,1149,1063
bing_querylogs|config_id=11117,1017,1417,991,1749,709,1586,965,1056,899,1042,2467,2066,1841,2426,1816,1862,1210,1458,1542,969,1974,2123,1141,801,801,950,919,1282,1083,1234,1170,1155,1078,1101,1354,1192,1244,898,556,1072,948,1043,1199,1158,1102,1235,937,2866,1477,766,779,5305,1173,1721,772,1395,1259,1310,1122,849,751,916,1686,2377,1862,949,836,907,867,1371,1510,1494,1561,1889,1006,1530,1143,1152,1156,1239,874,939,863,945,1025,992,886,962,1280,1458,700,801,608,1021,896,1421,820,869,2041,1469,1163,1114
bing_querylogs|config_id=11118,1050,1278,1296,682,645,826,1094,1491,1082,1014,1847,1816,1742,1645,1533,1053,1366,1469,2089,916,986,2114,1846,793,796,988,929,1218,1690,1349,1272,1119,1129,1323,945,1849,1510,832,1157,988,1384,1295,1331,1169,1382,923,801,1474,1362,787,800,928,985,7450,11263,1417,2329,1344,1145,694,674,883,1582,1644,2227,1037,821,927,1704,1572,933,975,2149,1756,1339,1319,1264,1274,1225,1319,876,778,846,692,1066,1063,1074,1097,2510,2246,1389,700,634,633,805,1190,1247,3123,2043,1907,1179,1256
bing_querylogs|config_id=11119,1341,1170,906,770,631,652,1490,1095,962,2023,1949,1502,1873,1976,2163,2015,1512,1890,1746,1066,1581,1350,1881,803,837,838,849,1060,1199,1169,1194,1174,1384,1106,1181,939,935,3348,1260,1132,1540,1586,1114,1313,1237,1181,1083,2173,1726,889,883,1036,1639,66426,55183,1455,1961,1135,1207,684,908,823,927,1963,1335,926,1033,895,1784,1595,1428,1600,1643,2399,1150,1132,1299,1342,1344,1367,963,981,931,1014,1073,1103,922,942,2594,2985,707,718,664,666,1008,873,919,1471,1744,2615,1260,1137
bing_querylogs|config_id=11120,2564,1530,1730,1103,693,1107,1052,1138,1175,1327,1913,2561,2158,1997,1396,2038,2391,2098,1730,1402,1032,1438,1884,813,815,891,880,1286,1623,1435,1411,2210,1299,1297,1767,1265,1275,1557,1558,986,1344,1333,1507,1506,1492,1246,1094,1710,2664,887,1057,1562,1456,1483,1502,1870,1871,1936,968,710,704,1182,1305,2796,1802,1033,1078,1271,1103,1805,7312,1284,1737,1936,1505,1702,1359,1359,1606,1524,990,996,1088,1075,1303,1349,1137,1135,2129,2217,779,762,606,750,1226,1460,1820,2007,2613,2783,1337,1114
bing_querylogs|config_id=11121,2034,1394,1131,1255,1001,1169,1362,1299,1069,1214,3357,2051,2136,2599,2339,2166,2504,1980,1897,1484,1669,2308,2061,1016,1008,1068,1111,1522,1551,1559,1505,1236,1240,1626,1376,1674,1677,939,1898,1140,1116,1192,1220,1264,1325,1081,1092,1562,1539,890,934,1191,1172,1329,1379,1151,1617,1659,1373,810,803,1115,1812,1988,1651,1077,1057,1054,1491,1393,1689,1608,2494,2506,1320,1409,1471,1447,1354,1349,1113,1112,1106,1044,1311,1331,1129,1134,1792,1996,836,938,1065,1070,1351,1080,1455,1631,3066,1893,1444,1487
bing_querylogs|config_id=11122,1308,1328,1114,1111,1010,1118,1539,1242,1090,1143,1937,1655,2278,1878,2045,2240,1519,2243,1914,1525,1826,2244,1452,1015,1016,1082,1109,1621,1576,1567,1624,1225,1218,1321,1366,2068,1644,928,982,1146,1207,1177,1154,1566,1337,1149,1115,1597,1531,909,974,2273,1191,1232,1309,1459,1480,1507,1406,808,1029,1085,2922,2530,2344,1034,1061,1034,1287,1428,1551,1653,2581,2572,1605,1429,1528,1427,1391,1338,1116,1133,1036,1051,1435,1319,1141,1133,1821,2251,818,843,1064,1030,1105,1208,1529,1160,1866,2576,1444,1466
bing_querylogs|config_id=11123,1489,1677,1206,1401,1116,1300,1218,1163,1255,1308,1470,2413,1835,1865,1339,2230,1713,1545,1728,965,1277,2220,1870,992,998,1070,1066,1720,1486,1632,1528,1330,1761,1371,1971,1301,1655,1107,1532,1944,1207,1204,1482,1341,1406,1253,1250,2143,1542,1205,1050,1362,1368,1405,1300,1131,1287,1619,1230,808,780,1264,1357,2338,2362,1165,1182,1180,841,925,1119,1156,1656,2309,1786,1639,1443,1413,1488,1482,1020,1069,1113,1208,1437,1452,1265,1330,1732,1583,898,911,994,985,1633,1031,1710,1389,5937,2403,1413,1452
bing_querylogs|config_id=11124,1309,1686,1117,1144,707,1146,1381,1602,1856,1325,2042,2211,2452,3531,2127,4540,1331,2535,2025,1507,1760,2253,1908,931,869,997,990,1526,1657,1678,1308,1145,1245,1511,1653,1387,1394,2261,2628,1019,1278,1331,1625,1728,2790,959,1079,1842,1960,875,964,3382,1742,3527,3143,2203,1792,1921,1814,753,718,1071,17447,1947,1719,976,1088,1150,1194,927,1661,1359,1696,1603,1219,2395,1440,1857,1510,1262,898,875,1062,943,1088,1292,1178,1229,3060,2760,833,694,993,1156,1321,1611,1296,2736,2114,2537,1119,1278
bing_querylogs|config_id=11125,1337,1329,1111,1450,630,983,1675,1003,1237,1382,2525,2092,2159,1946,1542,1445,2509,2242,2628,1202,1233,2542,1973,839,863,924,1019,1881,1850,1677,1599,1873,1174,1915,1542,1068,1062,1452,2349,1172,1405,1312,1628,1048,1701,1132,1278,2317,2279,829,861,7508,1196,3304,4698,1890,1067,1278,1345,711,1377,941,961,1976,1869,986,1152,1079,1575,3956,1580,1719,2062,1642,1894,1680,1386,1303,1705,1281,913,858,996,1188,1333,1082,1270,1217,2243,1820,714,744,1000,1118,1043,1742,1423,1100,2752,2584,2508,1601
bing_querylogs|config_id=11126,2359,2285,1253,1869,874,1055,5423,3196,1110,1204,2811,3115,5517,5917,2386,1922,2007,14534,10039,1572,2016,2215,2078,858,901,1023,1066,2043,2030,1770,1682,1239,1230,1721,1861,1515,1378,2136,3191,1539,1472,1743,1663,3466,3864,1079,1057,2725,7185,893,1006,1180,1187,21123,27935,27210,5659,1471,1226,678,638,1166,1757,4486,4401,910,862,921,8647,11334,1886,1890,2860,2127,2182,1884,1818,1854,1735,1730,1059,1089,810,787,1510,1506,1169,1175,7004,4722,698,689,910,868,1096,1100,1694,2842,3235,4458,1503,1435
bing_querylogs|config_id=11127,1129,1116,1548,1422,631,830,4407,2253,904,1679,1859,1122,5843,2447,1839,1752,1567,9393,21229,1317,1500,2347,2033,828,856,945,920,1305,1111,1230,1395,1107,1405,1078,1162,985,1215,877,1609,1205,1327,1382,1521,2511,2462,723,725,7327,3006,765,837,17641,1373,28155,23234,1543,1878,1128,1261,666,638,875,1109,3055,3042,858,898,801,9534,15839,1858,1818,2015,1833,2458,2216,1811,1529,1157,1303,987,861,981,983,1184,1074,1317,1092,3495,3312,693,752,631,638,1042,1314,1070,1035,2228,2710,1222,1611
bing_querylogs|config_id=11128,3060,2670,1153,1675,1114,1301,1507,1407,1332,1456,2818,2071,2291,2399,2316,3054,2397,2102,1945,1251,1321,2805,2350,1028,1051,1493,1505,1837,2178,1916,1884,1687,2696,1546,2009,1798,1667,1591,1436,2017,1626,2167,1767,2053,2186,1267,1428,2132,2039,1062,1090,2274,1614,1418,1571,1662,1707,1672,1916,927,904,1555,2595,3243,3519,1115,1131,1217,1543,1482,1238,1290,2820,2879,2319,2585,2003,2341,1720,1880,1254,1255,1180,1209,1566,1532,1396,1363,1899,2251,1085,959,1258,1254,1838,1691,1993,1313,3150,3047,1545,1711
bing_querylogs|config_id=11129,2538,1735,2100,1304,1375,1423,1232,1350,1230,1321,1909,2312,3156,2375,2070,2004,1947,1941,2133,1132,1775,2528,2673,1040,1046,1464,1364,1814,1422,1804,1710,1882,1786,1410,1487,2039,1850,1506,2278,1352,2040,2456,2215,2131,2005,1526,1311,2730,2341,896,876,3434,2209,2082,3408,1633,2544,1437,1642,733,705,1189,1174,3101,3233,1300,2130,2045,3661,1320,2123,1971,2183,2558,1495,2198,1999,2036,1557,1353,979,1099,1184,1182,1627,1714,1455,1366,2696,2174,945,963,1113,1055,1940,1747,2461,2504,2262,3983,1428,1459
bing_querylogs|config_id=11130,1294,1384,911,879,1072,1183,1086,1045,880,1026,1982,1213,2127,2930,1997,1386,1596,1267,1387,985,1251,1626,1437,853,865,899,922,2745,1927,1648,1563,1264,1338,1154,1043,1508,1857,948,863,1664,1143,1782,1079,1370,1359,829,1030,1689,1677,1593,1374,1189,1140,1071,1032,1152,1246,2072,2094,760,727,1032,1090,1740,2550,988,1358,1860,1142,1095,1106,1305,2531,2712,1316,1321,1248,1540,1637,1597,924,949,1094,1047,1453,1445,1143,1128,2000,1330,912,901,1159,1156,1139,1073,1001,1385,1687,1955,1509,1619
bing_querylogs|config_id=11131,2176,2280,988,1005,861,1063,1263,1382,1124,1097,2128,2299,2293,2115,1388,2149,2068,1564,1818,1249,1765,2127,1949,828,876,945,962,1604,1590,1470,1502,1183,2284,1449,1582,1307,1494,1031,1236,1150,1231,1429,1282,1303,1341,1250,1216,1633,1639,853,854,1241,1097,1240,1134,1333,1484,1054,1510,751,706,968,1031,2607,2301,1018,922,1075,963,2513,1252,1419,1551,2187,2533,1278,1302,1458,1316,1284,896,869,976,951,1111,1198,1054,1047,1689,1413,898,872,1014,984,1059,1596,2256,1569,3597,1950,1182,1280
bing_querylogs|config_id=11132,1233,1527,1712,1811,1139,1280,1166,1140,1032,1164,1688,2145,1689,2528,1532,2050,2159,1666,1878,828,1149,2019,1982,853,851,908,928,1901,1580,1298,1238,1151,1240,1553,1102,1115,1056,815,843,950,1089,1565,1216,1520,1473,926,952,1224,1166,856,924,1395,1007,1291,1204,1366,1443,1535,1816,698,756,961,996,2206,1820,1029,1062,1033,832,817,1186,1200,1679,1656,1476,1548,1795,1645,1106,1135,966,987,1074,1005,1028,1044,1100,1091,1765,1453,723,701,942,683,1172,1668,2503,1428,2444,3095,1166,1193
bing_querylogs|config_id=11133,987,1053,748,715,802,1146,1348,1225,856,887,1337,1723,1486,1242,813,877,822,1143,1227,854,985,2058,1768,793,820,853,845,1715,1278,1211,994,1824,1877,756,982,1321,1131,892,1098,1409,3519,1493,1095,1369,1201,958,909,1289,1293,794,782,1149,17410,952,1024,784,1166,1710,1064,753,720,1010,1150,1774,2567,834,805,769,832,818,980,890,2397,2119,1501,1179,1255,1264,1167,1373,958,923,775,698,1092,1126,960,1149,2118,1559,724,705,627,616,1029,770,1054,1270,2702,4572,1364,1197
bing_querylogs|config_id=11134,982,992,1684,822,615,638,928,914,1045,1167,1671,1280,1653,1794,2292,1350,2198,1383,1916,724,1064,2064,1766,809,831,965,953,1245,1127,1307,1164,1110,1202,1204,1778,1053,1145,1154,1094,925,1655,1567,1717,1221,1413,922,713,1957,2137,725,784,1005,1364,1252,1014,1032,1148,872,1693,755,656,808,896,2443,2206,911,1011,871,777,762,842,763,1952,1756,1165,1116,1082,1042,1250,1263,893,929,848,870,1068,1104,1010,995,1443,1859,1412,1401,687,651,1635,869,1053,1140,2336,2813,994,1015
bing_querylogs|config_id=11135,2655,2005,1385,1395,610,630,2387,2382,2062,2012,1742,2454,3351,3497,2414,1809,2480,4559,4850,1389,1599,2421,2230,834,826,868,889,1732,1718,1181,1142,1146,1150,1798,1862,1040,1279,1385,1466,1374,1730,1595,1638,3163,3136,1782,1712,1661,1665,728,738,1518,2018,2161,2118,1133,999,1019,1977,644,632,878,933,2397,1889,708,709,730,2377,2364,1744,1687,1950,2220,4566,4220,1308,1315,1145,1104,918,946,1012,1020,1026,1110,913,895,1902,1859,708,708,620,611,1616,2198,1579,1594,2632,2698,1216,1279
bing_querylogs|config_id=11136,1360,1372,910,1322,630,636,873,1130,900,959,17373,1290,2367,2200,2221,2134,2462,2841,2761,705,1017,2120,1910,829,836,914,946,1162,1380,1207,1168,1264,1281,1077,1025,915,1551,671,725,1030,1208,1273,1793,2718,2768,907,920,1566,2658,713,798,927,919,6591,6557,937,1067,1353,961,630,620,839,1312,2747,2199,972,952,993,750,866,1049,1121,1623,1850,1422,1431,1031,1083,1328,1275,747,785,781,763,1037,1138,948,952,1921,2286,762,676,609,600,1250,1367,1005,1059,1952,2033,1616,1620
bing_querylogs|config_id=11137,2259,1592,1512,1995,878,1308,1442,1388,1057,2133,2292,2262,8855,3003,1260,1304,1508,2071,1999,1279,1708,2352,2328,839,853,903,940,1701,2002,1591,1740,1252,1300,1688,1430,1369,1539,1068,1091,1329,1325,1449,1524,1885,1920,1152,1211,2991,2626,856,874,1249,1245,2585,2614,1585,1476,1672,1251,673,640,1065,1349,2506,2777,1000,1004,932,1226,1336,1535,1558,2156,2769,1650,2344,1496,1461,1480,1466,988,961,1001,1024,1196,1236,1229,1224,1993,2100,851,782,896,877,1151,1153,1118,17385,2869,2198,1473,1479
bing_querylogs|config_id=11138,2230,2377,905,1147,973,1135,1049,1033,1320,1309,2303,2444,2292,2010,2343,1228,2377,2377,1790,862,1063,2283,1190,861,828,881,889,1159,1296,1446,1267,1250,1270,1269,1316,1355,1264,1369,1679,1214,1354,1340,1337,1469,1432,985,1220,1648,1545,923,958,2033,1456,1417,1366,1849,1723,1168,1114,706,731,1116,1105,2868,2479,1085,1024,929,1008,1141,3055,2736,1842,1501,1550,1532,1354,1354,1511,1519,999,1092,1032,1133,1401,1296,1117,1056,2065,2103,1328,1405,621,619,1109,1083,2071,2914,4765,1918,1168,1242
bing_querylogs|config_id=11139,2248,2554,1548,943,948,1170,1135,1131,1311,1334,2091,1845,2021,1966,2184,1639,1743,1777,2374,849,1200,1440,1936,830,829,1036,887,1287,1371,1701,1400,2196,1257,1271,1950,1258,1334,1349,2479,1156,1307,1370,1651,1538,1580,1134,1162,2098,2111,1033,931,2427,1354,1458,1426,1346,2076,1633,1851,763,721,1161,1470,2233,2332,1124,1336,1036,1308,1173,1349,1833,1857,1799,1964,1964,1328,1842,1429,1461,1211,1443,1044,1191,1225,1331,1155,1172,1527,1885,715,704,1729,619,1095,1030,1965,1936,2228,4101,1266,1252
bing_querylogs|config_id=11140,1402,2364,1007,1103,987,1192,1141,1102,1246,1375,2670,1992,2519,3243,2287,1290,1848,1648,1884,824,1049,2321,1924,822,826,862,895,1098,1595,1446,1377,2177,1259,1272,1948,1442,1309,1755,2099,1136,1183,1301,1323,1792,1444,1135,1168,2453,1744,1029,965,1367,1360,1384,1430,1562,2015,1886,1442,736,680,1063,1813,2542,1730,1073,1220,1183,1272,1237,1868,1361,1693,1507,1283,1736,1691,1284,1531,1430,1195,1173,1067,1176,1359,1329,1173,1141,2334,2140,790,762,628,626,1022,1124,2205,2898,2525,3528,1559,1249
bing_querylogs|config_id=11141,1536,2151,1013,1758,975,1132,1047,1051,1434,1311,1940,2406,2075,2022,1977,2274,1170,1797,1713,866,1026,2005,1711,819,846,880,908,1265,1103,1458,1333,1381,1650,1756,1332,1220,1403,1422,17586,1009,1273,1300,1337,1460,1580,1081,1527,2526,1918,1029,938,1780,1314,1524,1415,1838,1905,948,1624,743,731,1118,2574,2204,3042,950,1072,1074,1310,1300,1202,4863,1783,1803,1481,2515,1300,1323,1528,1492,1238,1268,1003,996,1277,1336,1206,1138,2826,1883,709,759,659,616,1069,1119,2067,2108,2514,1999,1480,1233
bing_querylogs|config_id=11142,2331,2088,1003,1748,974,1151,1105,1171,1226,1282,2371,1955,2009,3000,1304,2103,1226,1881,1722,910,1468,2310,1650,861,851,873,896,1744,1399,1303,1434,1754,2311,1316,1424,1385,1434,1610,1508,1350,1135,1316,1366,1562,1618,1110,1236,2102,1827,903,1025,17793,1538,1433,1674,1635,1460,932,1194,696,723,1062,1218,1992,2318,1160,1120,980,1093,1445,1351,1295,1754,1680,1672,1469,1379,1355,1521,1370,1129,1117,17363,1144,1385,1479,1220,1092,2683,2057,753,826,758,689,1148,1035,3634,1806,4379,2707,1355,1291
bing_querylogs|config_id=11143,2704,2485,908,1365,973,1123,1094,1029,1317,1340,2148,1744,2628,2066,1587,2471,2380,1850,1728,1410,1559,1483,1831,820,833,865,877,1567,1323,1407,1348,1245,1219,1067,1774,1231,1447,1313,1580,1189,989,1308,1162,1696,17904,1227,1081,1963,1719,1021,898,1399,2210,1937,1590,1511,1388,1572,1436,735,665,1084,2421,1816,2376,1097,1063,1035,1002,1088,1390,4721,2292,1720,1446,2037,1358,1386,1493,1557,1246,1180,988,994,1204,1387,1161,1049,2492,1564,741,787,686,607,1152,1001,1987,1671,3032,2467,1240,1229
bing_querylogs|config_id=11144,2560,2025,1054,1030,1244,1341,1124,1143,1362,1452,2448,1565,2016,2175,2529,1948,2145,1810,2118,1438,1096,2058,1214,903,939,959,962,1667,1394,1552,1544,1305,1505,1418,1442,1270,1377,1472,1939,1355,1547,1857,1635,1667,1669,1359,1238,2720,2856,1054,1038,2425,2479,1720,1464,1596,2614,1032,1843,813,739,1574,2650,2753,2011,1059,1094,1200,1256,1298,2883,5698,1881,2536,1780,1477,1433,5504,17852,1438,1234,1226,1149,1156,1428,1477,1239,1252,2183,1898,840,896,683,726,1282,1220,1214,3670,1616,2609,1358,1303
bing_querylogs|config_id=11145,2051,1660,1033,1904,991,1399,1207,1183,1424,1400,1772,3583,2040,1847,1796,2563,1416,1620,1968,1205,1056,1444,1537,899,909,963,969,1245,1408,1508,1377,1330,1416,1425,1406,2936,1474,1541,1852,1481,1312,2170,2051,1672,1646,1310,1367,2392,2101,1011,1087,2403,1638,1527,1640,1776,2514,1047,1107,800,753,1122,2060,2495,2683,1163,1022,1111,1386,1605,1487,5954,2141,2055,1612,1678,1462,1500,1622,1668,1210,1304,1151,1105,1336,1309,1330,1283,2282,2299,852,828,829,744,1184,1169,1694,18223,2879,1532,1317,1282
bing_querylogs|config_id=11146,2198,2012,943,1148,981,1139,1289,1029,1306,1417,2519,2124,2404,1790,2317,2109,2165,1803,1746,856,1582,1438,1789,840,831,911,928,1293,1413,1413,1501,1280,1339,1317,1844,1212,1296,1619,1743,1230,1571,1429,1750,1565,1567,1249,1287,2821,1650,982,979,1382,1257,1509,1556,1541,1566,1337,1006,739,734,1013,1097,2993,2629,1010,1030,1035,1143,1439,1255,1226,2730,1668,1849,1309,1428,1233,1614,1389,1158,1191,1015,1012,1351,1292,1170,1175,2378,1609,775,783,640,675,1054,1031,1613,1523,2181,1948,1454,1250
bing_querylogs|config_id=11147,17592,1364,1800,1645,809,1157,1144,1148,1295,1321,1976,2073,1923,2551,1179,2338,2026,1550,1814,830,1490,2120,2039,841,831,1063,912,1367,1295,1409,1362,2243,1264,1845,1884,2480,1274,1423,1873,1189,1347,1355,1291,1619,1359,1514,1303,1691,1625,1037,962,1447,1596,1652,1596,1486,1713,1331,1432,696,687,991,1362,3520,2668,1229,1037,1048,1275,1337,3595,1417,1656,1829,1488,1633,1402,1344,1443,1542,1335,1011,1135,1002,1256,1317,1151,1150,1984,2027,752,1421,643,667,1096,1755,2561,2253,2687,3900,1277,1306
bing_querylogs|config_id=11148,2311,2315,912,1545,965,1135,1046,1111,1232,1190,1345,1765,1957,2701,1900,2250,1708,1727,2138,856,1659,2304,2083,815,834,867,910,1512,1807,1507,1373,1409,1302,1321,1795,1234,1491,1324,1659,989,1278,1309,1293,1439,1640,1266,1251,1497,1780,1024,948,1356,1376,1355,1369,1664,1484,1686,1303,695,667,1109,1571,2306,2924,1090,993,1026,1332,1322,6569,7749,1695,1823,1700,1496,1292,1382,1510,1334,1171,1029,1033,1092,1406,1296,1206,1176,1531,2155,736,1317,620,612,1026,1086,1788,1776,2436,3370,1230,1299
bing_querylogs|config_id=11149,1331,2183,989,1022,970,974,1114,1137,1726,1300,1592,2046,2129,3349,2063,2120,2034,1591,1789,1150,1493,1343,2030,825,910,877,914,1545,1292,1459,1386,1269,1353,1345,1336,1311,1132,1603,1221,1008,1240,1261,1346,1652,1616,1254,1178,1557,2936,1033,957,1685,1545,1716,1407,1366,1344,1527,1821,745,726,1098,1377,2037,2495,982,943,1171,1111,1729,2076,4344,1856,1616,1847,2160,1276,1360,1567,1525,1101,1128,992,1058,1216,1206,1277,1145,2536,2051,773,1366,620,756,1033,991,2046,2447,4201,2300,1322,1218
bing_querylogs|config_id=11150,2712,1468,1701,1319,1157,1295,1250,1320,1472,1500,2341,2655,2130,2689,2323,1957,1792,2130,3574,1227,1176,2374,2112,1006,1000,1082,1064,1720,1525,1971,1600,1441,1550,1500,1852,1541,1446,1684,2588,1298,1384,1312,1764,1710,1672,1410,1396,2567,1838,1203,1140,1728,1642,1753,1608,1396,2602,1135,2158,911,890,1407,2586,2793,2667,1225,1227,1291,1239,1195,1736,1657,18093,2019,2016,1613,1471,1468,1673,1755,1410,1753,1213,1171,1428,1618,1329,1297,2128,2272,886,943,855,847,1578,1674,1837,2326,2348,2269,1413,1750
bing_querylogs|config_id=11151,2614,1614,917,1237,1183,1025,1191,1213,1232,1232,1887,2339,2112,1937,1411,1140,2033,1815,1813,1419,1780,2144,2029,877,885,888,923,1297,1202,1428,1451,1278,1345,1345,1330,1410,1517,1453,1696,1233,1553,1317,1316,1315,1288,1197,1217,1769,1863,1094,996,1866,1234,2100,1463,1498,1834,1077,1156,754,682,1195,2120,18156,2031,1133,1060,1126,1140,1411,1864,2126,2545,1743,1971,1799,1274,1383,1482,1384,1152,1132,1202,1188,1253,1444,1139,1088,2118,2136,813,802,832,697,1042,1527,1954,2092,3577,1955,1251,1234
bing_querylogs|config_id=11152,1346,1631,1621,1416,969,1125,1183,1122,1266,1264,2461,2198,2062,2293,1867,1268,2466,1647,1841,1274,1032,2278,1768,807,814,864,879,1552,1720,1418,1287,1305,1299,1641,1823,1439,1219,1700,2351,1087,1838,1114,1166,1459,1196,1137,1246,1710,1581,953,940,1371,1539,1392,1465,1573,1430,1765,1636,690,665,1101,1760,2230,2895,948,1095,1098,1144,1144,1320,2669,1719,1935,1736,1478,1290,1609,1485,1359,1188,1187,1103,1045,1445,1241,1073,1085,2163,1901,698,701,625,721,1101,1200,1794,1882,2104,4097,1171,1257
bing_querylogs|config_id=11153,2272,2742,909,1129,979,1138,1138,1195,1228,1343,2196,2710,2337,1942,2268,1301,1557,1765,1896,938,1136,2387,1181,823,832,909,900,1749,1572,1459,1299,1317,1335,1272,1297,1270,1331,1338,1529,1117,1037,1338,1639,1570,1516,1253,1296,2136,1563,969,977,1375,1313,1605,1455,1337,2406,1794,1946,716,726,1267,2432,2535,1534,1133,990,986,1208,1232,1857,1414,2363,1724,1466,1305,1372,1383,1556,1532,1115,1105,1241,1103,1362,1246,1147,1183,1501,1589,778,775,637,634,1235,1322,1873,1269,3551,3516,1253,1313
bing_querylogs|config_id=11154,2331,2381,916,980,977,1148,1068,1126,1309,1291,1916,2030,1846,2422,2205,2195,2139,1598,2167,1293,1462,1427,1746,820,843,872,906,1316,1746,1447,1347,1367,2266,1587,1769,1289,1184,1408,1837,1003,1232,1376,1342,1662,1582,1296,1275,1570,1968,896,906,3677,1550,1486,1408,1253,1447,1732,978,700,670,1148,2160,1802,2558,1033,1080,1071,1232,1139,1158,1232,1676,1802,1554,1592,1354,1324,1532,1559,1158,1217,1070,1079,1278,1317,1177,1201,1977,2124,1502,764,615,624,1189,909,1525,1858,3335,2118,1291,1273
bing_querylogs|config_id=11156,2265,2505,920,1331,966,1043,1132,1184,1350,1327,2451,2052,2734,2039,1885,1266,1682,1653,1755,819,1537,2259,1175,812,832,874,899,1803,1725,1426,1322,1260,2214,1382,1405,1283,1146,1696,17674,1202,1054,1676,1330,1686,1595,1221,1157,2144,1756,878,977,1597,1408,1422,1371,1395,1977,1570,1752,867,690,1168,2239,2007,2065,1100,1132,1093,1274,1011,3462,2359,1852,1888,1214,2485,1354,1707,1374,1535,1212,1210,995,1194,1340,1232,1190,1100,2138,2002,1517,1525,613,610,1205,995,1573,1629,2127,2105,1261,1315
bing_querylogs|config_id=11157,1298,2228,1936,1786,689,2229,1102,1055,1266,1336,17686,2325,2191,3139,1522,1172,2009,1676,1794,844,1293,1969,1902,857,812,870,880,1327,1756,1351,1386,1311,2172,1249,1273,1165,1259,1335,1190,989,1182,1089,1278,1659,1620,1286,1087,1662,2514,871,955,1519,1623,1433,1335,1494,1724,987,1055,730,660,1140,2806,2136,2943,1242,1012,996,1082,1172,1257,2129,1935,3263,1325,1151,1259,1329,1490,1535,1121,985,1014,993,1248,1301,1123,1121,2402,1962,1374,697,618,611,1203,1005,1453,2294,2987,2200,1289,1245
bing_querylogs|config_id=11158,2242,2419,1635,958,1134,1119,1101,1127,1366,1394,2520,2075,1886,1854,1318,1934,1658,1753,2015,1196,1172,2123,1777,799,875,857,879,1560,1274,1494,1389,1231,1275,1618,1250,2804,2261,1440,1216,1162,1200,1286,1591,1633,1418,1135,1274,1838,1496,898,962,1398,1349,1791,1686,1783,1552,1703,1167,720,700,1039,1261,2326,2425,1883,1117,1083,1176,1208,3395,1329,1782,1718,1443,1464,1326,1438,1592,1542,2200,1068,1099,1028,1235,1261,1183,1114,1594,1856,1494,1483,613,651,1043,980,1815,1226,2767,1990,1277,1283
bing_querylogs|config_id=11159,1351,2816,976,902,968,1112,1052,1125,1309,1308,2070,2184,2357,1904,1367,2070,2339,1535,1686,835,1028,2113,1875,819,873,851,881,1580,1281,1409,1350,1254,1283,1352,1319,1329,2808,1290,1620,1176,1302,1129,1181,1534,1719,1026,1151,1780,1950,1020,962,1398,1884,1254,1535,2068,1638,1738,968,696,673,1040,2395,1986,2061,1207,1061,1022,1363,991,3611,2319,1770,1660,1533,1661,1286,1763,1438,1528,1293,1134,1056,1152,1237,1220,1200,1118,1686,2872,753,707,629,620,1256,982,1887,1749,2970,2143,1250,1288
bing_querylogs|config_id=11161,17705,1482,1097,1022,921,1151,1128,1050,1422,1287,1766,2049,1771,1878,1160,2405,2225,1666,1831,1192,1036,2252,1513,799,829,1047,888,1257,1321,1414,1331,2212,2177,1253,1655,1384,2181,1916,2390,993,1191,1339,1727,1511,1555,1288,1255,2621,1527,898,893,1308,1536,1431,1420,1594,1858,1769,1869,733,713,1404,1830,2422,2427,1063,973,1058,1369,987,1517,1481,1677,1887,1900,1666,1356,1292,1547,1475,1203,1172,1064,1123,1273,1374,1180,1108,2116,1665,758,1510,619,626,1032,1097,2496,17619,1833,2041,1236,1233
